1.4802000e+05 4.4000000e-02 3.4210000e+00
1.4808000e+05 4.4000000e-02 3.4410000e+00
1.4814000e+05 4.4000000e-02 3.4220000e+00
1.4820000e+05 4.4000000e-02 3.4180000e+00
1.4826000e+05 4.4000000e-02 3.4270000e+00
1.4832000e+05 4.4000000e-02 3.4390000e+00
1.4844000e+05 4.4000000e-02 3.4180000e+00
1.4850000e+05 4.4000000e-02 3.4340000e+00
1.4856000e+05 4.4000000e-02 3.4210000e+00
1.4862000e+05 4.4000000e-02 3.4290000e+00
1.4868000e+05 4.4000000e-02 3.4350000e+00
1.4874000e+05 4.4000000e-02 3.4300000e+00
1.4880000e+05 4.4000000e-02 3.4370000e+00
1.4886000e+05 4.4000000e-02 3.4400000e+00
1.4892000e+05 4.4000000e-02 3.4580000e+00
1.4898000e+05 4.4000000e-02 3.4970000e+00
1.4904000e+05 4.4000000e-02 3.4590000e+00
1.4916000e+05 4.4000000e-02 3.4610000e+00
1.4922000e+05 4.4000000e-02 3.4890000e+00
1.4928000e+05 4.4000000e-02 3.5640000e+00
1.4934000e+05 4.4000000e-02 3.5050000e+00
1.4940000e+05 4.4000000e-02 3.5460000e+00
1.4946000e+05 4.4000000e-02 3.5130000e+00
1.4952000e+05 4.4000000e-02 3.5790000e+00
1.4958000e+05 4.4000000e-02 3.5480000e+00
1.4964000e+05 4.4000000e-02 3.5250000e+00
1.4970000e+05 4.4000000e-02 3.5190000e+00
1.4976000e+05 4.4000000e-02 3.5150000e+00
1.4988000e+05 4.4000000e-02 3.5140000e+00
1.4994000e+05 4.4000000e-02 3.5100000e+00
1.5000000e+05 4.4000000e-02 3.5140000e+00
1.5006000e+05 4.4000000e-02 3.5260000e+00
1.5012000e+05 4.4000000e-02 3.5360000e+00
1.5018000e+05 4.4000000e-02 3.5290000e+00
1.5024000e+05 4.4000000e-02 3.5270000e+00
1.5030000e+05 4.4000000e-02 3.5190000e+00
1.5036000e+05 4.4000000e-02 3.5220000e+00
1.5042000e+05 4.4000000e-02 3.5190000e+00
1.5048000e+05 4.4000000e-02 3.6340000e+00
1.5060000e+05 4.4000000e-02 3.5340000e+00
1.5066000e+05 4.4000000e-02 3.6270000e+00
1.5072000e+05 4.4000000e-02 3.6050000e+00
1.5078000e+05 4.4000000e-02 3.6420000e+00
1.5084000e+05 4.4000000e-02 3.5520000e+00
1.5090000e+05 4.4000000e-02 3.5620000e+00
1.5096000e+05 4.4000000e-02 3.6100000e+00
1.5102000e+05 4.4000000e-02 3.5820000e+00
1.5108000e+05 4.4000000e-02 3.5960000e+00
1.5114000e+05 4.4000000e-02 3.5950000e+00
1.5120000e+05 4.4000000e-02 3.5830000e+00
1.5132000e+05 4.4000000e-02 3.5570000e+00
1.5138000e+05 4.4000000e-02 3.5620000e+00
1.5144000e+05 4.4000000e-02 3.5550000e+00
1.5150000e+05 4.4000000e-02 3.5560000e+00
1.5156000e+05 4.4000000e-02 3.5560000e+00
1.5162000e+05 4.4000000e-02 3.5460000e+00
1.5168000e+05 4.4000000e-02 3.5510000e+00
1.5174000e+05 4.4000000e-02 3.5800000e+00
1.5180000e+05 4.4000000e-02 3.5710000e+00
1.5186000e+05 4.4000000e-02 3.6030000e+00
1.5192000e+05 4.4000000e-02 3.6380000e+00
1.5204000e+05 4.4000000e-02 3.6420000e+00
1.5210000e+05 4.4000000e-02 3.5950000e+00
1.5216000e+05 4.4000000e-02 3.6950000e+00
1.5222000e+05 4.4000000e-02 3.7200000e+00
1.5228000e+05 4.4000000e-02 3.6870000e+00
1.5234000e+05 4.4000000e-02 3.6220000e+00
1.5240000e+05 4.4000000e-02 3.6210000e+00
1.5246000e+05 4.4000000e-02 3.6330000e+00
1.5252000e+05 4.4000000e-02 3.6100000e+00
1.5258000e+05 4.4000000e-02 3.5990000e+00
1.5264000e+05 4.4000000e-02 3.6230000e+00
1.5276000e+05 4.4000000e-02 3.5960000e+00
1.5282000e+05 4.4000000e-02 3.5960000e+00
1.5288000e+05 4.4000000e-02 3.6150000e+00
1.5294000e+05 4.4000000e-02 3.6110000e+00
1.5300000e+05 4.4000000e-02 3.6060000e+00
1.5306000e+05 4.4000000e-02 3.5730000e+00
1.5312000e+05 4.4000000e-02 3.5720000e+00
1.5318000e+05 4.4000000e-02 3.6010000e+00
1.5324000e+05 4.4000000e-02 3.6290000e+00
1.5330000e+05 4.4000000e-02 3.6130000e+00
1.5336000e+05 4.4000000e-02 3.7220000e+00
1.5348000e+05 4.4000000e-02 3.7610000e+00
1.5354000e+05 4.4000000e-02 3.7040000e+00
1.5360000e+05 4.4000000e-02 3.6610000e+00
1.5366000e+05 4.4000000e-02 3.7100000e+00
1.5372000e+05 4.4000000e-02 3.7220000e+00
1.5378000e+05 4.4000000e-02 3.6890000e+00
1.5384000e+05 4.4000000e-02 3.7100000e+00
1.5390000e+05 4.4000000e-02 3.6930000e+00
1.5396000e+05 4.4000000e-02 3.7090000e+00
1.5402000e+05 4.4000000e-02 3.6860000e+00
1.5408000e+05 4.4000000e-02 3.6900000e+00
1.5420000e+05 4.4000000e-02 3.6810000e+00
1.5426000e+05 4.4000000e-02 3.6790000e+00
1.5432000e+05 4.4000000e-02 3.6970000e+00
1.5438000e+05 4.4000000e-02 3.6920000e+00
1.5444000e+05 4.4000000e-02 3.6830000e+00
1.5450000e+05 4.4000000e-02 3.6750000e+00
1.5456000e+05 4.4000000e-02 3.6860000e+00
1.5462000e+05 4.4000000e-02 3.7280000e+00
1.5468000e+05 4.4000000e-02 3.7590000e+00
1.5474000e+05 4.4000000e-02 3.7090000e+00
1.5480000e+05 4.4000000e-02 3.7520000e+00
1.5492000e+05 4.4000000e-02 3.7810000e+00
1.5498000e+05 4.4000000e-02 3.8000000e+00
1.5504000e+05 4.4000000e-02 3.7540000e+00
1.5510000e+05 4.4000000e-02 3.7440000e+00
1.5516000e+05 4.4000000e-02 3.7980000e+00
1.5522000e+05 4.4000000e-02 3.7760000e+00
1.5528000e+05 4.4000000e-02 3.7730000e+00
1.5534000e+05 4.4000000e-02 3.8310000e+00
1.5540000e+05 4.4000000e-02 3.8120000e+00
1.5546000e+05 4.4000000e-02 3.8000000e+00
1.5552000e+05 4.4000000e-02 3.8060000e+00
1.5564000e+05 4.4000000e-02 3.8250000e+00
1.5570000e+05 4.4000000e-02 3.8220000e+00
1.5576000e+05 4.4000000e-02 3.8160000e+00
1.5582000e+05 4.4000000e-02 3.8260000e+00
1.5588000e+05 4.4000000e-02 3.8300000e+00
1.5594000e+05 4.4000000e-02 3.8110000e+00
1.5600000e+05 4.4000000e-02 3.8280000e+00
1.5606000e+05 4.4000000e-02 3.8620000e+00
1.5612000e+05 4.4000000e-02 3.8350000e+00
1.5618000e+05 4.4000000e-02 3.8800000e+00
1.5624000e+05 4.4000000e-02 3.8450000e+00
1.5636000e+05 4.4000000e-02 3.8750000e+00
1.5642000e+05 4.4000000e-02 3.9110000e+00
1.5648000e+05 4.4000000e-02 4.2300000e+00
1.5654000e+05 4.4000000e-02 4.3200000e+00
1.5660000e+05 4.4000000e-02 4.2220000e+00
1.5666000e+05 4.4000000e-02 4.5830000e+00
1.5672000e+05 4.4000000e-02 4.3050000e+00
1.5678000e+05 4.4000000e-02 4.0230000e+00
1.5684000e+05 4.4000000e-02 3.9890000e+00
1.5690000e+05 4.4000000e-02 3.9170000e+00
1.5696000e+05 4.4000000e-02 3.8610000e+00
1.5708000e+05 4.4000000e-02 3.8620000e+00
1.5714000e+05 4.4000000e-02 3.8880000e+00
1.5720000e+05 4.4000000e-02 3.8920000e+00
1.5726000e+05 4.4000000e-02 3.9320000e+00
1.5732000e+05 4.4000000e-02 4.0260000e+00
1.5738000e+05 4.4000000e-02 3.9990000e+00
1.5744000e+05 4.4000000e-02 3.9680000e+00
1.5750000e+05 4.4000000e-02 3.8750000e+00
1.5756000e+05 4.4000000e-02 3.9090000e+00
1.5762000e+05 4.4000000e-02 3.8700000e+00
1.5768000e+05 4.4000000e-02 3.8720000e+00
1.5780000e+05 4.4000000e-02 3.8930000e+00
1.5786000e+05 4.4000000e-02 3.9260000e+00
1.5792000e+05 4.4000000e-02 3.9790000e+00
1.5798000e+05 4.4000000e-02 3.9710000e+00
1.5804000e+05 4.4000000e-02 3.9110000e+00
1.5810000e+05 4.4000000e-02 4.0290000e+00
1.5816000e+05 4.4000000e-02 3.8830000e+00
1.5822000e+05 4.4000000e-02 3.9100000e+00
1.5828000e+05 4.4000000e-02 3.8980000e+00
1.5834000e+05 4.4000000e-02 3.8900000e+00
1.5840000e+05 4.4000000e-02 3.8670000e+00
1.5852000e+05 4.4000000e-02 3.8860000e+00
1.5858000e+05 4.4000000e-02 3.8880000e+00
1.5864000e+05 4.4000000e-02 3.8600000e+00
1.5870000e+05 4.4000000e-02 3.8810000e+00
1.5876000e+05 4.4000000e-02 3.8800000e+00
1.5882000e+05 4.4000000e-02 3.9480000e+00
1.5888000e+05 4.4000000e-02 3.9250000e+00
1.5894000e+05 4.4000000e-02 3.8890000e+00
1.5900000e+05 4.4000000e-02 3.8820000e+00
1.5906000e+05 4.4000000e-02 3.9130000e+00
1.5912000e+05 4.4000000e-02 3.8650000e+00
1.5924000e+05 4.4000000e-02 4.1340000e+00
1.5930000e+05 4.4000000e-02 3.9280000e+00
1.5936000e+05 4.4000000e-02 4.2700000e+00
1.5942000e+05 4.4000000e-02 4.1130000e+00
1.5948000e+05 4.4000000e-02 4.4910000e+00
1.5954000e+05 4.4000000e-02 4.3650000e+00
1.5960000e+05 4.4000000e-02 4.3270000e+00
1.5966000e+05 4.4000000e-02 4.3700000e+00
1.5972000e+05 4.4000000e-02 4.8210000e+00
1.5978000e+05 4.4000000e-02 4.8860000e+00
1.5984000e+05 4.4000000e-02 4.7510000e+00
1.5996000e+05 4.4000000e-02 4.7500000e+00
1.6002000e+05 4.4000000e-02 4.6630000e+00
1.6008000e+05 4.4000000e-02 4.6080000e+00
1.6014000e+05 4.4000000e-02 4.5620000e+00
1.6020000e+05 4.4000000e-02 4.5690000e+00
1.6026000e+05 4.4000000e-02 4.5400000e+00
1.6032000e+05 4.4000000e-02 4.6070000e+00
1.6038000e+05 4.4000000e-02 4.7090000e+00
1.6044000e+05 4.4000000e-02 4.6880000e+00
1.6050000e+05 4.4000000e-02 4.6520000e+00
1.6056000e+05 4.4000000e-02 4.6430000e+00
1.6068000e+05 4.4000000e-02 4.6850000e+00
1.6074000e+05 4.4000000e-02 4.6360000e+00
1.6080000e+05 4.4000000e-02 4.6930000e+00
1.6086000e+05 4.4000000e-02 4.9360000e+00
1.6092000e+05 4.4000000e-02 5.2250000e+00
1.6098000e+05 4.4000000e-02 4.6700000e+00
1.6104000e+05 4.4000000e-02 4.6280000e+00
1.6110000e+05 4.4000000e-02 4.8170000e+00
1.6116000e+05 4.4000000e-02 4.9330000e+00
1.6122000e+05 4.4000000e-02 4.7850000e+00
1.6128000e+05 4.4000000e-02 4.7750000e+00
1.6140000e+05 4.4000000e-02 4.7690000e+00
1.6146000e+05 4.4000000e-02 4.9780000e+00
1.6152000e+05 4.4000000e-02 5.0950000e+00
1.6158000e+05 4.4000000e-02 5.1030000e+00
1.6164000e+05 4.4000000e-02 4.3630000e+00
1.6170000e+05 4.4000000e-02 4.4690000e+00
1.6176000e+05 4.4000000e-02 4.5530000e+00
1.6182000e+05 4.4000000e-02 4.4360000e+00
1.6188000e+05 4.4000000e-02 4.7340000e+00
1.6194000e+05 4.4000000e-02 5.2980000e+00
1.6200000e+05 4.4000000e-02 5.3590000e+00
1.6212000e+05 4.4000000e-02 5.2660000e+00
1.6218000e+05 4.4000000e-02 5.4600000e+00
1.6224000e+05 4.4000000e-02 6.5470000e+00
1.6230000e+05 4.4000000e-02 6.5260000e+00
1.6236000e+05 4.4000000e-02 6.4910000e+00
1.6242000e+05 4.4000000e-02 6.5630000e+00
1.6248000e+05 4.4000000e-02 6.8720000e+00
1.6254000e+05 4.4000000e-02 6.9690000e+00
1.6260000e+05 4.4000000e-02 7.1760000e+00
1.6266000e+05 4.4000000e-02 6.8030000e+00
1.6272000e+05 4.4000000e-02 6.4050000e+00
1.6284000e+05 4.4000000e-02 6.2460000e+00
1.6290000e+05 4.4000000e-02 6.2090000e+00
1.6296000e+05 4.4000000e-02 6.0020000e+00
1.6302000e+05 4.4000000e-02 5.7890000e+00
1.6308000e+05 4.4000000e-02 5.7340000e+00
1.6314000e+05 4.4000000e-02 5.7910000e+00
1.6320000e+05 4.4000000e-02 5.7870000e+00
1.6326000e+05 4.4000000e-02 6.3830000e+00
1.6332000e+05 4.4000000e-02 6.4720000e+00
1.6338000e+05 4.4000000e-02 6.0950000e+00
1.6344000e+05 4.4000000e-02 5.9450000e+00
1.6356000e+05 4.4000000e-02 5.9110000e+00
1.6362000e+05 4.4000000e-02 5.4720000e+00
1.6368000e+05 4.4000000e-02 5.1400000e+00
1.6374000e+05 4.4000000e-02 6.0490000e+00
1.6380000e+05 4.4000000e-02 5.9810000e+00
1.6386000e+05 4.4000000e-02 5.9180000e+00
1.6392000e+05 4.4000000e-02 5.3710000e+00
1.6398000e+05 4.4000000e-02 5.5390000e+00
1.6404000e+05 4.4000000e-02 5.1490000e+00
1.6410000e+05 4.4000000e-02 5.1850000e+00
1.6416000e+05 4.4000000e-02 5.6470000e+00
1.6428000e+05 4.4000000e-02 5.6070000e+00
1.6434000e+05 4.4000000e-02 5.4060000e+00
1.6440000e+05 4.4000000e-02 5.1340000e+00
1.6446000e+05 4.4000000e-02 5.2280000e+00
1.6452000e+05 4.4000000e-02 5.1790000e+00
1.6458000e+05 4.4000000e-02 5.1520000e+00
1.6464000e+05 4.4000000e-02 4.9950000e+00
1.6470000e+05 4.4000000e-02 4.9130000e+00
1.6476000e+05 4.4000000e-02 4.8640000e+00
1.6482000e+05 4.4000000e-02 4.9990000e+00
1.6488000e+05 4.4000000e-02 5.2260000e+00
1.6500000e+05 4.4000000e-02 5.4180000e+00
1.6506000e+05 4.4000000e-02 4.9100000e+00
1.6512000e+05 4.4000000e-02 5.1170000e+00
1.6518000e+05 4.4000000e-02 5.7700000e+00
1.6524000e+05 4.4000000e-02 5.6330000e+00
1.6530000e+05 4.4000000e-02 5.6940000e+00
1.6536000e+05 4.4000000e-02 5.5970000e+00
1.6542000e+05 4.4000000e-02 5.6540000e+00
1.6548000e+05 4.4000000e-02 5.5620000e+00
1.6554000e+05 4.4000000e-02 5.4390000e+00
1.6560000e+05 4.4000000e-02 5.4310000e+00
1.6572000e+05 4.4000000e-02 5.3640000e+00
1.6578000e+05 4.4000000e-02 5.3070000e+00
1.6584000e+05 4.4000000e-02 5.3060000e+00
1.6590000e+05 4.4000000e-02 5.3210000e+00
1.6596000e+05 4.4000000e-02 5.2080000e+00
1.6602000e+05 4.4000000e-02 5.4280000e+00
1.6608000e+05 4.4000000e-02 5.3170000e+00
1.6614000e+05 4.4000000e-02 5.1710000e+00
1.6620000e+05 4.4000000e-02 4.9970000e+00
1.6626000e+05 4.4000000e-02 5.2210000e+00
1.6632000e+05 4.4000000e-02 5.3100000e+00
1.6644000e+05 4.4000000e-02 5.0720000e+00
1.6650000e+05 4.4000000e-02 5.5630000e+00
1.6656000e+05 4.4000000e-02 5.5420000e+00
1.6662000e+05 4.4000000e-02 5.3230000e+00
1.6668000e+05 4.4000000e-02 5.2930000e+00
1.6674000e+05 4.4000000e-02 5.2150000e+00
1.6680000e+05 4.4000000e-02 5.0690000e+00
1.6686000e+05 4.4000000e-02 5.1290000e+00
1.6692000e+05 4.4000000e-02 5.0430000e+00
1.6698000e+05 4.4000000e-02 5.9320000e+00
1.6704000e+05 4.4000000e-02 5.8000000e+00
1.6716000e+05 4.4000000e-02 7.1880000e+00
1.6722000e+05 4.4000000e-02 6.8740000e+00
1.6728000e+05 4.4000000e-02 7.2000000e+00
1.6734000e+05 4.4000000e-02 7.2320000e+00
1.6740000e+05 4.4000000e-02 7.0310000e+00
1.6746000e+05 4.4000000e-02 6.9590000e+00
1.6752000e+05 4.4000000e-02 6.6110000e+00
1.6758000e+05 4.4000000e-02 6.6380000e+00
1.6764000e+05 4.4000000e-02 6.9630000e+00
1.6770000e+05 4.4000000e-02 5.8900000e+00
1.6776000e+05 4.4000000e-02 7.0420000e+00
1.6788000e+05 4.4000000e-02 6.8320000e+00
1.6794000e+05 4.4000000e-02 6.8660000e+00
1.6800000e+05 4.4000000e-02 7.0610000e+00
1.6806000e+05 4.4000000e-02 7.2080000e+00
1.6812000e+05 4.4000000e-02 7.7050000e+00
1.6818000e+05 4.4000000e-02 7.4090000e+00
1.6824000e+05 4.4000000e-02 7.3860000e+00
1.6830000e+05 4.4000000e-02 7.3620000e+00
1.6836000e+05 4.4000000e-02 7.3890000e+00
1.6842000e+05 4.4000000e-02 7.2000000e+00
1.6848000e+05 4.4000000e-02 7.0840000e+00
1.6860000e+05 4.4000000e-02 7.0500000e+00
1.6866000e+05 4.4000000e-02 7.0430000e+00
1.6872000e+05 4.4000000e-02 7.0790000e+00
1.6878000e+05 4.4000000e-02 7.1190000e+00
1.6884000e+05 4.4000000e-02 7.1420000e+00
1.6890000e+05 4.4000000e-02 7.1250000e+00
1.6896000e+05 4.4000000e-02 7.0870000e+00
1.6902000e+05 4.4000000e-02 7.0470000e+00
1.6908000e+05 4.4000000e-02 7.1110000e+00
1.6914000e+05 4.4000000e-02 7.3850000e+00
1.6920000e+05 4.4000000e-02 6.8640000e+00
1.6932000e+05 4.4000000e-02 6.5990000e+00
1.6938000e+05 4.4000000e-02 6.4980000e+00
1.6944000e+05 4.4000000e-02 6.4240000e+00
1.6950000e+05 4.4000000e-02 6.3930000e+00
1.6956000e+05 4.4000000e-02 6.2180000e+00
1.6962000e+05 4.4000000e-02 6.3920000e+00
1.6968000e+05 4.4000000e-02 6.4690000e+00
1.6974000e+05 4.4000000e-02 6.2320000e+00
1.6980000e+05 4.4000000e-02 5.9860000e+00
1.6986000e+05 4.4000000e-02 5.8800000e+00
1.6992000e+05 4.4000000e-02 6.3740000e+00
1.7004000e+05 4.4000000e-02 6.3120000e+00
1.7010000e+05 4.4000000e-02 6.3080000e+00
1.7016000e+05 4.4000000e-02 6.0940000e+00
1.7022000e+05 4.4000000e-02 6.1240000e+00
1.7028000e+05 4.4000000e-02 5.9890000e+00
1.7034000e+05 4.4000000e-02 6.1720000e+00
1.7040000e+05 4.4000000e-02 6.2120000e+00
1.7046000e+05 4.4000000e-02 6.2450000e+00
1.7052000e+05 4.4000000e-02 6.2900000e+00
1.7058000e+05 4.4000000e-02 6.4080000e+00
1.7064000e+05 4.4000000e-02 6.2410000e+00
1.7076000e+05 4.4000000e-02 6.3080000e+00
1.7082000e+05 4.4000000e-02 6.5190000e+00
1.7088000e+05 4.4000000e-02 6.8660000e+00
1.7094000e+05 4.4000000e-02 7.0310000e+00
1.7100000e+05 4.4000000e-02 7.2260000e+00
1.7106000e+05 4.4000000e-02 6.9960000e+00
1.7112000e+05 4.4000000e-02 7.1150000e+00
1.7118000e+05 4.4000000e-02 7.0940000e+00
1.7124000e+05 4.4000000e-02 7.1030000e+00
1.7130000e+05 4.4000000e-02 7.0650000e+00
1.7136000e+05 4.4000000e-02 7.0800000e+00
1.7148000e+05 4.4000000e-02 6.7020000e+00
1.7154000e+05 4.4000000e-02 6.4460000e+00
1.7160000e+05 4.4000000e-02 6.6430000e+00
1.7166000e+05 4.4000000e-02 6.5210000e+00
1.7172000e+05 4.4000000e-02 6.7710000e+00
1.7178000e+05 4.4000000e-02 7.0640000e+00
1.7184000e+05 4.4000000e-02 6.7370000e+00
1.7190000e+05 4.4000000e-02 6.8670000e+00
1.7196000e+05 4.4000000e-02 7.1800000e+00
1.7202000e+05 4.4000000e-02 7.5190000e+00
1.7208000e+05 4.4000000e-02 7.2410000e+00
1.7220000e+05 4.4000000e-02 7.4770000e+00
1.7226000e+05 4.4000000e-02 7.2900000e+00
1.7232000e+05 4.4000000e-02 7.2100000e+00
1.7238000e+05 4.4000000e-02 7.5020000e+00
1.7244000e+05 4.4000000e-02 7.5070000e+00
1.7250000e+05 4.4000000e-02 7.3630000e+00
1.7256000e+05 4.4000000e-02 7.2450000e+00
1.7262000e+05 4.4000000e-02 7.5300000e+00
1.7268000e+05 4.4000000e-02 7.6320000e+00
1.7274000e+05 4.4000000e-02 7.8320000e+00
1.7280000e+05 4.4000000e-02 7.8290000e+00
1.7292000e+05 4.4000000e-02 7.6450000e+00
1.7298000e+05 4.4000000e-02 7.6180000e+00
1.7304000e+05 4.4000000e-02 7.8930000e+00
1.7310000e+05 4.4000000e-02 7.2440000e+00
1.7316000e+05 4.4000000e-02 7.2560000e+00
1.7322000e+05 4.4000000e-02 7.0030000e+00
1.7328000e+05 4.4000000e-02 7.2530000e+00
1.7334000e+05 4.4000000e-02 7.4110000e+00
1.7340000e+05 4.4000000e-02 7.2900000e+00
1.7346000e+05 4.4000000e-02 7.1230000e+00
1.7352000e+05 4.4000000e-02 7.2520000e+00
1.7364000e+05 4.4000000e-02 7.4050000e+00
1.7370000e+05 4.4000000e-02 7.2020000e+00
1.7376000e+05 4.4000000e-02 7.3190000e+00
1.7382000e+05 4.4000000e-02 8.0650000e+00
1.7388000e+05 4.4000000e-02 8.0320000e+00
1.7394000e+05 4.4000000e-02 7.8600000e+00
1.7400000e+05 4.4000000e-02 7.7010000e+00
1.7406000e+05 4.4000000e-02 7.7970000e+00
1.7412000e+05 4.4000000e-02 7.5760000e+00
1.7418000e+05 4.4000000e-02 7.9750000e+00
1.7424000e+05 4.4000000e-02 8.1550000e+00
1.7436000e+05 4.4000000e-02 8.2440000e+00
1.7442000e+05 4.4000000e-02 8.2940000e+00
1.7448000e+05 4.4000000e-02 8.2460000e+00
1.7454000e+05 4.4000000e-02 8.0790000e+00
1.7460000e+05 4.4000000e-02 7.5180000e+00
1.7466000e+05 4.4000000e-02 7.4280000e+00
1.7472000e+05 4.4000000e-02 7.5260000e+00
1.7478000e+05 4.4000000e-02 7.5620000e+00
1.7484000e+05 4.4000000e-02 7.6330000e+00
1.7490000e+05 4.4000000e-02 7.8890000e+00
1.7496000e+05 4.4000000e-02 7.7740000e+00
1.7508000e+05 4.4000000e-02 7.8800000e+00
1.7514000e+05 4.4000000e-02 6.9470000e+00
1.7520000e+05 4.4000000e-02 6.9610000e+00
1.7526000e+05 4.4000000e-02 7.5840000e+00
1.7532000e+05 4.4000000e-02 8.3890000e+00
1.7538000e+05 4.4000000e-02 9.3830000e+00
1.7544000e+05 4.4000000e-02 9.8570000e+00
1.7550000e+05 4.4000000e-02 9.2840000e+00
1.7556000e+05 4.4000000e-02 8.5440000e+00
1.7562000e+05 4.4000000e-02 8.3860000e+00
1.7568000e+05 4.4000000e-02 8.9760000e+00
1.7580000e+05 4.4000000e-02 8.2580000e+00
1.7586000e+05 4.4000000e-02 8.3330000e+00
1.7592000e+05 4.4000000e-02 7.9540000e+00
1.7598000e+05 4.4000000e-02 7.2660000e+00
1.7604000e+05 4.4000000e-02 8.3600000e+00
1.7610000e+05 4.4000000e-02 7.0620000e+00
1.7616000e+05 4.4000000e-02 7.1410000e+00
1.7622000e+05 4.4000000e-02 6.6800000e+00
1.7628000e+05 4.4000000e-02 9.7370000e+00
1.7634000e+05 4.4000000e-02 9.8280000e+00
1.7640000e+05 4.4000000e-02 8.8010000e+00
1.7652000e+05 4.4000000e-02 8.8860000e+00
1.7658000e+05 4.4000000e-02 8.5660000e+00
1.7664000e+05 4.4000000e-02 8.1350000e+00
1.7670000e+05 4.4000000e-02 7.4660000e+00
1.7676000e+05 4.4000000e-02 6.9420000e+00
1.7682000e+05 4.4000000e-02 7.5560000e+00
1.7688000e+05 4.4000000e-02 7.0600000e+00
1.7694000e+05 4.4000000e-02 7.8630000e+00
1.7700000e+05 4.4000000e-02 9.6550000e+00
1.7706000e+05 4.4000000e-02 9.7570000e+00
1.7712000e+05 4.4000000e-02 8.8630000e+00
1.7724000e+05 4.4000000e-02 8.8740000e+00
1.7730000e+05 4.4000000e-02 9.0120000e+00
1.7736000e+05 4.4000000e-02 8.9220000e+00
1.7742000e+05 4.4000000e-02 8.6160000e+00
1.7748000e+05 4.4000000e-02 8.5890000e+00
1.7754000e+05 4.4000000e-02 8.7300000e+00
1.7760000e+05 4.4000000e-02 8.7520000e+00
1.7766000e+05 4.4000000e-02 9.2130000e+00
1.7772000e+05 4.4000000e-02 9.4140000e+00
1.7778000e+05 4.4000000e-02 9.0440000e+00
1.7784000e+05 4.4000000e-02 9.2950000e+00
1.7796000e+05 4.4000000e-02 9.6130000e+00
1.7802000e+05 4.4000000e-02 8.9940000e+00
1.7808000e+05 4.4000000e-02 9.3440000e+00
1.7814000e+05 4.4000000e-02 9.4170000e+00
1.7820000e+05 4.4000000e-02 9.5560000e+00
1.7826000e+05 4.4000000e-02 1.0995000e+01
1.7832000e+05 4.4000000e-02 9.6220000e+00
1.7838000e+05 4.4000000e-02 8.6200000e+00
1.7844000e+05 4.4000000e-02 8.8350000e+00
1.7850000e+05 4.4000000e-02 1.0135000e+01
1.7856000e+05 4.4000000e-02 8.6680000e+00
1.7868000e+05 4.4000000e-02 8.8410000e+00
1.7874000e+05 4.4000000e-02 8.3010000e+00
1.7880000e+05 4.4000000e-02 9.3370000e+00
1.7886000e+05 4.4000000e-02 7.5010000e+00
1.7892000e+05 4.4000000e-02 7.1750000e+00
1.7898000e+05 4.4000000e-02 1.0086000e+01
1.7904000e+05 4.4000000e-02 1.0070000e+01
1.7910000e+05 4.4000000e-02 9.9590000e+00
1.7916000e+05 4.4000000e-02 9.7220000e+00
1.7922000e+05 4.4000000e-02 1.0469000e+01
1.7928000e+05 4.4000000e-02 9.7950000e+00
1.7940000e+05 4.4000000e-02 9.7070000e+00
1.7946000e+05 4.4000000e-02 9.7670000e+00
1.7952000e+05 4.4000000e-02 9.8530000e+00
1.7958000e+05 4.4000000e-02 1.0352000e+01
1.7964000e+05 4.4000000e-02 1.0198000e+01
1.7970000e+05 4.4000000e-02 9.3380000e+00
1.7976000e+05 4.4000000e-02 1.0141000e+01
1.7982000e+05 4.4000000e-02 1.0018000e+01
1.7988000e+05 4.4000000e-02 1.0820000e+01
1.7994000e+05 4.4000000e-02 1.0930000e+01
1.8000000e+05 4.4000000e-02 1.0343000e+01
1.8012000e+05 4.4000000e-02 1.0634000e+01
1.8018000e+05 4.4000000e-02 1.0321000e+01
1.8024000e+05 4.4000000e-02 9.7140000e+00
1.8030000e+05 4.4000000e-02 9.6010000e+00
1.8036000e+05 4.4000000e-02 9.5190000e+00
1.8042000e+05 4.4000000e-02 9.5110000e+00
1.8048000e+05 4.4000000e-02 9.9680000e+00
1.8054000e+05 4.4000000e-02 9.1510000e+00
1.8060000e+05 4.4000000e-02 1.0014000e+01
1.8066000e+05 4.4000000e-02 9.4690000e+00
1.8072000e+05 4.4000000e-02 9.6250000e+00
1.8084000e+05 4.4000000e-02 1.0352000e+01
1.8090000e+05 4.4000000e-02 1.1628000e+01
1.8096000e+05 4.4000000e-02 1.1984000e+01
1.8102000e+05 4.4000000e-02 1.1380000e+01
1.8108000e+05 4.4000000e-02 1.0098000e+01
1.8114000e+05 4.4000000e-02 1.0259000e+01
1.8120000e+05 4.4000000e-02 9.9890000e+00
1.8126000e+05 4.4000000e-02 1.0896000e+01
1.8132000e+05 4.4000000e-02 1.1013000e+01
1.8138000e+05 4.4000000e-02 9.9440000e+00
1.8144000e+05 4.4000000e-02 9.4930000e+00
1.8156000e+05 4.4000000e-02 9.6140000e+00
1.8162000e+05 4.4000000e-02 9.4860000e+00
1.8168000e+05 4.4000000e-02 9.8440000e+00
1.8174000e+05 4.4000000e-02 9.7170000e+00
1.8180000e+05 4.4000000e-02 9.9460000e+00
1.8186000e+05 4.4000000e-02 1.0191000e+01
1.8192000e+05 4.4000000e-02 1.0660000e+01
1.8198000e+05 4.4000000e-02 1.0135000e+01
1.8204000e+05 4.4000000e-02 1.1090000e+01
1.8210000e+05 4.4000000e-02 1.3081000e+01
1.8216000e+05 4.4000000e-02 1.2032000e+01
1.8228000e+05 4.4000000e-02 1.0352000e+01
1.8234000e+05 4.4000000e-02 1.0848000e+01
1.8240000e+05 4.4000000e-02 1.0574000e+01
1.8246000e+05 4.4000000e-02 9.8050000e+00
1.8252000e+05 4.4000000e-02 8.8990000e+00
1.8258000e+05 4.4000000e-02 8.6930000e+00
1.8264000e+05 4.4000000e-02 8.4550000e+00
1.8270000e+05 4.4000000e-02 8.6620000e+00
1.8276000e+05 4.4000000e-02 8.1050000e+00
1.8282000e+05 4.4000000e-02 8.9010000e+00
1.8288000e+05 4.4000000e-02 8.2340000e+00
1.8300000e+05 4.4000000e-02 8.8290000e+00
1.8306000e+05 4.4000000e-02 8.7880000e+00
1.8312000e+05 4.4000000e-02 9.4400000e+00
1.8318000e+05 4.4000000e-02 9.2980000e+00
1.8324000e+05 4.4000000e-02 9.2260000e+00
1.8330000e+05 4.4000000e-02 1.0125000e+01
1.8336000e+05 4.4000000e-02 1.0402000e+01
1.8342000e+05 4.4000000e-02 1.0186000e+01
1.8348000e+05 4.4000000e-02 9.8490000e+00
1.8354000e+05 4.4000000e-02 9.7360000e+00
1.8360000e+05 4.4000000e-02 9.7250000e+00
1.8372000e+05 4.4000000e-02 1.1135000e+01
1.8378000e+05 4.4000000e-02 1.0441000e+01
1.8384000e+05 4.4000000e-02 1.0898000e+01
1.8390000e+05 4.4000000e-02 1.1953000e+01
1.8396000e+05 4.4000000e-02 1.2083000e+01
1.8402000e+05 4.4000000e-02 1.2138000e+01
1.8408000e+05 4.4000000e-02 1.2260000e+01
1.8414000e+05 4.4000000e-02 1.2446000e+01
1.8420000e+05 4.4000000e-02 1.0437000e+01
1.8426000e+05 4.4000000e-02 1.0000000e+01
1.8432000e+05 4.4000000e-02 1.0496000e+01
1.8444000e+05 4.4000000e-02 9.1590000e+00
1.8450000e+05 4.4000000e-02 1.0758000e+01
1.8456000e+05 4.4000000e-02 1.0923000e+01
1.8462000e+05 4.4000000e-02 1.1510000e+01
1.8468000e+05 4.4000000e-02 1.1318000e+01
1.8474000e+05 4.4000000e-02 1.1194000e+01
1.8480000e+05 4.4000000e-02 1.1189000e+01
1.8486000e+05 4.4000000e-02 1.1147000e+01
1.8492000e+05 4.4000000e-02 1.1120000e+01
1.8498000e+05 4.4000000e-02 1.1107000e+01
1.8504000e+05 4.4000000e-02 1.1233000e+01
1.8516000e+05 4.4000000e-02 1.1371000e+01
1.8522000e+05 4.4000000e-02 1.1572000e+01
1.8528000e+05 4.4000000e-02 1.1718000e+01
1.8534000e+05 4.4000000e-02 1.1615000e+01
1.8540000e+05 4.4000000e-02 1.1459000e+01
1.8546000e+05 4.4000000e-02 1.0910000e+01
1.8552000e+05 4.4000000e-02 1.1016000e+01
1.8558000e+05 4.4000000e-02 1.0985000e+01
1.8564000e+05 4.4000000e-02 1.0896000e+01
1.8570000e+05 4.4000000e-02 1.1872000e+01
1.8576000e+05 4.4000000e-02 1.0683000e+01
1.8588000e+05 4.4000000e-02 1.1021000e+01
1.8594000e+05 4.4000000e-02 1.1129000e+01
1.8600000e+05 4.4000000e-02 1.1190000e+01
1.8606000e+05 4.4000000e-02 1.1322000e+01
1.8612000e+05 4.4000000e-02 1.1462000e+01
1.8618000e+05 4.4000000e-02 1.1103000e+01
1.8624000e+05 4.4000000e-02 1.1321000e+01
1.8630000e+05 4.4000000e-02 1.1510000e+01
1.8636000e+05 4.4000000e-02 1.1317000e+01
1.8642000e+05 4.4000000e-02 1.1306000e+01
1.8648000e+05 4.4000000e-02 1.1564000e+01
1.8660000e+05 4.4000000e-02 1.1592000e+01
1.8666000e+05 4.4000000e-02 1.1649000e+01
1.8672000e+05 4.4000000e-02 1.2706000e+01
1.8678000e+05 4.4000000e-02 1.2692000e+01
1.8684000e+05 4.4000000e-02 1.1812000e+01
1.8690000e+05 4.4000000e-02 1.1579000e+01
1.8696000e+05 4.4000000e-02 1.2231000e+01
1.8702000e+05 4.4000000e-02 1.2673000e+01
1.8708000e+05 4.4000000e-02 1.2832000e+01
1.8714000e+05 4.4000000e-02 1.1925000e+01
1.8720000e+05 4.4000000e-02 1.1742000e+01
1.8732000e+05 4.4000000e-02 1.1554000e+01
1.8738000e+05 4.4000000e-02 1.1495000e+01
1.8744000e+05 4.4000000e-02 1.1506000e+01
1.8750000e+05 4.4000000e-02 1.1661000e+01
1.8756000e+05 4.4000000e-02 1.2159000e+01
1.8762000e+05 4.4000000e-02 1.2177000e+01
1.8768000e+05 4.4000000e-02 1.2387000e+01
1.8774000e+05 4.4000000e-02 1.2811000e+01
1.8780000e+05 4.4000000e-02 1.3301000e+01
1.8786000e+05 4.4000000e-02 1.3563000e+01
1.8792000e+05 4.4000000e-02 1.2146000e+01
1.8804000e+05 4.4000000e-02 1.2103000e+01
1.8810000e+05 4.4000000e-02 1.1852000e+01
1.8816000e+05 4.4000000e-02 1.2190000e+01
1.8822000e+05 4.4000000e-02 1.2879000e+01
1.8828000e+05 4.4000000e-02 1.3254000e+01
1.8834000e+05 4.4000000e-02 1.2389000e+01
1.8840000e+05 4.4000000e-02 1.2538000e+01
1.8846000e+05 4.4000000e-02 1.1341000e+01
1.8852000e+05 4.4000000e-02 1.2637000e+01
1.8858000e+05 4.4000000e-02 1.3424000e+01
1.8864000e+05 4.4000000e-02 1.2614000e+01
1.8876000e+05 4.4000000e-02 1.2802000e+01
1.8882000e+05 4.4000000e-02 1.3000000e+01
1.8888000e+05 4.4000000e-02 1.3512000e+01
1.8894000e+05 4.4000000e-02 1.2213000e+01
1.8900000e+05 4.4000000e-02 1.2696000e+01
1.8906000e+05 4.4000000e-02 1.2666000e+01
1.8912000e+05 4.4000000e-02 1.2573000e+01
1.8918000e+05 4.4000000e-02 1.2545000e+01
1.8924000e+05 4.4000000e-02 1.2284000e+01
1.8930000e+05 4.4000000e-02 1.1207000e+01
1.8936000e+05 4.4000000e-02 1.1481000e+01
1.8948000e+05 4.4000000e-02 1.1918000e+01
1.8954000e+05 4.4000000e-02 1.3654000e+01
1.8960000e+05 4.4000000e-02 1.4724000e+01
1.8966000e+05 4.4000000e-02 1.3019000e+01
1.8972000e+05 4.4000000e-02 1.3391000e+01
1.8978000e+05 4.4000000e-02 1.4814000e+01
1.8984000e+05 4.4000000e-02 1.5092000e+01
1.8990000e+05 4.4000000e-02 1.2178000e+01
1.8996000e+05 4.4000000e-02 1.2745000e+01
1.9002000e+05 4.4000000e-02 1.3205000e+01
1.9008000e+05 4.4000000e-02 1.4027000e+01
1.9020000e+05 4.4000000e-02 1.4541000e+01
1.9026000e+05 4.4000000e-02 1.4528000e+01
1.9032000e+05 4.4000000e-02 1.4663000e+01
1.9038000e+05 4.4000000e-02 1.4339000e+01
1.9044000e+05 4.4000000e-02 1.4644000e+01
1.9050000e+05 4.4000000e-02 1.4597000e+01
1.9056000e+05 4.4000000e-02 1.4664000e+01
1.9062000e+05 4.4000000e-02 1.4385000e+01
1.9068000e+05 4.4000000e-02 1.4909000e+01
1.9110000e+05 4.4000000e-02 1.5121000e+01
1.9116000e+05 4.4000000e-02 1.4802000e+01
1.9122000e+05 4.4000000e-02 1.4840000e+01
1.9128000e+05 4.4000000e-02 1.5877000e+01
1.9134000e+05 4.4000000e-02 1.5239000e+01
1.9140000e+05 4.4000000e-02 1.5094000e+01
1.9146000e+05 4.4000000e-02 1.4516000e+01
1.9152000e+05 4.4000000e-02 1.3327000e+01
1.9164000e+05 4.4000000e-02 1.4383000e+01
1.9170000e+05 4.4000000e-02 1.4657000e+01
1.9176000e+05 4.4000000e-02 1.5311000e+01
1.9182000e+05 4.4000000e-02 1.5198000e+01
1.9188000e+05 4.4000000e-02 1.4805000e+01
1.9194000e+05 4.4000000e-02 1.5002000e+01
1.9200000e+05 4.4000000e-02 1.4992000e+01
1.9206000e+05 4.4000000e-02 1.5201000e+01
1.9212000e+05 4.4000000e-02 1.5400000e+01
1.9218000e+05 4.4000000e-02 1.5444000e+01
1.9224000e+05 4.4000000e-02 1.5578000e+01
1.9236000e+05 4.4000000e-02 1.6078000e+01
1.9242000e+05 4.4000000e-02 1.5956000e+01
1.9248000e+05 4.4000000e-02 1.4093000e+01
1.9254000e+05 4.4000000e-02 1.2893000e+01
1.9260000e+05 4.4000000e-02 1.3121000e+01
1.9266000e+05 4.4000000e-02 1.3320000e+01
1.9272000e+05 4.4000000e-02 1.3855000e+01
1.9278000e+05 4.4000000e-02 1.4222000e+01
1.9284000e+05 4.4000000e-02 1.4459000e+01
1.9290000e+05 4.4000000e-02 1.3367000e+01
1.9296000e+05 4.4000000e-02 1.3197000e+01
1.9308000e+05 4.4000000e-02 1.3321000e+01
1.9314000e+05 4.4000000e-02 1.5126000e+01
1.9320000e+05 4.4000000e-02 1.3877000e+01
1.9326000e+05 4.4000000e-02 1.6085000e+01
1.9332000e+05 4.4000000e-02 1.6513000e+01
1.9338000e+05 4.4000000e-02 1.4621000e+01
1.9344000e+05 4.4000000e-02 1.5524000e+01
1.9350000e+05 4.4000000e-02 1.6100000e+01
1.9356000e+05 4.4000000e-02 1.4771000e+01
1.9362000e+05 4.4000000e-02 1.4355000e+01
1.9368000e+05 4.4000000e-02 1.5198000e+01
1.9380000e+05 4.4000000e-02 1.5445000e+01
1.9386000e+05 4.4000000e-02 1.4589000e+01
1.9392000e+05 4.4000000e-02 1.5852000e+01
1.9398000e+05 4.4000000e-02 1.4338000e+01
1.9404000e+05 4.4000000e-02 1.5688000e+01
1.9410000e+05 4.4000000e-02 1.5044000e+01
1.9416000e+05 4.4000000e-02 1.5021000e+01
1.9422000e+05 4.4000000e-02 1.4721000e+01
1.9428000e+05 4.4000000e-02 1.4819000e+01
1.9434000e+05 4.4000000e-02 1.5335000e+01
1.9440000e+05 4.4000000e-02 1.4425000e+01
1.9452000e+05 4.4000000e-02 1.4047000e+01
1.9458000e+05 4.4000000e-02 1.3511000e+01
1.9464000e+05 4.4000000e-02 1.3809000e+01
1.9470000e+05 4.4000000e-02 1.4015000e+01
1.9476000e+05 4.4000000e-02 1.5078000e+01
1.9482000e+05 4.4000000e-02 1.5504000e+01
1.9494000e+05 4.4000000e-02 1.3683000e+01
1.9500000e+05 4.4000000e-02 1.4964000e+01
1.9518000e+05 4.4000000e-02 1.7432000e+01
1.9524000e+05 4.4000000e-02 1.6390000e+01
1.9530000e+05 4.4000000e-02 1.7100000e+01
1.9536000e+05 4.4000000e-02 1.6909000e+01
1.9542000e+05 4.4000000e-02 1.5945000e+01
1.9548000e+05 4.4000000e-02 1.6300000e+01
1.9554000e+05 4.4000000e-02 1.6211000e+01
1.9560000e+05 4.4000000e-02 1.6170000e+01
1.9566000e+05 4.4000000e-02 1.6306000e+01
1.9572000e+05 4.4000000e-02 1.6827000e+01
1.9578000e+05 4.4000000e-02 1.6849000e+01
1.9584000e+05 4.4000000e-02 1.6573000e+01
1.9596000e+05 4.4000000e-02 1.6693000e+01
1.9602000e+05 4.4000000e-02 1.4381000e+01
1.9608000e+05 4.4000000e-02 1.6152000e+01
1.9614000e+05 4.4000000e-02 1.6454000e+01
1.9620000e+05 4.4000000e-02 1.4550000e+01
1.9626000e+05 4.4000000e-02 1.6046000e+01
1.9632000e+05 4.4000000e-02 1.6482000e+01
1.9638000e+05 4.4000000e-02 1.6924000e+01
1.9644000e+05 4.4000000e-02 1.6982000e+01
1.9650000e+05 4.4000000e-02 1.7026000e+01
1.9656000e+05 4.4000000e-02 1.7033000e+01
1.9668000e+05 4.4000000e-02 1.7217000e+01
1.9674000e+05 4.4000000e-02 1.7027000e+01
1.9680000e+05 4.4000000e-02 1.7210000e+01
1.9686000e+05 4.4000000e-02 1.7141000e+01
1.9692000e+05 4.4000000e-02 1.6893000e+01
1.9698000e+05 4.4000000e-02 1.6808000e+01
1.9704000e+05 4.4000000e-02 1.6891000e+01
1.9710000e+05 4.4000000e-02 1.6617000e+01
1.9716000e+05 4.4000000e-02 1.6349000e+01
1.9722000e+05 4.4000000e-02 1.5658000e+01
1.9728000e+05 4.4000000e-02 1.6758000e+01
1.9740000e+05 4.4000000e-02 1.6001000e+01
1.9746000e+05 4.4000000e-02 1.5962000e+01
1.9752000e+05 4.4000000e-02 1.5449000e+01
1.9758000e+05 4.4000000e-02 1.4881000e+01
1.9764000e+05 4.4000000e-02 1.5246000e+01
1.9770000e+05 4.4000000e-02 1.5940000e+01
1.9776000e+05 4.4000000e-02 1.5798000e+01
1.9782000e+05 4.4000000e-02 1.6526000e+01
1.9788000e+05 4.4000000e-02 1.6580000e+01
1.9794000e+05 4.4000000e-02 1.6789000e+01
1.9800000e+05 4.4000000e-02 1.6629000e+01
1.9812000e+05 4.4000000e-02 1.6373000e+01
1.9818000e+05 4.4000000e-02 1.6497000e+01
1.9824000e+05 4.4000000e-02 1.5400000e+01
1.9830000e+05 4.4000000e-02 1.5318000e+01
1.9836000e+05 4.4000000e-02 1.4583000e+01
1.9842000e+05 4.4000000e-02 1.4409000e+01
1.9848000e+05 4.4000000e-02 1.3379000e+01
1.9854000e+05 4.4000000e-02 1.4262000e+01
1.9860000e+05 4.4000000e-02 1.3765000e+01
1.9866000e+05 4.4000000e-02 1.4200000e+01
1.9872000e+05 4.4000000e-02 1.4629000e+01
1.9884000e+05 4.4000000e-02 1.4933000e+01
1.9890000e+05 4.4000000e-02 1.5367000e+01
1.9896000e+05 4.4000000e-02 1.5463000e+01
1.9902000e+05 4.4000000e-02 1.5866000e+01
1.9908000e+05 4.4000000e-02 1.5757000e+01
1.9914000e+05 4.4000000e-02 1.4111000e+01
1.9920000e+05 4.4000000e-02 1.3605000e+01
1.9926000e+05 4.4000000e-02 1.5566000e+01
1.9932000e+05 4.4000000e-02 1.5363000e+01
1.9938000e+05 4.4000000e-02 1.5282000e+01
1.9944000e+05 4.4000000e-02 1.5226000e+01
1.9956000e+05 4.4000000e-02 1.5682000e+01
1.9962000e+05 4.4000000e-02 1.5107000e+01
1.9968000e+05 4.4000000e-02 1.4574000e+01
1.9974000e+05 4.4000000e-02 1.4646000e+01
1.9980000e+05 4.4000000e-02 1.4912000e+01
1.9986000e+05 4.4000000e-02 1.5312000e+01
1.9992000e+05 4.4000000e-02 1.4763000e+01
1.9998000e+05 4.4000000e-02 1.5290000e+01
2.0004000e+05 4.4000000e-02 1.4864000e+01
2.0010000e+05 4.4000000e-02 1.4907000e+01
2.0016000e+05 4.4000000e-02 1.4126000e+01
2.0028000e+05 4.4000000e-02 1.5480000e+01
2.0034000e+05 4.4000000e-02 1.5733000e+01
2.0040000e+05 4.4000000e-02 1.4279000e+01
2.0046000e+05 4.4000000e-02 1.4867000e+01
2.0052000e+05 4.4000000e-02 1.5424000e+01
2.0058000e+05 4.4000000e-02 1.5422000e+01
2.0064000e+05 4.4000000e-02 1.5497000e+01
2.0070000e+05 4.4000000e-02 1.5617000e+01
2.0076000e+05 4.4000000e-02 1.5620000e+01
2.0082000e+05 4.4000000e-02 1.5562000e+01
2.0088000e+05 4.4000000e-02 1.5549000e+01
2.0100000e+05 4.4000000e-02 1.5508000e+01
2.0106000e+05 4.4000000e-02 1.5483000e+01
2.0112000e+05 4.4000000e-02 1.5496000e+01
2.0118000e+05 4.4000000e-02 1.5516000e+01
2.0124000e+05 4.4000000e-02 1.5552000e+01
2.0130000e+05 4.4000000e-02 1.5579000e+01
2.0136000e+05 4.4000000e-02 1.5841000e+01
2.0142000e+05 4.4000000e-02 1.5788000e+01
2.0148000e+05 4.4000000e-02 1.5755000e+01
2.0154000e+05 4.4000000e-02 1.5736000e+01
2.0160000e+05 4.4000000e-02 1.5700000e+01
2.0172000e+05 4.4000000e-02 1.5584000e+01
2.0178000e+05 4.4000000e-02 1.5467000e+01
2.0184000e+05 4.4000000e-02 1.5645000e+01
2.0190000e+05 4.4000000e-02 1.5640000e+01
2.0196000e+05 4.4000000e-02 1.5696000e+01
2.0202000e+05 4.4000000e-02 1.5722000e+01
2.0208000e+05 4.4000000e-02 1.5646000e+01
2.0214000e+05 4.4000000e-02 1.5591000e+01
2.0220000e+05 4.4000000e-02 1.5568000e+01
2.0226000e+05 4.4000000e-02 1.5553000e+01
2.0232000e+05 4.4000000e-02 1.5505000e+01
2.0244000e+05 4.4000000e-02 1.5534000e+01
2.0250000e+05 4.4000000e-02 1.5528000e+01
2.0256000e+05 4.4000000e-02 1.5553000e+01
2.0262000e+05 4.4000000e-02 1.5567000e+01
2.0268000e+05 4.4000000e-02 1.5561000e+01
2.0274000e+05 4.4000000e-02 1.5578000e+01
2.0280000e+05 4.4000000e-02 1.5694000e+01
2.0286000e+05 4.4000000e-02 1.5832000e+01
2.0292000e+05 4.4000000e-02 1.5919000e+01
2.0298000e+05 4.4000000e-02 1.5937000e+01
2.0304000e+05 4.4000000e-02 1.5899000e+01
2.0316000e+05 4.4000000e-02 1.5813000e+01
2.0322000e+05 4.4000000e-02 1.5787000e+01
2.0328000e+05 4.4000000e-02 1.5789000e+01
2.0334000e+05 4.4000000e-02 1.5781000e+01
2.0340000e+05 4.4000000e-02 1.5771000e+01
2.0352000e+05 4.4000000e-02 1.5731000e+01
2.0358000e+05 4.4000000e-02 1.5662000e+01
2.0364000e+05 4.4000000e-02 1.5649000e+01
2.0370000e+05 4.4000000e-02 1.5699000e+01
2.0376000e+05 4.4000000e-02 1.5603000e+01
2.0388000e+05 4.4000000e-02 1.5532000e+01
2.0394000e+05 4.4000000e-02 1.5585000e+01
2.0400000e+05 4.4000000e-02 1.5685000e+01
2.0406000e+05 4.4000000e-02 1.5648000e+01
2.0412000e+05 4.4000000e-02 1.5227000e+01
2.0418000e+05 4.4000000e-02 1.4818000e+01
2.0424000e+05 4.4000000e-02 1.4719000e+01
2.0430000e+05 4.4000000e-02 1.4691000e+01
2.0436000e+05 4.4000000e-02 1.5558000e+01
2.0442000e+05 4.4000000e-02 1.5469000e+01
2.0448000e+05 4.4000000e-02 1.5624000e+01
2.0460000e+05 4.4000000e-02 1.5349000e+01
2.0466000e+05 4.4000000e-02 1.5310000e+01
2.0472000e+05 4.4000000e-02 1.4854000e+01
2.0478000e+05 4.4000000e-02 1.4584000e+01
2.0484000e+05 4.4000000e-02 1.4885000e+01
2.0490000e+05 4.4000000e-02 1.4742000e+01
2.0496000e+05 4.4000000e-02 1.4752000e+01
2.0502000e+05 4.4000000e-02 1.3970000e+01
2.0508000e+05 4.4000000e-02 1.3176000e+01
2.0514000e+05 4.4000000e-02 1.2888000e+01
2.0520000e+05 4.4000000e-02 1.1472000e+01
2.0532000e+05 4.4000000e-02 9.5570000e+00
2.0538000e+05 4.4000000e-02 9.5410000e+00
2.0544000e+05 4.4000000e-02 1.0542000e+01
2.0550000e+05 4.4000000e-02 1.0936000e+01
2.0556000e+05 4.4000000e-02 1.1288000e+01
2.0562000e+05 4.4000000e-02 1.3062000e+01
2.0568000e+05 4.4000000e-02 1.3498000e+01
2.0574000e+05 4.4000000e-02 1.3519000e+01
2.0580000e+05 4.4000000e-02 1.3641000e+01
2.0586000e+05 4.4000000e-02 1.3764000e+01
2.0592000e+05 4.4000000e-02 1.3881000e+01
2.0604000e+05 4.4000000e-02 1.3823000e+01
2.0610000e+05 4.4000000e-02 1.3715000e+01
2.0616000e+05 4.4000000e-02 1.3957000e+01
2.0622000e+05 4.4000000e-02 1.4087000e+01
2.0628000e+05 4.4000000e-02 1.3750000e+01
2.0634000e+05 4.4000000e-02 1.4174000e+01
2.0640000e+05 4.4000000e-02 1.4375000e+01
2.0646000e+05 4.4000000e-02 1.3995000e+01
2.0652000e+05 4.4000000e-02 1.3259000e+01
2.0658000e+05 4.4000000e-02 1.3633000e+01
2.0664000e+05 4.4000000e-02 1.3168000e+01
2.0676000e+05 4.4000000e-02 1.3470000e+01
2.0682000e+05 4.4000000e-02 1.3210000e+01
2.0688000e+05 4.4000000e-02 1.3489000e+01
2.0694000e+05 4.4000000e-02 1.3526000e+01
2.0700000e+05 4.4000000e-02 1.3640000e+01
2.0706000e+05 4.4000000e-02 1.3628000e+01
2.0712000e+05 4.4000000e-02 1.3550000e+01
2.0718000e+05 4.4000000e-02 1.3551000e+01
2.0724000e+05 4.4000000e-02 1.3538000e+01
2.0730000e+05 4.4000000e-02 1.2904000e+01
2.0736000e+05 4.4000000e-02 1.2643000e+01
2.0748000e+05 4.4000000e-02 1.3436000e+01
2.0754000e+05 4.4000000e-02 1.3261000e+01
2.0760000e+05 4.4000000e-02 1.3228000e+01
2.0766000e+05 4.4000000e-02 1.3520000e+01
2.0772000e+05 4.4000000e-02 1.3331000e+01
2.0778000e+05 4.4000000e-02 1.3036000e+01
2.0784000e+05 4.4000000e-02 1.3170000e+01
2.0790000e+05 4.4000000e-02 1.3467000e+01
2.0796000e+05 4.4000000e-02 1.3493000e+01
2.0802000e+05 4.4000000e-02 1.3582000e+01
2.0808000e+05 4.4000000e-02 1.3636000e+01
2.0820000e+05 4.4000000e-02 1.3318000e+01
2.0826000e+05 4.4000000e-02 1.3480000e+01
2.0832000e+05 4.4000000e-02 1.3426000e+01
2.0838000e+05 4.4000000e-02 1.3404000e+01
2.0844000e+05 4.4000000e-02 1.3515000e+01
2.0850000e+05 4.4000000e-02 1.3592000e+01
2.0856000e+05 4.4000000e-02 1.3684000e+01
2.0862000e+05 4.4000000e-02 1.3201000e+01
2.0868000e+05 4.4000000e-02 1.3455000e+01
2.0874000e+05 4.4000000e-02 1.3003000e+01
2.0880000e+05 4.4000000e-02 1.3249000e+01
2.0892000e+05 4.4000000e-02 1.3045000e+01
2.0898000e+05 4.4000000e-02 1.3522000e+01
2.0904000e+05 4.4000000e-02 1.3551000e+01
2.0910000e+05 4.4000000e-02 1.3044000e+01
2.0916000e+05 4.4000000e-02 1.3114000e+01
2.0922000e+05 4.4000000e-02 1.3569000e+01
2.0928000e+05 4.4000000e-02 1.3725000e+01
2.0934000e+05 4.4000000e-02 1.3568000e+01
2.0940000e+05 4.4000000e-02 1.3480000e+01
2.0946000e+05 4.4000000e-02 1.3472000e+01
2.0952000e+05 4.4000000e-02 1.3405000e+01
2.0964000e+05 4.4000000e-02 1.3419000e+01
2.0970000e+05 4.4000000e-02 1.3559000e+01
2.0976000e+05 4.4000000e-02 1.3395000e+01
2.0982000e+05 4.4000000e-02 1.3277000e+01
2.0988000e+05 4.4000000e-02 1.3170000e+01
2.0994000e+05 4.4000000e-02 1.3035000e+01
2.1000000e+05 4.4000000e-02 1.2963000e+01
2.1006000e+05 4.4000000e-02 1.2910000e+01
2.1012000e+05 4.4000000e-02 1.2854000e+01
2.1018000e+05 4.4000000e-02 1.2870000e+01
2.1024000e+05 4.4000000e-02 1.2879000e+01
2.1036000e+05 4.4000000e-02 1.2864000e+01
2.1042000e+05 4.4000000e-02 1.3042000e+01
2.1048000e+05 4.4000000e-02 1.3092000e+01
2.1054000e+05 4.4000000e-02 1.3208000e+01
2.1060000e+05 4.4000000e-02 1.3175000e+01
2.1066000e+05 4.4000000e-02 1.3115000e+01
2.1072000e+05 4.4000000e-02 1.3118000e+01
2.1078000e+05 4.4000000e-02 1.3151000e+01
2.1084000e+05 4.4000000e-02 1.3195000e+01
2.1090000e+05 4.4000000e-02 1.3233000e+01
2.1096000e+05 4.4000000e-02 1.3218000e+01
2.1108000e+05 4.4000000e-02 1.3080000e+01
2.1114000e+05 4.4000000e-02 1.3144000e+01
2.1120000e+05 4.4000000e-02 1.3133000e+01
2.1126000e+05 4.4000000e-02 1.3057000e+01
2.1132000e+05 4.4000000e-02 1.3038000e+01
2.1138000e+05 4.4000000e-02 1.3045000e+01
2.1144000e+05 4.4000000e-02 1.3022000e+01
2.1150000e+05 4.4000000e-02 1.3017000e+01
2.1156000e+05 4.4000000e-02 1.3010000e+01
2.1162000e+05 4.4000000e-02 1.3038000e+01
2.1168000e+05 4.4000000e-02 1.3101000e+01
2.1180000e+05 4.4000000e-02 1.3193000e+01
2.1186000e+05 4.4000000e-02 1.3391000e+01
2.1192000e+05 4.4000000e-02 1.3338000e+01
2.1198000e+05 4.4000000e-02 1.3368000e+01
2.1204000e+05 4.4000000e-02 1.3434000e+01
2.1210000e+05 4.4000000e-02 1.3550000e+01
2.1216000e+05 4.4000000e-02 1.3677000e+01
2.1222000e+05 4.4000000e-02 1.3773000e+01
2.1228000e+05 4.4000000e-02 1.3705000e+01
2.1234000e+05 4.4000000e-02 1.3680000e+01
2.1240000e+05 4.4000000e-02 1.3663000e+01
2.1252000e+05 4.4000000e-02 1.3676000e+01
2.1258000e+05 4.4000000e-02 1.3682000e+01
2.1264000e+05 4.4000000e-02 1.3580000e+01
2.1270000e+05 4.4000000e-02 1.3440000e+01
2.1276000e+05 4.4000000e-02 1.3358000e+01
2.1282000e+05 4.4000000e-02 1.3284000e+01
2.1288000e+05 4.4000000e-02 1.3387000e+01
2.1294000e+05 4.4000000e-02 1.3332000e+01
2.1300000e+05 4.4000000e-02 1.3137000e+01
2.1306000e+05 4.4000000e-02 1.3049000e+01
2.1312000e+05 4.4000000e-02 1.3053000e+01
2.1324000e+05 4.4000000e-02 1.3129000e+01
2.1330000e+05 4.4000000e-02 1.3152000e+01
2.1336000e+05 4.4000000e-02 1.3100000e+01
2.1342000e+05 4.4000000e-02 1.3057000e+01
2.1348000e+05 4.4000000e-02 1.3037000e+01
2.1354000e+05 4.4000000e-02 1.3001000e+01
2.1360000e+05 4.4000000e-02 1.2978000e+01
2.1366000e+05 4.4000000e-02 1.2964000e+01
2.1372000e+05 4.4000000e-02 1.2979000e+01
2.1378000e+05 4.4000000e-02 1.2995000e+01
2.1384000e+05 4.4000000e-02 1.3021000e+01
2.1396000e+05 4.4000000e-02 1.3012000e+01
2.1402000e+05 4.4000000e-02 1.3014000e+01
2.1408000e+05 4.4000000e-02 1.3137000e+01
2.1414000e+05 4.4000000e-02 1.3135000e+01
2.1420000e+05 4.4000000e-02 1.3093000e+01
2.1426000e+05 4.4000000e-02 1.3127000e+01
2.1432000e+05 4.4000000e-02 1.3151000e+01
2.1438000e+05 4.4000000e-02 1.2976000e+01
2.1444000e+05 4.4000000e-02 1.3094000e+01
2.1450000e+05 4.4000000e-02 1.3087000e+01
2.1456000e+05 4.4000000e-02 1.3039000e+01
2.1468000e+05 4.4000000e-02 1.3038000e+01
2.1474000e+05 4.4000000e-02 1.3014000e+01
2.1480000e+05 4.4000000e-02 1.3010000e+01
2.1486000e+05 4.4000000e-02 1.2993000e+01
2.1492000e+05 4.4000000e-02 1.2940000e+01
2.1498000e+05 4.4000000e-02 1.2834000e+01
2.1504000e+05 4.4000000e-02 1.2724000e+01
2.1510000e+05 4.4000000e-02 1.2725000e+01
2.1516000e+05 4.4000000e-02 1.2726000e+01
2.1522000e+05 4.4000000e-02 1.2763000e+01
2.1528000e+05 4.4000000e-02 1.2741000e+01
2.1540000e+05 4.4000000e-02 1.2748000e+01
2.1546000e+05 4.4000000e-02 1.2707000e+01
2.1552000e+05 4.4000000e-02 1.2809000e+01
2.1558000e+05 4.4000000e-02 1.2589000e+01
2.1564000e+05 4.4000000e-02 1.2868000e+01
2.1570000e+05 4.4000000e-02 1.2876000e+01
2.1576000e+05 4.4000000e-02 1.2791000e+01
2.1582000e+05 4.4000000e-02 1.2835000e+01
2.1588000e+05 4.4000000e-02 1.2807000e+01
2.1594000e+05 4.4000000e-02 1.2783000e+01
2.1600000e+05 4.4000000e-02 1.2763000e+01
2.1612000e+05 4.4000000e-02 1.2724000e+01
2.1618000e+05 4.4000000e-02 1.2704000e+01
2.1624000e+05 4.4000000e-02 1.2693000e+01
2.1630000e+05 4.4000000e-02 1.2684000e+01
2.1636000e+05 4.4000000e-02 1.2661000e+01
2.1642000e+05 4.4000000e-02 1.2708000e+01
2.1648000e+05 4.4000000e-02 1.2734000e+01
2.1654000e+05 4.4000000e-02 1.2767000e+01
2.1660000e+05 4.4000000e-02 1.2801000e+01
2.1666000e+05 4.4000000e-02 1.2809000e+01
2.1672000e+05 4.4000000e-02 1.2787000e+01
2.1684000e+05 4.4000000e-02 1.2725000e+01
2.1690000e+05 4.4000000e-02 1.2738000e+01
2.1696000e+05 4.4000000e-02 1.2698000e+01
2.1702000e+05 4.4000000e-02 1.2742000e+01
2.1708000e+05 4.4000000e-02 1.2734000e+01
2.1714000e+05 4.4000000e-02 1.2731000e+01
2.1720000e+05 4.4000000e-02 1.2957000e+01
2.1726000e+05 4.4000000e-02 1.2923000e+01
2.1732000e+05 4.4000000e-02 1.2853000e+01
2.1738000e+05 4.4000000e-02 1.2715000e+01
2.1744000e+05 4.4000000e-02 1.2709000e+01
2.1756000e+05 4.4000000e-02 1.2710000e+01
2.1762000e+05 4.4000000e-02 1.2753000e+01
2.1768000e+05 4.4000000e-02 1.2710000e+01
2.1774000e+05 4.4000000e-02 1.2744000e+01
2.1780000e+05 4.4000000e-02 1.2821000e+01
2.1786000e+05 4.4000000e-02 1.2807000e+01
2.1792000e+05 4.4000000e-02 1.2794000e+01
2.1798000e+05 4.4000000e-02 1.2772000e+01
2.1804000e+05 4.4000000e-02 1.2778000e+01
2.1810000e+05 4.4000000e-02 1.2854000e+01
2.1816000e+05 4.4000000e-02 1.2793000e+01
2.1828000e+05 4.4000000e-02 1.2835000e+01
2.1834000e+05 4.4000000e-02 1.2887000e+01
2.1840000e+05 4.4000000e-02 1.2998000e+01
2.1846000e+05 4.4000000e-02 1.3037000e+01
2.1852000e+05 4.4000000e-02 1.3043000e+01
2.1858000e+05 4.4000000e-02 1.3030000e+01
2.1864000e+05 4.4000000e-02 1.3035000e+01
2.1870000e+05 4.4000000e-02 1.2994000e+01
2.1876000e+05 4.4000000e-02 1.2965000e+01
2.1882000e+05 4.4000000e-02 1.2912000e+01
2.1888000e+05 4.4000000e-02 1.2874000e+01
2.1900000e+05 4.4000000e-02 1.2847000e+01
2.1906000e+05 4.4000000e-02 1.2808000e+01
2.1912000e+05 4.4000000e-02 1.2790000e+01
2.1918000e+05 4.4000000e-02 1.2740000e+01
2.1924000e+05 4.4000000e-02 1.2720000e+01
2.1930000e+05 4.4000000e-02 1.2678000e+01
2.1936000e+05 4.4000000e-02 1.2643000e+01
2.1942000e+05 4.4000000e-02 1.2657000e+01
2.1948000e+05 4.4000000e-02 1.2677000e+01
2.1954000e+05 4.4000000e-02 1.2727000e+01
2.1960000e+05 4.4000000e-02 1.2745000e+01
2.1972000e+05 4.4000000e-02 1.2744000e+01
2.1978000e+05 4.4000000e-02 1.2793000e+01
2.1984000e+05 4.4000000e-02 1.2669000e+01
2.1990000e+05 4.4000000e-02 1.2611000e+01
2.1996000e+05 4.4000000e-02 1.2666000e+01
2.2002000e+05 4.4000000e-02 1.3117000e+01
2.2008000e+05 4.4000000e-02 1.3021000e+01
2.2014000e+05 4.4000000e-02 1.3028000e+01
2.2020000e+05 4.4000000e-02 1.3041000e+01
2.2026000e+05 4.4000000e-02 1.2993000e+01
2.2032000e+05 4.4000000e-02 1.2997000e+01
2.2044000e+05 4.4000000e-02 1.2932000e+01
2.2050000e+05 4.4000000e-02 1.2939000e+01
2.2056000e+05 4.4000000e-02 1.2909000e+01
2.2062000e+05 4.4000000e-02 1.2908000e+01
2.2068000e+05 4.4000000e-02 1.2899000e+01
2.2074000e+05 4.4000000e-02 1.2902000e+01
2.2080000e+05 4.4000000e-02 1.2909000e+01
2.2086000e+05 4.4000000e-02 1.2932000e+01
2.2092000e+05 4.4000000e-02 1.2967000e+01
2.2098000e+05 4.4000000e-02 1.2991000e+01
2.2104000e+05 4.4000000e-02 1.3004000e+01
2.2116000e+05 4.4000000e-02 1.3053000e+01
2.2122000e+05 4.4000000e-02 1.3075000e+01
2.2128000e+05 4.4000000e-02 1.3133000e+01
2.2134000e+05 4.4000000e-02 1.3108000e+01
2.2140000e+05 4.4000000e-02 1.3119000e+01
2.2146000e+05 4.4000000e-02 1.3236000e+01
2.2152000e+05 4.4000000e-02 1.3178000e+01
2.2158000e+05 4.4000000e-02 1.3136000e+01
2.2164000e+05 4.4000000e-02 1.3106000e+01
2.2170000e+05 4.4000000e-02 1.3176000e+01
2.2176000e+05 4.4000000e-02 1.3140000e+01
2.2188000e+05 4.4000000e-02 1.3007000e+01
2.2194000e+05 4.4000000e-02 1.3172000e+01
2.2200000e+05 4.4000000e-02 1.2951000e+01
2.2206000e+05 4.4000000e-02 1.3006000e+01
2.2212000e+05 4.4000000e-02 1.3043000e+01
2.2218000e+05 4.4000000e-02 1.3070000e+01
2.2224000e+05 4.4000000e-02 1.3064000e+01
2.2230000e+05 4.4000000e-02 1.3295000e+01
2.2236000e+05 4.4000000e-02 1.2970000e+01
2.2242000e+05 4.4000000e-02 1.3062000e+01
2.2248000e+05 4.4000000e-02 1.3066000e+01
2.2260000e+05 4.4000000e-02 1.3032000e+01
2.2266000e+05 4.4000000e-02 1.3382000e+01
2.2272000e+05 4.4000000e-02 1.3085000e+01
2.2278000e+05 4.4000000e-02 1.3595000e+01
2.2284000e+05 4.4000000e-02 1.4622000e+01
2.2290000e+05 4.4000000e-02 1.4687000e+01
2.2296000e+05 4.4000000e-02 1.4593000e+01
2.2302000e+05 4.4000000e-02 1.4104000e+01
2.2308000e+05 4.4000000e-02 1.3363000e+01
2.2314000e+05 4.4000000e-02 1.3839000e+01
2.2320000e+05 4.4000000e-02 1.4053000e+01
2.2332000e+05 4.4000000e-02 1.3591000e+01
2.2338000e+05 4.4000000e-02 1.3464000e+01
2.2344000e+05 4.4000000e-02 1.3679000e+01
2.2350000e+05 4.4000000e-02 1.3759000e+01
2.2356000e+05 4.4000000e-02 1.3672000e+01
2.2362000e+05 4.4000000e-02 1.3634000e+01
2.2368000e+05 4.4000000e-02 1.3487000e+01
2.2374000e+05 4.4000000e-02 1.3725000e+01
2.2380000e+05 4.4000000e-02 1.3726000e+01
2.2386000e+05 4.4000000e-02 1.3689000e+01
2.2392000e+05 4.4000000e-02 1.3612000e+01
2.2404000e+05 4.4000000e-02 1.4006000e+01
2.2410000e+05 4.4000000e-02 1.4025000e+01
2.2416000e+05 4.4000000e-02 1.4210000e+01
2.2422000e+05 4.4000000e-02 1.4075000e+01
2.2428000e+05 4.4000000e-02 1.4795000e+01
2.2434000e+05 4.4000000e-02 1.4716000e+01
2.2440000e+05 4.4000000e-02 1.4650000e+01
2.2446000e+05 4.4000000e-02 1.4666000e+01
2.2452000e+05 4.4000000e-02 1.4705000e+01
2.2458000e+05 4.4000000e-02 1.4713000e+01
2.2464000e+05 4.4000000e-02 1.4391000e+01
2.2476000e+05 4.4000000e-02 1.3946000e+01
2.2482000e+05 4.4000000e-02 1.4178000e+01
2.2488000e+05 4.4000000e-02 1.4257000e+01
2.2494000e+05 4.4000000e-02 1.4247000e+01
2.2500000e+05 4.4000000e-02 1.4213000e+01
2.2506000e+05 4.4000000e-02 1.4390000e+01
2.2512000e+05 4.4000000e-02 1.4619000e+01
2.2518000e+05 4.4000000e-02 1.4612000e+01
2.2524000e+05 4.4000000e-02 1.4629000e+01
2.2530000e+05 4.4000000e-02 1.4633000e+01
2.2536000e+05 4.4000000e-02 1.4395000e+01
2.2548000e+05 4.4000000e-02 1.4244000e+01
2.2554000e+05 4.4000000e-02 1.4327000e+01
2.2560000e+05 4.4000000e-02 1.4360000e+01
2.2566000e+05 4.4000000e-02 1.4561000e+01
2.2572000e+05 4.4000000e-02 1.4410000e+01
2.2578000e+05 4.4000000e-02 1.4551000e+01
2.2584000e+05 4.4000000e-02 1.4557000e+01
2.2590000e+05 4.4000000e-02 1.4642000e+01
2.2596000e+05 4.4000000e-02 1.4627000e+01
2.2602000e+05 4.4000000e-02 1.4625000e+01
2.2608000e+05 4.4000000e-02 1.4532000e+01
2.2620000e+05 4.4000000e-02 1.4506000e+01
2.2626000e+05 4.4000000e-02 1.4455000e+01
2.2632000e+05 4.4000000e-02 1.4357000e+01
2.2638000e+05 4.4000000e-02 1.4467000e+01
2.2644000e+05 4.4000000e-02 1.4487000e+01
2.2650000e+05 4.4000000e-02 1.4512000e+01
2.2656000e+05 4.4000000e-02 1.4511000e+01
2.2662000e+05 4.4000000e-02 1.4553000e+01
2.2668000e+05 4.4000000e-02 1.4606000e+01
2.2674000e+05 4.4000000e-02 1.4550000e+01
2.2680000e+05 4.4000000e-02 1.4718000e+01
2.2692000e+05 4.4000000e-02 1.4644000e+01
2.2698000e+05 4.4000000e-02 1.4689000e+01
2.2704000e+05 4.4000000e-02 1.4496000e+01
2.2710000e+05 4.4000000e-02 1.4496000e+01
2.2716000e+05 4.4000000e-02 1.4505000e+01
2.2722000e+05 4.4000000e-02 1.4368000e+01
2.2728000e+05 4.4000000e-02 1.4326000e+01
2.2734000e+05 4.4000000e-02 1.4231000e+01
2.2740000e+05 4.4000000e-02 1.4443000e+01
2.2746000e+05 4.4000000e-02 1.4520000e+01
2.2752000e+05 4.4000000e-02 1.4593000e+01
2.2764000e+05 4.4000000e-02 1.4477000e+01
2.2770000e+05 4.4000000e-02 1.4397000e+01
2.2776000e+05 4.4000000e-02 1.4347000e+01
2.2782000e+05 4.4000000e-02 1.4332000e+01
2.2788000e+05 4.4000000e-02 1.4317000e+01
2.2794000e+05 4.4000000e-02 1.4323000e+01
2.2800000e+05 4.4000000e-02 1.4381000e+01
2.2806000e+05 4.4000000e-02 1.4289000e+01
2.2812000e+05 4.4000000e-02 1.3966000e+01
2.2818000e+05 4.4000000e-02 1.4163000e+01
2.2824000e+05 4.4000000e-02 1.4261000e+01
2.2836000e+05 4.4000000e-02 1.4223000e+01
2.2842000e+05 4.4000000e-02 1.3981000e+01
2.2848000e+05 4.4000000e-02 1.3822000e+01
2.2854000e+05 4.4000000e-02 1.3714000e+01
2.2860000e+05 4.4000000e-02 1.3726000e+01
2.2866000e+05 4.4000000e-02 1.3588000e+01
2.2872000e+05 4.4000000e-02 1.3597000e+01
2.2878000e+05 4.4000000e-02 1.3579000e+01
2.2884000e+05 4.4000000e-02 1.3462000e+01
2.2890000e+05 4.4000000e-02 1.3115000e+01
2.2896000e+05 4.4000000e-02 1.3099000e+01
2.2908000e+05 4.4000000e-02 1.3322000e+01
2.2914000e+05 4.4000000e-02 1.3367000e+01
2.2920000e+05 4.4000000e-02 1.3033000e+01
2.2926000e+05 4.4000000e-02 1.3082000e+01
2.2932000e+05 4.4000000e-02 1.2942000e+01
2.2938000e+05 4.4000000e-02 1.2752000e+01
2.2944000e+05 4.4000000e-02 1.2611000e+01
2.2950000e+05 4.4000000e-02 1.2318000e+01
2.2956000e+05 4.4000000e-02 1.0867000e+01
2.2962000e+05 4.4000000e-02 9.4900000e+00
2.2968000e+05 4.4000000e-02 8.0380000e+00
2.2980000e+05 4.4000000e-02 8.9400000e+00
2.2986000e+05 4.4000000e-02 1.1350000e+01
2.2992000e+05 4.4000000e-02 1.1127000e+01
2.2998000e+05 4.4000000e-02 1.1312000e+01
2.3004000e+05 4.4000000e-02 1.1214000e+01
2.3010000e+05 4.4000000e-02 1.1688000e+01
2.3016000e+05 4.4000000e-02 1.1897000e+01
2.3022000e+05 4.4000000e-02 1.2273000e+01
2.3028000e+05 4.4000000e-02 1.2437000e+01
2.3034000e+05 4.4000000e-02 1.2499000e+01
2.3040000e+05 4.4000000e-02 1.2727000e+01
2.3052000e+05 4.4000000e-02 1.2845000e+01
2.3058000e+05 4.4000000e-02 1.2810000e+01
2.3064000e+05 4.4000000e-02 1.2929000e+01
2.3070000e+05 4.4000000e-02 1.3015000e+01
2.3076000e+05 4.4000000e-02 1.3055000e+01
2.3082000e+05 4.4000000e-02 1.3486000e+01
2.3088000e+05 4.4000000e-02 1.3458000e+01
2.3094000e+05 4.4000000e-02 1.3543000e+01
2.3100000e+05 4.4000000e-02 1.3471000e+01
2.3106000e+05 4.4000000e-02 1.3192000e+01
2.3112000e+05 4.4000000e-02 1.2722000e+01
2.3124000e+05 4.4000000e-02 1.2773000e+01
2.3130000e+05 4.4000000e-02 1.2964000e+01
2.3136000e+05 4.4000000e-02 1.3138000e+01
2.3142000e+05 4.4000000e-02 1.3467000e+01
2.3148000e+05 4.4000000e-02 1.2806000e+01
2.3154000e+05 4.4000000e-02 1.2677000e+01
2.3160000e+05 4.4000000e-02 1.2844000e+01
2.3166000e+05 4.4000000e-02 1.2605000e+01
2.3172000e+05 4.4000000e-02 1.2632000e+01
2.3178000e+05 4.4000000e-02 1.2843000e+01
2.3184000e+05 4.4000000e-02 1.3087000e+01
2.3196000e+05 4.4000000e-02 1.3040000e+01
2.3202000e+05 4.4000000e-02 1.2924000e+01
2.3208000e+05 4.4000000e-02 1.2991000e+01
2.3214000e+05 4.4000000e-02 1.2559000e+01
2.3220000e+05 4.4000000e-02 1.2533000e+01
2.3226000e+05 4.4000000e-02 1.2781000e+01
2.3232000e+05 4.4000000e-02 1.3544000e+01
2.3238000e+05 4.4000000e-02 1.3688000e+01
2.3244000e+05 4.4000000e-02 1.2818000e+01
2.3250000e+05 4.4000000e-02 1.2840000e+01
2.3256000e+05 4.4000000e-02 1.2693000e+01
2.3268000e+05 4.4000000e-02 1.2937000e+01
2.3274000e+05 4.4000000e-02 1.3545000e+01
2.3280000e+05 4.4000000e-02 1.3682000e+01
2.3286000e+05 4.4000000e-02 1.3893000e+01
2.3292000e+05 4.4000000e-02 1.4261000e+01
2.3298000e+05 4.4000000e-02 1.4485000e+01
2.3304000e+05 4.4000000e-02 1.4609000e+01
2.3310000e+05 4.4000000e-02 1.3866000e+01
2.3316000e+05 4.4000000e-02 1.3220000e+01
2.3322000e+05 4.4000000e-02 1.3059000e+01
2.3328000e+05 4.4000000e-02 1.3095000e+01
2.3340000e+05 4.4000000e-02 1.3250000e+01
2.3346000e+05 4.4000000e-02 1.2914000e+01
2.3352000e+05 4.4000000e-02 1.3270000e+01
2.3358000e+05 4.4000000e-02 1.3143000e+01
2.3364000e+05 4.4000000e-02 1.3099000e+01
2.3370000e+05 4.4000000e-02 1.3530000e+01
2.3376000e+05 4.4000000e-02 1.3953000e+01
2.3382000e+05 4.4000000e-02 1.4358000e+01
2.3388000e+05 4.4000000e-02 1.3077000e+01
2.3394000e+05 4.4000000e-02 1.3068000e+01
2.3400000e+05 4.4000000e-02 1.4237000e+01
2.3412000e+05 4.4000000e-02 1.3612000e+01
2.3418000e+05 4.4000000e-02 1.3152000e+01
2.3424000e+05 4.4000000e-02 1.2370000e+01
2.3430000e+05 4.4000000e-02 1.1582000e+01
2.3436000e+05 4.4000000e-02 1.1603000e+01
2.3442000e+05 4.4000000e-02 9.6370000e+00
2.3448000e+05 4.4000000e-02 1.0527000e+01
2.3454000e+05 4.4000000e-02 1.0358000e+01
2.3460000e+05 4.4000000e-02 1.0908000e+01
2.3466000e+05 4.4000000e-02 1.0334000e+01
2.3472000e+05 4.4000000e-02 1.0647000e+01
2.3484000e+05 4.4000000e-02 1.0793000e+01
2.3490000e+05 4.4000000e-02 1.0584000e+01
2.3496000e+05 4.4000000e-02 1.1062000e+01
2.3502000e+05 4.4000000e-02 1.1486000e+01
2.3508000e+05 4.4000000e-02 1.1966000e+01
2.3514000e+05 4.4000000e-02 1.1750000e+01
2.3520000e+05 4.4000000e-02 1.2001000e+01
2.3526000e+05 4.4000000e-02 1.2293000e+01
2.3532000e+05 4.4000000e-02 1.2470000e+01
2.3538000e+05 4.4000000e-02 1.2459000e+01
2.3544000e+05 4.4000000e-02 1.2402000e+01
2.3556000e+05 4.4000000e-02 1.2599000e+01
2.3562000e+05 4.4000000e-02 1.2655000e+01
2.3568000e+05 4.4000000e-02 1.2710000e+01
2.3574000e+05 4.4000000e-02 1.2906000e+01
2.3580000e+05 4.4000000e-02 1.3335000e+01
2.3586000e+05 4.4000000e-02 1.3612000e+01
2.3592000e+05 4.4000000e-02 1.3474000e+01
2.3598000e+05 4.4000000e-02 1.3418000e+01
2.3604000e+05 4.4000000e-02 1.3052000e+01
2.3610000e+05 4.4000000e-02 1.3146000e+01
2.3616000e+05 4.4000000e-02 1.3223000e+01
2.3628000e+05 4.4000000e-02 1.3330000e+01
2.3634000e+05 4.4000000e-02 1.1704000e+01
2.3640000e+05 4.4000000e-02 1.1642000e+01
2.3646000e+05 4.4000000e-02 1.1435000e+01
2.3652000e+05 4.4000000e-02 1.2655000e+01
2.3658000e+05 4.4000000e-02 1.2348000e+01
2.3664000e+05 4.4000000e-02 1.2347000e+01
2.3670000e+05 4.4000000e-02 1.2282000e+01
2.3676000e+05 4.4000000e-02 1.3146000e+01
2.3682000e+05 4.4000000e-02 1.3149000e+01
2.3688000e+05 4.4000000e-02 1.3477000e+01
2.3700000e+05 4.4000000e-02 1.3612000e+01
2.3706000e+05 4.4000000e-02 1.3578000e+01
2.3712000e+05 4.4000000e-02 1.3330000e+01
2.3718000e+05 4.4000000e-02 1.3299000e+01
2.3724000e+05 4.4000000e-02 1.3236000e+01
2.3730000e+05 4.4000000e-02 1.2917000e+01
2.3736000e+05 4.4000000e-02 1.2733000e+01
2.3742000e+05 4.4000000e-02 1.2504000e+01
2.3748000e+05 4.4000000e-02 1.2534000e+01
2.3754000e+05 4.4000000e-02 1.2485000e+01
2.3760000e+05 4.4000000e-02 1.2643000e+01
2.3772000e+05 4.4000000e-02 1.2525000e+01
2.3778000e+05 4.4000000e-02 1.2839000e+01
2.3784000e+05 4.4000000e-02 1.2824000e+01
2.3790000e+05 4.4000000e-02 1.2831000e+01
2.3796000e+05 4.4000000e-02 1.3023000e+01
2.3802000e+05 4.4000000e-02 1.3180000e+01
2.3808000e+05 4.4000000e-02 1.3279000e+01
2.3814000e+05 4.4000000e-02 1.3256000e+01
2.3820000e+05 4.4000000e-02 1.3385000e+01
2.3826000e+05 4.4000000e-02 1.3333000e+01
2.3832000e+05 4.4000000e-02 1.3300000e+01
2.3844000e+05 4.4000000e-02 1.3402000e+01
2.3850000e+05 4.4000000e-02 1.3569000e+01
2.3856000e+05 4.4000000e-02 1.3496000e+01
2.3862000e+05 4.4000000e-02 1.3544000e+01
2.3868000e+05 4.4000000e-02 1.3564000e+01
2.3874000e+05 4.4000000e-02 1.3578000e+01
2.3880000e+05 4.4000000e-02 1.3176000e+01
2.3886000e+05 4.4000000e-02 1.3277000e+01
2.3892000e+05 4.4000000e-02 1.2937000e+01
2.3898000e+05 4.4000000e-02 1.3366000e+01
2.3904000e+05 4.4000000e-02 1.2824000e+01
2.3916000e+05 4.4000000e-02 1.2758000e+01
2.3922000e+05 4.4000000e-02 1.3064000e+01
2.3928000e+05 4.4000000e-02 1.3220000e+01
2.3934000e+05 4.4000000e-02 1.2639000e+01
2.3940000e+05 4.4000000e-02 1.3141000e+01
2.3946000e+05 4.4000000e-02 1.2815000e+01
2.3952000e+05 4.4000000e-02 1.2877000e+01
2.3958000e+05 4.4000000e-02 1.3408000e+01
2.4000000e+05 4.4000000e-02 1.3957000e+01
2.4006000e+05 4.4000000e-02 1.3495000e+01
2.4012000e+05 4.4000000e-02 1.3618000e+01
2.4018000e+05 4.4000000e-02 1.3622000e+01
2.4024000e+05 4.4000000e-02 1.3333000e+01
2.4030000e+05 4.4000000e-02 1.3845000e+01
2.4036000e+05 4.4000000e-02 1.4892000e+01
2.4042000e+05 4.4000000e-02 1.3842000e+01
2.4048000e+05 4.4000000e-02 1.3545000e+01
2.4060000e+05 4.4000000e-02 1.3353000e+01
2.4066000e+05 4.4000000e-02 1.3264000e+01
2.4072000e+05 4.4000000e-02 1.3318000e+01
2.4078000e+05 4.4000000e-02 1.3336000e+01
2.4084000e+05 4.4000000e-02 1.3327000e+01
2.4090000e+05 4.4000000e-02 1.3686000e+01
2.4096000e+05 4.4000000e-02 1.4055000e+01
2.4102000e+05 4.4000000e-02 1.4370000e+01
2.4108000e+05 4.4000000e-02 1.4059000e+01
2.4114000e+05 4.4000000e-02 1.3036000e+01
2.4120000e+05 4.4000000e-02 1.3478000e+01
2.4132000e+05 4.4000000e-02 1.5129000e+01
2.4138000e+05 4.4000000e-02 1.3775000e+01
2.4144000e+05 4.4000000e-02 1.5089000e+01
2.4150000e+05 4.4000000e-02 1.3603000e+01
2.4156000e+05 4.4000000e-02 1.3700000e+01
2.4162000e+05 4.4000000e-02 1.3731000e+01
2.4168000e+05 4.4000000e-02 1.3764000e+01
2.4174000e+05 4.4000000e-02 1.3687000e+01
2.4180000e+05 4.4000000e-02 1.3814000e+01
2.4186000e+05 4.4000000e-02 1.4256000e+01
2.4192000e+05 4.4000000e-02 1.4240000e+01
2.4204000e+05 4.4000000e-02 1.4645000e+01
2.4210000e+05 4.4000000e-02 1.4320000e+01
2.4216000e+05 4.4000000e-02 1.4503000e+01
2.4222000e+05 4.4000000e-02 1.4471000e+01
2.4228000e+05 4.4000000e-02 1.4427000e+01
2.4234000e+05 4.4000000e-02 1.4283000e+01
2.4240000e+05 4.4000000e-02 1.4111000e+01
2.4246000e+05 4.4000000e-02 1.3191000e+01
2.4252000e+05 4.4000000e-02 1.3105000e+01
2.4258000e+05 4.4000000e-02 1.2661000e+01
2.4264000e+05 4.4000000e-02 1.2677000e+01
2.4276000e+05 4.4000000e-02 1.2441000e+01
2.4282000e+05 4.4000000e-02 1.2956000e+01
2.4288000e+05 4.4000000e-02 1.3167000e+01
2.4294000e+05 4.4000000e-02 1.2466000e+01
2.4300000e+05 4.4000000e-02 1.2638000e+01
2.4306000e+05 4.4000000e-02 1.2683000e+01
2.4312000e+05 4.4000000e-02 1.3242000e+01
2.4318000e+05 4.4000000e-02 1.3355000e+01
2.4324000e+05 4.4000000e-02 1.3951000e+01
2.4330000e+05 4.4000000e-02 1.3894000e+01
2.4336000e+05 4.4000000e-02 1.3591000e+01
2.4348000e+05 4.4000000e-02 1.3655000e+01
2.4354000e+05 4.4000000e-02 1.3711000e+01
2.4360000e+05 4.4000000e-02 1.3676000e+01
2.4366000e+05 4.4000000e-02 1.3643000e+01
2.4372000e+05 4.4000000e-02 1.3654000e+01
2.4378000e+05 4.4000000e-02 1.3696000e+01
2.4384000e+05 4.4000000e-02 1.3674000e+01
2.4390000e+05 4.4000000e-02 1.3664000e+01
2.4396000e+05 4.4000000e-02 1.3623000e+01
2.4402000e+05 4.4000000e-02 1.3623000e+01
2.4408000e+05 4.4000000e-02 1.3656000e+01
2.4420000e+05 4.4000000e-02 1.3578000e+01
2.4426000e+05 4.4000000e-02 1.3409000e+01
2.4432000e+05 4.4000000e-02 1.3291000e+01
2.4438000e+05 4.4000000e-02 1.3240000e+01
2.4444000e+05 4.4000000e-02 1.3316000e+01
2.4450000e+05 4.4000000e-02 1.3359000e+01
2.4456000e+05 4.4000000e-02 1.3080000e+01
2.4462000e+05 4.4000000e-02 1.3122000e+01
2.4468000e+05 4.4000000e-02 1.3231000e+01
2.4474000e+05 4.4000000e-02 1.3251000e+01
2.4480000e+05 4.4000000e-02 1.3153000e+01
2.4492000e+05 4.4000000e-02 1.3028000e+01
2.4498000e+05 4.4000000e-02 1.3106000e+01
2.4504000e+05 4.4000000e-02 1.3019000e+01
2.4510000e+05 4.4000000e-02 1.3353000e+01
2.4516000e+05 4.4000000e-02 1.3243000e+01
2.4522000e+05 4.4000000e-02 1.3225000e+01
2.4528000e+05 4.4000000e-02 1.3202000e+01
2.4534000e+05 4.4000000e-02 1.3055000e+01
2.4540000e+05 4.4000000e-02 1.2716000e+01
2.4546000e+05 4.4000000e-02 1.2616000e+01
2.4552000e+05 4.4000000e-02 1.2520000e+01
2.4564000e+05 4.4000000e-02 1.2352000e+01
2.4570000e+05 4.4000000e-02 1.2188000e+01
2.4576000e+05 4.4000000e-02 1.1285000e+01
2.4582000e+05 4.4000000e-02 1.1093000e+01
2.4588000e+05 4.4000000e-02 1.1119000e+01
2.4594000e+05 4.4000000e-02 1.0754000e+01
2.4600000e+05 4.4000000e-02 1.0855000e+01
2.4606000e+05 4.4000000e-02 1.1712000e+01
2.4612000e+05 4.4000000e-02 1.2008000e+01
2.4618000e+05 4.4000000e-02 1.2427000e+01
2.4624000e+05 4.4000000e-02 1.2608000e+01
2.4636000e+05 4.4000000e-02 1.2590000e+01
2.4642000e+05 4.4000000e-02 1.2596000e+01
2.4648000e+05 4.4000000e-02 1.2678000e+01
2.4654000e+05 4.4000000e-02 1.2817000e+01
2.4660000e+05 4.4000000e-02 1.2898000e+01
2.4666000e+05 4.4000000e-02 1.2975000e+01
2.4672000e+05 4.4000000e-02 1.2921000e+01
2.4678000e+05 4.4000000e-02 1.2944000e+01
2.4684000e+05 4.4000000e-02 1.3309000e+01
2.4690000e+05 4.4000000e-02 1.3245000e+01
2.4696000e+05 4.4000000e-02 1.2719000e+01
2.4708000e+05 4.4000000e-02 1.2458000e+01
2.4714000e+05 4.4000000e-02 1.2105000e+01
2.4720000e+05 4.4000000e-02 1.2195000e+01
2.4726000e+05 4.4000000e-02 1.2290000e+01
2.4732000e+05 4.4000000e-02 1.2048000e+01
2.4738000e+05 4.4000000e-02 1.2169000e+01
2.4744000e+05 4.4000000e-02 1.2066000e+01
2.4750000e+05 4.4000000e-02 1.2061000e+01
2.4756000e+05 4.4000000e-02 1.1737000e+01
2.4762000e+05 4.4000000e-02 1.1582000e+01
2.4768000e+05 4.4000000e-02 1.1611000e+01
2.4780000e+05 4.4000000e-02 1.1720000e+01
2.4786000e+05 4.4000000e-02 1.1800000e+01
2.4792000e+05 4.4000000e-02 1.1864000e+01
2.4798000e+05 4.4000000e-02 1.1922000e+01
2.4804000e+05 4.4000000e-02 1.1981000e+01
2.4810000e+05 4.4000000e-02 1.2072000e+01
2.4816000e+05 4.4000000e-02 1.2200000e+01
2.4822000e+05 4.4000000e-02 1.2375000e+01
2.4828000e+05 4.4000000e-02 1.2422000e+01
2.4834000e+05 4.4000000e-02 1.2444000e+01
2.4840000e+05 4.4000000e-02 1.2551000e+01
2.4852000e+05 4.4000000e-02 1.2537000e+01
2.4858000e+05 4.4000000e-02 1.2715000e+01
2.4864000e+05 4.4000000e-02 1.2801000e+01
2.4870000e+05 4.4000000e-02 1.2668000e+01
2.4876000e+05 4.4000000e-02 1.3113000e+01
2.4882000e+05 4.4000000e-02 1.2794000e+01
2.4888000e+05 4.4000000e-02 1.2728000e+01
2.4894000e+05 4.4000000e-02 1.2510000e+01
2.4900000e+05 4.4000000e-02 1.3351000e+01
2.4906000e+05 4.4000000e-02 1.3411000e+01
2.4912000e+05 4.4000000e-02 1.2769000e+01
2.4924000e+05 4.4000000e-02 1.2233000e+01
2.4930000e+05 4.4000000e-02 1.2520000e+01
2.4936000e+05 4.4000000e-02 1.2520000e+01
2.4942000e+05 4.4000000e-02 1.2763000e+01
2.4948000e+05 4.4000000e-02 1.2896000e+01
2.4954000e+05 4.4000000e-02 1.2768000e+01
2.4960000e+05 4.4000000e-02 1.2700000e+01
2.4966000e+05 4.4000000e-02 1.2688000e+01
2.4972000e+05 4.4000000e-02 1.2743000e+01
2.4978000e+05 4.4000000e-02 1.2791000e+01
2.4984000e+05 4.4000000e-02 1.2950000e+01
2.4996000e+05 4.4000000e-02 1.2846000e+01
2.5002000e+05 4.4000000e-02 1.2916000e+01
2.5008000e+05 4.4000000e-02 1.3083000e+01
2.5014000e+05 4.4000000e-02 1.3150000e+01
2.5020000e+05 4.4000000e-02 1.3200000e+01
2.5026000e+05 4.4000000e-02 1.3057000e+01
2.5032000e+05 4.4000000e-02 1.3003000e+01
2.5038000e+05 4.4000000e-02 1.3023000e+01
2.5044000e+05 4.4000000e-02 1.3035000e+01
2.5050000e+05 4.4000000e-02 1.2919000e+01
2.5056000e+05 4.4000000e-02 1.3907000e+01
2.5068000e+05 4.4000000e-02 1.3334000e+01
2.5074000e+05 4.4000000e-02 1.3298000e+01
2.5080000e+05 4.4000000e-02 1.3264000e+01
2.5086000e+05 4.4000000e-02 1.2977000e+01
2.5092000e+05 4.4000000e-02 1.3125000e+01
2.5098000e+05 4.4000000e-02 1.3102000e+01
2.5104000e+05 4.4000000e-02 1.2959000e+01
2.5110000e+05 4.4000000e-02 1.2916000e+01
2.5116000e+05 4.4000000e-02 1.2956000e+01
2.5122000e+05 4.4000000e-02 1.2910000e+01
2.5128000e+05 4.4000000e-02 1.3056000e+01
2.5140000e+05 4.4000000e-02 1.3231000e+01
2.5146000e+05 4.4000000e-02 1.3210000e+01
2.5152000e+05 4.4000000e-02 1.3355000e+01
2.5158000e+05 4.4000000e-02 1.3512000e+01
2.5164000e+05 4.4000000e-02 1.3482000e+01
2.5170000e+05 4.4000000e-02 1.3215000e+01
2.5176000e+05 4.4000000e-02 1.3213000e+01
2.5182000e+05 4.4000000e-02 1.3287000e+01
2.5188000e+05 4.4000000e-02 1.3448000e+01
2.5194000e+05 4.4000000e-02 1.3466000e+01
2.5200000e+05 4.4000000e-02 1.3382000e+01
2.5212000e+05 4.4000000e-02 1.3168000e+01
2.5218000e+05 4.4000000e-02 1.3102000e+01
2.5224000e+05 4.4000000e-02 1.3036000e+01
2.5230000e+05 4.4000000e-02 1.2939000e+01
2.5236000e+05 4.4000000e-02 1.2858000e+01
2.5242000e+05 4.4000000e-02 1.2876000e+01
2.5248000e+05 4.4000000e-02 1.2796000e+01
2.5254000e+05 4.4000000e-02 1.3021000e+01
2.5260000e+05 4.4000000e-02 1.3162000e+01
2.5266000e+05 4.4000000e-02 1.3156000e+01
2.5272000e+05 4.4000000e-02 1.3065000e+01
2.5284000e+05 4.4000000e-02 1.2893000e+01
2.5290000e+05 4.4000000e-02 1.2764000e+01
2.5296000e+05 4.4000000e-02 1.2836000e+01
2.5302000e+05 4.4000000e-02 1.2773000e+01
2.5308000e+05 4.4000000e-02 1.2926000e+01
2.5314000e+05 4.4000000e-02 1.2700000e+01
2.5320000e+05 4.4000000e-02 1.2820000e+01
2.5326000e+05 4.4000000e-02 1.3112000e+01
2.5332000e+05 4.4000000e-02 1.3166000e+01
2.5338000e+05 4.4000000e-02 1.3161000e+01
2.5344000e+05 4.4000000e-02 1.3115000e+01
2.5356000e+05 4.4000000e-02 1.3203000e+01
2.5362000e+05 4.4000000e-02 1.3179000e+01
2.5368000e+05 4.4000000e-02 1.3158000e+01
2.5374000e+05 4.4000000e-02 1.3135000e+01
2.5380000e+05 4.4000000e-02 1.3156000e+01
2.5386000e+05 4.4000000e-02 1.3075000e+01
2.5392000e+05 4.4000000e-02 1.3154000e+01
2.5398000e+05 4.4000000e-02 1.3146000e+01
2.5404000e+05 4.4000000e-02 1.3063000e+01
2.5410000e+05 4.4000000e-02 1.3033000e+01
2.5416000e+05 4.4000000e-02 1.2829000e+01
2.5428000e+05 4.4000000e-02 1.3009000e+01
2.5434000e+05 4.4000000e-02 1.2887000e+01
2.5440000e+05 4.4000000e-02 1.3148000e+01
2.5446000e+05 4.4000000e-02 1.3032000e+01
2.5452000e+05 4.4000000e-02 1.3111000e+01
2.5458000e+05 4.4000000e-02 1.3119000e+01
2.5464000e+05 4.4000000e-02 1.3074000e+01
2.5470000e+05 4.4000000e-02 1.3053000e+01
2.5476000e+05 4.4000000e-02 1.2986000e+01
2.5482000e+05 4.4000000e-02 1.2930000e+01
2.5488000e+05 4.4000000e-02 1.2968000e+01
2.5500000e+05 4.4000000e-02 1.2898000e+01
2.5506000e+05 4.4000000e-02 1.2838000e+01
2.5512000e+05 4.4000000e-02 1.2764000e+01
2.5518000e+05 4.4000000e-02 1.2854000e+01
2.5524000e+05 4.4000000e-02 1.2910000e+01
2.5530000e+05 4.4000000e-02 1.2954000e+01
2.5536000e+05 4.4000000e-02 1.2943000e+01
2.5542000e+05 4.4000000e-02 1.2972000e+01
2.5548000e+05 4.4000000e-02 1.2955000e+01
2.5554000e+05 4.4000000e-02 1.2981000e+01
2.5560000e+05 4.4000000e-02 1.2880000e+01
2.5572000e+05 4.4000000e-02 1.2980000e+01
2.5578000e+05 4.4000000e-02 1.3010000e+01
2.5584000e+05 4.4000000e-02 1.3052000e+01
2.5590000e+05 4.4000000e-02 1.3245000e+01
2.5596000e+05 4.4000000e-02 1.3151000e+01
2.5602000e+05 4.4000000e-02 1.3197000e+01
2.5608000e+05 4.4000000e-02 1.3222000e+01
2.5614000e+05 4.4000000e-02 1.3235000e+01
2.5620000e+05 4.4000000e-02 1.3236000e+01
2.5626000e+05 4.4000000e-02 1.3231000e+01
2.5632000e+05 4.4000000e-02 1.3211000e+01
2.5644000e+05 4.4000000e-02 1.3205000e+01
2.5650000e+05 4.4000000e-02 1.3164000e+01
2.5656000e+05 4.4000000e-02 1.3167000e+01
2.5662000e+05 4.4000000e-02 1.3239000e+01
2.5668000e+05 4.4000000e-02 1.3262000e+01
2.5674000e+05 4.4000000e-02 1.3254000e+01
2.5680000e+05 4.4000000e-02 1.3281000e+01
2.5686000e+05 4.4000000e-02 1.3296000e+01
2.5692000e+05 4.4000000e-02 1.3317000e+01
2.5698000e+05 4.4000000e-02 1.3324000e+01
2.5704000e+05 4.4000000e-02 1.3349000e+01
2.5716000e+05 4.4000000e-02 1.3403000e+01
2.5722000e+05 4.4000000e-02 1.3472000e+01
2.5728000e+05 4.4000000e-02 1.3544000e+01
2.5734000e+05 4.4000000e-02 1.3574000e+01
2.5740000e+05 4.4000000e-02 1.3592000e+01
2.5746000e+05 4.4000000e-02 1.3623000e+01
2.5752000e+05 4.4000000e-02 1.3670000e+01
2.5758000e+05 4.4000000e-02 1.3716000e+01
2.5764000e+05 4.4000000e-02 1.3783000e+01
2.5770000e+05 4.4000000e-02 1.3782000e+01
2.5776000e+05 4.4000000e-02 1.3785000e+01
2.5788000e+05 4.4000000e-02 1.3559000e+01
2.5794000e+05 4.4000000e-02 1.3335000e+01
2.5800000e+05 4.4000000e-02 1.3416000e+01
2.5806000e+05 4.4000000e-02 1.3643000e+01
2.5812000e+05 4.4000000e-02 1.3620000e+01
2.5818000e+05 4.4000000e-02 1.3646000e+01
2.5824000e+05 4.4000000e-02 1.3555000e+01
2.5830000e+05 4.4000000e-02 1.3608000e+01
2.5836000e+05 4.4000000e-02 1.3552000e+01
2.5842000e+05 4.4000000e-02 1.3432000e+01
2.5848000e+05 4.4000000e-02 1.3339000e+01
2.5860000e+05 4.4000000e-02 1.3445000e+01
2.5866000e+05 4.4000000e-02 1.3238000e+01
2.5872000e+05 4.4000000e-02 1.3265000e+01
2.5878000e+05 4.4000000e-02 1.3197000e+01
2.5884000e+05 4.4000000e-02 1.3161000e+01
2.5890000e+05 4.4000000e-02 1.3088000e+01
2.5896000e+05 4.4000000e-02 1.3185000e+01
2.5902000e+05 4.4000000e-02 1.3452000e+01
2.5908000e+05 4.4000000e-02 1.3421000e+01
2.5914000e+05 4.4000000e-02 1.3437000e+01
2.5920000e+05 4.4000000e-02 1.3474000e+01
2.5932000e+05 4.4000000e-02 1.3520000e+01
2.5938000e+05 4.4000000e-02 1.3543000e+01
2.5944000e+05 4.4000000e-02 1.3454000e+01
2.5950000e+05 4.4000000e-02 1.3475000e+01
2.5956000e+05 4.4000000e-02 1.3501000e+01
2.5962000e+05 4.4000000e-02 1.3520000e+01
2.5968000e+05 4.4000000e-02 1.3479000e+01
2.5974000e+05 4.4000000e-02 1.3501000e+01
2.5980000e+05 4.4000000e-02 1.3481000e+01
2.5986000e+05 4.4000000e-02 1.3495000e+01
2.5992000e+05 4.4000000e-02 1.3480000e+01
2.6004000e+05 4.4000000e-02 1.3568000e+01
2.6010000e+05 4.4000000e-02 1.3637000e+01
2.6016000e+05 4.4000000e-02 1.3744000e+01
2.6022000e+05 4.4000000e-02 1.3849000e+01
2.6028000e+05 4.4000000e-02 1.3803000e+01
2.6034000e+05 4.4000000e-02 1.3896000e+01
2.6040000e+05 4.4000000e-02 1.3726000e+01
2.6046000e+05 4.4000000e-02 1.4089000e+01
2.6052000e+05 4.4000000e-02 1.3914000e+01
2.6058000e+05 4.4000000e-02 1.3843000e+01
2.6064000e+05 4.4000000e-02 1.3846000e+01
2.6076000e+05 4.4000000e-02 1.3711000e+01
2.6082000e+05 4.4000000e-02 1.3655000e+01
2.6088000e+05 4.4000000e-02 1.3734000e+01
2.6094000e+05 4.4000000e-02 1.3668000e+01
2.6100000e+05 4.4000000e-02 1.3821000e+01
2.6106000e+05 4.4000000e-02 1.3710000e+01
2.6112000e+05 4.4000000e-02 1.3687000e+01
2.6118000e+05 4.4000000e-02 1.3723000e+01
2.6124000e+05 4.4000000e-02 1.3646000e+01
2.6130000e+05 4.4000000e-02 1.3664000e+01
2.6136000e+05 4.4000000e-02 1.3650000e+01
2.6148000e+05 4.4000000e-02 1.3676000e+01
2.6154000e+05 4.4000000e-02 1.3797000e+01
2.6160000e+05 4.4000000e-02 1.3853000e+01
2.6166000e+05 4.4000000e-02 1.3864000e+01
2.6172000e+05 4.4000000e-02 1.3945000e+01
2.6178000e+05 4.4000000e-02 1.4010000e+01
2.6184000e+05 4.4000000e-02 1.3688000e+01
2.6190000e+05 4.4000000e-02 1.3795000e+01
2.6196000e+05 4.4000000e-02 1.3617000e+01
2.6202000e+05 4.4000000e-02 1.4224000e+01
2.6208000e+05 4.4000000e-02 1.3652000e+01
2.6220000e+05 4.4000000e-02 1.3966000e+01
2.6226000e+05 4.4000000e-02 1.3955000e+01
2.6232000e+05 4.4000000e-02 1.3992000e+01
2.6238000e+05 4.4000000e-02 1.3599000e+01
2.6244000e+05 4.4000000e-02 1.4458000e+01
2.6250000e+05 4.4000000e-02 1.4342000e+01
2.6256000e+05 4.4000000e-02 1.4095000e+01
2.6262000e+05 4.4000000e-02 1.4420000e+01
2.6268000e+05 4.4000000e-02 1.4394000e+01
2.6274000e+05 4.4000000e-02 1.4423000e+01
2.6280000e+05 4.4000000e-02 1.4436000e+01
2.6292000e+05 4.4000000e-02 1.4509000e+01
2.6298000e+05 4.4000000e-02 1.4633000e+01
2.6304000e+05 4.4000000e-02 1.4653000e+01
2.6310000e+05 4.4000000e-02 1.4766000e+01
2.6316000e+05 4.4000000e-02 1.5092000e+01
2.6322000e+05 4.4000000e-02 1.4990000e+01
2.6328000e+05 4.4000000e-02 1.5158000e+01
2.6334000e+05 4.4000000e-02 1.4494000e+01
2.6340000e+05 4.4000000e-02 1.4434000e+01
2.6346000e+05 4.4000000e-02 1.4547000e+01
2.6352000e+05 4.4000000e-02 1.4384000e+01
2.6364000e+05 4.4000000e-02 1.4601000e+01
2.6370000e+05 4.4000000e-02 1.4583000e+01
2.6376000e+05 4.4000000e-02 1.4676000e+01
2.6382000e+05 4.4000000e-02 1.4798000e+01
2.6388000e+05 4.4000000e-02 1.4566000e+01
2.6394000e+05 4.4000000e-02 1.4271000e+01
2.6400000e+05 4.4000000e-02 1.4291000e+01
2.6406000e+05 4.4000000e-02 1.4533000e+01
2.6412000e+05 4.4000000e-02 1.4142000e+01
2.6418000e+05 4.4000000e-02 1.4137000e+01
2.6424000e+05 4.4000000e-02 1.4429000e+01
2.6436000e+05 4.4000000e-02 1.4970000e+01
2.6442000e+05 4.4000000e-02 1.4965000e+01
2.6448000e+05 4.4000000e-02 1.5081000e+01
2.6454000e+05 4.4000000e-02 1.5218000e+01
2.6460000e+05 4.4000000e-02 1.5367000e+01
2.6466000e+05 4.4000000e-02 1.5459000e+01
2.6472000e+05 4.4000000e-02 1.5377000e+01
2.6478000e+05 4.4000000e-02 1.5432000e+01
2.6484000e+05 4.4000000e-02 1.5101000e+01
2.6490000e+05 4.4000000e-02 1.5169000e+01
2.6496000e+05 4.4000000e-02 1.4969000e+01
2.6508000e+05 4.4000000e-02 1.4991000e+01
2.6514000e+05 4.4000000e-02 1.4974000e+01
2.6520000e+05 4.4000000e-02 1.4952000e+01
2.6526000e+05 4.4000000e-02 1.5487000e+01
2.6532000e+05 4.4000000e-02 1.5517000e+01
2.6538000e+05 4.4000000e-02 1.5568000e+01
2.6544000e+05 4.4000000e-02 1.5630000e+01
2.6550000e+05 4.4000000e-02 1.5665000e+01
2.6556000e+05 4.4000000e-02 1.5739000e+01
2.6562000e+05 4.4000000e-02 1.5796000e+01
2.6568000e+05 4.4000000e-02 1.5891000e+01
2.6580000e+05 4.4000000e-02 1.6013000e+01
2.6586000e+05 4.4000000e-02 1.5727000e+01
2.6592000e+05 4.4000000e-02 1.5825000e+01
2.6598000e+05 4.4000000e-02 1.6046000e+01
2.6604000e+05 4.4000000e-02 1.6181000e+01
2.6610000e+05 4.4000000e-02 1.6082000e+01
2.6616000e+05 4.4000000e-02 1.6437000e+01
2.6622000e+05 4.4000000e-02 1.6081000e+01
2.6628000e+05 4.4000000e-02 1.6182000e+01
2.6634000e+05 4.4000000e-02 1.6337000e+01
2.6640000e+05 4.4000000e-02 1.5258000e+01
2.6652000e+05 4.4000000e-02 1.5315000e+01
2.6658000e+05 4.4000000e-02 1.5568000e+01
2.6664000e+05 4.4000000e-02 1.5539000e+01
2.6670000e+05 4.4000000e-02 1.5810000e+01
2.6676000e+05 4.4000000e-02 1.6364000e+01
2.6682000e+05 4.4000000e-02 1.6330000e+01
2.6688000e+05 4.4000000e-02 1.6356000e+01
2.6694000e+05 4.4000000e-02 1.6403000e+01
2.6700000e+05 4.4000000e-02 1.6192000e+01
2.6706000e+05 4.4000000e-02 1.5693000e+01
2.6712000e+05 4.4000000e-02 1.4973000e+01
2.6724000e+05 4.4000000e-02 1.5240000e+01
2.6730000e+05 4.4000000e-02 1.5186000e+01
2.6736000e+05 4.4000000e-02 1.5324000e+01
2.6742000e+05 4.4000000e-02 1.5257000e+01
2.6748000e+05 4.4000000e-02 1.4979000e+01
2.6754000e+05 4.4000000e-02 1.5041000e+01
2.6760000e+05 4.4000000e-02 1.5578000e+01
2.6766000e+05 4.4000000e-02 1.6336000e+01
2.6772000e+05 4.4000000e-02 1.6278000e+01
2.6778000e+05 4.4000000e-02 1.6009000e+01
2.6784000e+05 4.4000000e-02 1.5754000e+01
2.6796000e+05 4.4000000e-02 1.6139000e+01
2.6802000e+05 4.4000000e-02 1.6100000e+01
2.6808000e+05 4.4000000e-02 1.6067000e+01
2.6814000e+05 4.4000000e-02 1.6124000e+01
2.6820000e+05 4.4000000e-02 1.6224000e+01
2.6826000e+05 4.4000000e-02 1.6689000e+01
2.6832000e+05 4.4000000e-02 1.6484000e+01
2.6838000e+05 4.4000000e-02 1.6407000e+01
2.6844000e+05 4.4000000e-02 1.6327000e+01
2.6850000e+05 4.4000000e-02 1.6360000e+01
2.6856000e+05 4.4000000e-02 1.6631000e+01
2.6868000e+05 4.4000000e-02 1.6822000e+01
2.6874000e+05 4.4000000e-02 1.6865000e+01
2.6880000e+05 4.4000000e-02 1.6779000e+01
2.6886000e+05 4.4000000e-02 1.6575000e+01
2.6892000e+05 4.4000000e-02 1.6374000e+01
2.6898000e+05 4.4000000e-02 1.6287000e+01
2.6904000e+05 4.4000000e-02 1.5991000e+01
2.6910000e+05 4.4000000e-02 1.5698000e+01
2.6916000e+05 4.4000000e-02 1.5489000e+01
2.6922000e+05 4.4000000e-02 1.5915000e+01
2.6928000e+05 4.4000000e-02 1.5962000e+01
2.6940000e+05 4.4000000e-02 1.6045000e+01
2.6946000e+05 4.4000000e-02 1.5870000e+01
2.6952000e+05 4.4000000e-02 1.6077000e+01
2.6958000e+05 4.4000000e-02 1.6221000e+01
2.6964000e+05 4.4000000e-02 1.6043000e+01
2.6970000e+05 4.4000000e-02 1.6150000e+01
2.6976000e+05 4.4000000e-02 1.6110000e+01
2.6982000e+05 4.4000000e-02 1.6081000e+01
2.6988000e+05 4.4000000e-02 1.5996000e+01
2.6994000e+05 4.4000000e-02 1.5756000e+01
2.7000000e+05 4.4000000e-02 1.5832000e+01
2.7012000e+05 4.4000000e-02 1.5912000e+01
2.7018000e+05 4.4000000e-02 1.5838000e+01
2.7024000e+05 4.4000000e-02 1.5879000e+01
2.7030000e+05 4.4000000e-02 1.6016000e+01
2.7036000e+05 4.4000000e-02 1.6089000e+01
2.7042000e+05 4.4000000e-02 1.6200000e+01
2.7048000e+05 4.4000000e-02 1.6164000e+01
2.7054000e+05 4.4000000e-02 1.6318000e+01
2.7060000e+05 4.4000000e-02 1.6378000e+01
2.7066000e+05 4.4000000e-02 1.6378000e+01
2.7072000e+05 4.4000000e-02 1.6585000e+01
2.7084000e+05 4.4000000e-02 1.6540000e+01
2.7090000e+05 4.4000000e-02 1.6480000e+01
2.7096000e+05 4.4000000e-02 1.6452000e+01
2.7102000e+05 4.4000000e-02 1.6397000e+01
2.7108000e+05 4.4000000e-02 1.6393000e+01
2.7114000e+05 4.4000000e-02 1.6388000e+01
2.7120000e+05 4.4000000e-02 1.6414000e+01
2.7126000e+05 4.4000000e-02 1.6381000e+01
2.7132000e+05 4.4000000e-02 1.6299000e+01
2.7138000e+05 4.4000000e-02 1.6082000e+01
2.7144000e+05 4.4000000e-02 1.5943000e+01
2.7156000e+05 4.4000000e-02 1.5819000e+01
2.7162000e+05 4.4000000e-02 1.5754000e+01
2.7168000e+05 4.4000000e-02 1.5752000e+01
2.7174000e+05 4.4000000e-02 1.5885000e+01
2.7180000e+05 4.4000000e-02 1.6370000e+01
2.7186000e+05 4.4000000e-02 1.5669000e+01
2.7192000e+05 4.4000000e-02 1.5637000e+01
2.7198000e+05 4.4000000e-02 1.5510000e+01
2.7204000e+05 4.4000000e-02 1.5754000e+01
2.7210000e+05 4.4000000e-02 1.5781000e+01
2.7216000e+05 4.4000000e-02 1.5623000e+01
2.7228000e+05 4.4000000e-02 1.5798000e+01
2.7234000e+05 4.4000000e-02 1.5906000e+01
2.7240000e+05 4.4000000e-02 1.5916000e+01
2.7246000e+05 4.4000000e-02 1.6251000e+01
2.7252000e+05 4.4000000e-02 1.6331000e+01
2.7258000e+05 4.4000000e-02 1.6364000e+01
2.7264000e+05 4.4000000e-02 1.6484000e+01
2.7270000e+05 4.4000000e-02 1.5972000e+01
2.7276000e+05 4.4000000e-02 1.5947000e+01
2.7282000e+05 4.4000000e-02 1.5991000e+01
2.7288000e+05 4.4000000e-02 1.5863000e+01
2.7300000e+05 4.4000000e-02 1.6087000e+01
2.7306000e+05 4.4000000e-02 1.5905000e+01
2.7312000e+05 4.4000000e-02 1.6199000e+01
2.7318000e+05 4.4000000e-02 1.6203000e+01
2.7324000e+05 4.4000000e-02 1.6098000e+01
2.7330000e+05 4.4000000e-02 1.6087000e+01
2.7336000e+05 4.4000000e-02 1.6049000e+01
2.7342000e+05 4.4000000e-02 1.6088000e+01
2.7348000e+05 4.4000000e-02 1.6294000e+01
2.7354000e+05 4.4000000e-02 1.6247000e+01
2.7360000e+05 4.4000000e-02 1.6155000e+01
2.7372000e+05 4.4000000e-02 1.6236000e+01
2.7378000e+05 4.4000000e-02 1.6235000e+01
2.7384000e+05 4.4000000e-02 1.5896000e+01
2.7390000e+05 4.4000000e-02 1.6302000e+01
2.7396000e+05 4.4000000e-02 1.6280000e+01
2.7402000e+05 4.4000000e-02 1.7136000e+01
2.7408000e+05 4.4000000e-02 1.7358000e+01
2.7414000e+05 4.4000000e-02 1.7638000e+01
2.7420000e+05 4.4000000e-02 1.7429000e+01
2.7426000e+05 4.4000000e-02 1.6562000e+01
2.7432000e+05 4.4000000e-02 1.6356000e+01
2.7444000e+05 4.4000000e-02 1.6737000e+01
2.7450000e+05 4.4000000e-02 1.6540000e+01
2.7456000e+05 4.4000000e-02 1.6206000e+01
2.7462000e+05 4.4000000e-02 1.6592000e+01
2.7468000e+05 4.4000000e-02 1.6100000e+01
2.7474000e+05 4.4000000e-02 1.7259000e+01
2.7480000e+05 4.4000000e-02 1.6831000e+01
2.7486000e+05 4.4000000e-02 1.6459000e+01
2.7492000e+05 4.4000000e-02 1.6145000e+01
2.7498000e+05 4.4000000e-02 1.6588000e+01
2.7504000e+05 4.4000000e-02 1.7302000e+01
2.7516000e+05 4.4000000e-02 1.6916000e+01
2.7522000e+05 4.4000000e-02 1.6175000e+01
2.7528000e+05 4.4000000e-02 1.6205000e+01
2.7534000e+05 4.4000000e-02 1.7059000e+01
2.7540000e+05 4.4000000e-02 1.7133000e+01
2.7546000e+05 4.4000000e-02 1.7255000e+01
2.7552000e+05 4.4000000e-02 1.7470000e+01
2.7558000e+05 4.4000000e-02 1.7563000e+01
2.7564000e+05 4.4000000e-02 1.7581000e+01
2.7570000e+05 4.4000000e-02 1.7130000e+01
2.7576000e+05 4.4000000e-02 1.7301000e+01
2.7588000e+05 4.4000000e-02 1.7514000e+01
2.7594000e+05 4.4000000e-02 1.7428000e+01
2.7600000e+05 4.4000000e-02 1.7291000e+01
2.7606000e+05 4.4000000e-02 1.7363000e+01
2.7612000e+05 4.4000000e-02 1.7128000e+01
2.7618000e+05 4.4000000e-02 1.6859000e+01
2.7624000e+05 4.4000000e-02 1.7166000e+01
2.7630000e+05 4.4000000e-02 1.7088000e+01
2.7636000e+05 4.4000000e-02 1.6942000e+01
2.7642000e+05 4.4000000e-02 1.6870000e+01
2.7648000e+05 4.4000000e-02 1.7173000e+01
2.7660000e+05 4.4000000e-02 1.6923000e+01
2.7666000e+05 4.4000000e-02 1.7122000e+01
2.7672000e+05 4.4000000e-02 1.6660000e+01
2.7678000e+05 4.4000000e-02 1.7124000e+01
2.7684000e+05 4.4000000e-02 1.7035000e+01
2.7690000e+05 4.4000000e-02 1.6987000e+01
2.7696000e+05 4.4000000e-02 1.6991000e+01
2.7702000e+05 4.4000000e-02 1.6887000e+01
2.7708000e+05 4.4000000e-02 1.6801000e+01
2.7714000e+05 4.4000000e-02 1.6781000e+01
2.7720000e+05 4.4000000e-02 1.6901000e+01
2.7732000e+05 4.4000000e-02 1.7174000e+01
2.7738000e+05 4.4000000e-02 1.7458000e+01
2.7744000e+05 4.4000000e-02 1.7621000e+01
2.7750000e+05 4.4000000e-02 1.7698000e+01
2.7756000e+05 4.4000000e-02 1.7726000e+01
2.7762000e+05 4.4000000e-02 1.7755000e+01
2.7768000e+05 4.4000000e-02 1.7793000e+01
2.7774000e+05 4.4000000e-02 1.7775000e+01
2.7780000e+05 4.4000000e-02 1.7754000e+01
2.7786000e+05 4.4000000e-02 1.7755000e+01
2.7792000e+05 4.4000000e-02 1.7703000e+01
2.7804000e+05 4.4000000e-02 1.7729000e+01
2.7810000e+05 4.4000000e-02 1.7718000e+01
2.7816000e+05 4.4000000e-02 1.7678000e+01
2.7822000e+05 4.4000000e-02 1.7613000e+01
2.7828000e+05 4.4000000e-02 1.7532000e+01
2.7834000e+05 4.4000000e-02 1.7494000e+01
2.7840000e+05 4.4000000e-02 1.7482000e+01
2.7846000e+05 4.4000000e-02 1.7490000e+01
2.7852000e+05 4.4000000e-02 1.7518000e+01
2.7858000e+05 4.4000000e-02 1.7563000e+01
2.7864000e+05 4.4000000e-02 1.7241000e+01
2.7876000e+05 4.4000000e-02 1.7305000e+01
2.7882000e+05 4.4000000e-02 1.7129000e+01
2.7888000e+05 4.4000000e-02 1.7019000e+01
2.7894000e+05 4.4000000e-02 1.7702000e+01
2.7900000e+05 4.4000000e-02 1.7727000e+01
2.7906000e+05 4.4000000e-02 1.7588000e+01
2.7912000e+05 4.4000000e-02 1.7751000e+01
2.7918000e+05 4.4000000e-02 1.7602000e+01
2.7924000e+05 4.4000000e-02 1.7573000e+01
2.7930000e+05 4.4000000e-02 1.7534000e+01
2.7936000e+05 4.4000000e-02 1.7528000e+01
2.7948000e+05 4.4000000e-02 1.7443000e+01
2.7954000e+05 4.4000000e-02 1.7469000e+01
2.7960000e+05 4.4000000e-02 1.7447000e+01
2.7966000e+05 4.4000000e-02 1.7480000e+01
2.7972000e+05 4.4000000e-02 1.7296000e+01
2.7978000e+05 4.4000000e-02 1.7357000e+01
2.7984000e+05 4.4000000e-02 1.7428000e+01
2.7990000e+05 4.4000000e-02 1.7441000e+01
2.7996000e+05 4.4000000e-02 1.7449000e+01
2.8002000e+05 4.4000000e-02 1.7348000e+01
2.8008000e+05 4.4000000e-02 1.7358000e+01
2.8020000e+05 4.4000000e-02 1.7465000e+01
2.8026000e+05 4.4000000e-02 1.7513000e+01
2.8032000e+05 4.4000000e-02 1.7487000e+01
2.8038000e+05 4.4000000e-02 1.7384000e+01
2.8044000e+05 4.4000000e-02 1.7441000e+01
2.8050000e+05 4.4000000e-02 1.7403000e+01
2.8056000e+05 4.4000000e-02 1.7478000e+01
2.8062000e+05 4.4000000e-02 1.7401000e+01
2.8068000e+05 4.4000000e-02 1.7539000e+01
2.8074000e+05 4.4000000e-02 1.7919000e+01
2.8080000e+05 4.4000000e-02 1.8150000e+01
2.8092000e+05 4.4000000e-02 1.7933000e+01
2.8098000e+05 4.4000000e-02 1.7604000e+01
2.8104000e+05 4.4000000e-02 1.7703000e+01
2.8110000e+05 4.4000000e-02 1.7407000e+01
2.8116000e+05 4.4000000e-02 1.7406000e+01
2.8122000e+05 4.4000000e-02 1.7576000e+01
2.8128000e+05 4.4000000e-02 1.8039000e+01
2.8134000e+05 4.4000000e-02 1.8084000e+01
2.8140000e+05 4.4000000e-02 1.8058000e+01
2.8146000e+05 4.4000000e-02 1.8117000e+01
2.8152000e+05 4.4000000e-02 1.8060000e+01
2.8164000e+05 4.4000000e-02 1.7312000e+01
2.8170000e+05 4.4000000e-02 1.7539000e+01
2.8176000e+05 4.4000000e-02 1.8078000e+01
2.8182000e+05 4.4000000e-02 1.7940000e+01
2.8188000e+05 4.4000000e-02 1.8186000e+01
2.8194000e+05 4.4000000e-02 1.7978000e+01
2.8200000e+05 4.4000000e-02 1.7936000e+01
2.8206000e+05 4.4000000e-02 1.7924000e+01
2.8212000e+05 4.4000000e-02 1.7970000e+01
2.8218000e+05 4.4000000e-02 1.7983000e+01
2.8224000e+05 4.4000000e-02 1.7963000e+01
2.8236000e+05 4.4000000e-02 1.7840000e+01
2.8242000e+05 4.4000000e-02 1.7804000e+01
2.8248000e+05 4.4000000e-02 1.7791000e+01
2.8254000e+05 4.4000000e-02 1.7845000e+01
2.8260000e+05 4.4000000e-02 1.7858000e+01
2.8266000e+05 4.4000000e-02 1.7813000e+01
2.8272000e+05 4.4000000e-02 1.7833000e+01
2.8278000e+05 4.4000000e-02 1.7833000e+01
2.8284000e+05 4.4000000e-02 1.7827000e+01
2.8290000e+05 4.4000000e-02 1.7829000e+01
2.8296000e+05 4.4000000e-02 1.7965000e+01
2.8308000e+05 4.4000000e-02 1.8038000e+01
2.8314000e+05 4.4000000e-02 1.8067000e+01
2.8320000e+05 4.4000000e-02 1.8115000e+01
2.8326000e+05 4.4000000e-02 1.8172000e+01
2.8332000e+05 4.4000000e-02 1.8207000e+01
2.8338000e+05 4.4000000e-02 1.8218000e+01
2.8344000e+05 4.4000000e-02 1.8208000e+01
2.8350000e+05 4.4000000e-02 1.8216000e+01
2.8356000e+05 4.4000000e-02 1.8193000e+01
2.8362000e+05 4.4000000e-02 1.8145000e+01
2.8368000e+05 4.4000000e-02 1.8092000e+01
2.8380000e+05 4.4000000e-02 1.8000000e+01
2.8386000e+05 4.4000000e-02 1.8012000e+01
2.8392000e+05 4.4000000e-02 1.7990000e+01
2.8398000e+05 4.4000000e-02 1.7976000e+01
2.8404000e+05 4.4000000e-02 1.7956000e+01
2.8410000e+05 4.4000000e-02 1.7945000e+01
2.8416000e+05 4.4000000e-02 1.7889000e+01
2.8422000e+05 4.4000000e-02 1.7927000e+01
2.8428000e+05 4.4000000e-02 1.7940000e+01
2.8434000e+05 4.4000000e-02 1.7827000e+01
2.8440000e+05 4.4000000e-02 1.7830000e+01
2.8452000e+05 4.4000000e-02 1.7797000e+01
2.8458000e+05 4.4000000e-02 1.7722000e+01
2.8464000e+05 4.4000000e-02 1.7471000e+01
2.8470000e+05 4.4000000e-02 1.7303000e+01
2.8476000e+05 4.4000000e-02 1.7054000e+01
2.8482000e+05 4.4000000e-02 1.6962000e+01
2.8488000e+05 4.4000000e-02 1.6757000e+01
2.8494000e+05 4.4000000e-02 1.6799000e+01
2.8500000e+05 4.4000000e-02 1.7126000e+01
2.8506000e+05 4.4000000e-02 1.7117000e+01
2.8512000e+05 4.4000000e-02 1.7381000e+01
2.8524000e+05 4.4000000e-02 1.7521000e+01
2.8530000e+05 4.4000000e-02 1.7553000e+01
2.8536000e+05 4.4000000e-02 1.7570000e+01
2.8542000e+05 4.4000000e-02 1.7562000e+01
2.8548000e+05 4.4000000e-02 1.7490000e+01
2.8554000e+05 4.4000000e-02 1.7473000e+01
2.8560000e+05 4.4000000e-02 1.7470000e+01
2.8566000e+05 4.4000000e-02 1.7266000e+01
2.8572000e+05 4.4000000e-02 1.7455000e+01
2.8578000e+05 4.4000000e-02 1.7479000e+01
2.8584000e+05 4.4000000e-02 1.7248000e+01
2.8596000e+05 4.4000000e-02 1.6976000e+01
2.8602000e+05 4.4000000e-02 1.6864000e+01
2.8608000e+05 4.4000000e-02 1.7136000e+01
2.8614000e+05 4.4000000e-02 1.7463000e+01
2.8620000e+05 4.4000000e-02 1.7433000e+01
2.8626000e+05 4.4000000e-02 1.7451000e+01
2.8632000e+05 4.4000000e-02 1.7528000e+01
2.8638000e+05 4.4000000e-02 1.8189000e+01
2.8644000e+05 4.4000000e-02 1.8240000e+01
2.8650000e+05 4.4000000e-02 1.8169000e+01
2.8656000e+05 4.4000000e-02 1.7040000e+01
2.8668000e+05 4.4000000e-02 1.7482000e+01
2.8674000e+05 4.4000000e-02 1.7572000e+01
2.8680000e+05 4.4000000e-02 1.7550000e+01
2.8686000e+05 4.4000000e-02 1.7607000e+01
2.8692000e+05 4.4000000e-02 1.7789000e+01
2.8698000e+05 4.4000000e-02 1.7476000e+01
2.8704000e+05 4.4000000e-02 1.7942000e+01
2.8710000e+05 4.4000000e-02 1.7918000e+01
2.8716000e+05 4.4000000e-02 1.7871000e+01
2.8722000e+05 4.4000000e-02 1.7573000e+01
2.8728000e+05 4.4000000e-02 1.7357000e+01
2.8740000e+05 4.4000000e-02 1.7351000e+01
2.8746000e+05 4.4000000e-02 1.7342000e+01
2.8752000e+05 4.4000000e-02 1.7952000e+01
2.8758000e+05 4.4000000e-02 1.7942000e+01
2.8764000e+05 4.4000000e-02 1.7809000e+01
2.8770000e+05 4.4000000e-02 1.7507000e+01
2.8776000e+05 4.4000000e-02 1.7510000e+01
2.8782000e+05 4.4000000e-02 1.7484000e+01
2.8788000e+05 4.4000000e-02 1.7479000e+01
2.8794000e+05 4.4000000e-02 1.7473000e+01
2.8800000e+05 4.4000000e-02 1.7476000e+01
2.8812000e+05 4.4000000e-02 1.7566000e+01
2.8818000e+05 4.4000000e-02 1.7504000e+01
2.8824000e+05 4.4000000e-02 1.7431000e+01
2.8830000e+05 4.4000000e-02 1.7220000e+01
2.8836000e+05 4.4000000e-02 1.7114000e+01
2.8842000e+05 4.4000000e-02 1.6954000e+01
2.8848000e+05 4.4000000e-02 1.6878000e+01
2.8854000e+05 4.4000000e-02 1.7090000e+01
2.8860000e+05 4.4000000e-02 1.7137000e+01
2.8866000e+05 4.4000000e-02 1.7210000e+01
2.8872000e+05 4.4000000e-02 1.6786000e+01
2.8884000e+05 4.4000000e-02 1.6447000e+01
2.8890000e+05 4.4000000e-02 1.6548000e+01
2.8896000e+05 4.4000000e-02 1.6600000e+01
2.8902000e+05 4.4000000e-02 1.6643000e+01
2.8908000e+05 4.4000000e-02 1.6718000e+01
2.8914000e+05 4.4000000e-02 1.6842000e+01
2.8920000e+05 4.4000000e-02 1.6798000e+01
2.8926000e+05 4.4000000e-02 1.6882000e+01
2.8932000e+05 4.4000000e-02 1.6879000e+01
2.8938000e+05 4.4000000e-02 1.7000000e+01
2.8944000e+05 4.4000000e-02 1.6993000e+01
2.8956000e+05 4.4000000e-02 1.6877000e+01
2.8962000e+05 4.4000000e-02 1.6804000e+01
2.8968000e+05 4.4000000e-02 1.6607000e+01
2.8974000e+05 4.4000000e-02 1.6653000e+01
2.8980000e+05 4.4000000e-02 1.6739000e+01
2.8986000e+05 4.4000000e-02 1.6723000e+01
2.8992000e+05 4.4000000e-02 1.6750000e+01
2.8998000e+05 4.4000000e-02 1.6808000e+01
2.9004000e+05 4.4000000e-02 1.6840000e+01
2.9010000e+05 4.4000000e-02 1.6869000e+01
2.9430000e+05 4.4000000e-02 1.7445000e+01
2.9436000e+05 4.4000000e-02 1.7337000e+01
2.9442000e+05 4.4000000e-02 1.7391000e+01
2.9448000e+05 4.4000000e-02 1.7268000e+01
2.9460000e+05 4.4000000e-02 1.7228000e+01
2.9466000e+05 4.4000000e-02 1.7211000e+01
2.9472000e+05 4.4000000e-02 1.7475000e+01
2.9478000e+05 4.4000000e-02 1.7105000e+01
2.9484000e+05 4.4000000e-02 1.7014000e+01
2.9490000e+05 4.4000000e-02 1.7097000e+01
2.9496000e+05 4.4000000e-02 1.7073000e+01
2.9502000e+05 4.4000000e-02 1.7089000e+01
2.9508000e+05 4.4000000e-02 1.7161000e+01
2.9514000e+05 4.4000000e-02 1.7260000e+01
2.9520000e+05 4.4000000e-02 1.7167000e+01
2.9532000e+05 4.4000000e-02 1.7253000e+01
2.9538000e+05 4.4000000e-02 1.7275000e+01
2.9544000e+05 4.4000000e-02 1.7257000e+01
2.9550000e+05 4.4000000e-02 1.7221000e+01
2.9556000e+05 4.4000000e-02 1.7194000e+01
2.9562000e+05 4.4000000e-02 1.7189000e+01
2.9568000e+05 4.4000000e-02 1.7193000e+01
2.9574000e+05 4.4000000e-02 1.7171000e+01
2.9580000e+05 4.4000000e-02 1.7105000e+01
2.9586000e+05 4.4000000e-02 1.7184000e+01
2.9592000e+05 4.4000000e-02 1.7336000e+01
2.9604000e+05 4.4000000e-02 1.7291000e+01
2.9610000e+05 4.4000000e-02 1.7368000e+01
2.9616000e+05 4.4000000e-02 1.7429000e+01
2.9622000e+05 4.4000000e-02 1.7454000e+01
2.9628000e+05 4.4000000e-02 1.7386000e+01
2.9634000e+05 4.4000000e-02 1.7474000e+01
2.9640000e+05 4.4000000e-02 1.7731000e+01
2.9646000e+05 4.4000000e-02 1.7783000e+01
2.9652000e+05 4.4000000e-02 1.7603000e+01
2.9658000e+05 4.4000000e-02 1.7251000e+01
2.9664000e+05 4.4000000e-02 1.7110000e+01
2.9676000e+05 4.4000000e-02 1.7434000e+01
2.9682000e+05 4.4000000e-02 1.7516000e+01
2.9688000e+05 4.4000000e-02 1.7494000e+01
2.9694000e+05 4.4000000e-02 1.7549000e+01
2.9700000e+05 4.4000000e-02 1.7625000e+01
2.9706000e+05 4.4000000e-02 1.7396000e+01
2.9712000e+05 4.4000000e-02 1.7517000e+01
2.9718000e+05 4.4000000e-02 1.7379000e+01
2.9724000e+05 4.4000000e-02 1.7395000e+01
2.9730000e+05 4.4000000e-02 1.7282000e+01
2.9736000e+05 4.4000000e-02 1.7278000e+01
2.9748000e+05 4.4000000e-02 1.7355000e+01
2.9754000e+05 4.4000000e-02 1.7325000e+01
2.9760000e+05 4.4000000e-02 1.7404000e+01
2.9766000e+05 4.4000000e-02 1.7440000e+01
2.9772000e+05 4.4000000e-02 1.7728000e+01
2.9778000e+05 4.4000000e-02 1.7592000e+01
2.9784000e+05 4.4000000e-02 1.7595000e+01
2.9790000e+05 4.4000000e-02 1.7423000e+01
2.9796000e+05 4.4000000e-02 1.7647000e+01
2.9802000e+05 4.4000000e-02 1.8333000e+01
2.9808000e+05 4.4000000e-02 1.7593000e+01
2.9820000e+05 4.4000000e-02 1.7780000e+01
2.9826000e+05 4.4000000e-02 1.7873000e+01
2.9832000e+05 4.4000000e-02 1.8230000e+01
2.9838000e+05 4.4000000e-02 1.7729000e+01
2.9844000e+05 4.4000000e-02 1.7756000e+01
2.9850000e+05 4.4000000e-02 1.7815000e+01
2.9856000e+05 4.4000000e-02 1.7644000e+01
2.9862000e+05 4.4000000e-02 1.7432000e+01
2.9868000e+05 4.4000000e-02 1.7563000e+01
2.9874000e+05 4.4000000e-02 1.8071000e+01
2.9880000e+05 4.4000000e-02 1.7876000e+01
2.9892000e+05 4.4000000e-02 1.8238000e+01
2.9898000e+05 4.4000000e-02 1.7970000e+01
2.9904000e+05 4.4000000e-02 1.7948000e+01
2.9910000e+05 4.4000000e-02 1.7901000e+01
2.9916000e+05 4.4000000e-02 1.7926000e+01
2.9922000e+05 4.4000000e-02 1.7872000e+01
2.9928000e+05 4.4000000e-02 1.7874000e+01
2.9934000e+05 4.4000000e-02 1.7868000e+01
2.9940000e+05 4.4000000e-02 1.7864000e+01
2.9946000e+05 4.4000000e-02 1.7936000e+01
2.9952000e+05 4.4000000e-02 1.7918000e+01
2.9964000e+05 4.4000000e-02 1.7923000e+01
2.9970000e+05 4.4000000e-02 1.7907000e+01
2.9976000e+05 4.4000000e-02 1.7887000e+01
2.9982000e+05 4.4000000e-02 1.7856000e+01
2.9988000e+05 4.4000000e-02 1.7841000e+01
2.9994000e+05 4.4000000e-02 1.7823000e+01
3.0000000e+05 4.4000000e-02 1.7778000e+01
3.0006000e+05 4.4000000e-02 1.7803000e+01
3.0012000e+05 4.4000000e-02 1.7797000e+01
3.0018000e+05 4.4000000e-02 1.7778000e+01
3.0024000e+05 4.4000000e-02 1.7813000e+01
3.0036000e+05 4.4000000e-02 1.7802000e+01
3.0042000e+05 4.4000000e-02 1.7794000e+01
3.0048000e+05 4.4000000e-02 1.7741000e+01
3.0054000e+05 4.4000000e-02 1.7742000e+01
3.0060000e+05 4.4000000e-02 1.7759000e+01
3.0066000e+05 4.4000000e-02 1.7725000e+01
3.0072000e+05 4.4000000e-02 1.7639000e+01
3.0078000e+05 4.4000000e-02 1.7624000e+01
3.0084000e+05 4.4000000e-02 1.7626000e+01
3.0090000e+05 4.4000000e-02 1.7650000e+01
3.0096000e+05 4.4000000e-02 1.7687000e+01
3.0108000e+05 4.4000000e-02 1.7704000e+01
3.0114000e+05 4.4000000e-02 1.7686000e+01
3.0120000e+05 4.4000000e-02 1.7658000e+01
3.0126000e+05 4.4000000e-02 1.7603000e+01
3.0132000e+05 4.4000000e-02 1.7581000e+01
3.0138000e+05 4.4000000e-02 1.7553000e+01
3.0144000e+05 4.4000000e-02 1.7548000e+01
3.0150000e+05 4.4000000e-02 1.7546000e+01
3.0156000e+05 4.4000000e-02 1.7536000e+01
3.0162000e+05 4.4000000e-02 1.7543000e+01
3.0168000e+05 4.4000000e-02 1.7547000e+01
3.0180000e+05 4.4000000e-02 1.7671000e+01
3.0186000e+05 4.4000000e-02 1.7654000e+01
3.0192000e+05 4.4000000e-02 1.7622000e+01
3.0360000e+05 4.4000000e-02 1.6328000e+01
3.0366000e+05 4.4000000e-02 1.6319000e+01
3.0372000e+05 4.4000000e-02 1.6110000e+01
3.0378000e+05 4.4000000e-02 1.6069000e+01
3.0384000e+05 4.4000000e-02 1.5889000e+01
3.0396000e+05 4.4000000e-02 1.5991000e+01
3.0402000e+05 4.4000000e-02 1.5920000e+01
3.0408000e+05 4.4000000e-02 1.5754000e+01
3.0414000e+05 4.4000000e-02 1.5424000e+01
3.0420000e+05 4.4000000e-02 1.4992000e+01
3.0426000e+05 4.4000000e-02 1.4817000e+01
3.0432000e+05 4.4000000e-02 1.4695000e+01
3.0438000e+05 4.4000000e-02 1.5122000e+01
3.0444000e+05 4.4000000e-02 1.5221000e+01
3.0450000e+05 4.4000000e-02 1.5146000e+01
3.0456000e+05 4.4000000e-02 1.5035000e+01
3.0468000e+05 4.4000000e-02 1.4897000e+01
3.0474000e+05 4.4000000e-02 1.4849000e+01
3.0480000e+05 4.4000000e-02 1.4872000e+01
3.0486000e+05 4.4000000e-02 1.4955000e+01
3.0492000e+05 4.4000000e-02 1.4957000e+01
3.0498000e+05 4.4000000e-02 1.4849000e+01
3.0504000e+05 4.4000000e-02 1.4903000e+01
3.0510000e+05 4.4000000e-02 1.4745000e+01
3.0516000e+05 4.4000000e-02 1.4677000e+01
3.0522000e+05 4.4000000e-02 1.4683000e+01
3.0528000e+05 4.4000000e-02 1.4662000e+01
3.0540000e+05 4.4000000e-02 1.4794000e+01
3.0546000e+05 4.4000000e-02 1.4923000e+01
3.0552000e+05 4.4000000e-02 1.5042000e+01
3.0558000e+05 4.4000000e-02 1.5031000e+01
3.0564000e+05 4.4000000e-02 1.4994000e+01
3.0570000e+05 4.4000000e-02 1.4930000e+01
3.0576000e+05 4.4000000e-02 1.4873000e+01
3.0582000e+05 4.4000000e-02 1.4914000e+01
3.0588000e+05 4.4000000e-02 1.4960000e+01
3.0594000e+05 4.4000000e-02 1.5106000e+01
3.0600000e+05 4.4000000e-02 1.4997000e+01
3.0612000e+05 4.4000000e-02 1.4945000e+01
3.0618000e+05 4.4000000e-02 1.4999000e+01
3.0624000e+05 4.4000000e-02 1.5108000e+01
3.0630000e+05 4.4000000e-02 1.5291000e+01
3.0636000e+05 4.4000000e-02 1.5430000e+01
3.0642000e+05 4.4000000e-02 1.5670000e+01
3.0648000e+05 4.4000000e-02 1.5611000e+01
3.0654000e+05 4.4000000e-02 1.5586000e+01
3.0660000e+05 4.4000000e-02 1.5682000e+01
3.0666000e+05 4.4000000e-02 1.5733000e+01
3.0672000e+05 4.4000000e-02 1.5721000e+01
3.0684000e+05 4.4000000e-02 1.5680000e+01
3.0690000e+05 4.4000000e-02 1.5431000e+01
3.0696000e+05 4.4000000e-02 1.5189000e+01
3.0702000e+05 4.4000000e-02 1.5226000e+01
3.0708000e+05 4.4000000e-02 1.5232000e+01
3.0714000e+05 4.4000000e-02 1.5281000e+01
3.0720000e+05 4.4000000e-02 1.5289000e+01
3.0726000e+05 4.4000000e-02 1.5349000e+01
3.0732000e+05 4.4000000e-02 1.5355000e+01
3.0738000e+05 4.4000000e-02 1.5425000e+01
3.0744000e+05 4.4000000e-02 1.5459000e+01
3.0756000e+05 4.4000000e-02 1.5489000e+01
3.0762000e+05 4.4000000e-02 1.5479000e+01
3.0768000e+05 4.4000000e-02 1.5417000e+01
3.0774000e+05 4.4000000e-02 1.5408000e+01
3.0780000e+05 4.4000000e-02 1.5496000e+01
3.0786000e+05 4.4000000e-02 1.5471000e+01
3.0792000e+05 4.4000000e-02 1.5371000e+01
3.0798000e+05 4.4000000e-02 1.5436000e+01
3.0804000e+05 4.4000000e-02 1.5397000e+01
3.0810000e+05 4.4000000e-02 1.5311000e+01
3.0816000e+05 4.4000000e-02 1.5724000e+01
3.0828000e+05 4.4000000e-02 1.5384000e+01
3.0834000e+05 4.4000000e-02 1.5233000e+01
3.0840000e+05 4.4000000e-02 1.5473000e+01
3.0846000e+05 4.4000000e-02 1.5454000e+01
3.0852000e+05 4.4000000e-02 1.5273000e+01
3.0858000e+05 4.4000000e-02 1.5280000e+01
3.0864000e+05 4.4000000e-02 1.5366000e+01
3.0870000e+05 4.4000000e-02 1.5346000e+01
3.0876000e+05 4.4000000e-02 1.5349000e+01
3.0882000e+05 4.4000000e-02 1.5390000e+01
3.0888000e+05 4.4000000e-02 1.5406000e+01
3.0900000e+05 4.4000000e-02 1.5797000e+01
3.0906000e+05 4.4000000e-02 1.6129000e+01
3.0912000e+05 4.4000000e-02 1.5904000e+01
3.0918000e+05 4.4000000e-02 1.5683000e+01
3.0924000e+05 4.4000000e-02 1.5621000e+01
3.0930000e+05 4.4000000e-02 1.5635000e+01
3.0936000e+05 4.4000000e-02 1.5658000e+01
3.0942000e+05 4.4000000e-02 1.5598000e+01
3.0948000e+05 4.4000000e-02 1.5683000e+01
3.0954000e+05 4.4000000e-02 1.5665000e+01
3.0960000e+05 4.4000000e-02 1.5596000e+01
3.0972000e+05 4.4000000e-02 1.5563000e+01
3.0978000e+05 4.4000000e-02 1.5692000e+01
3.0984000e+05 4.4000000e-02 1.5672000e+01
3.0990000e+05 4.4000000e-02 1.5658000e+01
3.0996000e+05 4.4000000e-02 1.5722000e+01
3.1002000e+05 4.4000000e-02 1.5819000e+01
3.1008000e+05 4.4000000e-02 1.5737000e+01
3.1014000e+05 4.4000000e-02 1.5832000e+01
3.1020000e+05 4.4000000e-02 1.5811000e+01
3.1026000e+05 4.4000000e-02 1.5730000e+01
3.1032000e+05 4.4000000e-02 1.5627000e+01
3.1044000e+05 4.4000000e-02 1.5612000e+01
3.1050000e+05 4.4000000e-02 1.5642000e+01
3.1056000e+05 4.4000000e-02 1.5661000e+01
3.1062000e+05 4.4000000e-02 1.5793000e+01
3.1068000e+05 4.4000000e-02 1.5839000e+01
3.1074000e+05 4.4000000e-02 1.5789000e+01
3.1080000e+05 4.4000000e-02 1.5798000e+01
3.1086000e+05 4.4000000e-02 1.5740000e+01
3.1092000e+05 4.4000000e-02 1.5675000e+01
3.1098000e+05 4.4000000e-02 1.5518000e+01
3.1104000e+05 4.4000000e-02 1.5388000e+01
3.1116000e+05 4.4000000e-02 1.5304000e+01
3.1122000e+05 4.4000000e-02 1.5274000e+01
3.1128000e+05 4.4000000e-02 1.5207000e+01
3.1134000e+05 4.4000000e-02 1.5205000e+01
3.1140000e+05 4.4000000e-02 1.5223000e+01
3.1146000e+05 4.4000000e-02 1.5171000e+01
3.1152000e+05 4.4000000e-02 1.5143000e+01
3.1158000e+05 4.4000000e-02 1.5128000e+01
3.1164000e+05 4.4000000e-02 1.5131000e+01
3.1170000e+05 4.4000000e-02 1.5118000e+01
3.1176000e+05 4.4000000e-02 1.5098000e+01
3.1188000e+05 4.4000000e-02 1.5136000e+01
3.1194000e+05 4.4000000e-02 1.5145000e+01
3.1200000e+05 4.4000000e-02 1.5122000e+01
3.1206000e+05 4.4000000e-02 1.5122000e+01
3.1212000e+05 4.4000000e-02 1.5144000e+01
3.1218000e+05 4.4000000e-02 1.5141000e+01
3.1224000e+05 4.4000000e-02 1.5206000e+01
3.1230000e+05 4.4000000e-02 1.5266000e+01
3.1236000e+05 4.4000000e-02 1.5174000e+01
3.1242000e+05 4.4000000e-02 1.5183000e+01
3.1248000e+05 4.4000000e-02 1.5117000e+01
3.1260000e+05 4.4000000e-02 1.5003000e+01
3.1266000e+05 4.4000000e-02 1.4962000e+01
3.1272000e+05 4.4000000e-02 1.4947000e+01
3.1278000e+05 4.4000000e-02 1.4897000e+01
3.1284000e+05 4.4000000e-02 1.4855000e+01
3.1290000e+05 4.4000000e-02 1.4806000e+01
3.1296000e+05 4.4000000e-02 1.4794000e+01
3.1302000e+05 4.4000000e-02 1.4814000e+01
3.1308000e+05 4.4000000e-02 1.4852000e+01
3.1314000e+05 4.4000000e-02 1.4869000e+01
3.1320000e+05 4.4000000e-02 1.4862000e+01
3.1332000e+05 4.4000000e-02 1.5045000e+01
3.1338000e+05 4.4000000e-02 1.4962000e+01
3.1344000e+05 4.4000000e-02 1.4947000e+01
3.1350000e+05 4.4000000e-02 1.4882000e+01
3.1356000e+05 4.4000000e-02 1.4786000e+01
3.1362000e+05 4.4000000e-02 1.4717000e+01
3.1368000e+05 4.4000000e-02 1.4628000e+01
3.1374000e+05 4.4000000e-02 1.4624000e+01
3.1380000e+05 4.4000000e-02 1.4608000e+01
3.1386000e+05 4.4000000e-02 1.4712000e+01
3.1392000e+05 4.4000000e-02 1.4841000e+01
3.1404000e+05 4.4000000e-02 1.4767000e+01
3.1410000e+05 4.4000000e-02 1.4703000e+01
3.1416000e+05 4.4000000e-02 1.4651000e+01
3.1422000e+05 4.4000000e-02 1.4614000e+01
3.1428000e+05 4.4000000e-02 1.4585000e+01
3.1434000e+05 4.4000000e-02 1.4590000e+01
3.1440000e+05 4.4000000e-02 1.4583000e+01
3.1446000e+05 4.4000000e-02 1.4608000e+01
3.1452000e+05 4.4000000e-02 1.4614000e+01
3.1458000e+05 4.4000000e-02 1.4632000e+01
3.1464000e+05 4.4000000e-02 1.4636000e+01
3.1476000e+05 4.4000000e-02 1.4658000e+01
3.1482000e+05 4.4000000e-02 1.4649000e+01
3.1488000e+05 4.4000000e-02 1.4664000e+01
3.1494000e+05 4.4000000e-02 1.4661000e+01
3.1500000e+05 4.4000000e-02 1.4650000e+01
3.1506000e+05 4.4000000e-02 1.4683000e+01
3.1512000e+05 4.4000000e-02 1.4678000e+01
3.1518000e+05 4.4000000e-02 1.4654000e+01
3.1524000e+05 4.4000000e-02 1.4648000e+01
3.1530000e+05 4.4000000e-02 1.4543000e+01
3.1536000e+05 4.4000000e-02 1.4591000e+01
3.1548000e+05 4.4000000e-02 1.4542000e+01
3.1554000e+05 4.4000000e-02 1.4563000e+01
3.1560000e+05 4.4000000e-02 1.4536000e+01
3.1566000e+05 4.4000000e-02 1.4474000e+01
3.1572000e+05 4.4000000e-02 1.4464000e+01
3.1578000e+05 4.4000000e-02 1.4391000e+01
3.1584000e+05 4.4000000e-02 1.4350000e+01
3.1590000e+05 4.4000000e-02 1.4402000e+01
3.1596000e+05 4.4000000e-02 1.4324000e+01
3.1602000e+05 4.4000000e-02 1.4381000e+01
3.1608000e+05 4.4000000e-02 1.4417000e+01
3.1620000e+05 4.4000000e-02 1.4442000e+01
3.1626000e+05 4.4000000e-02 1.4362000e+01
3.1632000e+05 4.4000000e-02 1.4473000e+01
3.1638000e+05 4.4000000e-02 1.4402000e+01
3.1644000e+05 4.4000000e-02 1.4235000e+01
3.1650000e+05 4.4000000e-02 1.4302000e+01
3.1656000e+05 4.4000000e-02 1.4320000e+01
3.1662000e+05 4.4000000e-02 1.4348000e+01
3.1668000e+05 4.4000000e-02 1.4339000e+01
3.1674000e+05 4.4000000e-02 1.4359000e+01
3.1680000e+05 4.4000000e-02 1.4330000e+01
3.1692000e+05 4.4000000e-02 1.4344000e+01
3.1698000e+05 4.4000000e-02 1.4328000e+01
3.1704000e+05 4.4000000e-02 1.4325000e+01
3.1710000e+05 4.4000000e-02 1.4311000e+01
3.1716000e+05 4.4000000e-02 1.4298000e+01
3.1722000e+05 4.4000000e-02 1.4289000e+01
3.1728000e+05 4.4000000e-02 1.4306000e+01
3.1734000e+05 4.4000000e-02 1.4321000e+01
3.1740000e+05 4.4000000e-02 1.4312000e+01
3.1746000e+05 4.4000000e-02 1.4338000e+01
3.1752000e+05 4.4000000e-02 1.4338000e+01
3.1764000e+05 4.4000000e-02 1.4353000e+01
3.1770000e+05 4.4000000e-02 1.4484000e+01
3.1776000e+05 4.4000000e-02 1.4477000e+01
3.1782000e+05 4.4000000e-02 1.4535000e+01
3.1788000e+05 4.4000000e-02 1.4591000e+01
3.1794000e+05 4.4000000e-02 1.4610000e+01
3.1800000e+05 4.4000000e-02 1.4550000e+01
3.1806000e+05 4.4000000e-02 1.4575000e+01
3.1812000e+05 4.4000000e-02 1.4516000e+01
3.1818000e+05 4.4000000e-02 1.4449000e+01
3.1824000e+05 4.4000000e-02 1.4507000e+01
3.1836000e+05 4.4000000e-02 1.4585000e+01
3.1842000e+05 4.4000000e-02 1.4549000e+01
3.1848000e+05 4.4000000e-02 1.4565000e+01
3.1854000e+05 4.4000000e-02 1.4533000e+01
3.1860000e+05 4.4000000e-02 1.4517000e+01
3.1866000e+05 4.4000000e-02 1.4464000e+01
3.1872000e+05 4.4000000e-02 1.4471000e+01
3.1878000e+05 4.4000000e-02 1.4490000e+01
3.1920000e+05 4.4000000e-02 1.4574000e+01
3.1926000e+05 4.4000000e-02 1.4425000e+01
3.1932000e+05 4.4000000e-02 1.4511000e+01
3.1938000e+05 4.4000000e-02 1.4545000e+01
3.1944000e+05 4.4000000e-02 1.4511000e+01
3.1950000e+05 4.4000000e-02 1.4493000e+01
3.1956000e+05 4.4000000e-02 1.4424000e+01
3.1962000e+05 4.4000000e-02 1.4546000e+01
3.1968000e+05 4.4000000e-02 1.4617000e+01
3.1980000e+05 4.4000000e-02 1.4581000e+01
3.1986000e+05 4.4000000e-02 1.4551000e+01
3.1992000e+05 4.4000000e-02 1.4525000e+01
3.1998000e+05 4.4000000e-02 1.4526000e+01
3.2004000e+05 4.4000000e-02 1.4540000e+01
3.2010000e+05 4.4000000e-02 1.4568000e+01
3.2016000e+05 4.4000000e-02 1.4607000e+01
3.2022000e+05 4.4000000e-02 1.4599000e+01
3.2028000e+05 4.4000000e-02 1.4605000e+01
3.2034000e+05 4.4000000e-02 1.4611000e+01
3.2040000e+05 4.4000000e-02 1.4554000e+01
3.2052000e+05 4.4000000e-02 1.4542000e+01
3.2058000e+05 4.4000000e-02 1.4525000e+01
3.2064000e+05 4.4000000e-02 1.4598000e+01
3.2070000e+05 4.4000000e-02 1.4660000e+01
3.2076000e+05 4.4000000e-02 1.4598000e+01
3.2082000e+05 4.4000000e-02 1.4559000e+01
3.2088000e+05 4.4000000e-02 1.4685000e+01
3.2094000e+05 4.4000000e-02 1.4649000e+01
3.2100000e+05 4.4000000e-02 1.4672000e+01
3.2106000e+05 4.4000000e-02 1.4632000e+01
3.2112000e+05 4.4000000e-02 1.4568000e+01
3.2124000e+05 4.4000000e-02 1.4531000e+01
3.2130000e+05 4.4000000e-02 1.4505000e+01
3.2136000e+05 4.4000000e-02 1.4497000e+01
3.2142000e+05 4.4000000e-02 1.4512000e+01
3.2148000e+05 4.4000000e-02 1.4555000e+01
3.2154000e+05 4.4000000e-02 1.4534000e+01
3.2160000e+05 4.4000000e-02 1.4496000e+01
3.2166000e+05 4.4000000e-02 1.4445000e+01
3.2172000e+05 4.4000000e-02 1.4431000e+01
3.2178000e+05 4.4000000e-02 1.4451000e+01
3.2184000e+05 4.4000000e-02 1.4429000e+01
3.2196000e+05 4.4000000e-02 1.4417000e+01
3.2202000e+05 4.4000000e-02 1.4414000e+01
3.2208000e+05 4.4000000e-02 1.4431000e+01
3.2214000e+05 4.4000000e-02 1.4442000e+01
3.2220000e+05 4.4000000e-02 1.4451000e+01
3.2226000e+05 4.4000000e-02 1.4446000e+01
3.2232000e+05 4.4000000e-02 1.4434000e+01
3.2238000e+05 4.4000000e-02 1.4457000e+01
3.2244000e+05 4.4000000e-02 1.4603000e+01
3.2250000e+05 4.4000000e-02 1.4591000e+01
3.2256000e+05 4.4000000e-02 1.4499000e+01
3.2268000e+05 4.4000000e-02 1.4299000e+01
3.2274000e+05 4.4000000e-02 1.4263000e+01
3.2280000e+05 4.4000000e-02 1.4275000e+01
3.2286000e+05 4.4000000e-02 1.4267000e+01
3.2292000e+05 4.4000000e-02 1.4250000e+01
3.2298000e+05 4.4000000e-02 1.4269000e+01
3.2304000e+05 4.4000000e-02 1.4308000e+01
3.2310000e+05 4.4000000e-02 1.4274000e+01
3.2316000e+05 4.4000000e-02 1.4313000e+01
3.2322000e+05 4.4000000e-02 1.4300000e+01
3.2328000e+05 4.4000000e-02 1.4273000e+01
3.2340000e+05 4.4000000e-02 1.4326000e+01
3.2346000e+05 4.4000000e-02 1.4266000e+01
3.2352000e+05 4.4000000e-02 1.4255000e+01
3.2358000e+05 4.4000000e-02 1.4290000e+01
3.2364000e+05 4.4000000e-02 1.4281000e+01
3.2370000e+05 4.4000000e-02 1.4225000e+01
3.2376000e+05 4.4000000e-02 1.4314000e+01
3.2382000e+05 4.4000000e-02 1.4277000e+01
3.2388000e+05 4.4000000e-02 1.4267000e+01
3.2394000e+05 4.4000000e-02 1.4252000e+01
3.2400000e+05 4.4000000e-02 1.4238000e+01
3.2412000e+05 4.4000000e-02 1.4215000e+01
3.2418000e+05 4.4000000e-02 1.4209000e+01
3.2424000e+05 4.4000000e-02 1.4196000e+01
3.2430000e+05 4.4000000e-02 1.4173000e+01
3.2436000e+05 4.4000000e-02 1.4160000e+01
3.2442000e+05 4.4000000e-02 1.4149000e+01
3.2448000e+05 4.4000000e-02 1.4144000e+01
3.2454000e+05 4.4000000e-02 1.4132000e+01
3.2460000e+05 4.4000000e-02 1.4123000e+01
3.2466000e+05 4.4000000e-02 1.4109000e+01
3.2472000e+05 4.4000000e-02 1.4104000e+01
3.2484000e+05 4.4000000e-02 1.4126000e+01
3.2490000e+05 4.4000000e-02 1.4131000e+01
3.2496000e+05 4.4000000e-02 1.4136000e+01
3.2502000e+05 4.4000000e-02 1.4126000e+01
3.2508000e+05 4.4000000e-02 1.4105000e+01
3.2514000e+05 4.4000000e-02 1.4090000e+01
3.2520000e+05 4.4000000e-02 1.4061000e+01
3.2526000e+05 4.4000000e-02 1.4038000e+01
3.2532000e+05 4.4000000e-02 1.4021000e+01
3.2538000e+05 4.4000000e-02 1.4031000e+01
3.2544000e+05 4.4000000e-02 1.4041000e+01
3.2556000e+05 4.4000000e-02 1.4079000e+01
3.2562000e+05 4.4000000e-02 1.4048000e+01
3.2568000e+05 4.4000000e-02 1.4030000e+01
3.2574000e+05 4.4000000e-02 1.4009000e+01
3.2580000e+05 4.4000000e-02 1.4009000e+01
3.2586000e+05 4.4000000e-02 1.3979000e+01
3.2592000e+05 4.4000000e-02 1.3971000e+01
3.2598000e+05 4.4000000e-02 1.3951000e+01
3.2604000e+05 4.4000000e-02 1.3941000e+01
3.2610000e+05 4.4000000e-02 1.3943000e+01
3.2616000e+05 4.4000000e-02 1.3921000e+01
3.2628000e+05 4.4000000e-02 1.3885000e+01
3.2634000e+05 4.4000000e-02 1.3862000e+01
3.2640000e+05 4.4000000e-02 1.3826000e+01
3.2646000e+05 4.4000000e-02 1.3857000e+01
3.2652000e+05 4.4000000e-02 1.3837000e+01
3.2658000e+05 4.4000000e-02 1.3795000e+01
3.2664000e+05 4.4000000e-02 1.3779000e+01
3.2670000e+05 4.4000000e-02 1.3710000e+01
3.2676000e+05 4.4000000e-02 1.3703000e+01
3.2682000e+05 4.4000000e-02 1.3709000e+01
3.2688000e+05 4.4000000e-02 1.3729000e+01
3.2700000e+05 4.4000000e-02 1.3704000e+01
3.2706000e+05 4.4000000e-02 1.3704000e+01
3.2712000e+05 4.4000000e-02 1.3629000e+01
3.2718000e+05 4.4000000e-02 1.3579000e+01
3.2724000e+05 4.4000000e-02 1.3566000e+01
3.2730000e+05 4.4000000e-02 1.3536000e+01
3.2736000e+05 4.4000000e-02 1.3523000e+01
3.2742000e+05 4.4000000e-02 1.3514000e+01
3.2748000e+05 4.4000000e-02 1.3549000e+01
3.2754000e+05 4.4000000e-02 1.3577000e+01
3.2760000e+05 4.4000000e-02 1.3573000e+01
3.2772000e+05 4.4000000e-02 1.3585000e+01
3.2778000e+05 4.4000000e-02 1.3589000e+01
3.2784000e+05 4.4000000e-02 1.3602000e+01
3.2790000e+05 4.4000000e-02 1.3613000e+01
3.2796000e+05 4.4000000e-02 1.3576000e+01
3.2802000e+05 4.4000000e-02 1.3533000e+01
3.2808000e+05 4.4000000e-02 1.3510000e+01
3.2814000e+05 4.4000000e-02 1.3501000e+01
3.2820000e+05 4.4000000e-02 1.3497000e+01
3.2826000e+05 4.4000000e-02 1.3496000e+01
3.2832000e+05 4.4000000e-02 1.3481000e+01
3.2844000e+05 4.4000000e-02 1.3555000e+01
3.2850000e+05 4.4000000e-02 1.3579000e+01
3.2856000e+05 4.4000000e-02 1.3582000e+01
3.2862000e+05 4.4000000e-02 1.3548000e+01
3.2868000e+05 4.4000000e-02 1.3536000e+01
3.2874000e+05 4.4000000e-02 1.3547000e+01
3.2880000e+05 4.4000000e-02 1.3546000e+01
3.2886000e+05 4.4000000e-02 1.3555000e+01
3.2892000e+05 4.4000000e-02 1.3560000e+01
3.2898000e+05 4.4000000e-02 1.3711000e+01
3.2904000e+05 4.4000000e-02 1.3676000e+01
3.2916000e+05 4.4000000e-02 1.3680000e+01
3.2922000e+05 4.4000000e-02 1.3683000e+01
3.2928000e+05 4.4000000e-02 1.3689000e+01
3.2934000e+05 4.4000000e-02 1.3680000e+01
3.2940000e+05 4.4000000e-02 1.3665000e+01
3.2946000e+05 4.4000000e-02 1.3694000e+01
3.2952000e+05 4.4000000e-02 1.3677000e+01
3.2958000e+05 4.4000000e-02 1.3673000e+01
3.2964000e+05 4.4000000e-02 1.3629000e+01
3.2970000e+05 4.4000000e-02 1.3703000e+01
3.2976000e+05 4.4000000e-02 1.3655000e+01
3.2988000e+05 4.4000000e-02 1.4578000e+01
3.2994000e+05 4.4000000e-02 1.4555000e+01
3.3000000e+05 4.4000000e-02 1.4532000e+01
3.3006000e+05 4.4000000e-02 1.4511000e+01
3.3012000e+05 4.4000000e-02 1.4502000e+01
3.3018000e+05 4.4000000e-02 1.4485000e+01
3.3024000e+05 4.4000000e-02 1.4476000e+01
3.3030000e+05 4.4000000e-02 1.4477000e+01
3.3036000e+05 4.4000000e-02 1.4493000e+01
3.3042000e+05 4.4000000e-02 1.4515000e+01
3.3048000e+05 4.4000000e-02 1.4534000e+01
3.3060000e+05 4.4000000e-02 1.4552000e+01
3.3066000e+05 4.4000000e-02 1.4571000e+01
3.3072000e+05 4.4000000e-02 1.4544000e+01
3.3078000e+05 4.4000000e-02 1.4569000e+01
3.3084000e+05 4.4000000e-02 1.4696000e+01
3.3090000e+05 4.4000000e-02 1.5010000e+01
3.3096000e+05 4.4000000e-02 1.4632000e+01
3.3102000e+05 4.4000000e-02 1.4727000e+01
3.3108000e+05 4.4000000e-02 1.4659000e+01
3.3114000e+05 4.4000000e-02 1.4585000e+01
3.3120000e+05 4.4000000e-02 1.4558000e+01
3.3132000e+05 4.4000000e-02 1.4579000e+01
3.3138000e+05 4.4000000e-02 1.4592000e+01
3.3144000e+05 4.4000000e-02 1.4574000e+01
3.3150000e+05 4.4000000e-02 1.4532000e+01
3.3156000e+05 4.4000000e-02 1.4530000e+01
3.3162000e+05 4.4000000e-02 1.4486000e+01
3.3168000e+05 4.4000000e-02 1.4511000e+01
3.3174000e+05 4.4000000e-02 1.4533000e+01
3.3180000e+05 4.4000000e-02 1.4561000e+01
3.3186000e+05 4.4000000e-02 1.4602000e+01
3.3192000e+05 4.4000000e-02 1.4619000e+01
3.3204000e+05 4.4000000e-02 1.4595000e+01
3.3210000e+05 4.4000000e-02 1.4590000e+01
3.3216000e+05 4.4000000e-02 1.4643000e+01
3.3222000e+05 4.4000000e-02 1.4698000e+01
3.3228000e+05 4.4000000e-02 1.4712000e+01
3.3234000e+05 4.4000000e-02 1.4711000e+01
3.3240000e+05 4.4000000e-02 1.4660000e+01
3.3246000e+05 4.4000000e-02 1.4622000e+01
3.3252000e+05 4.4000000e-02 1.4577000e+01
3.3258000e+05 4.4000000e-02 1.4550000e+01
3.3264000e+05 4.4000000e-02 1.4517000e+01
3.3276000e+05 4.4000000e-02 1.4509000e+01
3.3282000e+05 4.4000000e-02 1.4496000e+01
3.3288000e+05 4.4000000e-02 1.4491000e+01
3.3294000e+05 4.4000000e-02 1.4463000e+01
3.3300000e+05 4.4000000e-02 1.4480000e+01
3.3306000e+05 4.4000000e-02 1.4468000e+01
3.3312000e+05 4.4000000e-02 1.4479000e+01
3.3318000e+05 4.4000000e-02 1.4467000e+01
3.3324000e+05 4.4000000e-02 1.4463000e+01
3.3330000e+05 4.4000000e-02 1.4478000e+01
3.3336000e+05 4.4000000e-02 1.4513000e+01
3.3348000e+05 4.4000000e-02 1.4585000e+01
3.3354000e+05 4.4000000e-02 1.4617000e+01
3.3360000e+05 4.4000000e-02 1.5048000e+01
3.3366000e+05 4.4000000e-02 1.4981000e+01
3.3372000e+05 4.4000000e-02 1.5292000e+01
3.3378000e+05 4.4000000e-02 1.5247000e+01
3.3384000e+05 4.4000000e-02 1.5124000e+01
3.3390000e+05 4.4000000e-02 1.5206000e+01
3.3396000e+05 4.4000000e-02 1.5260000e+01
3.3402000e+05 4.4000000e-02 1.4896000e+01
3.3408000e+05 4.4000000e-02 1.4805000e+01
3.3420000e+05 4.4000000e-02 1.4902000e+01
3.3426000e+05 4.4000000e-02 1.4964000e+01
3.3432000e+05 4.4000000e-02 1.4987000e+01
3.3438000e+05 4.4000000e-02 1.5016000e+01
3.3444000e+05 4.4000000e-02 1.4985000e+01
3.3450000e+05 4.4000000e-02 1.4939000e+01
3.3456000e+05 4.4000000e-02 1.4776000e+01
3.3462000e+05 4.4000000e-02 1.4686000e+01
3.3468000e+05 4.4000000e-02 1.4712000e+01
3.3474000e+05 4.4000000e-02 1.4733000e+01
3.3480000e+05 4.4000000e-02 1.4794000e+01
3.3492000e+05 4.4000000e-02 1.4931000e+01
3.3498000e+05 4.4000000e-02 1.5262000e+01
3.3504000e+05 4.4000000e-02 1.5035000e+01
3.3510000e+05 4.4000000e-02 1.4929000e+01
3.3516000e+05 4.4000000e-02 1.4936000e+01
3.3522000e+05 4.4000000e-02 1.4951000e+01
3.3528000e+05 4.4000000e-02 1.5003000e+01
3.3534000e+05 4.4000000e-02 1.4980000e+01
3.3540000e+05 4.4000000e-02 1.4905000e+01
3.3546000e+05 4.4000000e-02 1.4927000e+01
3.3552000e+05 4.4000000e-02 1.4940000e+01
3.3564000e+05 4.4000000e-02 1.5022000e+01
3.3570000e+05 4.4000000e-02 1.5042000e+01
3.3576000e+05 4.4000000e-02 1.5031000e+01
3.3582000e+05 4.4000000e-02 1.5012000e+01
3.3588000e+05 4.4000000e-02 1.4968000e+01
3.3594000e+05 4.4000000e-02 1.4938000e+01
3.3600000e+05 4.4000000e-02 1.4936000e+01
3.3606000e+05 4.4000000e-02 1.4925000e+01
3.3612000e+05 4.4000000e-02 1.4911000e+01
3.3618000e+05 4.4000000e-02 1.4904000e+01
3.3624000e+05 4.4000000e-02 1.4886000e+01
3.3636000e+05 4.4000000e-02 1.4832000e+01
3.3642000e+05 4.4000000e-02 1.4879000e+01
3.3648000e+05 4.4000000e-02 1.4946000e+01
3.3654000e+05 4.4000000e-02 1.5060000e+01
3.3660000e+05 4.4000000e-02 1.5125000e+01
3.3666000e+05 4.4000000e-02 1.5090000e+01
3.3672000e+05 4.4000000e-02 1.4990000e+01
3.3678000e+05 4.4000000e-02 1.4887000e+01
3.3684000e+05 4.4000000e-02 1.4863000e+01
3.3690000e+05 4.4000000e-02 1.4815000e+01
3.3696000e+05 4.4000000e-02 1.5065000e+01
3.3708000e+05 4.4000000e-02 1.5115000e+01
3.3714000e+05 4.4000000e-02 1.5115000e+01
3.3720000e+05 4.4000000e-02 1.5106000e+01
3.3726000e+05 4.4000000e-02 1.5047000e+01
3.3732000e+05 4.4000000e-02 1.4975000e+01
3.3738000e+05 4.4000000e-02 1.4841000e+01
3.3744000e+05 4.4000000e-02 1.4865000e+01
3.3750000e+05 4.4000000e-02 1.4853000e+01
3.3756000e+05 4.4000000e-02 1.4824000e+01
3.3762000e+05 4.4000000e-02 1.4826000e+01
3.3768000e+05 4.4000000e-02 1.4848000e+01
3.3780000e+05 4.4000000e-02 1.4943000e+01
3.3786000e+05 4.4000000e-02 1.4930000e+01
3.3792000e+05 4.4000000e-02 1.5028000e+01
3.3798000e+05 4.4000000e-02 1.5025000e+01
3.3804000e+05 4.4000000e-02 1.5041000e+01
3.3810000e+05 4.4000000e-02 1.5427000e+01
3.3816000e+05 4.4000000e-02 1.5398000e+01
3.3822000e+05 4.4000000e-02 1.5021000e+01
3.3828000e+05 4.4000000e-02 1.4828000e+01
3.3834000e+05 4.4000000e-02 1.4847000e+01
3.3840000e+05 4.4000000e-02 1.4839000e+01
3.3852000e+05 4.4000000e-02 1.5477000e+01
3.3858000e+05 4.4000000e-02 1.5458000e+01
3.3864000e+05 4.4000000e-02 1.5312000e+01
3.3870000e+05 4.4000000e-02 1.5367000e+01
3.3876000e+05 4.4000000e-02 1.5323000e+01
3.3882000e+05 4.4000000e-02 1.5259000e+01
3.3888000e+05 4.4000000e-02 1.5115000e+01
3.3894000e+05 4.4000000e-02 1.4978000e+01
3.3900000e+05 4.4000000e-02 1.5111000e+01
3.3906000e+05 4.4000000e-02 1.4947000e+01
3.3912000e+05 4.4000000e-02 1.5048000e+01
3.3924000e+05 4.4000000e-02 1.5053000e+01
3.3930000e+05 4.4000000e-02 1.5057000e+01
3.3936000e+05 4.4000000e-02 1.5021000e+01
3.3942000e+05 4.4000000e-02 1.5051000e+01
3.3948000e+05 4.4000000e-02 1.5051000e+01
3.3954000e+05 4.4000000e-02 1.5086000e+01
3.3960000e+05 4.4000000e-02 1.5229000e+01
3.3966000e+05 4.4000000e-02 1.5745000e+01
3.3972000e+05 4.4000000e-02 1.5541000e+01
3.3978000e+05 4.4000000e-02 1.5075000e+01
3.3984000e+05 4.4000000e-02 1.5219000e+01
3.3996000e+05 4.4000000e-02 1.5087000e+01
3.4002000e+05 4.4000000e-02 1.5603000e+01
3.4008000e+05 4.4000000e-02 1.5581000e+01
3.4014000e+05 4.4000000e-02 1.5546000e+01
3.4020000e+05 4.4000000e-02 1.5489000e+01
3.4026000e+05 4.4000000e-02 1.5386000e+01
3.4032000e+05 4.4000000e-02 1.5392000e+01
3.4038000e+05 4.4000000e-02 1.5355000e+01
3.4044000e+05 4.4000000e-02 1.5350000e+01
3.4050000e+05 4.4000000e-02 1.5357000e+01
3.4056000e+05 4.4000000e-02 1.5139000e+01
3.4068000e+05 4.4000000e-02 1.5395000e+01
3.4074000e+05 4.4000000e-02 1.5436000e+01
3.4080000e+05 4.4000000e-02 1.5444000e+01
3.4086000e+05 4.4000000e-02 1.5446000e+01
3.4092000e+05 4.4000000e-02 1.5470000e+01
3.4098000e+05 4.4000000e-02 1.5560000e+01
3.4104000e+05 4.4000000e-02 1.5808000e+01
3.4110000e+05 4.4000000e-02 1.5822000e+01
3.4116000e+05 4.4000000e-02 1.5644000e+01
3.4122000e+05 4.4000000e-02 1.5586000e+01
3.4128000e+05 4.4000000e-02 1.5505000e+01
3.4140000e+05 4.4000000e-02 1.5652000e+01
3.4146000e+05 4.4000000e-02 1.5668000e+01
3.4152000e+05 4.4000000e-02 1.5721000e+01
3.4158000e+05 4.4000000e-02 1.5622000e+01
3.4164000e+05 4.4000000e-02 1.5545000e+01
3.4170000e+05 4.4000000e-02 1.5529000e+01
3.4176000e+05 4.4000000e-02 1.5545000e+01
3.4182000e+05 4.4000000e-02 1.5518000e+01
3.4188000e+05 4.4000000e-02 1.5511000e+01
3.4194000e+05 4.4000000e-02 1.5502000e+01
3.4200000e+05 4.4000000e-02 1.5460000e+01
3.4212000e+05 4.4000000e-02 1.5545000e+01
3.4218000e+05 4.4000000e-02 1.5567000e+01
3.4224000e+05 4.4000000e-02 1.5665000e+01
3.4230000e+05 4.4000000e-02 1.5489000e+01
3.4236000e+05 4.4000000e-02 1.5375000e+01
3.4242000e+05 4.4000000e-02 1.5370000e+01
3.4248000e+05 4.4000000e-02 1.5339000e+01
3.4254000e+05 4.4000000e-02 1.5850000e+01
3.4260000e+05 4.4000000e-02 1.5927000e+01
3.4266000e+05 4.4000000e-02 1.5658000e+01
3.4272000e+05 4.4000000e-02 1.5492000e+01
3.4284000e+05 4.4000000e-02 1.5629000e+01
3.4290000e+05 4.4000000e-02 1.5556000e+01
3.4296000e+05 4.4000000e-02 1.5378000e+01
3.4302000e+05 4.4000000e-02 1.5456000e+01
3.4308000e+05 4.4000000e-02 1.5553000e+01
3.4314000e+05 4.4000000e-02 1.5467000e+01
3.4320000e+05 4.4000000e-02 1.5486000e+01
3.4326000e+05 4.4000000e-02 1.5417000e+01
3.4332000e+05 4.4000000e-02 1.5271000e+01
3.4338000e+05 4.4000000e-02 1.5257000e+01
3.4344000e+05 4.4000000e-02 1.5329000e+01
3.4356000e+05 4.4000000e-02 1.5316000e+01
3.4362000e+05 4.4000000e-02 1.5428000e+01
3.4368000e+05 4.4000000e-02 1.5421000e+01
3.4374000e+05 4.4000000e-02 1.5496000e+01
3.4380000e+05 4.4000000e-02 1.5518000e+01
3.4386000e+05 4.4000000e-02 1.5450000e+01
3.4392000e+05 4.4000000e-02 1.5402000e+01
3.4398000e+05 4.4000000e-02 1.5773000e+01
3.4404000e+05 4.4000000e-02 1.5896000e+01
3.4410000e+05 4.4000000e-02 1.6052000e+01
3.4416000e+05 4.4000000e-02 1.5444000e+01
3.4428000e+05 4.4000000e-02 1.5315000e+01
3.4434000e+05 4.4000000e-02 1.5386000e+01
3.4440000e+05 4.4000000e-02 1.5469000e+01
3.4446000e+05 4.4000000e-02 1.5558000e+01
3.4452000e+05 4.4000000e-02 1.5639000e+01
3.4458000e+05 4.4000000e-02 1.5635000e+01
3.4464000e+05 4.4000000e-02 1.5651000e+01
3.4470000e+05 4.4000000e-02 1.5743000e+01
3.4476000e+05 4.4000000e-02 1.5494000e+01
3.4482000e+05 4.4000000e-02 1.5574000e+01
3.4488000e+05 4.4000000e-02 1.5520000e+01
3.4500000e+05 4.4000000e-02 1.5478000e+01
3.4506000e+05 4.4000000e-02 1.5579000e+01
3.4512000e+05 4.4000000e-02 1.5680000e+01
3.4518000e+05 4.4000000e-02 1.5620000e+01
3.4524000e+05 4.4000000e-02 1.5556000e+01
3.4530000e+05 4.4000000e-02 1.5414000e+01
3.4536000e+05 4.4000000e-02 1.5431000e+01
3.4542000e+05 4.4000000e-02 1.5311000e+01
3.4548000e+05 4.4000000e-02 1.5326000e+01
3.4554000e+05 4.4000000e-02 1.5654000e+01
3.4560000e+05 4.4000000e-02 1.5416000e+01
3.4572000e+05 4.4000000e-02 1.5439000e+01
3.4578000e+05 4.4000000e-02 1.5511000e+01
3.4584000e+05 4.4000000e-02 1.5479000e+01
3.4590000e+05 4.4000000e-02 1.5375000e+01
3.4596000e+05 4.4000000e-02 1.5355000e+01
3.4602000e+05 4.4000000e-02 1.5490000e+01
3.4608000e+05 4.4000000e-02 1.5472000e+01
3.4614000e+05 4.4000000e-02 1.5512000e+01
3.4620000e+05 4.4000000e-02 1.5471000e+01
3.4626000e+05 4.4000000e-02 1.5475000e+01
3.4632000e+05 4.4000000e-02 1.5479000e+01
3.4644000e+05 4.4000000e-02 1.5491000e+01
3.4650000e+05 4.4000000e-02 1.5501000e+01
3.4656000e+05 4.4000000e-02 1.5524000e+01
3.4662000e+05 4.4000000e-02 1.5570000e+01
3.4668000e+05 4.4000000e-02 1.5668000e+01
3.4674000e+05 4.4000000e-02 1.5610000e+01
3.4680000e+05 4.4000000e-02 1.5776000e+01
3.4686000e+05 4.4000000e-02 1.5830000e+01
3.4692000e+05 4.4000000e-02 1.6192000e+01
3.4698000e+05 4.4000000e-02 1.6072000e+01
3.4704000e+05 4.4000000e-02 1.5702000e+01
3.4716000e+05 4.4000000e-02 1.5769000e+01
3.4722000e+05 4.4000000e-02 1.5798000e+01
3.4728000e+05 4.4000000e-02 1.5644000e+01
3.4734000e+05 4.4000000e-02 1.5621000e+01
3.4740000e+05 4.4000000e-02 1.5922000e+01
3.4746000e+05 4.4000000e-02 1.5877000e+01
3.4752000e+05 4.4000000e-02 1.5822000e+01
3.4758000e+05 4.4000000e-02 1.5793000e+01
3.4764000e+05 4.4000000e-02 1.5808000e+01
3.4770000e+05 4.4000000e-02 1.5799000e+01
3.4776000e+05 4.4000000e-02 1.5678000e+01
3.4788000e+05 4.4000000e-02 1.5608000e+01
3.4794000e+05 4.4000000e-02 1.5719000e+01
3.4800000e+05 4.4000000e-02 1.5726000e+01
3.4806000e+05 4.4000000e-02 1.5866000e+01
3.4812000e+05 4.4000000e-02 1.6028000e+01
3.4818000e+05 4.4000000e-02 1.5899000e+01
3.4824000e+05 4.4000000e-02 1.5952000e+01
3.4830000e+05 4.4000000e-02 1.5964000e+01
3.4836000e+05 4.4000000e-02 1.5845000e+01
3.4842000e+05 4.4000000e-02 1.5889000e+01
3.4848000e+05 4.4000000e-02 1.5849000e+01
3.4860000e+05 4.4000000e-02 1.5857000e+01
3.4866000e+05 4.4000000e-02 1.5813000e+01
3.4872000e+05 4.4000000e-02 1.5768000e+01
3.4878000e+05 4.4000000e-02 1.5740000e+01
3.4884000e+05 4.4000000e-02 1.5704000e+01
3.4890000e+05 4.4000000e-02 1.5692000e+01
3.4896000e+05 4.4000000e-02 1.5676000e+01
3.4902000e+05 4.4000000e-02 1.5668000e+01
3.4908000e+05 4.4000000e-02 1.5665000e+01
3.4914000e+05 4.4000000e-02 1.5650000e+01
3.4920000e+05 4.4000000e-02 1.5628000e+01
3.4932000e+05 4.4000000e-02 1.5619000e+01
3.4938000e+05 4.4000000e-02 1.5685000e+01
3.4944000e+05 4.4000000e-02 1.5827000e+01
3.4950000e+05 4.4000000e-02 1.5799000e+01
3.4956000e+05 4.4000000e-02 1.5792000e+01
3.4962000e+05 4.4000000e-02 1.5781000e+01
3.4968000e+05 4.4000000e-02 1.5768000e+01
3.4974000e+05 4.4000000e-02 1.5749000e+01
3.4980000e+05 4.4000000e-02 1.5732000e+01
3.4986000e+05 4.4000000e-02 1.5686000e+01
3.4992000e+05 4.4000000e-02 1.5663000e+01
3.5004000e+05 4.4000000e-02 1.5597000e+01
3.5010000e+05 4.4000000e-02 1.5563000e+01
3.5016000e+05 4.4000000e-02 1.5538000e+01
3.5022000e+05 4.4000000e-02 1.5515000e+01
3.5028000e+05 4.4000000e-02 1.5524000e+01
3.5034000e+05 4.4000000e-02 1.5501000e+01
3.5040000e+05 4.4000000e-02 1.5485000e+01
3.5046000e+05 4.4000000e-02 1.5467000e+01
3.5052000e+05 4.4000000e-02 1.5442000e+01
3.5058000e+05 4.4000000e-02 1.5440000e+01
3.5064000e+05 4.4000000e-02 1.5438000e+01
3.5076000e+05 4.4000000e-02 1.5401000e+01
3.5082000e+05 4.4000000e-02 1.5453000e+01
3.5088000e+05 4.4000000e-02 1.5517000e+01
3.5094000e+05 4.4000000e-02 1.5470000e+01
3.5100000e+05 4.4000000e-02 1.5317000e+01
3.5106000e+05 4.4000000e-02 1.5183000e+01
3.5112000e+05 4.4000000e-02 1.5146000e+01
3.5118000e+05 4.4000000e-02 1.5219000e+01
3.5124000e+05 4.4000000e-02 1.5227000e+01
3.5130000e+05 4.4000000e-02 1.5263000e+01
3.5136000e+05 4.4000000e-02 1.5266000e+01
3.5148000e+05 4.4000000e-02 1.5241000e+01
3.5154000e+05 4.4000000e-02 1.5222000e+01
3.5160000e+05 4.4000000e-02 1.5191000e+01
3.5166000e+05 4.4000000e-02 1.5180000e+01
3.5172000e+05 4.4000000e-02 1.5177000e+01
3.5178000e+05 4.4000000e-02 1.5185000e+01
3.5184000e+05 4.4000000e-02 1.5171000e+01
3.5190000e+05 4.4000000e-02 1.5155000e+01
3.5196000e+05 4.4000000e-02 1.5160000e+01
3.5202000e+05 4.4000000e-02 1.5159000e+01
3.5208000e+05 4.4000000e-02 1.5166000e+01
3.5220000e+05 4.4000000e-02 1.5202000e+01
3.5226000e+05 4.4000000e-02 1.5204000e+01
3.5232000e+05 4.4000000e-02 1.5169000e+01
3.5238000e+05 4.4000000e-02 1.5160000e+01
3.5244000e+05 4.4000000e-02 1.5164000e+01
3.5250000e+05 4.4000000e-02 1.5140000e+01
3.5256000e+05 4.4000000e-02 1.5135000e+01
3.5262000e+05 4.4000000e-02 1.5135000e+01
3.5268000e+05 4.4000000e-02 1.5147000e+01
3.5274000e+05 4.4000000e-02 1.5142000e+01
3.5280000e+05 4.4000000e-02 1.5114000e+01
3.5292000e+05 4.4000000e-02 1.5067000e+01
3.5298000e+05 4.4000000e-02 1.5058000e+01
3.5304000e+05 4.4000000e-02 1.5052000e+01
3.5310000e+05 4.4000000e-02 1.5023000e+01
3.5316000e+05 4.4000000e-02 1.4997000e+01
3.5322000e+05 4.4000000e-02 1.4938000e+01
3.5328000e+05 4.4000000e-02 1.4945000e+01
3.5334000e+05 4.4000000e-02 1.4949000e+01
3.5340000e+05 4.4000000e-02 1.4940000e+01
3.5346000e+05 4.4000000e-02 1.4930000e+01
3.5352000e+05 4.4000000e-02 1.4917000e+01
3.5364000e+05 4.4000000e-02 1.4880000e+01
3.5370000e+05 4.4000000e-02 1.4874000e+01
3.5376000e+05 4.4000000e-02 1.4845000e+01
3.5382000e+05 4.4000000e-02 1.4833000e+01
3.5388000e+05 4.4000000e-02 1.4813000e+01
3.5394000e+05 4.4000000e-02 1.4797000e+01
3.5400000e+05 4.4000000e-02 1.4788000e+01
3.5406000e+05 4.4000000e-02 1.4762000e+01
3.5412000e+05 4.4000000e-02 1.4763000e+01
3.5418000e+05 4.4000000e-02 1.4744000e+01
3.5424000e+05 4.4000000e-02 1.4739000e+01
3.5436000e+05 4.4000000e-02 1.4705000e+01
3.5442000e+05 4.4000000e-02 1.4652000e+01
3.5448000e+05 4.4000000e-02 1.4610000e+01
3.5454000e+05 4.4000000e-02 1.4567000e+01
3.5460000e+05 4.4000000e-02 1.4488000e+01
3.5466000e+05 4.4000000e-02 1.4395000e+01
3.5472000e+05 4.4000000e-02 1.4240000e+01
3.5478000e+05 4.4000000e-02 1.4178000e+01
3.5484000e+05 4.4000000e-02 1.4364000e+01
3.5490000e+05 4.4000000e-02 1.4378000e+01
3.5496000e+05 4.4000000e-02 1.4334000e+01
3.5508000e+05 4.4000000e-02 1.4194000e+01
3.5514000e+05 4.4000000e-02 1.4153000e+01
3.5520000e+05 4.4000000e-02 1.4209000e+01
3.5526000e+05 4.4000000e-02 1.4273000e+01
3.5532000e+05 4.4000000e-02 1.4301000e+01
3.5538000e+05 4.4000000e-02 1.4307000e+01
3.5544000e+05 4.4000000e-02 1.4293000e+01
3.5550000e+05 4.4000000e-02 1.4276000e+01
3.5556000e+05 4.4000000e-02 1.4290000e+01
3.5562000e+05 4.4000000e-02 1.4296000e+01
3.5568000e+05 4.4000000e-02 1.4279000e+01
3.5580000e+05 4.4000000e-02 1.4216000e+01
3.5586000e+05 4.4000000e-02 1.4219000e+01
3.5592000e+05 4.4000000e-02 1.4181000e+01
3.5598000e+05 4.4000000e-02 1.4170000e+01
3.5604000e+05 4.4000000e-02 1.4150000e+01
3.5610000e+05 4.4000000e-02 1.4149000e+01
3.5616000e+05 4.4000000e-02 1.4130000e+01
3.5622000e+05 4.4000000e-02 1.4111000e+01
3.5628000e+05 4.4000000e-02 1.4114000e+01
3.5634000e+05 4.4000000e-02 1.4112000e+01
3.5640000e+05 4.4000000e-02 1.4131000e+01
3.5652000e+05 4.4000000e-02 1.4130000e+01
3.5658000e+05 4.4000000e-02 1.4148000e+01
3.5664000e+05 4.4000000e-02 1.4132000e+01
3.5670000e+05 4.4000000e-02 1.4123000e+01
3.5676000e+05 4.4000000e-02 1.4081000e+01
3.5682000e+05 4.4000000e-02 1.4054000e+01
3.5688000e+05 4.4000000e-02 1.4037000e+01
3.5694000e+05 4.4000000e-02 1.3994000e+01
3.5700000e+05 4.4000000e-02 1.3967000e+01
3.5706000e+05 4.4000000e-02 1.3943000e+01
3.5712000e+05 4.4000000e-02 1.3932000e+01
3.5724000e+05 4.4000000e-02 1.3886000e+01
3.5730000e+05 4.4000000e-02 1.3866000e+01
3.5736000e+05 4.4000000e-02 1.3842000e+01
3.5742000e+05 4.4000000e-02 1.3820000e+01
3.5748000e+05 4.4000000e-02 1.3817000e+01
3.5754000e+05 4.4000000e-02 1.3799000e+01
3.5760000e+05 4.4000000e-02 1.3730000e+01
3.5766000e+05 4.4000000e-02 1.3726000e+01
3.5772000e+05 4.4000000e-02 1.3688000e+01
3.5778000e+05 4.4000000e-02 1.3681000e+01
3.5784000e+05 4.4000000e-02 1.3668000e+01
3.5796000e+05 4.4000000e-02 1.3665000e+01
3.5802000e+05 4.4000000e-02 1.3641000e+01
3.5808000e+05 4.4000000e-02 1.3615000e+01
3.5814000e+05 4.4000000e-02 1.3591000e+01
3.5820000e+05 4.4000000e-02 1.3566000e+01
3.5826000e+05 4.4000000e-02 1.3559000e+01
3.5832000e+05 4.4000000e-02 1.3540000e+01
3.5838000e+05 4.4000000e-02 1.3538000e+01
3.5844000e+05 4.4000000e-02 1.3511000e+01
3.5850000e+05 4.4000000e-02 1.3551000e+01
3.5856000e+05 4.4000000e-02 1.3561000e+01
3.5868000e+05 4.4000000e-02 1.3540000e+01
3.5874000e+05 4.4000000e-02 1.3512000e+01
3.5880000e+05 4.4000000e-02 1.3491000e+01
3.5886000e+05 4.4000000e-02 1.3472000e+01
3.5892000e+05 4.4000000e-02 1.3464000e+01
3.5898000e+05 4.4000000e-02 1.3466000e+01
3.5904000e+05 4.4000000e-02 1.3474000e+01
3.5910000e+05 4.4000000e-02 1.3469000e+01
3.5916000e+05 4.4000000e-02 1.3464000e+01
3.5922000e+05 4.4000000e-02 1.3435000e+01
3.5928000e+05 4.4000000e-02 1.3439000e+01
3.5940000e+05 4.4000000e-02 1.3436000e+01
3.5946000e+05 4.4000000e-02 1.3438000e+01
3.5952000e+05 4.4000000e-02 1.3440000e+01
3.5958000e+05 4.4000000e-02 1.3459000e+01
3.5964000e+05 4.4000000e-02 1.3447000e+01
3.5970000e+05 4.4000000e-02 1.3449000e+01
3.5976000e+05 4.4000000e-02 1.3430000e+01
3.5982000e+05 4.4000000e-02 1.3419000e+01
3.5988000e+05 4.4000000e-02 1.3407000e+01
3.5994000e+05 4.4000000e-02 1.3390000e+01
3.6000000e+05 4.4000000e-02 1.3388000e+01
3.6012000e+05 4.4000000e-02 1.3369000e+01
3.6018000e+05 4.4000000e-02 1.3348000e+01
3.6024000e+05 4.4000000e-02 1.3337000e+01
3.6030000e+05 4.4000000e-02 1.3341000e+01
3.6036000e+05 4.4000000e-02 1.3323000e+01
3.6042000e+05 4.4000000e-02 1.3308000e+01
3.6048000e+05 4.4000000e-02 1.3290000e+01
3.6054000e+05 4.4000000e-02 1.3279000e+01
3.6060000e+05 4.4000000e-02 1.3265000e+01
3.6066000e+05 4.4000000e-02 1.3271000e+01
3.6072000e+05 4.4000000e-02 1.3263000e+01
3.6084000e+05 4.4000000e-02 1.3313000e+01
3.6090000e+05 4.4000000e-02 1.3323000e+01
3.6096000e+05 4.4000000e-02 1.3321000e+01
3.6102000e+05 4.4000000e-02 1.3323000e+01
3.6108000e+05 4.4000000e-02 1.3318000e+01
3.6114000e+05 4.4000000e-02 1.3320000e+01
3.6120000e+05 4.4000000e-02 1.3324000e+01
3.6126000e+05 4.4000000e-02 1.3302000e+01
3.6132000e+05 4.4000000e-02 1.3286000e+01
3.6138000e+05 4.4000000e-02 1.3274000e+01
3.6144000e+05 4.4000000e-02 1.3240000e+01
3.6156000e+05 4.4000000e-02 1.3245000e+01
3.6162000e+05 4.4000000e-02 1.3250000e+01
3.6168000e+05 4.4000000e-02 1.3250000e+01
3.6174000e+05 4.4000000e-02 1.3231000e+01
3.6180000e+05 4.4000000e-02 1.3237000e+01
3.6186000e+05 4.4000000e-02 1.3201000e+01
3.6192000e+05 4.4000000e-02 1.3189000e+01
3.6198000e+05 4.4000000e-02 1.3190000e+01
3.6204000e+05 4.4000000e-02 1.3175000e+01
3.6210000e+05 4.4000000e-02 1.3171000e+01
3.6216000e+05 4.4000000e-02 1.3172000e+01
3.6228000e+05 4.4000000e-02 1.3193000e+01
3.6234000e+05 4.4000000e-02 1.3199000e+01
3.6240000e+05 4.4000000e-02 1.3204000e+01
3.6246000e+05 4.4000000e-02 1.3207000e+01
3.6252000e+05 4.4000000e-02 1.3210000e+01
3.6258000e+05 4.4000000e-02 1.3227000e+01
3.6264000e+05 4.4000000e-02 1.3253000e+01
3.6270000e+05 4.4000000e-02 1.3314000e+01
3.6276000e+05 4.4000000e-02 1.3347000e+01
3.6282000e+05 4.4000000e-02 1.3353000e+01
3.6288000e+05 4.4000000e-02 1.3321000e+01
3.6300000e+05 4.4000000e-02 1.3281000e+01
3.6306000e+05 4.4000000e-02 1.3237000e+01
3.6312000e+05 4.4000000e-02 1.3201000e+01
3.6318000e+05 4.4000000e-02 1.3188000e+01
3.6324000e+05 4.4000000e-02 1.3190000e+01
3.6330000e+05 4.4000000e-02 1.3183000e+01
3.6336000e+05 4.4000000e-02 1.3180000e+01
3.6342000e+05 4.4000000e-02 1.3176000e+01
3.6348000e+05 4.4000000e-02 1.3175000e+01
3.6396000e+05 4.4000000e-02 1.3251000e+01
3.6402000e+05 4.4000000e-02 1.3249000e+01
3.6408000e+05 4.4000000e-02 1.3236000e+01
3.6414000e+05 4.4000000e-02 1.3230000e+01
3.6420000e+05 4.4000000e-02 1.3215000e+01
3.6426000e+05 4.4000000e-02 1.3205000e+01
3.6432000e+05 4.4000000e-02 1.3189000e+01
3.6444000e+05 4.4000000e-02 1.3131000e+01
3.6450000e+05 4.4000000e-02 1.3089000e+01
3.6456000e+05 4.4000000e-02 1.3075000e+01
3.6462000e+05 4.4000000e-02 1.3055000e+01
3.6468000e+05 4.4000000e-02 1.3030000e+01
3.6474000e+05 4.4000000e-02 1.3017000e+01
3.6480000e+05 4.4000000e-02 1.3019000e+01
3.6486000e+05 4.4000000e-02 1.3037000e+01
3.6492000e+05 4.4000000e-02 1.3071000e+01
3.6498000e+05 4.4000000e-02 1.3070000e+01
3.6504000e+05 4.4000000e-02 1.3074000e+01
3.6516000e+05 4.4000000e-02 1.3071000e+01
3.6522000e+05 4.4000000e-02 1.3080000e+01
3.6528000e+05 4.4000000e-02 1.3091000e+01
3.6534000e+05 4.4000000e-02 1.3088000e+01
3.6540000e+05 4.4000000e-02 1.3100000e+01
3.6546000e+05 4.4000000e-02 1.3110000e+01
3.6552000e+05 4.4000000e-02 1.3118000e+01
3.6558000e+05 4.4000000e-02 1.3116000e+01
3.6564000e+05 4.4000000e-02 1.3096000e+01
3.6570000e+05 4.4000000e-02 1.3090000e+01
3.6576000e+05 4.4000000e-02 1.3080000e+01
3.6588000e+05 4.4000000e-02 1.3091000e+01
3.6594000e+05 4.4000000e-02 1.3101000e+01
3.6600000e+05 4.4000000e-02 1.3102000e+01
3.6606000e+05 4.4000000e-02 1.3098000e+01
3.6612000e+05 4.4000000e-02 1.3096000e+01
3.6618000e+05 4.4000000e-02 1.3086000e+01
3.6624000e+05 4.4000000e-02 1.3084000e+01
3.6630000e+05 4.4000000e-02 1.3077000e+01
3.6636000e+05 4.4000000e-02 1.3077000e+01
3.6642000e+05 4.4000000e-02 1.3083000e+01
3.6648000e+05 4.4000000e-02 1.3085000e+01
3.6660000e+05 4.4000000e-02 1.3115000e+01
3.6666000e+05 4.4000000e-02 1.3129000e+01
3.6672000e+05 4.4000000e-02 1.3144000e+01
3.6678000e+05 4.4000000e-02 1.3140000e+01
3.6684000e+05 4.4000000e-02 1.3130000e+01
3.6690000e+05 4.4000000e-02 1.3107000e+01
3.6696000e+05 4.4000000e-02 1.3102000e+01
3.6702000e+05 4.4000000e-02 1.3090000e+01
3.6708000e+05 4.4000000e-02 1.3078000e+01
3.6714000e+05 4.4000000e-02 1.3075000e+01
3.6720000e+05 4.4000000e-02 1.3069000e+01
3.6732000e+05 4.4000000e-02 1.3049000e+01
3.6738000e+05 4.4000000e-02 1.3048000e+01
3.6744000e+05 4.4000000e-02 1.3034000e+01
3.6750000e+05 4.4000000e-02 1.3026000e+01
3.6756000e+05 4.4000000e-02 1.3021000e+01
3.6762000e+05 4.4000000e-02 1.3012000e+01
3.6768000e+05 4.4000000e-02 1.3007000e+01
3.6774000e+05 4.4000000e-02 1.3007000e+01
3.6780000e+05 4.4000000e-02 1.3007000e+01
3.6786000e+05 4.4000000e-02 1.3015000e+01
3.6792000e+05 4.4000000e-02 1.3024000e+01
3.6804000e+05 4.4000000e-02 1.3036000e+01
3.6810000e+05 4.4000000e-02 1.3031000e+01
3.6816000e+05 4.4000000e-02 1.3035000e+01
3.6822000e+05 4.4000000e-02 1.3033000e+01
3.6828000e+05 4.4000000e-02 1.3050000e+01
3.6834000e+05 4.4000000e-02 1.3116000e+01
3.6840000e+05 4.4000000e-02 1.3115000e+01
3.6846000e+05 4.4000000e-02 1.3091000e+01
3.6852000e+05 4.4000000e-02 1.3059000e+01
3.6858000e+05 4.4000000e-02 1.3050000e+01
3.6864000e+05 4.4000000e-02 1.3031000e+01
3.6876000e+05 4.4000000e-02 1.2977000e+01
3.6882000e+05 4.4000000e-02 1.2967000e+01
3.6888000e+05 4.4000000e-02 1.2936000e+01
3.6894000e+05 4.4000000e-02 1.2940000e+01
3.6900000e+05 4.4000000e-02 1.2912000e+01
3.6906000e+05 4.4000000e-02 1.2902000e+01
3.6912000e+05 4.4000000e-02 1.2880000e+01
3.6918000e+05 4.4000000e-02 1.2877000e+01
3.6924000e+05 4.4000000e-02 1.2872000e+01
3.6930000e+05 4.4000000e-02 1.2872000e+01
3.6936000e+05 4.4000000e-02 1.2871000e+01
3.6948000e+05 4.4000000e-02 1.2859000e+01
3.6954000e+05 4.4000000e-02 1.2856000e+01
3.6960000e+05 4.4000000e-02 1.2846000e+01
3.6966000e+05 4.4000000e-02 1.2830000e+01
3.6972000e+05 4.4000000e-02 1.2832000e+01
3.6978000e+05 4.4000000e-02 1.2825000e+01
3.6984000e+05 4.4000000e-02 1.2812000e+01
3.6990000e+05 4.4000000e-02 1.2798000e+01
3.6996000e+05 4.4000000e-02 1.2798000e+01
3.7002000e+05 4.4000000e-02 1.2787000e+01
3.7008000e+05 4.4000000e-02 1.2775000e+01
3.7020000e+05 4.4000000e-02 1.2756000e+01
3.7026000e+05 4.4000000e-02 1.2762000e+01
3.7032000e+05 4.4000000e-02 1.2760000e+01
3.7038000e+05 4.4000000e-02 1.2742000e+01
3.7044000e+05 4.4000000e-02 1.2728000e+01
3.7050000e+05 4.4000000e-02 1.2699000e+01
3.7056000e+05 4.4000000e-02 1.2676000e+01
3.7062000e+05 4.4000000e-02 1.2701000e+01
3.7068000e+05 4.4000000e-02 1.2715000e+01
3.7074000e+05 4.4000000e-02 1.2717000e+01
3.7080000e+05 4.4000000e-02 1.2718000e+01
3.7092000e+05 4.4000000e-02 1.2734000e+01
3.7098000e+05 4.4000000e-02 1.2742000e+01
3.7104000e+05 4.4000000e-02 1.2772000e+01
3.7110000e+05 4.4000000e-02 1.2792000e+01
3.7116000e+05 4.4000000e-02 1.2809000e+01
3.7122000e+05 4.4000000e-02 1.2767000e+01
3.7128000e+05 4.4000000e-02 1.2719000e+01
3.7134000e+05 4.4000000e-02 1.2711000e+01
3.7140000e+05 4.4000000e-02 1.2703000e+01
3.7146000e+05 4.4000000e-02 1.2698000e+01
3.7152000e+05 4.4000000e-02 1.2704000e+01
3.7164000e+05 4.4000000e-02 1.2707000e+01
3.7170000e+05 4.4000000e-02 1.2703000e+01
3.7176000e+05 4.4000000e-02 1.2697000e+01
3.7182000e+05 4.4000000e-02 1.2695000e+01
3.7188000e+05 4.4000000e-02 1.2695000e+01
3.7194000e+05 4.4000000e-02 1.2685000e+01
3.7200000e+05 4.4000000e-02 1.2670000e+01
3.7206000e+05 4.4000000e-02 1.2668000e+01
3.7212000e+05 4.4000000e-02 1.2663000e+01
3.7218000e+05 4.4000000e-02 1.2667000e+01
3.7224000e+05 4.4000000e-02 1.2666000e+01
3.7236000e+05 4.4000000e-02 1.2677000e+01
3.7242000e+05 4.4000000e-02 1.2693000e+01
3.7248000e+05 4.4000000e-02 1.2696000e+01
3.7254000e+05 4.4000000e-02 1.2702000e+01
3.7260000e+05 4.4000000e-02 1.2695000e+01
3.7266000e+05 4.4000000e-02 1.2720000e+01
3.7272000e+05 4.4000000e-02 1.2773000e+01
3.7278000e+05 4.4000000e-02 1.2726000e+01
3.7284000e+05 4.4000000e-02 1.2712000e+01
3.7290000e+05 4.4000000e-02 1.2701000e+01
3.7296000e+05 4.4000000e-02 1.2686000e+01
3.7308000e+05 4.4000000e-02 1.2659000e+01
3.7314000e+05 4.4000000e-02 1.2657000e+01
3.7320000e+05 4.4000000e-02 1.2647000e+01
3.7326000e+05 4.4000000e-02 1.2622000e+01
3.7332000e+05 4.4000000e-02 1.2603000e+01
3.7338000e+05 4.4000000e-02 1.2593000e+01
3.7344000e+05 4.4000000e-02 1.2578000e+01
3.7350000e+05 4.4000000e-02 1.2557000e+01
3.7356000e+05 4.4000000e-02 1.2564000e+01
3.7410000e+05 4.4000000e-02 1.2658000e+01
3.7416000e+05 4.4000000e-02 1.2665000e+01
3.7422000e+05 4.4000000e-02 1.2701000e+01
3.7428000e+05 4.4000000e-02 1.2694000e+01
3.7434000e+05 4.4000000e-02 1.2651000e+01
3.7440000e+05 4.4000000e-02 1.2712000e+01
3.7452000e+05 4.4000000e-02 1.2699000e+01
3.7458000e+05 4.4000000e-02 1.2659000e+01
3.7464000e+05 4.4000000e-02 1.2620000e+01
3.7470000e+05 4.4000000e-02 1.2605000e+01
3.7476000e+05 4.4000000e-02 1.2595000e+01
3.7482000e+05 4.4000000e-02 1.2589000e+01
3.7488000e+05 4.4000000e-02 1.2571000e+01
3.7494000e+05 4.4000000e-02 1.2571000e+01
3.7500000e+05 4.4000000e-02 1.2565000e+01
3.7506000e+05 4.4000000e-02 1.2559000e+01
3.7512000e+05 4.4000000e-02 1.2559000e+01
3.7524000e+05 4.4000000e-02 1.2601000e+01
3.7530000e+05 4.4000000e-02 1.2608000e+01
3.7536000e+05 4.4000000e-02 1.2643000e+01
3.7542000e+05 4.4000000e-02 1.2616000e+01
3.7548000e+05 4.4000000e-02 1.2662000e+01
3.7554000e+05 4.4000000e-02 1.2671000e+01
3.7560000e+05 4.4000000e-02 1.2686000e+01
3.7566000e+05 4.4000000e-02 1.2703000e+01
3.7572000e+05 4.4000000e-02 1.2729000e+01
3.7578000e+05 4.4000000e-02 1.2689000e+01
3.7584000e+05 4.4000000e-02 1.2683000e+01
3.7596000e+05 4.4000000e-02 1.2654000e+01
3.7602000e+05 4.4000000e-02 1.2634000e+01
3.7608000e+05 4.4000000e-02 1.2615000e+01
3.7614000e+05 4.4000000e-02 1.2597000e+01
3.7620000e+05 4.4000000e-02 1.2568000e+01
3.7626000e+05 4.4000000e-02 1.2551000e+01
3.7632000e+05 4.4000000e-02 1.2537000e+01
3.7638000e+05 4.4000000e-02 1.2511000e+01
3.7644000e+05 4.4000000e-02 1.2490000e+01
3.7650000e+05 4.4000000e-02 1.2502000e+01
3.7656000e+05 4.4000000e-02 1.2525000e+01
3.7668000e+05 4.4000000e-02 1.2554000e+01
3.7674000e+05 4.4000000e-02 1.2558000e+01
3.7680000e+05 4.4000000e-02 1.2558000e+01
3.7686000e+05 4.4000000e-02 1.2554000e+01
3.7692000e+05 4.4000000e-02 1.2562000e+01
3.7698000e+05 4.4000000e-02 1.2547000e+01
3.7704000e+05 4.4000000e-02 1.2578000e+01
3.7710000e+05 4.4000000e-02 1.2578000e+01
3.7716000e+05 4.4000000e-02 1.2588000e+01
3.7722000e+05 4.4000000e-02 1.2551000e+01
3.7728000e+05 4.4000000e-02 1.2534000e+01
3.7740000e+05 4.4000000e-02 1.2493000e+01
3.7746000e+05 4.4000000e-02 1.2464000e+01
3.7752000e+05 4.4000000e-02 1.2444000e+01
3.7758000e+05 4.4000000e-02 1.2422000e+01
3.7764000e+05 4.4000000e-02 1.2420000e+01
3.7770000e+05 4.4000000e-02 1.2411000e+01
3.7776000e+05 4.4000000e-02 1.2406000e+01
3.7782000e+05 4.4000000e-02 1.2406000e+01
3.7788000e+05 4.4000000e-02 1.2402000e+01
3.7794000e+05 4.4000000e-02 1.2406000e+01
3.7800000e+05 4.4000000e-02 1.2413000e+01
3.7812000e+05 4.4000000e-02 1.2460000e+01
3.7818000e+05 4.4000000e-02 1.2475000e+01
3.7824000e+05 4.4000000e-02 1.2511000e+01
3.7830000e+05 4.4000000e-02 1.2469000e+01
3.7836000e+05 4.4000000e-02 1.2517000e+01
3.7842000e+05 4.4000000e-02 1.2492000e+01
3.7848000e+05 4.4000000e-02 1.2484000e+01
3.7854000e+05 4.4000000e-02 1.2480000e+01
3.7860000e+05 4.4000000e-02 1.2476000e+01
3.7866000e+05 4.4000000e-02 1.2463000e+01
3.7872000e+05 4.4000000e-02 1.2453000e+01
3.7884000e+05 4.4000000e-02 1.2434000e+01
3.7890000e+05 4.4000000e-02 1.2429000e+01
3.7896000e+05 4.4000000e-02 1.2413000e+01
3.7902000e+05 4.4000000e-02 1.2414000e+01
3.7908000e+05 4.4000000e-02 1.2401000e+01
3.7914000e+05 4.4000000e-02 1.2381000e+01
3.7920000e+05 4.4000000e-02 1.2381000e+01
3.7926000e+05 4.4000000e-02 1.2360000e+01
3.7932000e+05 4.4000000e-02 1.2344000e+01
3.7938000e+05 4.4000000e-02 1.2349000e+01
3.7944000e+05 4.4000000e-02 1.2353000e+01
3.7956000e+05 4.4000000e-02 1.2382000e+01
3.7962000e+05 4.4000000e-02 1.2392000e+01
3.7968000e+05 4.4000000e-02 1.2452000e+01
3.7974000e+05 4.4000000e-02 1.2451000e+01
3.7980000e+05 4.4000000e-02 1.2420000e+01
3.7986000e+05 4.4000000e-02 1.2410000e+01
3.7992000e+05 4.4000000e-02 1.2403000e+01
3.7998000e+05 4.4000000e-02 1.2390000e+01
3.8004000e+05 4.4000000e-02 1.2380000e+01
3.8010000e+05 4.4000000e-02 1.2365000e+01
3.8016000e+05 4.4000000e-02 1.2360000e+01
3.8028000e+05 4.4000000e-02 1.2314000e+01
3.8034000e+05 4.4000000e-02 1.2318000e+01
3.8040000e+05 4.4000000e-02 1.2302000e+01
3.8046000e+05 4.4000000e-02 1.2298000e+01
3.8052000e+05 4.4000000e-02 1.2289000e+01
3.8058000e+05 4.4000000e-02 1.2274000e+01
3.8064000e+05 4.4000000e-02 1.2271000e+01
3.8070000e+05 4.4000000e-02 1.2254000e+01
3.8076000e+05 4.4000000e-02 1.2249000e+01
3.8082000e+05 4.4000000e-02 1.2236000e+01
3.8088000e+05 4.4000000e-02 1.2232000e+01
3.8100000e+05 4.4000000e-02 1.2223000e+01
3.8106000e+05 4.4000000e-02 1.2224000e+01
3.8112000e+05 4.4000000e-02 1.2214000e+01
3.8118000e+05 4.4000000e-02 1.2169000e+01
3.8124000e+05 4.4000000e-02 1.2160000e+01
3.8130000e+05 4.4000000e-02 1.2149000e+01
3.8136000e+05 4.4000000e-02 1.2158000e+01
3.8142000e+05 4.4000000e-02 1.2150000e+01
3.8148000e+05 4.4000000e-02 1.2163000e+01
3.8154000e+05 4.4000000e-02 1.2167000e+01
3.8160000e+05 4.4000000e-02 1.2172000e+01
3.8172000e+05 4.4000000e-02 1.2169000e+01
3.8178000e+05 4.4000000e-02 1.2149000e+01
3.8184000e+05 4.4000000e-02 1.2146000e+01
3.8190000e+05 4.4000000e-02 1.2139000e+01
3.8196000e+05 4.4000000e-02 1.2131000e+01
3.8202000e+05 4.4000000e-02 1.2120000e+01
3.8208000e+05 4.4000000e-02 1.2130000e+01
3.8214000e+05 4.4000000e-02 1.2127000e+01
3.8220000e+05 4.4000000e-02 1.2128000e+01
3.8226000e+05 4.4000000e-02 1.2117000e+01
3.8232000e+05 4.4000000e-02 1.2125000e+01
3.8244000e+05 4.4000000e-02 1.2124000e+01
3.8250000e+05 4.4000000e-02 1.2135000e+01
3.8256000e+05 4.4000000e-02 1.2129000e+01
3.8262000e+05 4.4000000e-02 1.2126000e+01
3.8268000e+05 4.4000000e-02 1.2122000e+01
3.8274000e+05 4.4000000e-02 1.2124000e+01
3.8280000e+05 4.4000000e-02 1.2122000e+01
3.8286000e+05 4.4000000e-02 1.2109000e+01
3.8292000e+05 4.4000000e-02 1.2103000e+01
3.8298000e+05 4.4000000e-02 1.2096000e+01
3.8304000e+05 4.4000000e-02 1.2084000e+01
3.8316000e+05 4.4000000e-02 1.2065000e+01
3.8322000e+05 4.4000000e-02 1.2057000e+01
3.8328000e+05 4.4000000e-02 1.2055000e+01
3.8334000e+05 4.4000000e-02 1.2040000e+01
3.8340000e+05 4.4000000e-02 1.2020000e+01
3.8346000e+05 4.4000000e-02 1.2017000e+01
3.8352000e+05 4.4000000e-02 1.1980000e+01
3.8358000e+05 4.4000000e-02 1.1998000e+01
3.8364000e+05 4.4000000e-02 1.1998000e+01
3.8370000e+05 4.4000000e-02 1.1989000e+01
3.8376000e+05 4.4000000e-02 1.1985000e+01
3.8388000e+05 4.4000000e-02 1.1965000e+01
3.8394000e+05 4.4000000e-02 1.1966000e+01
3.8400000e+05 4.4000000e-02 1.1961000e+01
3.8406000e+05 4.4000000e-02 1.1935000e+01
3.8412000e+05 4.4000000e-02 1.1942000e+01
3.8418000e+05 4.4000000e-02 1.1927000e+01
3.8424000e+05 4.4000000e-02 1.1932000e+01
3.8430000e+05 4.4000000e-02 1.1931000e+01
3.8436000e+05 4.4000000e-02 1.1924000e+01
3.8442000e+05 4.4000000e-02 1.1917000e+01
3.8448000e+05 4.4000000e-02 1.1914000e+01
3.8460000e+05 4.4000000e-02 1.1849000e+01
3.8466000e+05 4.4000000e-02 1.1812000e+01
3.8472000e+05 4.4000000e-02 1.1794000e+01
3.8478000e+05 4.4000000e-02 1.1782000e+01
3.8484000e+05 4.4000000e-02 1.1779000e+01
3.8490000e+05 4.4000000e-02 1.1717000e+01
3.8496000e+05 4.4000000e-02 1.1740000e+01
3.8502000e+05 4.4000000e-02 1.1736000e+01
3.8508000e+05 4.4000000e-02 1.1733000e+01
3.8514000e+05 4.4000000e-02 1.1730000e+01
3.8520000e+05 4.4000000e-02 1.1740000e+01
3.8532000e+05 4.4000000e-02 1.1705000e+01
3.8538000e+05 4.4000000e-02 1.1697000e+01
3.8544000e+05 4.4000000e-02 1.1671000e+01
3.8550000e+05 4.4000000e-02 1.1662000e+01
3.8556000e+05 4.4000000e-02 1.1619000e+01
3.8562000e+05 4.4000000e-02 1.1592000e+01
3.8568000e+05 4.4000000e-02 1.1587000e+01
3.8574000e+05 4.4000000e-02 1.1564000e+01
3.8580000e+05 4.4000000e-02 1.1540000e+01
3.8586000e+05 4.4000000e-02 1.1519000e+01
3.8592000e+05 4.4000000e-02 1.1516000e+01
3.8604000e+05 4.4000000e-02 1.1486000e+01
3.8610000e+05 4.4000000e-02 1.1451000e+01
3.8616000e+05 4.4000000e-02 1.1435000e+01
3.8622000e+05 4.4000000e-02 1.1273000e+01
3.8628000e+05 4.4000000e-02 1.1230000e+01
3.8634000e+05 4.4000000e-02 1.1254000e+01
3.8640000e+05 4.4000000e-02 1.1290000e+01
3.8646000e+05 4.4000000e-02 1.1319000e+01
3.8652000e+05 4.4000000e-02 1.1300000e+01
3.8658000e+05 4.4000000e-02 1.1301000e+01
3.8664000e+05 4.4000000e-02 1.1297000e+01
3.8676000e+05 4.4000000e-02 1.1282000e+01
3.8682000e+05 4.4000000e-02 1.1243000e+01
3.8688000e+05 4.4000000e-02 1.1203000e+01
3.8694000e+05 4.4000000e-02 1.1184000e+01
3.8700000e+05 4.4000000e-02 1.1152000e+01
3.8706000e+05 4.4000000e-02 1.1098000e+01
3.8712000e+05 4.4000000e-02 1.1073000e+01
3.8718000e+05 4.4000000e-02 1.1091000e+01
3.8724000e+05 4.4000000e-02 1.1096000e+01
3.8730000e+05 4.4000000e-02 1.1113000e+01
3.8736000e+05 4.4000000e-02 1.1150000e+01
3.8748000e+05 4.4000000e-02 1.1133000e+01
3.8754000e+05 4.4000000e-02 1.1102000e+01
3.8760000e+05 4.4000000e-02 1.1076000e+01
3.8766000e+05 4.4000000e-02 1.1061000e+01
3.8772000e+05 4.4000000e-02 1.1017000e+01
3.8778000e+05 4.4000000e-02 1.0995000e+01
3.8784000e+05 4.4000000e-02 1.1003000e+01
3.8790000e+05 4.4000000e-02 1.0959000e+01
3.8796000e+05 4.4000000e-02 1.0939000e+01
3.8802000e+05 4.4000000e-02 1.0909000e+01
3.8808000e+05 4.4000000e-02 1.0934000e+01
3.8820000e+05 4.4000000e-02 1.0792000e+01
3.8826000e+05 4.4000000e-02 1.0775000e+01
3.8832000e+05 4.4000000e-02 1.0704000e+01
3.8838000e+05 4.4000000e-02 1.0699000e+01
3.8844000e+05 4.4000000e-02 1.0704000e+01
3.8850000e+05 4.4000000e-02 1.0673000e+01
3.8856000e+05 4.4000000e-02 1.0703000e+01
3.8862000e+05 4.4000000e-02 1.0724000e+01
3.8868000e+05 4.4000000e-02 1.0725000e+01
3.8874000e+05 4.4000000e-02 1.0712000e+01
3.8880000e+05 4.4000000e-02 1.0708000e+01
3.8892000e+05 4.4000000e-02 1.0662000e+01
3.8898000e+05 4.4000000e-02 1.0658000e+01
3.8904000e+05 4.4000000e-02 1.0564000e+01
3.8910000e+05 4.4000000e-02 1.0480000e+01
3.8916000e+05 4.4000000e-02 1.0484000e+01
3.8922000e+05 4.4000000e-02 1.0449000e+01
3.8928000e+05 4.4000000e-02 1.0418000e+01
3.8934000e+05 4.4000000e-02 1.0447000e+01
3.8940000e+05 4.4000000e-02 1.0497000e+01
3.8946000e+05 4.4000000e-02 1.0541000e+01
3.8952000e+05 4.4000000e-02 1.0558000e+01
3.8964000e+05 4.4000000e-02 1.0555000e+01
3.8970000e+05 4.4000000e-02 1.0530000e+01
3.8976000e+05 4.4000000e-02 1.0542000e+01
3.8982000e+05 4.4000000e-02 1.0530000e+01
3.8988000e+05 4.4000000e-02 1.0512000e+01
3.8994000e+05 4.4000000e-02 1.0479000e+01
3.9000000e+05 4.4000000e-02 1.0453000e+01
3.9006000e+05 4.4000000e-02 1.0447000e+01
3.9012000e+05 4.4000000e-02 1.0446000e+01
3.9018000e+05 4.4000000e-02 1.0449000e+01
3.9024000e+05 4.4000000e-02 1.0450000e+01
3.9036000e+05 4.4000000e-02 1.0450000e+01
3.9042000e+05 4.4000000e-02 1.0444000e+01
3.9048000e+05 4.4000000e-02 1.0434000e+01
3.9054000e+05 4.4000000e-02 1.0437000e+01
3.9060000e+05 4.4000000e-02 1.0430000e+01
3.9066000e+05 4.4000000e-02 1.0416000e+01
3.9072000e+05 4.4000000e-02 1.0409000e+01
3.9078000e+05 4.4000000e-02 1.0376000e+01
3.9084000e+05 4.4000000e-02 1.0224000e+01
3.9090000e+05 4.4000000e-02 1.0200000e+01
3.9096000e+05 4.4000000e-02 1.0178000e+01
3.9108000e+05 4.4000000e-02 1.0183000e+01
3.9114000e+05 4.4000000e-02 1.0163000e+01
3.9120000e+05 4.4000000e-02 1.0145000e+01
3.9126000e+05 4.4000000e-02 1.0123000e+01
3.9132000e+05 4.4000000e-02 1.0091000e+01
3.9138000e+05 4.4000000e-02 1.0052000e+01
3.9144000e+05 4.4000000e-02 1.0020000e+01
3.9150000e+05 4.4000000e-02 9.9520000e+00
3.9156000e+05 4.4000000e-02 9.9610000e+00
3.9162000e+05 4.4000000e-02 9.9360000e+00
3.9168000e+05 4.4000000e-02 9.9090000e+00
3.9180000e+05 4.4000000e-02 9.9020000e+00
3.9186000e+05 4.4000000e-02 9.9440000e+00
3.9192000e+05 4.4000000e-02 9.9020000e+00
3.9198000e+05 4.4000000e-02 9.8770000e+00
3.9204000e+05 4.4000000e-02 9.8690000e+00
3.9210000e+05 4.4000000e-02 9.8800000e+00
3.9216000e+05 4.4000000e-02 9.8760000e+00
3.9222000e+05 4.4000000e-02 9.8680000e+00
3.9228000e+05 4.4000000e-02 9.8580000e+00
3.9234000e+05 4.4000000e-02 9.8450000e+00
3.9240000e+05 4.4000000e-02 9.8440000e+00
3.9252000e+05 4.4000000e-02 9.8880000e+00
3.9258000e+05 4.4000000e-02 9.8810000e+00
3.9264000e+05 4.4000000e-02 9.8910000e+00
3.9270000e+05 4.4000000e-02 9.9190000e+00
3.9276000e+05 4.4000000e-02 9.9350000e+00
3.9282000e+05 4.4000000e-02 9.9510000e+00
3.9288000e+05 4.4000000e-02 9.9550000e+00
3.9294000e+05 4.4000000e-02 9.9620000e+00
3.9300000e+05 4.4000000e-02 9.9550000e+00
3.9306000e+05 4.4000000e-02 9.9490000e+00
3.9312000e+05 4.4000000e-02 9.9360000e+00
3.9324000e+05 4.4000000e-02 9.9440000e+00
3.9330000e+05 4.4000000e-02 9.9350000e+00
3.9336000e+05 4.4000000e-02 9.9340000e+00
3.9342000e+05 4.4000000e-02 9.9260000e+00
3.9348000e+05 4.4000000e-02 9.8970000e+00
3.9354000e+05 4.4000000e-02 9.8970000e+00
3.9360000e+05 4.4000000e-02 9.8950000e+00
3.9366000e+05 4.4000000e-02 9.8760000e+00
3.9372000e+05 4.4000000e-02 9.8590000e+00
3.9378000e+05 4.4000000e-02 9.9060000e+00
3.9384000e+05 4.4000000e-02 9.9190000e+00
3.9396000e+05 4.4000000e-02 9.9300000e+00
3.9402000e+05 4.4000000e-02 9.9000000e+00
3.9408000e+05 4.4000000e-02 9.8940000e+00
3.9414000e+05 4.4000000e-02 9.8770000e+00
3.9420000e+05 4.4000000e-02 9.8640000e+00
3.9426000e+05 4.4000000e-02 9.8600000e+00
3.9432000e+05 4.4000000e-02 9.8480000e+00
3.9438000e+05 4.4000000e-02 9.8450000e+00
3.9444000e+05 4.4000000e-02 9.8410000e+00
3.9450000e+05 4.4000000e-02 9.8610000e+00
3.9456000e+05 4.4000000e-02 9.8840000e+00
3.9468000e+05 4.4000000e-02 9.9020000e+00
3.9474000e+05 4.4000000e-02 9.9040000e+00
3.9480000e+05 4.4000000e-02 9.8850000e+00
3.9486000e+05 4.4000000e-02 9.8710000e+00
3.9492000e+05 4.4000000e-02 9.8570000e+00
3.9498000e+05 4.4000000e-02 9.8480000e+00
3.9504000e+05 4.4000000e-02 9.8360000e+00
3.9510000e+05 4.4000000e-02 9.8440000e+00
4.0284000e+05 4.4000000e-02 9.4010000e+00
4.0290000e+05 4.4000000e-02 9.3930000e+00
4.0296000e+05 4.4000000e-02 9.3810000e+00
4.0302000e+05 4.4000000e-02 9.3720000e+00
4.0308000e+05 4.4000000e-02 9.3620000e+00
4.0314000e+05 4.4000000e-02 9.3560000e+00
4.0320000e+05 4.4000000e-02 9.3490000e+00
4.0332000e+05 4.4000000e-02 9.3230000e+00
4.0338000e+05 4.4000000e-02 9.3320000e+00
4.0344000e+05 4.4000000e-02 9.3310000e+00
4.0350000e+05 4.4000000e-02 9.3240000e+00
4.0356000e+05 4.4000000e-02 9.3240000e+00
4.0362000e+05 4.4000000e-02 9.3120000e+00
4.0368000e+05 4.4000000e-02 9.2950000e+00
4.0374000e+05 4.4000000e-02 9.2980000e+00
4.0380000e+05 4.4000000e-02 9.2920000e+00
4.0386000e+05 4.4000000e-02 9.2820000e+00
4.0392000e+05 4.4000000e-02 9.2810000e+00
4.0404000e+05 4.4000000e-02 9.2760000e+00
4.0410000e+05 4.4000000e-02 9.2710000e+00
4.0416000e+05 4.4000000e-02 9.2660000e+00
4.0422000e+05 4.4000000e-02 9.2650000e+00
4.0428000e+05 4.4000000e-02 9.2660000e+00
4.0434000e+05 4.4000000e-02 9.2580000e+00
4.0440000e+05 4.4000000e-02 9.2600000e+00
4.0446000e+05 4.4000000e-02 9.2560000e+00
4.0452000e+05 4.4000000e-02 9.2410000e+00
4.0458000e+05 4.4000000e-02 9.2390000e+00
4.0464000e+05 4.4000000e-02 9.2290000e+00
4.0476000e+05 4.4000000e-02 9.2290000e+00
4.0482000e+05 4.4000000e-02 9.2130000e+00
4.0488000e+05 4.4000000e-02 9.2050000e+00
4.0494000e+05 4.4000000e-02 9.2090000e+00
4.0500000e+05 4.4000000e-02 9.2000000e+00
4.0506000e+05 4.4000000e-02 9.1820000e+00
4.0512000e+05 4.4000000e-02 9.1840000e+00
4.0518000e+05 4.4000000e-02 9.1800000e+00
4.0524000e+05 4.4000000e-02 9.1710000e+00
4.0530000e+05 4.4000000e-02 9.1690000e+00
4.0536000e+05 4.4000000e-02 9.1650000e+00
4.0548000e+05 4.4000000e-02 9.1630000e+00
4.0554000e+05 4.4000000e-02 9.1640000e+00
4.0560000e+05 4.4000000e-02 9.1590000e+00
4.0566000e+05 4.4000000e-02 9.1550000e+00
4.0572000e+05 4.4000000e-02 9.1360000e+00
4.0578000e+05 4.4000000e-02 9.1350000e+00
4.0584000e+05 4.4000000e-02 9.1330000e+00
4.0590000e+05 4.4000000e-02 9.1250000e+00
4.0596000e+05 4.4000000e-02 9.0910000e+00
4.0602000e+05 4.4000000e-02 9.0990000e+00
4.0608000e+05 4.4000000e-02 9.0910000e+00
4.0620000e+05 4.4000000e-02 9.0640000e+00
4.0626000e+05 4.4000000e-02 9.0800000e+00
4.0632000e+05 4.4000000e-02 9.0550000e+00
4.0638000e+05 4.4000000e-02 9.0430000e+00
4.0644000e+05 4.4000000e-02 9.0290000e+00
4.0650000e+05 4.4000000e-02 9.0120000e+00
4.0656000e+05 4.4000000e-02 9.0190000e+00
4.0662000e+05 4.4000000e-02 9.0100000e+00
4.0668000e+05 4.4000000e-02 8.9790000e+00
4.0674000e+05 4.4000000e-02 8.9900000e+00
4.0680000e+05 4.4000000e-02 8.9870000e+00
4.0692000e+05 4.4000000e-02 8.9750000e+00
4.0698000e+05 4.4000000e-02 8.9850000e+00
4.0704000e+05 4.4000000e-02 8.9850000e+00
4.0710000e+05 4.4000000e-02 8.9810000e+00
4.0716000e+05 4.4000000e-02 8.9740000e+00
4.0722000e+05 4.4000000e-02 8.9640000e+00
4.0728000e+05 4.4000000e-02 8.9580000e+00
4.0734000e+05 4.4000000e-02 8.9450000e+00
4.0740000e+05 4.4000000e-02 8.9440000e+00
4.0746000e+05 4.4000000e-02 8.9290000e+00
4.0752000e+05 4.4000000e-02 8.9270000e+00
4.0764000e+05 4.4000000e-02 8.9150000e+00
4.0770000e+05 4.4000000e-02 8.9020000e+00
4.0776000e+05 4.4000000e-02 8.9020000e+00
4.0782000e+05 4.4000000e-02 8.9030000e+00
4.0788000e+05 4.4000000e-02 8.9060000e+00
4.0794000e+05 4.4000000e-02 8.9160000e+00
4.0800000e+05 4.4000000e-02 8.9240000e+00
4.0806000e+05 4.4000000e-02 8.9320000e+00
4.0812000e+05 4.4000000e-02 8.9400000e+00
4.0818000e+05 4.4000000e-02 8.9380000e+00
4.0824000e+05 4.4000000e-02 8.9480000e+00
4.0836000e+05 4.4000000e-02 8.9370000e+00
4.0842000e+05 4.4000000e-02 8.9260000e+00
4.0848000e+05 4.4000000e-02 8.9300000e+00
4.0854000e+05 4.4000000e-02 8.9330000e+00
4.0860000e+05 4.4000000e-02 8.9410000e+00
4.0866000e+05 4.4000000e-02 8.9420000e+00
4.0872000e+05 4.4000000e-02 8.9400000e+00
4.0878000e+05 4.4000000e-02 8.9370000e+00
4.0884000e+05 4.4000000e-02 8.9360000e+00
4.0890000e+05 4.4000000e-02 8.9360000e+00
4.0896000e+05 4.4000000e-02 8.9370000e+00
4.0908000e+05 4.4000000e-02 8.9330000e+00
4.0914000e+05 4.4000000e-02 8.9220000e+00
4.0920000e+05 4.4000000e-02 8.9320000e+00
4.0926000e+05 4.4000000e-02 8.9220000e+00
4.0932000e+05 4.4000000e-02 8.9170000e+00
4.0938000e+05 4.4000000e-02 8.9080000e+00
4.0944000e+05 4.4000000e-02 8.9020000e+00
4.0950000e+05 4.4000000e-02 8.9000000e+00
4.0956000e+05 4.4000000e-02 8.9030000e+00
4.0962000e+05 4.4000000e-02 8.9040000e+00
4.0968000e+05 4.4000000e-02 8.9140000e+00
4.0980000e+05 4.4000000e-02 8.9170000e+00
4.0986000e+05 4.4000000e-02 8.9130000e+00
4.0992000e+05 4.4000000e-02 8.9080000e+00
4.0998000e+05 4.4000000e-02 8.9060000e+00
4.1004000e+05 4.4000000e-02 8.8990000e+00
4.1010000e+05 4.4000000e-02 8.8990000e+00
4.1016000e+05 4.4000000e-02 8.8800000e+00
4.1022000e+05 4.4000000e-02 8.8780000e+00
4.1028000e+05 4.4000000e-02 8.8660000e+00
4.1034000e+05 4.4000000e-02 8.8550000e+00
4.1040000e+05 4.4000000e-02 8.8600000e+00
4.1052000e+05 4.4000000e-02 8.8660000e+00
4.1058000e+05 4.4000000e-02 8.8560000e+00
4.1064000e+05 4.4000000e-02 8.8460000e+00
4.1070000e+05 4.4000000e-02 8.8460000e+00
4.1076000e+05 4.4000000e-02 8.8470000e+00
4.1082000e+05 4.4000000e-02 8.8520000e+00
4.1088000e+05 4.4000000e-02 8.8540000e+00
4.1094000e+05 4.4000000e-02 8.8340000e+00
4.1100000e+05 4.4000000e-02 8.8470000e+00
4.1106000e+05 4.4000000e-02 8.8370000e+00
4.1112000e+05 4.4000000e-02 8.8270000e+00
4.1124000e+05 4.4000000e-02 8.8480000e+00
4.1130000e+05 4.4000000e-02 8.8530000e+00
4.1136000e+05 4.4000000e-02 8.8510000e+00
4.1142000e+05 4.4000000e-02 8.8380000e+00
4.1148000e+05 4.4000000e-02 8.8400000e+00
4.1154000e+05 4.4000000e-02 8.8420000e+00
4.1160000e+05 4.4000000e-02 8.8410000e+00
4.1166000e+05 4.4000000e-02 8.8440000e+00
4.1172000e+05 4.4000000e-02 8.8490000e+00
4.1178000e+05 4.4000000e-02 8.8450000e+00
4.1184000e+05 4.4000000e-02 8.8390000e+00
4.1196000e+05 4.4000000e-02 8.8380000e+00
4.1202000e+05 4.4000000e-02 8.8310000e+00
4.1208000e+05 4.4000000e-02 8.8280000e+00
4.1214000e+05 4.4000000e-02 8.8140000e+00
4.1220000e+05 4.4000000e-02 8.8100000e+00
4.1226000e+05 4.4000000e-02 8.8190000e+00
4.1232000e+05 4.4000000e-02 8.8029990e+00
4.1238000e+05 4.4000000e-02 8.8150000e+00
4.1244000e+05 4.4000000e-02 8.8150000e+00
4.1250000e+05 4.4000000e-02 8.8180000e+00
4.1256000e+05 4.4000000e-02 8.8180000e+00
4.1268000e+05 4.4000000e-02 8.8350000e+00
4.1274000e+05 4.4000000e-02 8.8450000e+00
4.1280000e+05 4.4000000e-02 8.8450000e+00
4.1286000e+05 4.4000000e-02 8.8430000e+00
4.1292000e+05 4.4000000e-02 8.8410000e+00
4.1298000e+05 4.4000000e-02 8.8440000e+00
4.1304000e+05 4.4000000e-02 8.8430000e+00
4.1310000e+05 4.4000000e-02 8.8480000e+00
4.1316000e+05 4.4000000e-02 8.8400000e+00
4.1322000e+05 4.4000000e-02 8.8330000e+00
4.1328000e+05 4.4000000e-02 8.8300000e+00
4.1340000e+05 4.4000000e-02 8.8270000e+00
4.1346000e+05 4.4000000e-02 8.8430000e+00
4.1352000e+05 4.4000000e-02 8.8260000e+00
4.1358000e+05 4.4000000e-02 8.8230000e+00
4.1364000e+05 4.4000000e-02 8.8260000e+00
4.1370000e+05 4.4000000e-02 8.8330000e+00
4.1376000e+05 4.4000000e-02 8.8420000e+00
4.1382000e+05 4.4000000e-02 8.8340000e+00
4.1388000e+05 4.4000000e-02 8.8280000e+00
4.1394000e+05 4.4000000e-02 8.8210000e+00
4.1400000e+05 4.4000000e-02 8.8190000e+00
4.1412000e+05 4.4000000e-02 8.8210000e+00
4.1418000e+05 4.4000000e-02 8.8150000e+00
4.1424000e+05 4.4000000e-02 8.8090000e+00
4.1430000e+05 4.4000000e-02 8.8170000e+00
4.1436000e+05 4.4000000e-02 8.8160000e+00
4.1442000e+05 4.4000000e-02 8.8100000e+00
4.1448000e+05 4.4000000e-02 8.8020000e+00
4.1454000e+05 4.4000000e-02 8.7950000e+00
4.1460000e+05 4.4000000e-02 8.7870000e+00
4.1466000e+05 4.4000000e-02 8.7790000e+00
4.1472000e+05 4.4000000e-02 8.7800000e+00
4.1484000e+05 4.4000000e-02 8.7760000e+00
4.1490000e+05 4.4000000e-02 8.7900000e+00
4.1496000e+05 4.4000000e-02 8.7890000e+00
4.1502000e+05 4.4000000e-02 8.7900000e+00
4.1508000e+05 4.4000000e-02 8.7950000e+00
4.1514000e+05 4.4000000e-02 8.7950000e+00
4.1520000e+05 4.4000000e-02 8.7980000e+00
4.1526000e+05 4.4000000e-02 8.8000000e+00
4.1532000e+05 4.4000000e-02 8.8010000e+00
4.1538000e+05 4.4000000e-02 8.8029990e+00
4.1544000e+05 4.4000000e-02 8.7980000e+00
4.1556000e+05 4.4000000e-02 8.7890000e+00
4.1562000e+05 4.4000000e-02 8.7910000e+00
4.1568000e+05 4.4000000e-02 8.7930000e+00
4.1574000e+05 4.4000000e-02 8.7870000e+00
4.1580000e+05 4.4000000e-02 8.7840000e+00
4.1586000e+05 4.4000000e-02 8.7810000e+00
4.1592000e+05 4.4000000e-02 8.7810000e+00
4.1598000e+05 4.4000000e-02 8.7820000e+00
4.1604000e+05 4.4000000e-02 8.7860000e+00
4.1610000e+05 4.4000000e-02 8.7920000e+00
4.1616000e+05 4.4000000e-02 8.7930000e+00
4.1628000e+05 4.4000000e-02 8.7940000e+00
4.1634000e+05 4.4000000e-02 8.7970000e+00
4.1640000e+05 4.4000000e-02 8.8000000e+00
4.1646000e+05 4.4000000e-02 8.7980000e+00
4.1652000e+05 4.4000000e-02 8.8020000e+00
4.1658000e+05 4.4000000e-02 8.8080000e+00
4.1664000e+05 4.4000000e-02 8.8080000e+00
4.1670000e+05 4.4000000e-02 8.8020000e+00
4.1676000e+05 4.4000000e-02 8.8000000e+00
4.1682000e+05 4.4000000e-02 8.8090000e+00
4.1688000e+05 4.4000000e-02 8.8170000e+00
4.1700000e+05 4.4000000e-02 8.8240000e+00
4.1706000e+05 4.4000000e-02 8.8280000e+00
4.1712000e+05 4.4000000e-02 8.8170000e+00
4.1718000e+05 4.4000000e-02 8.8240000e+00
4.1724000e+05 4.4000000e-02 8.8320000e+00
4.1730000e+05 4.4000000e-02 8.8280000e+00
4.1736000e+05 4.4000000e-02 8.8320000e+00
4.1742000e+05 4.4000000e-02 8.8290000e+00
4.1748000e+05 4.4000000e-02 8.8270000e+00
4.1754000e+05 4.4000000e-02 8.8220010e+00
4.1760000e+05 4.4000000e-02 8.8250000e+00
4.1772000e+05 4.4000000e-02 8.8440000e+00
4.1778000e+05 4.4000000e-02 8.8290000e+00
4.1784000e+05 4.4000000e-02 8.8050000e+00
4.1790000e+05 4.4000000e-02 8.7890000e+00
4.1796000e+05 4.4000000e-02 8.7630000e+00
4.1802000e+05 4.4000000e-02 8.7360000e+00
4.1808000e+05 4.4000000e-02 8.6570000e+00
4.1814000e+05 4.4000000e-02 8.6360000e+00
4.1820000e+05 4.4000000e-02 8.6410000e+00
4.1826000e+05 4.4000000e-02 8.6380000e+00
4.1832000e+05 4.4000000e-02 8.6860000e+00
4.1844000e+05 4.4000000e-02 8.7180000e+00
4.1850000e+05 4.4000000e-02 8.7420000e+00
4.1856000e+05 4.4000000e-02 8.7310000e+00
4.1862000e+05 4.4000000e-02 8.7480000e+00
4.1868000e+05 4.4000000e-02 8.7480000e+00
4.1874000e+05 4.4000000e-02 8.7330000e+00
4.1880000e+05 4.4000000e-02 8.7170000e+00
4.1886000e+05 4.4000000e-02 8.7140000e+00
4.1892000e+05 4.4000000e-02 8.7300000e+00
4.1898000e+05 4.4000000e-02 8.7210000e+00
4.1904000e+05 4.4000000e-02 8.7190000e+00
4.1916000e+05 4.4000000e-02 8.7120000e+00
4.1922000e+05 4.4000000e-02 8.7080000e+00
4.1928000e+05 4.4000000e-02 8.7030000e+00
4.1934000e+05 4.4000000e-02 8.6910000e+00
4.1940000e+05 4.4000000e-02 8.6820000e+00
4.1946000e+05 4.4000000e-02 8.6770000e+00
4.1952000e+05 4.4000000e-02 8.6690000e+00
4.1958000e+05 4.4000000e-02 8.6460000e+00
4.1964000e+05 4.4000000e-02 8.6510000e+00
4.1970000e+05 4.4000000e-02 8.6340000e+00
4.1976000e+05 4.4000000e-02 8.6350000e+00
4.1988000e+05 4.4000000e-02 8.6620000e+00
4.1994000e+05 4.4000000e-02 8.6670000e+00
4.2000000e+05 4.4000000e-02 8.6830000e+00
4.2006000e+05 4.4000000e-02 8.6970010e+00
4.2012000e+05 4.4000000e-02 8.6990000e+00
4.2018000e+05 4.4000000e-02 8.6940000e+00
4.2024000e+05 4.4000000e-02 8.6750000e+00
4.2030000e+05 4.4000000e-02 8.6670000e+00
4.2036000e+05 4.4000000e-02 8.6720000e+00
4.2042000e+05 4.4000000e-02 8.6710000e+00
4.2048000e+05 4.4000000e-02 8.6670000e+00
4.2060000e+05 4.4000000e-02 8.6690000e+00
4.2066000e+05 4.4000000e-02 8.6630000e+00
4.2072000e+05 4.4000000e-02 8.6610000e+00
4.2078000e+05 4.4000000e-02 8.6500000e+00
4.2084000e+05 4.4000000e-02 8.6350000e+00
4.2090000e+05 4.4000000e-02 8.6230000e+00
4.2096000e+05 4.4000000e-02 8.6080000e+00
4.2102000e+05 4.4000000e-02 8.5970000e+00
4.2108000e+05 4.4000000e-02 8.6120000e+00
4.2114000e+05 4.4000000e-02 8.6540000e+00
4.2120000e+05 4.4000000e-02 8.6580000e+00
4.2132000e+05 4.4000000e-02 8.6690000e+00
4.2138000e+05 4.4000000e-02 8.6730000e+00
4.2144000e+05 4.4000000e-02 8.6810000e+00
4.2150000e+05 4.4000000e-02 8.6850000e+00
4.2156000e+05 4.4000000e-02 8.6880000e+00
4.2162000e+05 4.4000000e-02 8.6950000e+00
4.2168000e+05 4.4000000e-02 8.6830000e+00
4.2174000e+05 4.4000000e-02 8.6800000e+00
4.2180000e+05 4.4000000e-02 8.6670000e+00
4.2186000e+05 4.4000000e-02 8.6650000e+00
4.2192000e+05 4.4000000e-02 8.6550000e+00
