0.0000000e+00 8.5000000e+01 3.8000001e+00 0.0000000e+00 0.0000000e+00
6.0000000e+01 9.0000000e+01 3.4499999e+00 0.0000000e+00 0.0000000e+00
1.2000000e+02 9.0000000e+01 3.0500001e+00 0.0000000e+00 0.0000000e+00
1.8000000e+02 9.3000000e+01 3.1000000e+00 0.0000000e+00 0.0000000e+00
2.4000000e+02 9.5000000e+01 2.9000000e+00 0.0000000e+00 0.0000000e+00
3.0000000e+02 9.5000000e+01 2.8499999e+00 0.0000000e+00 0.0000000e+00
3.6000000e+02 9.5000000e+01 3.0000000e+00 0.0000000e+00 0.0000000e+00
4.2000000e+02 9.1000000e+01 2.9000000e+00 0.0000000e+00 0.0000000e+00
4.8000000e+02 9.3000000e+01 2.5000000e+00 0.0000000e+00 0.0000000e+00
5.4000000e+02 9.2000000e+01 2.4000000e+00 0.0000000e+00 0.0000000e+00
6.0000000e+02 9.3000000e+01 1.9000000e+00 0.0000000e+00 0.0000000e+00
6.6000000e+02 9.4000000e+01 1.6000000e+00 0.0000000e+00 3.6548729e+00
7.2000000e+02 9.5000000e+01 1.5000000e+00 0.0000000e+00 9.0751734e+00
7.8000000e+02 9.6000000e+01 7.9999999e-01 0.0000000e+00 3.6234779e+00
8.4000000e+02 9.6000000e+01 8.4999999e-01 0.0000000e+00 0.0000000e+00
9.0000000e+02 9.6000000e+01 1.4500000e+00 0.0000000e+00 0.0000000e+00
9.6000000e+02 9.4000000e+01 1.9500000e+00 0.0000000e+00 0.0000000e+00
1.0200000e+03 9.5000000e+01 2.1500000e+00 0.0000000e+00 0.0000000e+00
1.0800000e+03 9.5000000e+01 2.2500000e+00 0.0000000e+00 0.0000000e+00
1.1400000e+03 9.3000000e+01 2.4499999e+00 0.0000000e+00 0.0000000e+00
1.2000000e+03 9.0000000e+01 2.5500000e+00 0.0000000e+00 0.0000000e+00
1.2600000e+03 9.5000000e+01 2.3000000e+00 0.0000000e+00 0.0000000e+00
1.3200000e+03 9.5000000e+01 2.6000000e+00 0.0000000e+00 0.0000000e+00
1.3800000e+03 9.3000000e+01 2.8000000e+00 0.0000000e+00 0.0000000e+00
1.4400000e+03 9.4000000e+01 2.6500000e+00 0.0000000e+00 0.0000000e+00
1.5000000e+03 9.4000000e+01 2.7500000e+00 0.0000000e+00 0.0000000e+00
1.5600000e+03 9.4000000e+01 2.3000000e+00 0.0000000e+00 0.0000000e+00
1.6200000e+03 9.6000000e+01 1.5000000e+00 0.0000000e+00 0.0000000e+00
1.6800000e+03 9.5000000e+01 1.5000000e+00 0.0000000e+00 0.0000000e+00
1.7400000e+03 9.6000000e+01 9.4999999e-01 0.0000000e+00 0.0000000e+00
1.8000000e+03 9.4000000e+01 6.4999999e-01 0.0000000e+00 0.0000000e+00
1.8600000e+03 9.4000000e+01 4.0000001e-01 0.0000000e+00 0.0000000e+00
1.9200000e+03 9.4000000e+01 0.0000000e+00 0.0000000e+00 0.0000000e+00
1.9800000e+03 9.4000000e+01 -3.0000000e-01 0.0000000e+00 0.0000000e+00
2.0400000e+03 9.4000000e+01 -4.0000001e-01 0.0000000e+00 0.0000000e+00
2.1000000e+03 9.4000000e+01 -3.0000000e-01 0.0000000e+00 3.1659321e+01
2.1600000e+03 9.5000000e+01 -4.5000000e-01 0.0000000e+00 3.2876221e+01
2.2200000e+03 9.4000000e+01 -1.5000000e-01 0.0000000e+00 3.4214512e+01
2.2800000e+03 9.5000000e+01 -5.5000001e-01 0.0000000e+00 0.0000000e+00
2.3400000e+03 9.2000000e+01 -1.0500000e+00 0.0000000e+00 0.0000000e+00
2.4000000e+03 9.4000000e+01 -1.7000000e+00 0.0000000e+00 0.0000000e+00
2.4600000e+03 9.4000000e+01 -2.1500000e+00 0.0000000e+00 0.0000000e+00
2.5200000e+03 9.4000000e+01 -1.8000000e+00 0.0000000e+00 0.0000000e+00
2.5800000e+03 9.5000000e+01 -1.8000000e+00 0.0000000e+00 0.0000000e+00
2.6400000e+03 9.1000000e+01 -2.0500000e+00 0.0000000e+00 0.0000000e+00
2.7000000e+03 9.3000000e+01 -1.6500000e+00 0.0000000e+00 0.0000000e+00
2.7600000e+03 9.3000000e+01 -1.4500000e+00 0.0000000e+00 0.0000000e+00
2.8200000e+03 8.6000000e+01 -1.9500000e+00 0.0000000e+00 0.0000000e+00
2.8800000e+03 8.5000000e+01 -2.7000000e+00 0.0000000e+00 0.0000000e+00
2.9400000e+03 9.0000000e+01 -3.1500000e+00 0.0000000e+00 0.0000000e+00
3.0000000e+03 9.2000000e+01 -3.4500000e+00 0.0000000e+00 0.0000000e+00
3.0600000e+03 9.3000000e+01 -3.5500001e+00 0.0000000e+00 0.0000000e+00
3.1200000e+03 9.3000000e+01 -3.4499999e+00 0.0000000e+00 0.0000000e+00
3.1800000e+03 9.4000000e+01 -3.5500000e+00 0.0000000e+00 0.0000000e+00
3.2400000e+03 9.4000000e+01 -3.3000001e+00 0.0000000e+00 0.0000000e+00
3.3000000e+03 9.4000000e+01 -3.2500000e+00 0.0000000e+00 0.0000000e+00
3.3600000e+03 9.3000000e+01 -3.2000000e+00 0.0000000e+00 0.0000000e+00
3.4200000e+03 9.5000000e+01 -3.4000000e+00 0.0000000e+00 0.0000000e+00
3.4800000e+03 9.4000000e+01 -3.2500000e+00 0.0000000e+00 0.0000000e+00
3.5400000e+03 9.4000000e+01 -2.9499999e+00 0.0000000e+00 0.0000000e+00
3.6000000e+03 9.3000000e+01 -2.8000000e+00 0.0000000e+00 8.1854210e+00
3.6600000e+03 9.1000000e+01 -2.4499999e+00 0.0000000e+00 1.2160430e+01
3.7200000e+03 9.1000000e+01 -3.0000000e+00 0.0000000e+00 1.7241900e+00
3.7800000e+03 9.2000000e+01 -3.9500000e+00 0.0000000e+00 0.0000000e+00
3.8400000e+03 9.3000000e+01 -4.5500002e+00 0.0000000e+00 0.0000000e+00
3.9000000e+03 9.2000000e+01 -4.8499999e+00 0.0000000e+00 0.0000000e+00
3.9600000e+03 9.2000000e+01 -5.3499999e+00 0.0000000e+00 0.0000000e+00
4.0200000e+03 9.2000000e+01 -5.5500000e+00 0.0000000e+00 0.0000000e+00
4.0800000e+03 9.1000000e+01 -5.9499998e+00 0.0000000e+00 0.0000000e+00
4.1400000e+03 9.2000000e+01 -6.2500000e+00 0.0000000e+00 0.0000000e+00
4.2000000e+03 9.0000000e+01 -6.5999999e+00 0.0000000e+00 0.0000000e+00
4.2600000e+03 9.1000000e+01 -6.9500000e+00 0.0000000e+00 0.0000000e+00
4.3200000e+03 9.0000000e+01 -6.7500000e+00 0.0000000e+00 0.0000000e+00
4.3800000e+03 8.9000000e+01 -6.7000000e+00 0.0000000e+00 0.0000000e+00
4.4400000e+03 8.7000000e+01 -6.4000001e+00 0.0000000e+00 0.0000000e+00
4.5000000e+03 8.8000000e+01 -6.0500000e+00 0.0000000e+00 0.0000000e+00
4.5600000e+03 8.5000000e+01 -5.5500000e+00 0.0000000e+00 0.0000000e+00
4.6200000e+03 8.0000000e+01 -5.2500000e+00 0.0000000e+00 0.0000000e+00
4.6800000e+03 8.5000000e+01 -4.9500000e+00 0.0000000e+00 0.0000000e+00
4.7400000e+03 8.4000000e+01 -4.7000000e+00 0.0000000e+00 0.0000000e+00
4.8000000e+03 8.4000000e+01 -4.3499999e+00 0.0000000e+00 0.0000000e+00
4.8600000e+03 8.5000000e+01 -4.2000000e+00 0.0000000e+00 0.0000000e+00
4.9200000e+03 7.7000000e+01 -3.6000000e+00 0.0000000e+00 0.0000000e+00
4.9800000e+03 8.9000000e+01 -3.3000000e+00 0.0000000e+00 0.0000000e+00
5.0400000e+03 8.7000000e+01 -3.0500000e+00 0.0000000e+00 6.5483218e-01
5.1000000e+03 8.2000000e+01 -2.6500001e+00 0.0000000e+00 0.0000000e+00
5.1600000e+03 8.4000000e+01 -2.2000000e+00 0.0000000e+00 0.0000000e+00
5.2200000e+03 9.0000000e+01 -2.8500000e+00 0.0000000e+00 0.0000000e+00
5.2800000e+03 9.1000000e+01 -3.5500000e+00 0.0000000e+00 0.0000000e+00
5.3400000e+03 9.1000000e+01 -3.6500001e+00 0.0000000e+00 0.0000000e+00
5.4000000e+03 9.0000000e+01 -3.9499999e+00 0.0000000e+00 0.0000000e+00
5.4600000e+03 9.2000000e+01 -4.3999999e+00 0.0000000e+00 0.0000000e+00
5.5200000e+03 9.2000000e+01 -4.7000000e+00 0.0000000e+00 0.0000000e+00
5.5800000e+03 9.0000000e+01 -5.0999999e+00 0.0000000e+00 0.0000000e+00
5.6400000e+03 9.1000000e+01 -5.1499999e+00 0.0000000e+00 0.0000000e+00
5.7000000e+03 9.0000000e+01 -5.1999998e+00 0.0000000e+00 0.0000000e+00
5.7600000e+03 9.1000000e+01 -4.8499999e+00 0.0000000e+00 0.0000000e+00
5.8200000e+03 8.9000000e+01 -5.2000000e+00 0.0000000e+00 0.0000000e+00
5.8800000e+03 8.5000000e+01 -5.1500001e+00 0.0000000e+00 0.0000000e+00
5.9400000e+03 8.2000000e+01 -5.0500000e+00 0.0000000e+00 0.0000000e+00
6.0000000e+03 8.7000000e+01 -5.5500000e+00 0.0000000e+00 0.0000000e+00
6.0600000e+03 8.7000000e+01 -5.9500000e+00 0.0000000e+00 0.0000000e+00
6.1200000e+03 8.3000000e+01 -5.6000001e+00 0.0000000e+00 0.0000000e+00
6.1800000e+03 7.9000000e+01 -5.3999999e+00 0.0000000e+00 0.0000000e+00
6.2400000e+03 8.2000000e+01 -5.5000000e+00 0.0000000e+00 0.0000000e+00
6.3000000e+03 8.4000000e+01 -5.4500000e+00 0.0000000e+00 0.0000000e+00
6.3600000e+03 8.3000000e+01 -5.0000000e+00 0.0000000e+00 3.1653261e-01
6.4200000e+03 8.3000000e+01 -4.3999999e+00 0.0000000e+00 3.1320341e+00
6.4800000e+03 8.7000000e+01 -4.9499998e+00 0.0000000e+00 5.9886160e+00
6.5400000e+03 8.5000000e+01 -4.5500000e+00 0.0000000e+00 1.7567850e+01
6.6000000e+03 8.5000000e+01 -4.9500000e+00 0.0000000e+00 3.4174521e+00
6.6600000e+03 8.9000000e+01 -5.6499999e+00 0.0000000e+00 0.0000000e+00
6.7200000e+03 9.1000000e+01 -6.5000000e+00 0.0000000e+00 0.0000000e+00
6.7800000e+03 9.1000000e+01 -7.0000000e+00 0.0000000e+00 0.0000000e+00
6.8400000e+03 9.0000000e+01 -7.5499997e+00 0.0000000e+00 0.0000000e+00
6.9000000e+03 9.0000000e+01 -7.9499998e+00 0.0000000e+00 0.0000000e+00
6.9600000e+03 9.0000000e+01 -8.2500000e+00 0.0000000e+00 0.0000000e+00
7.0200000e+03 9.0000000e+01 -7.7500000e+00 0.0000000e+00 0.0000000e+00
7.0800000e+03 9.3000000e+01 -6.3999999e+00 0.0000000e+00 0.0000000e+00
7.1400000e+03 8.9000000e+01 -5.0000000e+00 0.0000000e+00 0.0000000e+00
7.2000000e+03 9.1000000e+01 -3.8499999e+00 0.0000000e+00 0.0000000e+00
7.2600000e+03 9.3000000e+01 -3.5500001e+00 0.0000000e+00 0.0000000e+00
7.3200000e+03 9.3000000e+01 -3.6000000e+00 0.0000000e+00 0.0000000e+00
7.3800000e+03 9.4000000e+01 -3.4000000e+00 0.0000000e+00 0.0000000e+00
7.4400000e+03 9.4000000e+01 -3.6500000e+00 0.0000000e+00 0.0000000e+00
7.5000000e+03 9.4000000e+01 -3.5000000e+00 0.0000000e+00 0.0000000e+00
7.5600000e+03 9.4000000e+01 -3.6000000e+00 0.0000000e+00 0.0000000e+00
7.6200000e+03 9.4000000e+01 -4.0500001e+00 0.0000000e+00 0.0000000e+00
7.6800000e+03 9.4000000e+01 -3.6999999e+00 0.0000000e+00 0.0000000e+00
7.7400000e+03 9.2000000e+01 -3.2000000e+00 0.0000000e+00 0.0000000e+00
7.8000000e+03 9.2000000e+01 -2.9000000e+00 0.0000000e+00 0.0000000e+00
7.8600000e+03 8.4000000e+01 -2.2500000e+00 0.0000000e+00 0.0000000e+00
7.9200000e+03 9.2000000e+01 -2.2000000e+00 0.0000000e+00 0.0000000e+00
7.9800000e+03 9.2000000e+01 -2.3500000e+00 0.0000000e+00 0.0000000e+00
8.0400000e+03 9.3000000e+01 -2.3500000e+00 0.0000000e+00 0.0000000e+00
8.1000000e+03 8.9000000e+01 -2.5000000e+00 0.0000000e+00 0.0000000e+00
8.1600000e+03 9.3000000e+01 -2.4000000e+00 0.0000000e+00 0.0000000e+00
8.2200000e+03 8.9000000e+01 -2.6500000e+00 0.0000000e+00 0.0000000e+00
8.2800000e+03 8.3000000e+01 -2.3500000e+00 0.0000000e+00 0.0000000e+00
8.5800000e+03 7.5000000e+01 -1.0500000e+00 0.0000000e+00 0.0000000e+00
8.6400000e+03 8.8000000e+01 -1.1000000e+00 0.0000000e+00 0.0000000e+00
8.7000000e+03 9.1000000e+01 -1.8000000e+00 0.0000000e+00 0.0000000e+00
8.7600000e+03 8.8000000e+01 -1.9499999e+00 0.0000000e+00 0.0000000e+00
8.8200000e+03 7.8000000e+01 -1.7499999e+00 0.0000000e+00 0.0000000e+00
8.8800000e+03 8.9000000e+01 -1.4000000e+00 0.0000000e+00 0.0000000e+00
8.9400000e+03 9.2000000e+01 -2.0000000e+00 0.0000000e+00 0.0000000e+00
9.0000000e+03 8.9000000e+01 -2.4000000e+00 0.0000000e+00 0.0000000e+00
9.0600000e+03 9.0000000e+01 -3.1000000e+00 0.0000000e+00 0.0000000e+00
9.1200000e+03 9.3000000e+01 -3.0500001e+00 0.0000000e+00 0.0000000e+00
9.1800000e+03 9.1000000e+01 -3.3500000e+00 0.0000000e+00 0.0000000e+00
9.2400000e+03 9.3000000e+01 -3.1999999e+00 0.0000000e+00 1.8403339e+01
9.3000000e+03 9.2000000e+01 -2.4000000e+00 0.0000000e+00 3.2186829e+01
9.3600000e+03 9.2000000e+01 -1.7000000e+00 0.0000000e+00 4.8186508e+01
9.4200000e+03 9.2000000e+01 -1.6000000e+00 0.0000000e+00 1.0658660e+01
9.4800000e+03 9.4000000e+01 -2.2500000e+00 0.0000000e+00 7.4137731e+00
9.5400000e+03 9.3000000e+01 -1.9500000e+00 0.0000000e+00 0.0000000e+00
9.6000000e+03 9.1000000e+01 -2.0500000e+00 0.0000000e+00 0.0000000e+00
9.6600000e+03 9.0000000e+01 -1.7499999e+00 0.0000000e+00 0.0000000e+00
9.7200000e+03 9.1000000e+01 -2.0500000e+00 0.0000000e+00 0.0000000e+00
9.7800000e+03 9.3000000e+01 -3.2500000e+00 0.0000000e+00 0.0000000e+00
9.8400000e+03 9.4000000e+01 -3.8000001e+00 0.0000000e+00 0.0000000e+00
9.9000000e+03 9.3000000e+01 -4.1000000e+00 0.0000000e+00 0.0000000e+00
9.9600000e+03 9.2000000e+01 -4.1000001e+00 0.0000000e+00 0.0000000e+00
1.0020000e+04 9.2000000e+01 -4.4499998e+00 0.0000000e+00 0.0000000e+00
1.0080000e+04 9.2000000e+01 -4.2500000e+00 0.0000000e+00 0.0000000e+00
1.0140000e+04 9.2000000e+01 -4.5000000e+00 0.0000000e+00 0.0000000e+00
1.0200000e+04 9.2000000e+01 -4.7000000e+00 0.0000000e+00 0.0000000e+00
1.0260000e+04 9.2000000e+01 -5.0500000e+00 0.0000000e+00 0.0000000e+00
1.0320000e+04 9.1000000e+01 -4.8000000e+00 0.0000000e+00 0.0000000e+00
1.0380000e+04 8.7000000e+01 -4.5500000e+00 0.0000000e+00 0.0000000e+00
1.0440000e+04 8.7000000e+01 -4.4000001e+00 0.0000000e+00 0.0000000e+00
1.0500000e+04 8.5000000e+01 -5.5000000e+00 0.0000000e+00 0.0000000e+00
1.0560000e+04 8.1000000e+01 -4.5000000e+00 0.0000000e+00 0.0000000e+00
1.0620000e+04 7.5000000e+01 -4.2000000e+00 0.0000000e+00 0.0000000e+00
1.0680000e+04 7.1000000e+01 -4.4000000e+00 0.0000000e+00 1.5996200e+01
1.0740000e+04 6.8000000e+01 -3.3500000e+00 0.0000000e+00 3.8012779e+01
1.0800000e+04 6.3000000e+01 -2.5000000e+00 0.0000000e+00 4.4170650e+01
1.0860000e+04 6.4000000e+01 -2.0500000e+00 0.0000000e+00 2.4827030e+01
1.0920000e+04 5.6000000e+01 -1.0500000e+00 0.0000000e+00 5.3001542e+00
1.0980000e+04 8.2000000e+01 -8.9999998e-01 0.0000000e+00 0.0000000e+00
1.1040000e+04 8.4000000e+01 -9.9999994e-02 0.0000000e+00 0.0000000e+00
1.1100000e+04 9.0000000e+01 3.5000001e-01 0.0000000e+00 0.0000000e+00
1.1160000e+04 8.5000000e+01 3.9999999e-01 0.0000000e+00 0.0000000e+00
1.1220000e+04 8.5000000e+01 6.5000001e-01 0.0000000e+00 0.0000000e+00
1.1280000e+04 9.0000000e+01 6.0000000e-01 0.0000000e+00 0.0000000e+00
1.1340000e+04 9.3000000e+01 4.5000000e-01 0.0000000e+00 0.0000000e+00
1.1400000e+04 7.0000000e+01 2.3000000e+00 0.0000000e+00 0.0000000e+00
1.1460000e+04 6.3000000e+01 5.1500001e+00 0.0000000e+00 0.0000000e+00
1.1520000e+04 6.3000000e+01 5.9000001e+00 0.0000000e+00 0.0000000e+00
1.1580000e+04 6.0000000e+01 6.0999999e+00 0.0000000e+00 0.0000000e+00
1.1640000e+04 5.0000000e+01 7.3999999e+00 0.0000000e+00 0.0000000e+00
1.1700000e+04 4.9000000e+01 9.0999999e+00 0.0000000e+00 0.0000000e+00
1.1760000e+04 4.7000000e+01 8.9499998e+00 0.0000000e+00 0.0000000e+00
1.1820000e+04 4.7000000e+01 8.8500001e+00 0.0000000e+00 0.0000000e+00
1.1880000e+04 4.7000000e+01 9.6999998e+00 0.0000000e+00 0.0000000e+00
1.1940000e+04 4.7000000e+01 9.9000001e+00 0.0000000e+00 0.0000000e+00
1.2000000e+04 5.1000000e+01 9.2999997e+00 0.0000000e+00 0.0000000e+00
1.2060000e+04 5.3000000e+01 8.4000001e+00 0.0000000e+00 0.0000000e+00
1.2120000e+04 5.0000000e+01 7.8499999e+00 0.0000000e+00 1.9894010e+00
1.2180000e+04 5.3000000e+01 7.7500000e+00 0.0000000e+00 2.6066099e+01
1.2240000e+04 5.6000000e+01 7.1499999e+00 0.0000000e+00 2.4159040e+01
1.2300000e+04 5.9000000e+01 6.6000001e+00 0.0000000e+00 2.5320601e+01
1.2360000e+04 6.4000000e+01 6.0999999e+00 0.0000000e+00 2.0168190e+01
1.2420000e+04 5.9000000e+01 6.1000001e+00 0.0000000e+00 3.9980650e+00
1.2480000e+04 5.5000000e+01 6.1500001e+00 0.0000000e+00 0.0000000e+00
1.2540000e+04 5.5000000e+01 6.1000001e+00 0.0000000e+00 0.0000000e+00
1.2600000e+04 5.1000000e+01 5.5500000e+00 0.0000000e+00 0.0000000e+00
1.2660000e+04 5.1000000e+01 5.8500001e+00 0.0000000e+00 0.0000000e+00
1.2720000e+04 6.1000000e+01 5.4500000e+00 0.0000000e+00 0.0000000e+00
1.2780000e+04 5.7000000e+01 4.0500000e+00 0.0000000e+00 0.0000000e+00
1.2840000e+04 4.8000000e+01 5.3999999e+00 0.0000000e+00 0.0000000e+00
1.2900000e+04 4.7000000e+01 6.8499999e+00 0.0000000e+00 0.0000000e+00
1.2960000e+04 5.3000000e+01 6.5500000e+00 0.0000000e+00 0.0000000e+00
1.3020000e+04 7.1000000e+01 5.1499999e+00 0.0000000e+00 0.0000000e+00
1.3080000e+04 5.7000000e+01 5.3000002e+00 0.0000000e+00 0.0000000e+00
1.3140000e+04 6.2000000e+01 6.9499998e+00 0.0000000e+00 0.0000000e+00
1.3200000e+04 6.2000000e+01 6.8000000e+00 0.0000000e+00 0.0000000e+00
1.3260000e+04 7.6000000e+01 5.9500000e+00 0.0000000e+00 0.0000000e+00
1.3320000e+04 6.0000000e+01 6.8499999e+00 0.0000000e+00 0.0000000e+00
1.3380000e+04 4.6000000e+01 9.2499998e+00 0.0000000e+00 0.0000000e+00
1.3440000e+04 4.7000000e+01 1.0550000e+01 0.0000000e+00 0.0000000e+00
1.3500000e+04 4.7000000e+01 1.0700000e+01 0.0000000e+00 0.0000000e+00
1.3560000e+04 5.1000000e+01 1.0300000e+01 0.0000000e+00 1.2742600e+00
1.3620000e+04 5.0000000e+01 9.9500003e+00 0.0000000e+00 1.2006820e+01
1.3680000e+04 5.6000000e+01 9.5499997e+00 0.0000000e+00 2.2437590e+01
1.3740000e+04 5.6000000e+01 8.8500004e+00 0.0000000e+00 1.6797791e+01
1.3800000e+04 6.1000000e+01 8.3500001e+00 0.0000000e+00 8.9192104e+00
1.3860000e+04 8.4000000e+01 6.2500000e+00 0.0000000e+00 0.0000000e+00
1.3920000e+04 8.4000000e+01 4.4500000e+00 0.0000000e+00 0.0000000e+00
1.3980000e+04 8.8000000e+01 4.6500001e+00 0.0000000e+00 0.0000000e+00
1.4040000e+04 8.2000000e+01 4.5500002e+00 0.0000000e+00 0.0000000e+00
1.4100000e+04 8.5000000e+01 4.5500002e+00 0.0000000e+00 0.0000000e+00
1.4160000e+04 8.5000000e+01 4.5500002e+00 0.0000000e+00 0.0000000e+00
1.4220000e+04 8.4000000e+01 4.6499999e+00 0.0000000e+00 0.0000000e+00
1.4280000e+04 8.2000000e+01 4.8499999e+00 0.0000000e+00 0.0000000e+00
1.4340000e+04 8.8000000e+01 3.9500000e+00 0.0000000e+00 0.0000000e+00
1.4400000e+04 9.3000000e+01 2.9500000e+00 0.0000000e+00 0.0000000e+00
1.4460000e+04 9.1000000e+01 3.4499999e+00 0.0000000e+00 0.0000000e+00
1.4520000e+04 9.0000000e+01 3.6500000e+00 0.0000000e+00 0.0000000e+00
1.4580000e+04 8.9000000e+01 3.1999999e+00 0.0000000e+00 0.0000000e+00
1.4640000e+04 9.1000000e+01 3.3500000e+00 0.0000000e+00 0.0000000e+00
1.4700000e+04 9.3000000e+01 4.0500000e+00 0.0000000e+00 0.0000000e+00
1.4760000e+04 9.1000000e+01 3.6999999e+00 0.0000000e+00 0.0000000e+00
1.4820000e+04 9.5000000e+01 3.4499999e+00 0.0000000e+00 0.0000000e+00
1.4880000e+04 9.4000000e+01 3.4500000e+00 0.0000000e+00 0.0000000e+00
1.4940000e+04 9.4000000e+01 3.3000000e+00 0.0000000e+00 0.0000000e+00
1.5000000e+04 9.3000000e+01 3.0000000e+00 0.0000000e+00 1.7482181e+00
1.5060000e+04 9.3000000e+01 3.1000000e+00 0.0000000e+00 2.7354980e+01
1.5120000e+04 8.7000000e+01 3.1999999e+00 0.0000000e+00 2.0023701e+01
1.5180000e+04 8.3000000e+01 3.5500000e+00 0.0000000e+00 4.9280022e+01
1.5240000e+04 8.0000000e+01 3.6000000e+00 0.0000000e+00 1.0672960e+01
1.5300000e+04 8.9000000e+01 2.7500000e+00 0.0000000e+00 2.0184591e+00
1.5360000e+04 9.0000000e+01 1.7000000e+00 0.0000000e+00 0.0000000e+00
1.5420000e+04 7.7000000e+01 1.9499999e+00 0.0000000e+00 0.0000000e+00
1.5480000e+04 7.1000000e+01 3.0500000e+00 0.0000000e+00 0.0000000e+00
1.5540000e+04 6.3000000e+01 3.6500001e+00 0.0000000e+00 0.0000000e+00
1.5600000e+04 5.8000000e+01 3.9999999e+00 0.0000000e+00 0.0000000e+00
1.5660000e+04 5.7000000e+01 4.1500001e+00 0.0000000e+00 0.0000000e+00
1.5720000e+04 5.3000000e+01 4.8499999e+00 0.0000000e+00 0.0000000e+00
1.5780000e+04 7.2000000e+01 4.3000001e+00 0.0000000e+00 0.0000000e+00
1.5840000e+04 6.7000000e+01 3.4000000e+00 0.0000000e+00 0.0000000e+00
1.5900000e+04 6.0000000e+01 4.3000001e+00 0.0000000e+00 0.0000000e+00
1.5960000e+04 6.2000000e+01 5.1000001e+00 0.0000000e+00 0.0000000e+00
1.6020000e+04 6.6000000e+01 5.1500001e+00 0.0000000e+00 0.0000000e+00
1.6080000e+04 7.9000000e+01 5.0000000e+00 0.0000000e+00 0.0000000e+00
1.6140000e+04 8.3000000e+01 3.9000000e+00 0.0000000e+00 0.0000000e+00
1.6200000e+04 7.9000000e+01 3.9000000e+00 0.0000000e+00 0.0000000e+00
1.6260000e+04 8.6000000e+01 3.7000000e+00 0.0000000e+00 0.0000000e+00
1.6320000e+04 8.9000000e+01 3.2500000e+00 0.0000000e+00 0.0000000e+00
1.6380000e+04 9.0000000e+01 3.4000000e+00 0.0000000e+00 0.0000000e+00
1.6440000e+04 9.3000000e+01 3.5000000e+00 0.0000000e+00 3.6641560e-02
1.6500000e+04 9.5000000e+01 3.5000000e+00 0.0000000e+00 7.7500529e+00
1.6560000e+04 9.5000000e+01 3.7500000e+00 0.0000000e+00 1.1914880e+01
1.6620000e+04 9.5000000e+01 3.9000000e+00 0.0000000e+00 1.2177240e+01
1.6680000e+04 9.5000000e+01 4.5000000e+00 0.0000000e+00 3.2773981e+00
1.6740000e+04 9.5000000e+01 5.1500001e+00 0.0000000e+00 0.0000000e+00
1.6800000e+04 9.6000000e+01 5.2500000e+00 0.0000000e+00 0.0000000e+00
1.6860000e+04 9.6000000e+01 4.8999999e+00 0.0000000e+00 0.0000000e+00
1.6920000e+04 9.5000000e+01 4.3499999e+00 0.0000000e+00 0.0000000e+00
1.6980000e+04 8.9000000e+01 3.7500000e+00 0.0000000e+00 0.0000000e+00
1.7040000e+04 9.2000000e+01 3.5500000e+00 0.0000000e+00 0.0000000e+00
1.7100000e+04 8.8000000e+01 3.8000000e+00 0.0000000e+00 0.0000000e+00
1.7160000e+04 9.4000000e+01 3.6500000e+00 0.0000000e+00 0.0000000e+00
1.7220000e+04 9.4000000e+01 3.4000000e+00 0.0000000e+00 0.0000000e+00
1.7280000e+04 9.4000000e+01 3.3500000e+00 0.0000000e+00 0.0000000e+00
1.7340000e+04 9.4000000e+01 3.4000000e+00 0.0000000e+00 0.0000000e+00
1.7400000e+04 9.5000000e+01 3.3500000e+00 0.0000000e+00 0.0000000e+00
1.7460000e+04 9.5000000e+01 3.2500000e+00 0.0000000e+00 0.0000000e+00
1.7520000e+04 9.5000000e+01 2.9500000e+00 0.0000000e+00 0.0000000e+00
1.7580000e+04 9.5000000e+01 2.8000000e+00 0.0000000e+00 0.0000000e+00
1.7640000e+04 9.6000000e+01 2.7500000e+00 0.0000000e+00 0.0000000e+00
1.7700000e+04 9.5000000e+01 3.0500001e+00 0.0000000e+00 0.0000000e+00
1.7760000e+04 9.4000000e+01 2.9000000e+00 0.0000000e+00 0.0000000e+00
1.7820000e+04 9.3000000e+01 3.2500000e+00 0.0000000e+00 0.0000000e+00
1.7880000e+04 9.5000000e+01 3.0000000e+00 0.0000000e+00 3.0151211e+01
1.7940000e+04 9.4000000e+01 3.7000000e+00 0.0000000e+00 6.5546829e+01
1.8000000e+04 8.5000000e+01 4.5000000e+00 0.0000000e+00 1.1818100e+02
1.8060000e+04 8.4000000e+01 4.5999999e+00 0.0000000e+00 1.3649429e+02
1.8120000e+04 8.7000000e+01 3.9499999e+00 0.0000000e+00 3.9189301e+01
1.8180000e+04 8.7000000e+01 2.8000000e+00 0.0000000e+00 9.6922302e+00
1.8240000e+04 8.6000000e+01 2.1500000e+00 0.0000000e+00 0.0000000e+00
1.8300000e+04 7.6000000e+01 2.9000001e+00 0.0000000e+00 0.0000000e+00
1.8360000e+04 7.1000000e+01 3.0000000e+00 0.0000000e+00 0.0000000e+00
1.8420000e+04 6.5000000e+01 3.5500000e+00 0.0000000e+00 0.0000000e+00
1.8480000e+04 6.0000000e+01 3.9000000e+00 0.0000000e+00 0.0000000e+00
1.8540000e+04 5.9000000e+01 3.9000000e+00 0.0000000e+00 0.0000000e+00
1.8600000e+04 5.5000000e+01 3.9000001e+00 0.0000000e+00 0.0000000e+00
1.8660000e+04 5.0000000e+01 4.5500000e+00 0.0000000e+00 0.0000000e+00
1.8720000e+04 4.5000000e+01 5.5000000e+00 0.0000000e+00 0.0000000e+00
1.8780000e+04 5.3000000e+01 6.3499999e+00 0.0000000e+00 0.0000000e+00
1.8840000e+04 6.0000000e+01 5.6000001e+00 0.0000000e+00 0.0000000e+00
1.8900000e+04 5.5000000e+01 5.6499999e+00 0.0000000e+00 0.0000000e+00
1.8960000e+04 5.9000000e+01 6.7500000e+00 0.0000000e+00 0.0000000e+00
1.9020000e+04 6.1000000e+01 7.1000001e+00 0.0000000e+00 0.0000000e+00
1.9080000e+04 6.4000000e+01 6.5500000e+00 0.0000000e+00 0.0000000e+00
1.9140000e+04 7.2000000e+01 6.3000000e+00 0.0000000e+00 0.0000000e+00
1.9200000e+04 8.4000000e+01 5.9500000e+00 0.0000000e+00 0.0000000e+00
1.9260000e+04 8.8000000e+01 5.0000000e+00 0.0000000e+00 0.0000000e+00
1.9320000e+04 8.9000000e+01 4.4500000e+00 0.0000000e+00 0.0000000e+00
1.9380000e+04 9.1000000e+01 3.3000001e+00 0.0000000e+00 1.1346630e+01
1.9440000e+04 9.1000000e+01 2.8500000e+00 0.0000000e+00 1.5594970e+01
1.9500000e+04 8.4000000e+01 3.4000000e+00 0.0000000e+00 1.4339840e+01
1.9560000e+04 9.1000000e+01 3.9999999e+00 0.0000000e+00 3.3634191e+00
1.9620000e+04 8.1000000e+01 3.9999999e+00 0.0000000e+00 0.0000000e+00
1.9680000e+04 8.0000000e+01 4.4500000e+00 0.0000000e+00 0.0000000e+00
1.9740000e+04 7.8000000e+01 4.1000000e+00 0.0000000e+00 0.0000000e+00
1.9800000e+04 7.9000000e+01 4.0000001e+00 0.0000000e+00 0.0000000e+00
1.9860000e+04 7.2000000e+01 3.9500000e+00 0.0000000e+00 0.0000000e+00
1.9920000e+04 6.5000000e+01 4.3499999e+00 0.0000000e+00 0.0000000e+00
1.9980000e+04 5.6000000e+01 5.0000000e+00 0.0000000e+00 0.0000000e+00
2.0040000e+04 5.3000000e+01 5.5500000e+00 0.0000000e+00 0.0000000e+00
2.0100000e+04 5.4000000e+01 5.9499998e+00 0.0000000e+00 0.0000000e+00
2.0160000e+04 5.8000000e+01 6.3000000e+00 0.0000000e+00 0.0000000e+00
2.0220000e+04 6.3000000e+01 6.1500001e+00 0.0000000e+00 0.0000000e+00
2.0280000e+04 6.8000000e+01 6.2000000e+00 0.0000000e+00 0.0000000e+00
2.0340000e+04 8.0000000e+01 5.9000001e+00 0.0000000e+00 0.0000000e+00
2.0400000e+04 7.9000000e+01 5.6000001e+00 0.0000000e+00 0.0000000e+00
2.0460000e+04 7.9000000e+01 5.8499999e+00 0.0000000e+00 0.0000000e+00
2.0520000e+04 7.6000000e+01 6.0000000e+00 0.0000000e+00 0.0000000e+00
2.0580000e+04 7.0000000e+01 6.7500000e+00 0.0000000e+00 0.0000000e+00
2.0640000e+04 6.5000000e+01 7.4500000e+00 0.0000000e+00 0.0000000e+00
2.0700000e+04 6.9000000e+01 7.6000001e+00 0.0000000e+00 0.0000000e+00
2.0760000e+04 7.0000000e+01 7.4500000e+00 0.0000000e+00 3.1397500e+00
2.0820000e+04 7.0000000e+01 7.3999999e+00 0.0000000e+00 6.2881670e+00
2.0880000e+04 7.5000000e+01 7.2500000e+00 0.0000000e+00 3.9135480e+00
2.0940000e+04 7.8000000e+01 7.0500000e+00 0.0000000e+00 0.0000000e+00
2.1000000e+04 8.7000000e+01 5.9500000e+00 0.0000000e+00 0.0000000e+00
2.1060000e+04 8.4000000e+01 5.2000000e+00 0.0000000e+00 0.0000000e+00
2.1120000e+04 8.1000000e+01 5.4500000e+00 0.0000000e+00 0.0000000e+00
2.1180000e+04 8.0000000e+01 5.9000001e+00 0.0000000e+00 0.0000000e+00
2.1240000e+04 7.0000000e+01 6.2500000e+00 0.0000000e+00 0.0000000e+00
2.1300000e+04 7.1000000e+01 6.6000001e+00 0.0000000e+00 0.0000000e+00
2.1360000e+04 6.9000000e+01 6.2500000e+00 0.0000000e+00 0.0000000e+00
2.1420000e+04 6.7000000e+01 6.7500000e+00 0.0000000e+00 0.0000000e+00
2.1480000e+04 7.0000000e+01 6.6500001e+00 0.0000000e+00 0.0000000e+00
2.1540000e+04 8.5000000e+01 6.4000001e+00 0.0000000e+00 0.0000000e+00
2.1600000e+04 8.5000000e+01 5.5500000e+00 0.0000000e+00 0.0000000e+00
2.1660000e+04 9.3000000e+01 4.9500000e+00 0.0000000e+00 0.0000000e+00
2.1720000e+04 9.5000000e+01 4.6500001e+00 0.0000000e+00 0.0000000e+00
2.1780000e+04 9.6000000e+01 4.3999999e+00 0.0000000e+00 0.0000000e+00
2.1840000e+04 9.3000000e+01 4.6000001e+00 0.0000000e+00 0.0000000e+00
2.1900000e+04 7.6000000e+01 6.1499999e+00 0.0000000e+00 0.0000000e+00
2.1960000e+04 7.0000000e+01 7.5000000e+00 0.0000000e+00 0.0000000e+00
2.2020000e+04 6.0000000e+01 8.3000002e+00 0.0000000e+00 0.0000000e+00
2.2080000e+04 5.9000000e+01 9.3499999e+00 0.0000000e+00 0.0000000e+00
2.2140000e+04 5.4000000e+01 1.0150000e+01 0.0000000e+00 0.0000000e+00
2.2200000e+04 4.4000000e+01 1.1200000e+01 0.0000000e+00 1.9573820e+01
2.2260000e+04 4.2000000e+01 1.1550000e+01 0.0000000e+00 4.8031559e+01
2.2320000e+04 4.0000000e+01 1.1500000e+01 0.0000000e+00 6.8995956e+01
2.2380000e+04 4.0000000e+01 1.1450000e+01 0.0000000e+00 4.8563389e+01
2.2440000e+04 4.6000000e+01 1.1200000e+01 0.0000000e+00 3.6521778e+01
2.2500000e+04 4.9000000e+01 1.0900000e+01 0.0000000e+00 1.1271470e+01
2.2560000e+04 4.4000000e+01 1.1300000e+01 0.0000000e+00 0.0000000e+00
2.2620000e+04 4.2000000e+01 1.2550000e+01 0.0000000e+00 0.0000000e+00
2.2680000e+04 4.2000000e+01 1.3050000e+01 0.0000000e+00 0.0000000e+00
2.2740000e+04 4.0000000e+01 1.3450000e+01 0.0000000e+00 0.0000000e+00
2.2800000e+04 3.9000000e+01 1.4350000e+01 0.0000000e+00 0.0000000e+00
2.2860000e+04 3.8000000e+01 1.5400000e+01 0.0000000e+00 0.0000000e+00
2.2920000e+04 5.0000000e+01 1.4750000e+01 0.0000000e+00 0.0000000e+00
2.2980000e+04 6.9000000e+01 1.2100000e+01 0.0000000e+00 0.0000000e+00
2.3040000e+04 7.4000000e+01 9.6999998e+00 0.0000000e+00 0.0000000e+00
2.3100000e+04 8.8000000e+01 8.1500001e+00 0.0000000e+00 0.0000000e+00
2.3160000e+04 8.8000000e+01 7.0000000e+00 0.0000000e+00 0.0000000e+00
2.3220000e+04 8.6000000e+01 6.1000001e+00 0.0000000e+00 0.0000000e+00
2.3280000e+04 7.1000000e+01 5.9499998e+00 0.0000000e+00 0.0000000e+00
2.3340000e+04 7.2000000e+01 5.3999999e+00 0.0000000e+00 0.0000000e+00
2.3400000e+04 6.7000000e+01 5.2500000e+00 0.0000000e+00 0.0000000e+00
2.3460000e+04 6.1000000e+01 5.5500000e+00 0.0000000e+00 0.0000000e+00
2.3520000e+04 6.1000000e+01 5.8000000e+00 0.0000000e+00 0.0000000e+00
2.3580000e+04 6.5000000e+01 5.5500000e+00 0.0000000e+00 0.0000000e+00
2.3640000e+04 6.2000000e+01 5.8499999e+00 0.0000000e+00 1.2944510e+01
2.3700000e+04 7.6000000e+01 5.7500000e+00 0.0000000e+00 2.7078270e+01
2.3760000e+04 7.1000000e+01 4.9499998e+00 0.0000000e+00 2.6234871e+01
2.3820000e+04 6.5000000e+01 5.6999998e+00 0.0000000e+00 8.8113693e+01
2.3880000e+04 6.6000000e+01 5.8499999e+00 0.0000000e+00 3.2509022e+01
2.3940000e+04 6.1000000e+01 5.7000000e+00 0.0000000e+00 3.0616369e+00
2.4000000e+04 6.8000000e+01 5.8999999e+00 0.0000000e+00 0.0000000e+00
2.4060000e+04 5.6000000e+01 5.9500000e+00 0.0000000e+00 0.0000000e+00
2.4120000e+04 5.2000000e+01 6.4500000e+00 0.0000000e+00 0.0000000e+00
2.4180000e+04 4.9000000e+01 6.5500000e+00 0.0000000e+00 0.0000000e+00
2.4240000e+04 5.4000000e+01 6.4499998e+00 0.0000000e+00 0.0000000e+00
2.4300000e+04 4.8000000e+01 6.3999999e+00 0.0000000e+00 0.0000000e+00
2.4360000e+04 4.9000000e+01 6.3000000e+00 0.0000000e+00 0.0000000e+00
2.4420000e+04 5.1000000e+01 6.0500002e+00 0.0000000e+00 0.0000000e+00
2.4480000e+04 5.2000000e+01 5.8999999e+00 0.0000000e+00 0.0000000e+00
2.4540000e+04 5.1000000e+01 5.7500000e+00 0.0000000e+00 0.0000000e+00
2.4600000e+04 5.6000000e+01 5.1000001e+00 0.0000000e+00 0.0000000e+00
2.4660000e+04 5.9000000e+01 4.0000000e+00 0.0000000e+00 0.0000000e+00
2.4720000e+04 5.8000000e+01 3.9000001e+00 0.0000000e+00 0.0000000e+00
2.4780000e+04 6.5000000e+01 3.4000001e+00 0.0000000e+00 0.0000000e+00
2.4840000e+04 6.8000000e+01 2.2500001e+00 0.0000000e+00 0.0000000e+00
2.4900000e+04 6.5000000e+01 1.8500000e+00 0.0000000e+00 0.0000000e+00
2.4960000e+04 7.0000000e+01 1.5500000e+00 0.0000000e+00 0.0000000e+00
2.5020000e+04 6.9000000e+01 1.1500000e+00 0.0000000e+00 0.0000000e+00
2.5080000e+04 7.5000000e+01 6.5000001e-01 0.0000000e+00 4.8560710e+00
2.5140000e+04 6.2000000e+01 1.7500000e+00 0.0000000e+00 8.3206841e+01
2.5200000e+04 5.4000000e+01 3.9499999e+00 0.0000000e+00 1.6405251e+02
2.5260000e+04 5.1000000e+01 5.0000000e+00 0.0000000e+00 1.5174390e+02
2.5320000e+04 5.5000000e+01 3.4000000e+00 0.0000000e+00 6.5084587e+01
2.5380000e+04 5.7000000e+01 2.5000000e+00 0.0000000e+00 2.9501560e+00
2.5440000e+04 6.2000000e+01 1.3500000e+00 0.0000000e+00 0.0000000e+00
2.5500000e+04 5.7000000e+01 1.0500000e+00 0.0000000e+00 0.0000000e+00
2.5560000e+04 5.7000000e+01 8.5000002e-01 0.0000000e+00 0.0000000e+00
2.5620000e+04 5.2000000e+01 1.5000000e+00 0.0000000e+00 0.0000000e+00
2.5680000e+04 4.0000000e+01 3.6500000e+00 0.0000000e+00 0.0000000e+00
2.5740000e+04 3.9000000e+01 5.2500000e+00 0.0000000e+00 0.0000000e+00
2.5800000e+04 4.1000000e+01 5.8500001e+00 0.0000000e+00 0.0000000e+00
2.5860000e+04 4.8000000e+01 6.1500001e+00 0.0000000e+00 0.0000000e+00
2.5920000e+04 5.1000000e+01 6.2000000e+00 0.0000000e+00 0.0000000e+00
2.5980000e+04 4.9000000e+01 6.7000000e+00 0.0000000e+00 0.0000000e+00
2.6040000e+04 5.1000000e+01 7.2000000e+00 0.0000000e+00 0.0000000e+00
2.6100000e+04 5.4000000e+01 7.4500000e+00 0.0000000e+00 0.0000000e+00
2.6160000e+04 5.6000000e+01 7.2500000e+00 0.0000000e+00 0.0000000e+00
2.6220000e+04 5.5000000e+01 7.4000001e+00 0.0000000e+00 0.0000000e+00
2.6280000e+04 5.4000000e+01 7.6000001e+00 0.0000000e+00 0.0000000e+00
2.6340000e+04 5.5000000e+01 7.6000001e+00 0.0000000e+00 0.0000000e+00
2.6400000e+04 5.1000000e+01 7.6000001e+00 0.0000000e+00 0.0000000e+00
2.6460000e+04 4.9000000e+01 7.9000001e+00 0.0000000e+00 0.0000000e+00
2.6520000e+04 4.9000000e+01 7.9499998e+00 0.0000000e+00 2.2622780e+01
2.6580000e+04 4.7000000e+01 8.0000000e+00 0.0000000e+00 3.9568192e+01
2.6640000e+04 4.8000000e+01 8.2500000e+00 0.0000000e+00 4.9433739e+01
2.6700000e+04 6.0000000e+01 7.8499999e+00 0.0000000e+00 1.8747919e+01
2.6760000e+04 7.0000000e+01 6.5000000e+00 0.0000000e+00 3.3774179e-01
2.6820000e+04 7.3000000e+01 5.9500000e+00 0.0000000e+00 0.0000000e+00
2.6880000e+04 8.0000000e+01 5.0500000e+00 0.0000000e+00 0.0000000e+00
2.6940000e+04 9.2000000e+01 3.7500000e+00 0.0000000e+00 0.0000000e+00
2.7000000e+04 6.8000000e+01 3.6999999e+00 0.0000000e+00 0.0000000e+00
2.7060000e+04 5.5000000e+01 4.7000000e+00 0.0000000e+00 0.0000000e+00
2.7120000e+04 8.2000000e+01 3.6500001e+00 0.0000000e+00 0.0000000e+00
2.7180000e+04 8.9000000e+01 2.3499999e+00 0.0000000e+00 0.0000000e+00
2.7240000e+04 8.1000000e+01 2.8000001e+00 0.0000000e+00 0.0000000e+00
2.7300000e+04 7.6000000e+01 2.9500000e+00 0.0000000e+00 0.0000000e+00
2.7360000e+04 8.0000000e+01 2.5000000e+00 0.0000000e+00 0.0000000e+00
2.7420000e+04 7.5000000e+01 2.2000000e+00 0.0000000e+00 0.0000000e+00
2.7480000e+04 7.6000000e+01 2.2500001e+00 0.0000000e+00 0.0000000e+00
2.7540000e+04 7.8000000e+01 9.0000001e-01 0.0000000e+00 0.0000000e+00
2.7600000e+04 6.3000000e+01 1.5500000e+00 0.0000000e+00 0.0000000e+00
2.7660000e+04 5.3000000e+01 2.4500000e+00 0.0000000e+00 0.0000000e+00
2.7720000e+04 6.0000000e+01 2.1000000e+00 0.0000000e+00 0.0000000e+00
2.7780000e+04 8.8000000e+01 1.2500000e+00 0.0000000e+00 0.0000000e+00
2.7840000e+04 8.3000000e+01 9.9999997e-01 0.0000000e+00 0.0000000e+00
2.7900000e+04 9.4000000e+01 5.9999999e-01 0.0000000e+00 0.0000000e+00
2.7960000e+04 8.9000000e+01 1.2500000e+00 0.0000000e+00 1.3373890e+01
2.8020000e+04 7.5000000e+01 1.9500000e+00 0.0000000e+00 2.7855579e+01
2.8080000e+04 6.5000000e+01 2.3500000e+00 0.0000000e+00 4.2105202e+01
2.8140000e+04 5.5000000e+01 3.0999999e+00 0.0000000e+00 5.0722370e+01
2.8200000e+04 8.5000000e+01 1.9000001e+00 0.0000000e+00 7.2648940e+00
2.8260000e+04 7.9000000e+01 1.1500000e+00 0.0000000e+00 6.4437470e+00
2.8320000e+04 6.1000000e+01 2.3000000e+00 0.0000000e+00 0.0000000e+00
2.8380000e+04 8.6000000e+01 1.5000000e+00 0.0000000e+00 0.0000000e+00
2.8440000e+04 8.7000000e+01 9.0000004e-01 0.0000000e+00 0.0000000e+00
2.8500000e+04 8.1000000e+01 1.8000001e+00 0.0000000e+00 0.0000000e+00
2.8560000e+04 7.6000000e+01 2.4499999e+00 0.0000000e+00 0.0000000e+00
2.8620000e+04 6.9000000e+01 2.6500000e+00 0.0000000e+00 0.0000000e+00
2.8680000e+04 6.7000000e+01 2.5500000e+00 0.0000000e+00 0.0000000e+00
2.8740000e+04 5.8000000e+01 3.1500000e+00 0.0000000e+00 0.0000000e+00
2.8800000e+04 5.8000000e+01 3.4500000e+00 0.0000000e+00 0.0000000e+00
2.8860000e+04 5.7000000e+01 3.5000000e+00 0.0000000e+00 0.0000000e+00
2.8920000e+04 6.0000000e+01 3.6999999e+00 0.0000000e+00 0.0000000e+00
2.8980000e+04 6.7000000e+01 2.9500000e+00 0.0000000e+00 0.0000000e+00
2.9040000e+04 6.5000000e+01 3.6500000e+00 0.0000000e+00 0.0000000e+00
2.9100000e+04 7.6000000e+01 3.7000000e+00 0.0000000e+00 0.0000000e+00
2.9160000e+04 7.8000000e+01 3.8999999e+00 0.0000000e+00 0.0000000e+00
2.9220000e+04 9.2000000e+01 3.4000001e+00 0.0000000e+00 0.0000000e+00
2.9280000e+04 9.5000000e+01 3.2500000e+00 0.0000000e+00 0.0000000e+00
2.9340000e+04 8.4000000e+01 4.6999999e+00 0.0000000e+00 0.0000000e+00
2.9400000e+04 8.8000000e+01 5.6000001e+00 0.0000000e+00 0.0000000e+00
2.9460000e+04 9.4000000e+01 6.0500000e+00 0.0000000e+00 2.8568799e+00
2.9520000e+04 9.4000000e+01 6.9500000e+00 0.0000000e+00 1.0484080e+01
2.9580000e+04 9.5000000e+01 7.4500000e+00 0.0000000e+00 1.4422160e+00
2.9640000e+04 9.5000000e+01 7.5999999e+00 0.0000000e+00 1.7373790e-01
2.9700000e+04 9.3000000e+01 8.0000000e+00 0.0000000e+00 0.0000000e+00
2.9760000e+04 9.3000000e+01 8.2000003e+00 0.0000000e+00 0.0000000e+00
2.9820000e+04 9.1000000e+01 8.4000001e+00 0.0000000e+00 0.0000000e+00
2.9880000e+04 8.9000000e+01 8.7000003e+00 0.0000000e+00 0.0000000e+00
2.9940000e+04 8.5000000e+01 8.9000001e+00 0.0000000e+00 0.0000000e+00
3.0000000e+04 9.3000000e+01 8.1500001e+00 0.0000000e+00 0.0000000e+00
3.0060000e+04 8.7000000e+01 7.1000001e+00 0.0000000e+00 0.0000000e+00
3.0120000e+04 7.9000000e+01 6.8499999e+00 0.0000000e+00 0.0000000e+00
3.0180000e+04 7.9000000e+01 6.8499999e+00 0.0000000e+00 0.0000000e+00
3.0240000e+04 8.9000000e+01 5.9500000e+00 0.0000000e+00 0.0000000e+00
3.0300000e+04 9.1000000e+01 4.9000001e+00 0.0000000e+00 0.0000000e+00
3.0360000e+04 8.4000000e+01 3.9999999e+00 0.0000000e+00 0.0000000e+00
3.0420000e+04 7.2000000e+01 3.8000000e+00 0.0000000e+00 0.0000000e+00
3.0480000e+04 8.0000000e+01 3.6500000e+00 0.0000000e+00 0.0000000e+00
3.0540000e+04 8.7000000e+01 2.9500000e+00 0.0000000e+00 0.0000000e+00
3.0600000e+04 8.2000000e+01 2.7500000e+00 0.0000000e+00 0.0000000e+00
3.0660000e+04 8.7000000e+01 1.9000000e+00 0.0000000e+00 0.0000000e+00
3.0720000e+04 8.1000000e+01 2.3000000e+00 0.0000000e+00 0.0000000e+00
3.0780000e+04 8.9000000e+01 1.8500000e+00 0.0000000e+00 1.8864900e+00
3.0840000e+04 9.0000000e+01 9.4999999e-01 0.0000000e+00 2.7290671e+00
3.0900000e+04 7.4000000e+01 1.5000000e+00 0.0000000e+00 2.2424320e+01
3.0960000e+04 7.7000000e+01 1.6000000e+00 0.0000000e+00 1.7433550e+01
3.1020000e+04 6.5000000e+01 2.1000000e+00 0.0000000e+00 4.3238831e+01
3.1080000e+04 8.6000000e+01 2.4000000e+00 0.0000000e+00 2.0171810e+01
3.1140000e+04 7.8000000e+01 1.5500000e+00 0.0000000e+00 4.7303109e+00
3.1200000e+04 6.2000000e+01 2.6500000e+00 0.0000000e+00 0.0000000e+00
3.1260000e+04 5.0000000e+01 3.5500001e+00 0.0000000e+00 0.0000000e+00
3.1320000e+04 4.9000000e+01 3.2000000e+00 0.0000000e+00 0.0000000e+00
3.1380000e+04 6.6000000e+01 2.1500000e+00 0.0000000e+00 0.0000000e+00
3.1440000e+04 5.6000000e+01 1.9000000e+00 0.0000000e+00 0.0000000e+00
3.1500000e+04 5.8000000e+01 1.9500000e+00 0.0000000e+00 0.0000000e+00
3.1560000e+04 5.7000000e+01 2.5000000e+00 0.0000000e+00 0.0000000e+00
3.1620000e+04 5.0000000e+01 2.9000000e+00 0.0000000e+00 0.0000000e+00
3.1680000e+04 4.9000000e+01 2.8500000e+00 0.0000000e+00 0.0000000e+00
3.1740000e+04 4.8000000e+01 3.1000000e+00 0.0000000e+00 0.0000000e+00
3.1800000e+04 6.6000000e+01 2.8500000e+00 0.0000000e+00 0.0000000e+00
3.1860000e+04 7.7000000e+01 2.2500001e+00 0.0000000e+00 0.0000000e+00
3.1920000e+04 8.5000000e+01 1.0500000e+00 0.0000000e+00 0.0000000e+00
3.1980000e+04 7.5000000e+01 1.5000000e+00 0.0000000e+00 0.0000000e+00
3.2040000e+04 7.7000000e+01 1.6000000e+00 0.0000000e+00 0.0000000e+00
3.2100000e+04 8.7000000e+01 1.0500000e+00 0.0000000e+00 0.0000000e+00
3.2160000e+04 8.2000000e+01 1.1000000e+00 0.0000000e+00 0.0000000e+00
3.2220000e+04 7.8000000e+01 1.3000000e+00 0.0000000e+00 0.0000000e+00
3.2280000e+04 8.0000000e+01 1.2500000e+00 0.0000000e+00 8.9953938e+00
3.2340000e+04 8.4000000e+01 1.3500000e+00 0.0000000e+00 4.1939430e+01
3.2400000e+04 7.4000000e+01 1.4000000e+00 0.0000000e+00 3.5964951e+01
3.2460000e+04 9.1000000e+01 8.5000000e-01 0.0000000e+00 0.0000000e+00
3.2520000e+04 9.3000000e+01 1.0000000e-01 0.0000000e+00 0.0000000e+00
3.2580000e+04 9.2000000e+01 2.0000001e-01 0.0000000e+00 0.0000000e+00
3.2640000e+04 8.8000000e+01 3.4999999e-01 0.0000000e+00 0.0000000e+00
3.2700000e+04 9.3000000e+01 2.4999999e-01 0.0000000e+00 0.0000000e+00
3.2760000e+04 9.3000000e+01 2.0000000e-01 0.0000000e+00 0.0000000e+00
3.2820000e+04 9.2000000e+01 1.5000000e-01 0.0000000e+00 0.0000000e+00
3.2880000e+04 9.5000000e+01 -3.0000001e-01 0.0000000e+00 0.0000000e+00
3.2940000e+04 9.2000000e+01 -3.9999999e-01 0.0000000e+00 0.0000000e+00
3.3000000e+04 9.1000000e+01 5.0000001e-02 0.0000000e+00 0.0000000e+00
3.3060000e+04 9.0000000e+01 2.5000000e-01 0.0000000e+00 0.0000000e+00
3.3120000e+04 9.5000000e+01 3.5000000e-01 0.0000000e+00 0.0000000e+00
3.3180000e+04 9.3000000e+01 1.5000000e-01 0.0000000e+00 0.0000000e+00
3.3240000e+04 9.3000000e+01 -3.5000000e-01 0.0000000e+00 0.0000000e+00
3.3300000e+04 9.6000000e+01 -8.0000001e-01 0.0000000e+00 0.0000000e+00
3.3360000e+04 9.6000000e+01 -1.1500000e+00 0.0000000e+00 0.0000000e+00
3.3420000e+04 9.4000000e+01 -1.2000000e+00 0.0000000e+00 0.0000000e+00
3.3480000e+04 9.2000000e+01 -1.2000000e+00 0.0000000e+00 0.0000000e+00
3.3540000e+04 9.0000000e+01 -1.1500000e+00 0.0000000e+00 0.0000000e+00
3.3600000e+04 8.4000000e+01 -1.2000000e+00 0.0000000e+00 0.0000000e+00
3.3660000e+04 8.2000000e+01 -1.3000000e+00 0.0000000e+00 1.3906560e+00
3.3720000e+04 9.3000000e+01 -1.2500000e+00 0.0000000e+00 4.0867419e+00
3.3780000e+04 9.4000000e+01 -1.6000000e+00 0.0000000e+00 1.8670239e+00
3.3840000e+04 9.2000000e+01 -1.1500000e+00 0.0000000e+00 3.0738350e+01
3.3900000e+04 7.6000000e+01 -1.9999999e-01 0.0000000e+00 9.4086357e+01
3.3960000e+04 8.4000000e+01 3.0000001e-01 0.0000000e+00 5.5677292e+01
3.4020000e+04 9.1000000e+01 -1.1500000e+00 0.0000000e+00 3.5791860e+00
3.4080000e+04 9.2000000e+01 -1.8500000e+00 0.0000000e+00 0.0000000e+00
3.4140000e+04 9.2000000e+01 -2.2000000e+00 0.0000000e+00 0.0000000e+00
3.4200000e+04 9.3000000e+01 -2.3000001e+00 0.0000000e+00 0.0000000e+00
3.4260000e+04 9.3000000e+01 -2.2500000e+00 0.0000000e+00 0.0000000e+00
3.4320000e+04 9.3000000e+01 -2.3000000e+00 0.0000000e+00 0.0000000e+00
3.4380000e+04 9.1000000e+01 -2.6000000e+00 0.0000000e+00 0.0000000e+00
3.4440000e+04 9.0000000e+01 -3.3000001e+00 0.0000000e+00 0.0000000e+00
3.4500000e+04 9.2000000e+01 -3.6500000e+00 0.0000000e+00 0.0000000e+00
3.4560000e+04 9.0000000e+01 -3.3500000e+00 0.0000000e+00 0.0000000e+00
3.4620000e+04 9.1000000e+01 -3.5000000e+00 0.0000000e+00 0.0000000e+00
3.4680000e+04 8.8000000e+01 -4.2500000e+00 0.0000000e+00 0.0000000e+00
3.4740000e+04 9.0000000e+01 -4.9500000e+00 0.0000000e+00 0.0000000e+00
3.4800000e+04 8.8000000e+01 -5.3000000e+00 0.0000000e+00 0.0000000e+00
3.4860000e+04 8.8000000e+01 -5.5500000e+00 0.0000000e+00 0.0000000e+00
3.4920000e+04 8.4000000e+01 -5.5000000e+00 0.0000000e+00 0.0000000e+00
3.4980000e+04 7.9000000e+01 -5.4499998e+00 0.0000000e+00 0.0000000e+00
3.5040000e+04 7.3000000e+01 -5.0999999e+00 0.0000000e+00 0.0000000e+00
3.5100000e+04 7.2000000e+01 -4.8000000e+00 0.0000000e+00 0.0000000e+00
3.5160000e+04 6.8000000e+01 -4.6500001e+00 0.0000000e+00 1.2930910e+01
3.5220000e+04 6.5000000e+01 -4.3000000e+00 0.0000000e+00 2.2318260e+01
3.5280000e+04 6.9000000e+01 -4.1499999e+00 0.0000000e+00 2.9221479e+01
3.5340000e+04 6.3000000e+01 -3.8499999e+00 0.0000000e+00 2.8804930e+01
3.5400000e+04 6.4000000e+01 -3.6999999e+00 0.0000000e+00 2.2885700e+01
3.5460000e+04 6.4000000e+01 -3.9000000e+00 0.0000000e+00 9.4635391e+00
3.5520000e+04 7.9000000e+01 -4.6500001e+00 0.0000000e+00 0.0000000e+00
3.5580000e+04 8.2000000e+01 -5.6000001e+00 0.0000000e+00 0.0000000e+00
3.5640000e+04 8.5000000e+01 -6.0500002e+00 0.0000000e+00 0.0000000e+00
3.5700000e+04 8.7000000e+01 -6.4500000e+00 0.0000000e+00 0.0000000e+00
3.5760000e+04 8.7000000e+01 -6.7500000e+00 0.0000000e+00 0.0000000e+00
3.5820000e+04 8.7000000e+01 -7.1000001e+00 0.0000000e+00 0.0000000e+00
3.5880000e+04 8.9000000e+01 -7.5000000e+00 0.0000000e+00 0.0000000e+00
3.5940000e+04 8.9000000e+01 -7.5000000e+00 0.0000000e+00 0.0000000e+00
3.6000000e+04 8.8000000e+01 -7.1500001e+00 0.0000000e+00 0.0000000e+00
3.6060000e+04 8.8000000e+01 -6.4500000e+00 0.0000000e+00 0.0000000e+00
3.6120000e+04 7.8000000e+01 -5.6000001e+00 0.0000000e+00 0.0000000e+00
3.6180000e+04 8.2000000e+01 -5.7500000e+00 0.0000000e+00 0.0000000e+00
3.6240000e+04 8.1000000e+01 -5.5000000e+00 0.0000000e+00 0.0000000e+00
3.6300000e+04 7.6000000e+01 -4.8999999e+00 0.0000000e+00 0.0000000e+00
3.6360000e+04 7.3000000e+01 -4.5999999e+00 0.0000000e+00 0.0000000e+00
3.6420000e+04 7.1000000e+01 -4.7000000e+00 0.0000000e+00 0.0000000e+00
3.6480000e+04 7.2000000e+01 -4.7500000e+00 0.0000000e+00 0.0000000e+00
3.6540000e+04 6.9000000e+01 -4.9500000e+00 0.0000000e+00 1.1674360e+01
3.6600000e+04 6.9000000e+01 -5.1499999e+00 0.0000000e+00 1.3893210e+01
3.6660000e+04 5.9000000e+01 -3.6999999e+00 0.0000000e+00 2.8752139e+02
3.6720000e+04 6.0000000e+01 -2.5000000e+00 0.0000000e+00 3.6094501e+02
3.6780000e+04 5.6000000e+01 -2.5000000e+00 0.0000000e+00 3.2511871e+02
3.6840000e+04 5.7000000e+01 -2.4500000e+00 0.0000000e+00 2.3468320e+02
3.6900000e+04 6.1000000e+01 -3.0000000e+00 0.0000000e+00 6.1586639e+01
3.6960000e+04 7.5000000e+01 -4.4000001e+00 0.0000000e+00 0.0000000e+00
3.7020000e+04 7.9000000e+01 -5.6000001e+00 0.0000000e+00 0.0000000e+00
3.7080000e+04 8.0000000e+01 -6.1500001e+00 0.0000000e+00 0.0000000e+00
3.7140000e+04 7.8000000e+01 -6.2000000e+00 0.0000000e+00 0.0000000e+00
3.7200000e+04 8.2000000e+01 -6.0500000e+00 0.0000000e+00 0.0000000e+00
3.7260000e+04 8.0000000e+01 -6.1000001e+00 0.0000000e+00 0.0000000e+00
3.7320000e+04 7.8000000e+01 -6.2000000e+00 0.0000000e+00 0.0000000e+00
3.7380000e+04 8.2000000e+01 -6.3499999e+00 0.0000000e+00 0.0000000e+00
3.7440000e+04 7.7000000e+01 -5.2500000e+00 0.0000000e+00 0.0000000e+00
3.7500000e+04 7.9000000e+01 -4.6000000e+00 0.0000000e+00 0.0000000e+00
3.7560000e+04 7.4000000e+01 -5.2000000e+00 0.0000000e+00 0.0000000e+00
3.7620000e+04 7.6000000e+01 -4.5500000e+00 0.0000000e+00 0.0000000e+00
3.7680000e+04 9.0000000e+01 -4.6000001e+00 0.0000000e+00 0.0000000e+00
3.7740000e+04 8.9000000e+01 -4.6500001e+00 0.0000000e+00 0.0000000e+00
3.7800000e+04 8.8000000e+01 -4.6000001e+00 0.0000000e+00 0.0000000e+00
3.7860000e+04 9.0000000e+01 -4.4000001e+00 0.0000000e+00 0.0000000e+00
3.7920000e+04 8.8000000e+01 -4.0500001e+00 0.0000000e+00 0.0000000e+00
3.7980000e+04 8.8000000e+01 -3.7500000e+00 0.0000000e+00 1.2394410e+00
3.8040000e+04 8.7000000e+01 -3.6000000e+00 0.0000000e+00 2.5244190e+01
3.8100000e+04 8.6000000e+01 -3.3000000e+00 0.0000000e+00 7.9750450e+01
3.8160000e+04 8.4000000e+01 -2.8000000e+00 0.0000000e+00 8.2167198e+01
3.8220000e+04 7.7000000e+01 -1.8500000e+00 0.0000000e+00 1.1813930e+02
3.8280000e+04 8.7000000e+01 -1.7000000e+00 0.0000000e+00 6.3819279e+01
3.8340000e+04 8.6000000e+01 -2.0000000e+00 0.0000000e+00 6.9102097e+01
3.8400000e+04 8.8000000e+01 -2.5000000e+00 0.0000000e+00 6.1159530e+00
3.8460000e+04 8.9000000e+01 -3.1000000e+00 0.0000000e+00 0.0000000e+00
3.8520000e+04 8.9000000e+01 -2.8500000e+00 0.0000000e+00 0.0000000e+00
3.8580000e+04 9.0000000e+01 -3.3500000e+00 0.0000000e+00 0.0000000e+00
3.8640000e+04 8.9000000e+01 -4.3000000e+00 0.0000000e+00 0.0000000e+00
3.8700000e+04 8.7000000e+01 -4.5000000e+00 0.0000000e+00 0.0000000e+00
3.8760000e+04 8.5000000e+01 -4.7500000e+00 0.0000000e+00 0.0000000e+00
3.8820000e+04 8.3000000e+01 -4.7000000e+00 0.0000000e+00 0.0000000e+00
3.8880000e+04 8.3000000e+01 -4.6500001e+00 0.0000000e+00 0.0000000e+00
3.8940000e+04 8.4000000e+01 -4.9500000e+00 0.0000000e+00 0.0000000e+00
3.9000000e+04 7.5000000e+01 -4.9000001e+00 0.0000000e+00 0.0000000e+00
3.9060000e+04 7.6000000e+01 -4.7000000e+00 0.0000000e+00 0.0000000e+00
3.9120000e+04 7.1000000e+01 -4.3499999e+00 0.0000000e+00 0.0000000e+00
3.9180000e+04 7.3000000e+01 -4.5500002e+00 0.0000000e+00 0.0000000e+00
3.9240000e+04 6.6000000e+01 -4.5000000e+00 0.0000000e+00 0.0000000e+00
3.9300000e+04 6.5000000e+01 -4.2000000e+00 0.0000000e+00 0.0000000e+00
3.9360000e+04 6.4000000e+01 -4.2000000e+00 0.0000000e+00 0.0000000e+00
3.9420000e+04 6.0000000e+01 -3.8999999e+00 0.0000000e+00 4.5683980e+00
3.9480000e+04 5.9000000e+01 -3.7500000e+00 0.0000000e+00 1.3642170e+01
3.9540000e+04 5.3000000e+01 -2.3500000e+00 0.0000000e+00 2.1881090e+02
3.9600000e+04 5.0000000e+01 -1.7000000e+00 0.0000000e+00 2.5304160e+02
3.9660000e+04 4.8000000e+01 -1.0000000e+00 0.0000000e+00 2.3339101e+02
3.9720000e+04 4.7000000e+01 -1.1500000e+00 0.0000000e+00 1.8617900e+02
3.9780000e+04 4.5000000e+01 -1.2000000e+00 0.0000000e+00 1.0778960e+02
3.9840000e+04 5.3000000e+01 -2.1500000e+00 0.0000000e+00 4.6057410e+00
3.9900000e+04 5.1000000e+01 -2.8500000e+00 0.0000000e+00 0.0000000e+00
3.9960000e+04 5.9000000e+01 -3.3000000e+00 0.0000000e+00 0.0000000e+00
4.0020000e+04 5.7000000e+01 -4.1999999e+00 0.0000000e+00 0.0000000e+00
4.0080000e+04 6.3000000e+01 -4.7500000e+00 0.0000000e+00 0.0000000e+00
4.0140000e+04 5.4000000e+01 -4.3000000e+00 0.0000000e+00 0.0000000e+00
4.0200000e+04 5.4000000e+01 -4.3499999e+00 0.0000000e+00 0.0000000e+00
4.0260000e+04 5.2000000e+01 -4.9000001e+00 0.0000000e+00 0.0000000e+00
4.0320000e+04 5.2000000e+01 -4.6500001e+00 0.0000000e+00 0.0000000e+00
4.0380000e+04 4.6000000e+01 -4.8500001e+00 0.0000000e+00 0.0000000e+00
4.0440000e+04 5.6000000e+01 -5.0500000e+00 0.0000000e+00 0.0000000e+00
4.0500000e+04 4.6000000e+01 -5.1000001e+00 0.0000000e+00 0.0000000e+00
4.0560000e+04 4.9000000e+01 -5.0500002e+00 0.0000000e+00 0.0000000e+00
4.0620000e+04 5.2000000e+01 -5.5000000e+00 0.0000000e+00 0.0000000e+00
4.0680000e+04 4.5000000e+01 -5.7000000e+00 0.0000000e+00 0.0000000e+00
4.0740000e+04 6.0000000e+01 -5.8499999e+00 0.0000000e+00 0.0000000e+00
4.0800000e+04 4.5000000e+01 -5.8499999e+00 0.0000000e+00 0.0000000e+00
4.0860000e+04 4.5000000e+01 -4.7000000e+00 0.0000000e+00 2.4082769e+01
4.0920000e+04 3.8000000e+01 -3.6500001e+00 0.0000000e+00 5.2312260e+01
4.0980000e+04 3.2000000e+01 -2.1000000e+00 0.0000000e+00 1.6119760e+02
4.1040000e+04 3.5000000e+01 -1.1500000e+00 0.0000000e+00 1.9055659e+02
4.1100000e+04 3.7000000e+01 -1.3500000e+00 0.0000000e+00 1.4777170e+02
4.1160000e+04 3.7000000e+01 -1.6500000e+00 0.0000000e+00 9.7998756e+01
4.1220000e+04 4.4000000e+01 -1.8000000e+00 0.0000000e+00 6.6947777e+01
4.1280000e+04 5.7000000e+01 -3.1500000e+00 0.0000000e+00 5.0440750e+00
4.1340000e+04 5.8000000e+01 -4.3499999e+00 0.0000000e+00 0.0000000e+00
4.1400000e+04 5.2000000e+01 -3.9500000e+00 0.0000000e+00 0.0000000e+00
4.1460000e+04 5.1000000e+01 -3.7000000e+00 0.0000000e+00 0.0000000e+00
4.1520000e+04 5.8000000e+01 -3.7000000e+00 0.0000000e+00 0.0000000e+00
4.1580000e+04 5.7000000e+01 -3.7000000e+00 0.0000000e+00 0.0000000e+00
4.1640000e+04 6.5000000e+01 -4.1000000e+00 0.0000000e+00 0.0000000e+00
4.1700000e+04 6.7000000e+01 -4.8000000e+00 0.0000000e+00 0.0000000e+00
4.1760000e+04 6.9000000e+01 -4.9000001e+00 0.0000000e+00 0.0000000e+00
4.1820000e+04 6.0000000e+01 -4.8000000e+00 0.0000000e+00 0.0000000e+00
4.1880000e+04 5.8000000e+01 -4.3000001e+00 0.0000000e+00 0.0000000e+00
4.1940000e+04 6.2000000e+01 -4.3500000e+00 0.0000000e+00 0.0000000e+00
4.2000000e+04 5.8000000e+01 -3.5500001e+00 0.0000000e+00 0.0000000e+00
4.2060000e+04 5.3000000e+01 -2.6000000e+00 0.0000000e+00 0.0000000e+00
4.2120000e+04 5.4000000e+01 -2.1000000e+00 0.0000000e+00 0.0000000e+00
4.2180000e+04 5.4000000e+01 -1.8500000e+00 0.0000000e+00 0.0000000e+00
4.2240000e+04 5.2000000e+01 -1.5500000e+00 0.0000000e+00 0.0000000e+00
4.2300000e+04 5.1000000e+01 -9.9999997e-01 0.0000000e+00 1.3530710e+01
4.2360000e+04 5.1000000e+01 -3.4999999e-01 0.0000000e+00 5.2636829e+01
4.2420000e+04 5.2000000e+01 2.5000001e-01 0.0000000e+00 8.3280670e+01
4.2480000e+04 5.2000000e+01 8.5000002e-01 0.0000000e+00 9.2165558e+01
4.2540000e+04 5.1000000e+01 1.5500000e+00 0.0000000e+00 7.8568047e+01
4.2600000e+04 5.5000000e+01 1.8500000e+00 0.0000000e+00 1.0174140e+02
4.2660000e+04 5.4000000e+01 2.0500000e+00 0.0000000e+00 2.2986710e+01
4.2720000e+04 5.6000000e+01 1.9499999e+00 0.0000000e+00 1.5561531e+00
4.2780000e+04 5.5000000e+01 2.1500000e+00 0.0000000e+00 0.0000000e+00
4.2840000e+04 5.4000000e+01 2.5000000e+00 0.0000000e+00 0.0000000e+00
4.2900000e+04 5.5000000e+01 2.7500000e+00 0.0000000e+00 0.0000000e+00
4.2960000e+04 5.6000000e+01 2.9000000e+00 0.0000000e+00 0.0000000e+00
4.3020000e+04 5.7000000e+01 3.1000000e+00 0.0000000e+00 0.0000000e+00
4.3080000e+04 5.3000000e+01 3.5500000e+00 0.0000000e+00 0.0000000e+00
4.3140000e+04 5.2000000e+01 4.0500001e+00 0.0000000e+00 0.0000000e+00
4.3200000e+04 5.1000000e+01 4.6499999e+00 0.0000000e+00 0.0000000e+00
4.3260000e+04 5.3000000e+01 4.8000000e+00 0.0000000e+00 0.0000000e+00
4.3320000e+04 4.9000000e+01 5.0000000e+00 0.0000000e+00 0.0000000e+00
4.3380000e+04 4.8000000e+01 5.1500001e+00 0.0000000e+00 0.0000000e+00
4.3440000e+04 5.1000000e+01 5.2500000e+00 0.0000000e+00 0.0000000e+00
4.3500000e+04 5.0000000e+01 5.2000000e+00 0.0000000e+00 0.0000000e+00
4.3560000e+04 5.2000000e+01 5.5000000e+00 0.0000000e+00 0.0000000e+00
4.3620000e+04 5.0000000e+01 5.7500000e+00 0.0000000e+00 0.0000000e+00
4.3680000e+04 5.0000000e+01 5.8000000e+00 0.0000000e+00 0.0000000e+00
4.3740000e+04 4.9000000e+01 6.0000000e+00 0.0000000e+00 7.7407688e-01
4.3800000e+04 4.8000000e+01 6.1500001e+00 0.0000000e+00 2.0572701e+01
4.3860000e+04 4.7000000e+01 6.6000001e+00 0.0000000e+00 8.4477570e+01
4.3920000e+04 4.6000000e+01 6.7500000e+00 0.0000000e+00 7.5519180e+01
4.3980000e+04 4.8000000e+01 6.7000000e+00 0.0000000e+00 8.7793327e+01
4.4040000e+04 5.4000000e+01 6.0999999e+00 0.0000000e+00 4.2373798e+01
4.4100000e+04 6.6000000e+01 4.6500000e+00 0.0000000e+00 9.0084248e+00
4.4160000e+04 7.3000000e+01 3.4499999e+00 0.0000000e+00 0.0000000e+00
4.4220000e+04 7.6000000e+01 3.0000000e+00 0.0000000e+00 0.0000000e+00
4.4280000e+04 7.7000000e+01 2.6500001e+00 0.0000000e+00 0.0000000e+00
4.4340000e+04 7.2000000e+01 2.7500000e+00 0.0000000e+00 0.0000000e+00
4.4400000e+04 7.2000000e+01 2.7500000e+00 0.0000000e+00 0.0000000e+00
4.4460000e+04 6.4000000e+01 2.9500000e+00 0.0000000e+00 0.0000000e+00
4.4520000e+04 6.5000000e+01 3.1000000e+00 0.0000000e+00 0.0000000e+00
4.4580000e+04 6.8000000e+01 2.6500000e+00 0.0000000e+00 0.0000000e+00
4.4640000e+04 7.1000000e+01 2.1999999e+00 0.0000000e+00 0.0000000e+00
4.4700000e+04 6.1000000e+01 2.3000000e+00 0.0000000e+00 0.0000000e+00
4.4760000e+04 6.1000000e+01 2.4499999e+00 0.0000000e+00 0.0000000e+00
4.4820000e+04 6.7000000e+01 2.3000001e+00 0.0000000e+00 0.0000000e+00
4.4880000e+04 5.7000000e+01 2.4000000e+00 0.0000000e+00 0.0000000e+00
4.4940000e+04 6.0000000e+01 2.6000000e+00 0.0000000e+00 0.0000000e+00
4.5000000e+04 5.4000000e+01 2.3000000e+00 0.0000000e+00 0.0000000e+00
4.5060000e+04 5.7000000e+01 2.3500000e+00 0.0000000e+00 0.0000000e+00
4.5120000e+04 5.9000000e+01 1.6500000e+00 0.0000000e+00 0.0000000e+00
4.5180000e+04 5.6000000e+01 1.4500000e+00 0.0000000e+00 5.6322761e+00
4.5240000e+04 4.3000000e+01 2.7500000e+00 0.0000000e+00 3.5502281e+01
4.5300000e+04 4.3000000e+01 4.3000000e+00 0.0000000e+00 1.8583549e+02
4.5360000e+04 4.2000000e+01 4.0500000e+00 0.0000000e+00 6.4053062e+01
4.5420000e+04 4.1000000e+01 5.5999999e+00 0.0000000e+00 2.0812990e+02
4.5480000e+04 4.7000000e+01 5.5500000e+00 0.0000000e+00 1.7163741e+02
4.5540000e+04 5.1000000e+01 3.9499999e+00 0.0000000e+00 2.3578770e+01
4.5600000e+04 5.1000000e+01 4.7000000e+00 0.0000000e+00 2.1769300e+00
4.5660000e+04 5.6000000e+01 4.4499999e+00 0.0000000e+00 0.0000000e+00
4.5720000e+04 5.7000000e+01 3.9000000e+00 0.0000000e+00 0.0000000e+00
4.5780000e+04 5.7000000e+01 4.6000001e+00 0.0000000e+00 0.0000000e+00
4.5840000e+04 5.8000000e+01 4.3499999e+00 0.0000000e+00 0.0000000e+00
4.5900000e+04 5.1000000e+01 5.1999998e+00 0.0000000e+00 0.0000000e+00
4.5960000e+04 5.4000000e+01 5.5500002e+00 0.0000000e+00 0.0000000e+00
4.6020000e+04 4.8000000e+01 4.6500001e+00 0.0000000e+00 0.0000000e+00
4.6080000e+04 5.5000000e+01 4.6499999e+00 0.0000000e+00 0.0000000e+00
4.6140000e+04 5.5000000e+01 3.7000000e+00 0.0000000e+00 0.0000000e+00
4.6200000e+04 5.3000000e+01 3.8500000e+00 0.0000000e+00 0.0000000e+00
4.6260000e+04 4.9000000e+01 4.0500000e+00 0.0000000e+00 0.0000000e+00
4.6320000e+04 6.5000000e+01 5.5999999e+00 0.0000000e+00 0.0000000e+00
4.6380000e+04 7.2000000e+01 4.6499999e+00 0.0000000e+00 0.0000000e+00
4.6440000e+04 7.4000000e+01 4.3500000e+00 0.0000000e+00 0.0000000e+00
4.6500000e+04 8.2000000e+01 4.1000000e+00 0.0000000e+00 0.0000000e+00
4.6560000e+04 6.6000000e+01 4.2000000e+00 0.0000000e+00 0.0000000e+00
4.6620000e+04 6.1000000e+01 5.3500001e+00 0.0000000e+00 1.6482019e+01
4.6680000e+04 8.0000000e+01 4.8499999e+00 0.0000000e+00 1.9979401e+01
4.6740000e+04 8.4000000e+01 3.6500000e+00 0.0000000e+00 3.1976521e+01
4.6800000e+04 8.8000000e+01 3.4000000e+00 0.0000000e+00 2.7212200e+01
4.6860000e+04 8.9000000e+01 3.2500000e+00 0.0000000e+00 5.6680260e+01
4.6920000e+04 9.1000000e+01 3.3500000e+00 0.0000000e+00 3.1357071e+01
4.6980000e+04 9.3000000e+01 3.3500000e+00 0.0000000e+00 3.5098061e+01
4.7040000e+04 9.5000000e+01 2.8000000e+00 0.0000000e+00 0.0000000e+00
4.7100000e+04 9.2000000e+01 2.9500000e+00 0.0000000e+00 0.0000000e+00
4.7160000e+04 9.5000000e+01 2.5000000e+00 0.0000000e+00 0.0000000e+00
4.7220000e+04 9.5000000e+01 2.1999999e+00 0.0000000e+00 0.0000000e+00
4.7280000e+04 9.6000000e+01 2.1500000e+00 0.0000000e+00 0.0000000e+00
4.7340000e+04 9.6000000e+01 2.1999999e+00 0.0000000e+00 0.0000000e+00
4.7400000e+04 9.6000000e+01 1.9000000e+00 0.0000000e+00 0.0000000e+00
4.7460000e+04 9.6000000e+01 1.7500000e+00 0.0000000e+00 0.0000000e+00
4.7520000e+04 9.6000000e+01 1.3500000e+00 0.0000000e+00 0.0000000e+00
4.7580000e+04 9.6000000e+01 1.2000000e+00 0.0000000e+00 0.0000000e+00
4.7640000e+04 9.6000000e+01 8.0000001e-01 0.0000000e+00 0.0000000e+00
4.7700000e+04 9.7000000e+01 6.9999999e-01 0.0000000e+00 0.0000000e+00
4.7760000e+04 9.6000000e+01 8.9999998e-01 0.0000000e+00 0.0000000e+00
4.7820000e+04 9.7000000e+01 9.0000004e-01 0.0000000e+00 0.0000000e+00
4.7880000e+04 9.7000000e+01 9.0000004e-01 0.0000000e+00 0.0000000e+00
4.7940000e+04 9.7000000e+01 8.0000001e-01 0.0000000e+00 0.0000000e+00
4.8000000e+04 9.7000000e+01 7.5000000e-01 0.0000000e+00 0.0000000e+00
4.8060000e+04 9.6000000e+01 8.9999998e-01 0.0000000e+00 1.0896980e+01
4.8120000e+04 8.4000000e+01 2.2000000e+00 0.0000000e+00 5.4763309e+01
4.8180000e+04 6.7000000e+01 4.0500000e+00 0.0000000e+00 2.3833971e+02
4.8240000e+04 6.3000000e+01 4.9500000e+00 0.0000000e+00 2.5564250e+02
4.8300000e+04 6.0000000e+01 5.1500001e+00 0.0000000e+00 2.1738631e+02
4.8360000e+04 5.7000000e+01 4.6500001e+00 0.0000000e+00 1.3898331e+02
4.8420000e+04 5.8000000e+01 4.2500000e+00 0.0000000e+00 8.4746361e+01
4.8480000e+04 5.7000000e+01 3.0999999e+00 0.0000000e+00 1.3555260e+01
4.8540000e+04 5.7000000e+01 2.3499999e+00 0.0000000e+00 0.0000000e+00
4.8600000e+04 5.3000000e+01 2.5500000e+00 0.0000000e+00 0.0000000e+00
4.8660000e+04 5.0000000e+01 2.9500000e+00 0.0000000e+00 0.0000000e+00
4.8720000e+04 5.2000000e+01 3.1000000e+00 0.0000000e+00 0.0000000e+00
4.8780000e+04 5.2000000e+01 3.2500000e+00 0.0000000e+00 0.0000000e+00
4.8840000e+04 5.2000000e+01 3.6500001e+00 0.0000000e+00 0.0000000e+00
4.8900000e+04 5.4000000e+01 3.9499999e+00 0.0000000e+00 0.0000000e+00
4.8960000e+04 7.1000000e+01 3.5500000e+00 0.0000000e+00 0.0000000e+00
4.9020000e+04 7.2000000e+01 3.2000000e+00 0.0000000e+00 0.0000000e+00
4.9080000e+04 7.4000000e+01 3.7000000e+00 0.0000000e+00 0.0000000e+00
4.9140000e+04 8.7000000e+01 2.8000000e+00 0.0000000e+00 0.0000000e+00
4.9200000e+04 9.2000000e+01 1.8500000e+00 0.0000000e+00 0.0000000e+00
4.9260000e+04 9.2000000e+01 1.5500000e+00 0.0000000e+00 0.0000000e+00
4.9320000e+04 9.4000000e+01 1.2500000e+00 0.0000000e+00 0.0000000e+00
4.9380000e+04 9.5000000e+01 8.4999999e-01 0.0000000e+00 0.0000000e+00
4.9440000e+04 9.6000000e+01 9.5000002e-01 0.0000000e+00 0.0000000e+00
4.9500000e+04 9.6000000e+01 1.1500000e+00 0.0000000e+00 3.7003059e+00
4.9560000e+04 9.6000000e+01 1.4000000e+00 0.0000000e+00 2.5169399e+01
4.9620000e+04 9.5000000e+01 1.8000000e+00 0.0000000e+00 5.6306610e+01
4.9680000e+04 9.5000000e+01 2.0000001e+00 0.0000000e+00 6.9466103e+01
4.9740000e+04 9.5000000e+01 2.2500000e+00 0.0000000e+00 4.5089100e+01
4.9800000e+04 9.5000000e+01 2.1000000e+00 0.0000000e+00 3.6248699e+01
4.9860000e+04 9.5000000e+01 2.1500000e+00 0.0000000e+00 2.9073009e+01
4.9920000e+04 9.4000000e+01 2.1500000e+00 0.0000000e+00 1.8278540e+01
4.9980000e+04 9.5000000e+01 1.8000000e+00 0.0000000e+00 0.0000000e+00
5.0040000e+04 9.5000000e+01 1.5000000e+00 0.0000000e+00 0.0000000e+00
5.0100000e+04 9.4000000e+01 1.4500000e+00 0.0000000e+00 0.0000000e+00
5.0160000e+04 9.4000000e+01 1.3000000e+00 0.0000000e+00 0.0000000e+00
5.0220000e+04 9.5000000e+01 1.2500000e+00 0.0000000e+00 0.0000000e+00
5.0280000e+04 9.5000000e+01 1.2500000e+00 0.0000000e+00 0.0000000e+00
5.0340000e+04 9.6000000e+01 8.0000001e-01 0.0000000e+00 0.0000000e+00
5.0400000e+04 9.6000000e+01 8.4999999e-01 0.0000000e+00 0.0000000e+00
5.0460000e+04 9.5000000e+01 1.1000000e+00 0.0000000e+00 0.0000000e+00
5.0520000e+04 9.3000000e+01 9.0000001e-01 0.0000000e+00 0.0000000e+00
5.0580000e+04 9.4000000e+01 6.5000001e-01 0.0000000e+00 0.0000000e+00
5.0640000e+04 9.5000000e+01 6.0000002e-01 0.0000000e+00 0.0000000e+00
5.0700000e+04 9.5000000e+01 5.0000001e-01 0.0000000e+00 0.0000000e+00
5.0760000e+04 9.5000000e+01 2.5000000e-01 0.0000000e+00 0.0000000e+00
5.0820000e+04 9.4000000e+01 1.0000000e-01 0.0000000e+00 0.0000000e+00
5.0880000e+04 9.3000000e+01 1.0000000e-01 0.0000000e+00 0.0000000e+00
5.0940000e+04 9.3000000e+01 3.0000000e-01 0.0000000e+00 2.8786510e+01
5.1000000e+04 9.1000000e+01 8.0000003e-01 0.0000000e+00 6.0027088e+01
5.1060000e+04 8.7000000e+01 1.7500001e+00 0.0000000e+00 9.2553368e+01
5.1120000e+04 8.1000000e+01 2.6999999e+00 0.0000000e+00 1.1421140e+02
5.1180000e+04 7.1000000e+01 3.2000000e+00 0.0000000e+00 2.0817810e+02
5.1240000e+04 6.0000000e+01 4.3000001e+00 0.0000000e+00 2.4533040e+02
5.1300000e+04 6.9000000e+01 4.1000000e+00 0.0000000e+00 1.6509300e+02
5.1360000e+04 8.0000000e+01 2.2500001e+00 0.0000000e+00 5.2617210e+01
5.1420000e+04 7.9000000e+01 5.0000001e-01 0.0000000e+00 0.0000000e+00
5.1480000e+04 7.9000000e+01 -5.5000000e-01 0.0000000e+00 0.0000000e+00
5.1540000e+04 7.1000000e+01 -3.0000000e-01 0.0000000e+00 0.0000000e+00
5.1600000e+04 7.0000000e+01 -3.0000000e-01 0.0000000e+00 0.0000000e+00
5.1660000e+04 6.6000000e+01 -3.5000000e-01 0.0000000e+00 0.0000000e+00
5.1720000e+04 6.3000000e+01 -1.5000001e-01 0.0000000e+00 0.0000000e+00
5.1780000e+04 5.9000000e+01 -3.0000000e-01 0.0000000e+00 0.0000000e+00
5.1840000e+04 5.8000000e+01 -1.5000001e-01 0.0000000e+00 0.0000000e+00
5.1900000e+04 6.0000000e+01 -2.5000000e-01 0.0000000e+00 0.0000000e+00
5.1960000e+04 6.3000000e+01 -1.1000000e+00 0.0000000e+00 0.0000000e+00
5.2020000e+04 5.4000000e+01 -7.5000000e-01 0.0000000e+00 0.0000000e+00
5.2080000e+04 4.9000000e+01 2.0000000e-01 0.0000000e+00 0.0000000e+00
5.2140000e+04 4.6000000e+01 8.0000001e-01 0.0000000e+00 0.0000000e+00
5.2200000e+04 4.7000000e+01 1.2000000e+00 0.0000000e+00 0.0000000e+00
5.2260000e+04 4.6000000e+01 1.3500000e+00 0.0000000e+00 0.0000000e+00
5.2320000e+04 4.3000000e+01 1.8000000e+00 0.0000000e+00 4.5682529e-01
5.2380000e+04 3.9000000e+01 2.5500000e+00 0.0000000e+00 4.2346889e+01
5.2440000e+04 3.7000000e+01 3.3000001e+00 0.0000000e+00 7.1362442e+01
5.2500000e+04 3.6000000e+01 4.3999999e+00 0.0000000e+00 2.0065120e+02
5.2560000e+04 3.7000000e+01 4.7000000e+00 0.0000000e+00 1.2447230e+02
5.2620000e+04 3.7000000e+01 4.7000000e+00 0.0000000e+00 1.2926450e+02
5.2680000e+04 3.8000000e+01 4.6500001e+00 0.0000000e+00 8.3327957e+01
5.2740000e+04 4.1000000e+01 4.6499999e+00 0.0000000e+00 6.4893929e+01
5.2800000e+04 4.1000000e+01 4.5000000e+00 0.0000000e+00 4.1011681e+01
5.2860000e+04 4.3000000e+01 4.0000001e+00 0.0000000e+00 0.0000000e+00
5.2920000e+04 4.5000000e+01 3.6500000e+00 0.0000000e+00 0.0000000e+00
5.2980000e+04 4.6000000e+01 3.5500001e+00 0.0000000e+00 0.0000000e+00
5.3040000e+04 4.8000000e+01 3.3500000e+00 0.0000000e+00 0.0000000e+00
5.3100000e+04 4.9000000e+01 3.1000000e+00 0.0000000e+00 0.0000000e+00
5.3160000e+04 5.0000000e+01 2.8500000e+00 0.0000000e+00 0.0000000e+00
5.3220000e+04 5.0000000e+01 2.7500000e+00 0.0000000e+00 0.0000000e+00
5.3280000e+04 5.1000000e+01 2.5500000e+00 0.0000000e+00 0.0000000e+00
5.3340000e+04 5.2000000e+01 2.7000000e+00 0.0000000e+00 0.0000000e+00
5.3400000e+04 5.3000000e+01 2.8500000e+00 0.0000000e+00 0.0000000e+00
5.3460000e+04 5.4000000e+01 2.7500000e+00 0.0000000e+00 0.0000000e+00
5.3520000e+04 5.3000000e+01 2.8499999e+00 0.0000000e+00 0.0000000e+00
5.3580000e+04 6.4000000e+01 2.5000000e+00 0.0000000e+00 0.0000000e+00
5.3640000e+04 7.0000000e+01 1.6500000e+00 0.0000000e+00 0.0000000e+00
5.3700000e+04 6.8000000e+01 1.2500000e+00 0.0000000e+00 0.0000000e+00
5.3760000e+04 6.6000000e+01 1.6500000e+00 0.0000000e+00 2.5083051e+00
5.3820000e+04 6.7000000e+01 2.2500000e+00 0.0000000e+00 3.3140759e+01
5.3880000e+04 6.7000000e+01 2.4000000e+00 0.0000000e+00 6.5797607e+01
5.3940000e+04 5.8000000e+01 3.3000000e+00 0.0000000e+00 8.7708076e+01
5.4000000e+04 6.0000000e+01 3.9499999e+00 0.0000000e+00 8.3984703e+01
5.4060000e+04 6.1000000e+01 3.9500000e+00 0.0000000e+00 8.0686234e+01
5.4120000e+04 6.6000000e+01 4.4499998e+00 0.0000000e+00 7.7681824e+01
5.4180000e+04 6.7000000e+01 4.4499998e+00 0.0000000e+00 5.7885551e+01
5.4240000e+04 7.4000000e+01 3.8500001e+00 0.0000000e+00 4.0539312e+00
5.4300000e+04 7.5000000e+01 3.2500000e+00 0.0000000e+00 0.0000000e+00
5.4360000e+04 7.6000000e+01 3.2000000e+00 0.0000000e+00 0.0000000e+00
5.4420000e+04 8.0000000e+01 3.5000000e+00 0.0000000e+00 0.0000000e+00
5.4480000e+04 8.3000000e+01 3.5500001e+00 0.0000000e+00 0.0000000e+00
5.4540000e+04 9.0000000e+01 3.2000000e+00 0.0000000e+00 0.0000000e+00
5.4600000e+04 9.5000000e+01 2.9500000e+00 0.0000000e+00 0.0000000e+00
5.4660000e+04 8.5000000e+01 4.1500001e+00 0.0000000e+00 0.0000000e+00
5.4720000e+04 9.1000000e+01 4.3000001e+00 0.0000000e+00 0.0000000e+00
5.4780000e+04 8.4000000e+01 4.4499999e+00 0.0000000e+00 0.0000000e+00
5.4840000e+04 8.1000000e+01 5.0000000e+00 0.0000000e+00 0.0000000e+00
5.4900000e+04 7.8000000e+01 5.1500001e+00 0.0000000e+00 0.0000000e+00
5.4960000e+04 8.3000000e+01 4.4000000e+00 0.0000000e+00 0.0000000e+00
5.5020000e+04 8.2000000e+01 3.6000000e+00 0.0000000e+00 0.0000000e+00
5.5080000e+04 8.5000000e+01 3.3500000e+00 0.0000000e+00 0.0000000e+00
5.5140000e+04 8.2000000e+01 3.3500000e+00 0.0000000e+00 0.0000000e+00
5.5200000e+04 7.9000000e+01 3.7000000e+00 0.0000000e+00 0.0000000e+00
5.5260000e+04 8.4000000e+01 4.3000000e+00 0.0000000e+00 1.3107940e+01
5.5320000e+04 8.4000000e+01 4.9000001e+00 0.0000000e+00 1.9638420e+01
5.5380000e+04 7.7000000e+01 6.3499999e+00 0.0000000e+00 2.4162130e+01
5.5440000e+04 7.2000000e+01 6.6000001e+00 0.0000000e+00 3.9777279e+01
5.5500000e+04 6.3000000e+01 7.2999997e+00 0.0000000e+00 4.4180290e+01
5.5620000e+04 6.2000000e+01 8.5500002e+00 0.0000000e+00 4.5304340e+01
5.5680000e+04 6.9000000e+01 8.0500000e+00 0.0000000e+00 2.3543320e+01
5.5740000e+04 6.5000000e+01 7.9500000e+00 0.0000000e+00 1.0524020e+01
5.5800000e+04 7.1000000e+01 7.8500001e+00 0.0000000e+00 0.0000000e+00
5.5860000e+04 7.6000000e+01 7.0000000e+00 0.0000000e+00 0.0000000e+00
5.5920000e+04 8.6000000e+01 5.9000001e+00 0.0000000e+00 0.0000000e+00
5.5980000e+04 8.5000000e+01 5.3000000e+00 0.0000000e+00 0.0000000e+00
5.6040000e+04 8.8000000e+01 5.1000001e+00 0.0000000e+00 0.0000000e+00
5.6100000e+04 8.6000000e+01 5.0000000e+00 0.0000000e+00 0.0000000e+00
5.6160000e+04 8.6000000e+01 4.7500000e+00 0.0000000e+00 0.0000000e+00
5.6220000e+04 8.9000000e+01 4.0500001e+00 0.0000000e+00 0.0000000e+00
5.6280000e+04 8.0000000e+01 3.9499999e+00 0.0000000e+00 0.0000000e+00
5.6340000e+04 7.9000000e+01 5.1499999e+00 0.0000000e+00 0.0000000e+00
5.6400000e+04 9.2000000e+01 4.2500000e+00 0.0000000e+00 0.0000000e+00
5.6460000e+04 9.4000000e+01 3.5000000e+00 0.0000000e+00 0.0000000e+00
5.6520000e+04 9.6000000e+01 2.9000000e+00 0.0000000e+00 0.0000000e+00
5.6580000e+04 9.3000000e+01 3.1500000e+00 0.0000000e+00 0.0000000e+00
5.6640000e+04 9.4000000e+01 3.2500000e+00 0.0000000e+00 0.0000000e+00
5.6700000e+04 9.5000000e+01 2.7000000e+00 0.0000000e+00 9.2146063e+00
5.6760000e+04 9.5000000e+01 2.6500000e+00 0.0000000e+00 2.3639469e+01
5.6820000e+04 8.7000000e+01 4.0500000e+00 0.0000000e+00 1.4233470e+02
5.6880000e+04 7.9000000e+01 5.1500000e+00 0.0000000e+00 2.2243291e+02
5.6940000e+04 6.2000000e+01 7.1500001e+00 0.0000000e+00 2.7131320e+02
5.7000000e+04 6.8000000e+01 6.8000000e+00 0.0000000e+00 1.1398090e+02
5.7060000e+04 6.2000000e+01 7.0500000e+00 0.0000000e+00 1.4233110e+02
5.7120000e+04 5.9000000e+01 6.4500000e+00 0.0000000e+00 5.2502060e+01
5.7180000e+04 5.6000000e+01 6.2000000e+00 0.0000000e+00 1.5562860e+01
5.7240000e+04 4.8000000e+01 6.3499999e+00 0.0000000e+00 0.0000000e+00
5.7300000e+04 5.0000000e+01 6.7000000e+00 0.0000000e+00 0.0000000e+00
5.7360000e+04 4.0000000e+01 6.7000000e+00 0.0000000e+00 0.0000000e+00
5.7420000e+04 3.7000000e+01 7.4000001e+00 0.0000000e+00 0.0000000e+00
5.7480000e+04 3.5000000e+01 8.3499999e+00 0.0000000e+00 0.0000000e+00
5.7540000e+04 3.9000000e+01 9.3499999e+00 0.0000000e+00 0.0000000e+00
5.7600000e+04 4.6000000e+01 8.9499998e+00 0.0000000e+00 0.0000000e+00
5.7660000e+04 4.6000000e+01 9.2500000e+00 0.0000000e+00 0.0000000e+00
5.7720000e+04 5.2000000e+01 9.5000000e+00 0.0000000e+00 0.0000000e+00
5.7780000e+04 7.7000000e+01 7.3000000e+00 0.0000000e+00 0.0000000e+00
5.7840000e+04 8.0000000e+01 5.4500000e+00 0.0000000e+00 0.0000000e+00
5.7900000e+04 6.7000000e+01 5.1000001e+00 0.0000000e+00 0.0000000e+00
5.7960000e+04 5.9000000e+01 6.4500000e+00 0.0000000e+00 0.0000000e+00
5.8020000e+04 5.8000000e+01 6.3499999e+00 0.0000000e+00 0.0000000e+00
5.8080000e+04 5.5000000e+01 5.3499999e+00 0.0000000e+00 0.0000000e+00
5.8140000e+04 5.2000000e+01 4.9500000e+00 0.0000000e+00 3.2729180e+00
5.8200000e+04 5.7000000e+01 4.3500000e+00 0.0000000e+00 5.1785149e+01
5.8260000e+04 5.8000000e+01 5.7500000e+00 0.0000000e+00 1.6995230e+02
5.8320000e+04 4.5000000e+01 7.5999999e+00 0.0000000e+00 1.9013490e+02
5.8380000e+04 4.0000000e+01 8.5000000e+00 0.0000000e+00 1.4595580e+02
5.8440000e+04 4.0000000e+01 8.6499996e+00 0.0000000e+00 1.2708290e+02
5.8500000e+04 3.7000000e+01 8.9499998e+00 0.0000000e+00 1.4755550e+02
5.8560000e+04 3.9000000e+01 8.8499999e+00 0.0000000e+00 7.1540604e+01
5.8620000e+04 3.7000000e+01 8.8500004e+00 0.0000000e+00 1.9124439e+01
5.8680000e+04 4.2000000e+01 8.9499998e+00 0.0000000e+00 0.0000000e+00
5.8740000e+04 4.4000000e+01 8.9499998e+00 0.0000000e+00 0.0000000e+00
5.8800000e+04 4.3000000e+01 8.7000003e+00 0.0000000e+00 0.0000000e+00
5.8860000e+04 4.8000000e+01 8.5000002e+00 0.0000000e+00 0.0000000e+00
5.8920000e+04 5.0000000e+01 7.6500001e+00 0.0000000e+00 0.0000000e+00
5.8980000e+04 5.1000000e+01 7.2500000e+00 0.0000000e+00 0.0000000e+00
5.9040000e+04 8.5000000e+01 5.8500001e+00 0.0000000e+00 0.0000000e+00
5.9100000e+04 8.9000000e+01 4.0000000e+00 0.0000000e+00 0.0000000e+00
5.9160000e+04 8.8000000e+01 3.2500000e+00 0.0000000e+00 0.0000000e+00
5.9220000e+04 9.0000000e+01 2.7000000e+00 0.0000000e+00 0.0000000e+00
5.9280000e+04 8.9000000e+01 2.7000000e+00 0.0000000e+00 0.0000000e+00
5.9340000e+04 9.0000000e+01 2.6999999e+00 0.0000000e+00 0.0000000e+00
5.9400000e+04 8.7000000e+01 3.0000000e+00 0.0000000e+00 0.0000000e+00
5.9460000e+04 8.7000000e+01 3.1000000e+00 0.0000000e+00 0.0000000e+00
5.9520000e+04 8.9000000e+01 3.2500000e+00 0.0000000e+00 0.0000000e+00
5.9580000e+04 8.6000000e+01 3.4500000e+00 0.0000000e+00 0.0000000e+00
5.9640000e+04 8.7000000e+01 3.4000000e+00 0.0000000e+00 1.0534019e+00
5.9700000e+04 8.7000000e+01 3.8000001e+00 0.0000000e+00 9.9649801e+00
5.9760000e+04 8.8000000e+01 3.9500000e+00 0.0000000e+00 8.7773521e+01
5.9820000e+04 8.5000000e+01 4.1500001e+00 0.0000000e+00 7.4388733e+01
5.9880000e+04 8.6000000e+01 4.1000000e+00 0.0000000e+00 2.5637690e+01
5.9940000e+04 8.8000000e+01 4.3999999e+00 0.0000000e+00 1.3812960e+01
6.0000000e+04 9.0000000e+01 4.0500000e+00 0.0000000e+00 1.0319640e+01
6.0060000e+04 9.3000000e+01 3.5500001e+00 0.0000000e+00 7.0020378e-01
6.0120000e+04 9.1000000e+01 2.8000001e+00 0.0000000e+00 0.0000000e+00
6.0180000e+04 9.4000000e+01 2.0500000e+00 0.0000000e+00 0.0000000e+00
6.0240000e+04 9.3000000e+01 1.6500000e+00 0.0000000e+00 0.0000000e+00
6.0300000e+04 8.8000000e+01 2.4999999e+00 0.0000000e+00 0.0000000e+00
6.0360000e+04 8.6000000e+01 3.2000000e+00 0.0000000e+00 0.0000000e+00
6.0420000e+04 9.0000000e+01 3.4499999e+00 0.0000000e+00 0.0000000e+00
6.0480000e+04 8.3000000e+01 3.6999999e+00 0.0000000e+00 0.0000000e+00
6.0540000e+04 9.0000000e+01 3.3000000e+00 0.0000000e+00 0.0000000e+00
6.0600000e+04 8.0000000e+01 3.7500001e+00 0.0000000e+00 0.0000000e+00
6.0660000e+04 7.9000000e+01 3.6999999e+00 0.0000000e+00 0.0000000e+00
6.0720000e+04 7.0000000e+01 4.3000001e+00 0.0000000e+00 0.0000000e+00
6.0780000e+04 6.4000000e+01 4.4000001e+00 0.0000000e+00 0.0000000e+00
6.0840000e+04 6.2000000e+01 4.8499999e+00 0.0000000e+00 0.0000000e+00
6.0900000e+04 5.7000000e+01 5.0000000e+00 0.0000000e+00 0.0000000e+00
6.0960000e+04 5.7000000e+01 5.2000000e+00 0.0000000e+00 0.0000000e+00
6.1020000e+04 5.6000000e+01 5.4000001e+00 0.0000000e+00 0.0000000e+00
6.1080000e+04 6.0000000e+01 5.5500000e+00 0.0000000e+00 1.6022150e+01
6.1140000e+04 5.4000000e+01 6.5999999e+00 0.0000000e+00 1.2631410e+02
6.1200000e+04 5.0000000e+01 8.1499999e+00 0.0000000e+00 2.7784521e+02
6.1260000e+04 5.7000000e+01 7.8000002e+00 0.0000000e+00 2.4379781e+02
6.1320000e+04 6.5000000e+01 6.5000000e+00 0.0000000e+00 1.0715060e+02
6.1380000e+04 6.6000000e+01 5.8000000e+00 0.0000000e+00 4.7521820e+01
6.1440000e+04 6.8000000e+01 5.5000000e+00 0.0000000e+00 5.8090851e+01
6.1500000e+04 7.3000000e+01 4.8000000e+00 0.0000000e+00 1.6915501e+01
6.1560000e+04 8.7000000e+01 3.9500000e+00 0.0000000e+00 0.0000000e+00
6.1620000e+04 8.8000000e+01 2.9499999e+00 0.0000000e+00 0.0000000e+00
6.1680000e+04 9.2000000e+01 2.9499999e+00 0.0000000e+00 0.0000000e+00
6.1740000e+04 9.5000000e+01 2.4500000e+00 0.0000000e+00 0.0000000e+00
6.1800000e+04 9.6000000e+01 2.1500000e+00 0.0000000e+00 0.0000000e+00
6.1860000e+04 9.4000000e+01 2.1999999e+00 0.0000000e+00 0.0000000e+00
6.1920000e+04 9.1000000e+01 2.3499999e+00 0.0000000e+00 0.0000000e+00
6.1980000e+04 8.7000000e+01 2.3000000e+00 0.0000000e+00 0.0000000e+00
6.2040000e+04 7.0000000e+01 3.3499999e+00 0.0000000e+00 0.0000000e+00
6.2100000e+04 7.2000000e+01 4.0500000e+00 0.0000000e+00 0.0000000e+00
6.2160000e+04 6.3000000e+01 4.0000001e+00 0.0000000e+00 0.0000000e+00
6.2220000e+04 6.3000000e+01 4.7500000e+00 0.0000000e+00 0.0000000e+00
6.2280000e+04 5.9000000e+01 4.5999999e+00 0.0000000e+00 0.0000000e+00
6.2340000e+04 5.5000000e+01 4.6000001e+00 0.0000000e+00 0.0000000e+00
6.2400000e+04 5.6000000e+01 4.7500000e+00 0.0000000e+00 0.0000000e+00
6.2460000e+04 5.5000000e+01 5.0500000e+00 0.0000000e+00 1.2959600e+01
6.2520000e+04 5.3000000e+01 5.3000002e+00 0.0000000e+00 5.0593300e+01
6.2580000e+04 4.8000000e+01 6.5500002e+00 0.0000000e+00 2.4708791e+02
6.2640000e+04 4.9000000e+01 7.0500000e+00 0.0000000e+00 2.2384930e+02
6.2700000e+04 5.0000000e+01 6.8000002e+00 0.0000000e+00 1.6218130e+02
6.2760000e+04 5.2000000e+01 6.8000000e+00 0.0000000e+00 1.3950850e+02
6.2820000e+04 5.1000000e+01 6.3000000e+00 0.0000000e+00 9.2875839e+01
6.2880000e+04 5.1000000e+01 6.3000000e+00 0.0000000e+00 7.7002129e+01
6.2940000e+04 5.0000000e+01 6.1500001e+00 0.0000000e+00 2.8871140e+01
6.3000000e+04 5.5000000e+01 5.8499999e+00 0.0000000e+00 0.0000000e+00
6.3060000e+04 6.0000000e+01 5.3999999e+00 0.0000000e+00 0.0000000e+00
6.3120000e+04 6.0000000e+01 5.2500000e+00 0.0000000e+00 0.0000000e+00
6.3180000e+04 6.4000000e+01 4.8999999e+00 0.0000000e+00 0.0000000e+00
6.3240000e+04 6.7000000e+01 4.8000000e+00 0.0000000e+00 0.0000000e+00
6.3300000e+04 8.9000000e+01 3.4500000e+00 0.0000000e+00 0.0000000e+00
6.3360000e+04 9.2000000e+01 1.6999999e+00 0.0000000e+00 0.0000000e+00
6.3420000e+04 9.4000000e+01 8.4999998e-01 0.0000000e+00 0.0000000e+00
6.3480000e+04 9.5000000e+01 5.5000000e-01 0.0000000e+00 0.0000000e+00
6.3540000e+04 9.5000000e+01 3.0000000e-01 0.0000000e+00 0.0000000e+00
6.3600000e+04 9.6000000e+01 3.0000000e-01 0.0000000e+00 0.0000000e+00
6.3660000e+04 9.6000000e+01 3.5000000e-01 0.0000000e+00 0.0000000e+00
6.3720000e+04 9.6000000e+01 4.0000001e-01 0.0000000e+00 0.0000000e+00
6.3780000e+04 9.6000000e+01 5.5000001e-01 0.0000000e+00 0.0000000e+00
6.3840000e+04 9.6000000e+01 6.9999999e-01 0.0000000e+00 0.0000000e+00
6.3900000e+04 9.6000000e+01 6.0000001e-01 0.0000000e+00 9.6545467e+00
6.3960000e+04 9.6000000e+01 8.9999998e-01 0.0000000e+00 4.2611870e+01
6.4020000e+04 9.7000000e+01 1.8500000e+00 0.0000000e+00 8.6716400e+01
6.4080000e+04 9.5000000e+01 2.2499999e+00 0.0000000e+00 9.8983810e+01
6.4140000e+04 9.2000000e+01 2.4500000e+00 0.0000000e+00 1.6409550e+02
6.4200000e+04 8.7000000e+01 2.6500000e+00 0.0000000e+00 1.2965759e+02
6.4260000e+04 9.1000000e+01 2.5500001e+00 0.0000000e+00 8.2670662e+01
6.4320000e+04 8.9000000e+01 2.4499999e+00 0.0000000e+00 6.4221619e+01
6.4380000e+04 9.1000000e+01 2.3500000e+00 0.0000000e+00 3.0020390e+01
6.4440000e+04 9.1000000e+01 2.0000000e+00 0.0000000e+00 0.0000000e+00
6.4500000e+04 9.4000000e+01 1.4500000e+00 0.0000000e+00 0.0000000e+00
6.4560000e+04 9.5000000e+01 8.0000001e-01 0.0000000e+00 0.0000000e+00
6.4620000e+04 9.6000000e+01 4.9999997e-02 0.0000000e+00 0.0000000e+00
6.4680000e+04 9.6000000e+01 -2.9999999e-01 0.0000000e+00 0.0000000e+00
6.4740000e+04 9.6000000e+01 -4.5000001e-01 0.0000000e+00 0.0000000e+00
6.4800000e+04 9.6000000e+01 -3.5000001e-01 0.0000000e+00 0.0000000e+00
6.4860000e+04 9.4000000e+01 -2.5000000e-01 0.0000000e+00 0.0000000e+00
6.4920000e+04 7.8000000e+01 2.5000000e-01 0.0000000e+00 0.0000000e+00
6.4980000e+04 6.9000000e+01 1.7500000e+00 0.0000000e+00 0.0000000e+00
6.5040000e+04 5.0000000e+01 2.8500000e+00 0.0000000e+00 0.0000000e+00
6.5100000e+04 5.1000000e+01 3.9500000e+00 0.0000000e+00 0.0000000e+00
6.5160000e+04 4.9000000e+01 4.3000000e+00 0.0000000e+00 0.0000000e+00
6.5220000e+04 4.3000000e+01 4.5500000e+00 0.0000000e+00 0.0000000e+00
6.5280000e+04 4.6000000e+01 4.9500000e+00 0.0000000e+00 0.0000000e+00
6.5340000e+04 4.6000000e+01 5.0000000e+00 0.0000000e+00 3.8100629e+00
6.5400000e+04 4.5000000e+01 5.2500000e+00 0.0000000e+00 2.5614260e+01
6.5460000e+04 4.4000000e+01 5.6000001e+00 0.0000000e+00 3.8675869e+01
6.5520000e+04 3.6000000e+01 6.0000000e+00 0.0000000e+00 3.0187759e+01
6.5580000e+04 4.3000000e+01 6.2500000e+00 0.0000000e+00 3.7168751e+01
6.5640000e+04 4.3000000e+01 6.5999999e+00 0.0000000e+00 1.0432590e+02
6.5700000e+04 4.3000000e+01 6.7000000e+00 0.0000000e+00 1.0374130e+02
6.5760000e+04 4.6000000e+01 6.8000000e+00 0.0000000e+00 1.0079290e+02
6.5820000e+04 4.7000000e+01 6.8999999e+00 0.0000000e+00 4.7588749e+01
6.5880000e+04 5.0000000e+01 6.8499999e+00 0.0000000e+00 1.1643480e+00
6.5940000e+04 5.1000000e+01 6.7500000e+00 0.0000000e+00 0.0000000e+00
6.6000000e+04 5.2000000e+01 6.7000000e+00 0.0000000e+00 0.0000000e+00
6.6060000e+04 5.4000000e+01 6.8000000e+00 0.0000000e+00 0.0000000e+00
6.6120000e+04 5.4000000e+01 6.7000000e+00 0.0000000e+00 0.0000000e+00
6.6180000e+04 5.2000000e+01 6.7000000e+00 0.0000000e+00 0.0000000e+00
6.6240000e+04 5.6000000e+01 6.8999999e+00 0.0000000e+00 0.0000000e+00
6.6300000e+04 5.5000000e+01 6.7000000e+00 0.0000000e+00 0.0000000e+00
6.6360000e+04 6.3000000e+01 6.5000000e+00 0.0000000e+00 0.0000000e+00
6.6420000e+04 6.5000000e+01 5.8000000e+00 0.0000000e+00 0.0000000e+00
6.6480000e+04 7.9000000e+01 5.1000001e+00 0.0000000e+00 0.0000000e+00
6.6720000e+04 7.4000000e+01 3.8000000e+00 0.0000000e+00 0.0000000e+00
6.6780000e+04 6.6000000e+01 4.6999998e+00 0.0000000e+00 9.7680416e+00
6.6840000e+04 6.6000000e+01 5.4499998e+00 0.0000000e+00 5.4632240e+01
6.6900000e+04 6.2000000e+01 6.1499999e+00 0.0000000e+00 1.2257670e+02
6.6960000e+04 5.9000000e+01 6.6000001e+00 0.0000000e+00 1.4758560e+02
6.7020000e+04 6.2000000e+01 6.1500001e+00 0.0000000e+00 7.8558868e+01
6.7080000e+04 5.9000000e+01 6.2500000e+00 0.0000000e+00 1.0312630e+02
6.7140000e+04 6.2000000e+01 6.3999999e+00 0.0000000e+00 8.9535309e+01
6.7200000e+04 6.5000000e+01 6.1500001e+00 0.0000000e+00 3.5880920e+01
6.7260000e+04 6.9000000e+01 5.6999998e+00 0.0000000e+00 2.1523411e+01
6.7320000e+04 7.7000000e+01 5.6500001e+00 0.0000000e+00 0.0000000e+00
6.7380000e+04 7.4000000e+01 5.6000001e+00 0.0000000e+00 0.0000000e+00
6.7440000e+04 7.5000000e+01 5.5500002e+00 0.0000000e+00 0.0000000e+00
6.7500000e+04 5.7000000e+01 6.0999999e+00 0.0000000e+00 0.0000000e+00
6.7560000e+04 4.9000000e+01 7.4000001e+00 0.0000000e+00 0.0000000e+00
6.7620000e+04 4.8000000e+01 7.5500002e+00 0.0000000e+00 0.0000000e+00
6.7680000e+04 4.4000000e+01 7.9499998e+00 0.0000000e+00 0.0000000e+00
6.7740000e+04 4.3000000e+01 8.1500001e+00 0.0000000e+00 0.0000000e+00
6.7800000e+04 4.2000000e+01 8.5000000e+00 0.0000000e+00 0.0000000e+00
6.7860000e+04 4.4000000e+01 9.0000000e+00 0.0000000e+00 0.0000000e+00
6.7920000e+04 4.7000000e+01 9.3000002e+00 0.0000000e+00 0.0000000e+00
6.7980000e+04 4.8000000e+01 9.0999999e+00 0.0000000e+00 0.0000000e+00
6.8040000e+04 5.1000000e+01 8.6999998e+00 0.0000000e+00 0.0000000e+00
6.8100000e+04 5.2000000e+01 8.8500004e+00 0.0000000e+00 0.0000000e+00
6.8160000e+04 5.4000000e+01 9.0000000e+00 0.0000000e+00 0.0000000e+00
6.8220000e+04 5.0000000e+01 9.4500003e+00 0.0000000e+00 0.0000000e+00
6.8280000e+04 5.3000000e+01 9.9499998e+00 0.0000000e+00 1.3855540e+01
6.8340000e+04 5.3000000e+01 9.7500000e+00 0.0000000e+00 5.5154430e+01
6.8400000e+04 5.5000000e+01 1.0150000e+01 0.0000000e+00 1.0214250e+02
6.8460000e+04 7.6000000e+01 8.8000000e+00 0.0000000e+00 3.7398930e+01
6.8520000e+04 6.3000000e+01 7.9999998e+00 0.0000000e+00 1.6607050e+02
6.8580000e+04 4.7000000e+01 9.3000002e+00 0.0000000e+00 1.1180340e+02
6.8640000e+04 4.0000000e+01 1.0150000e+01 0.0000000e+00 1.3174530e+02
6.8700000e+04 4.2000000e+01 9.5999999e+00 0.0000000e+00 4.4048100e+01
6.8760000e+04 3.9000000e+01 9.2500000e+00 0.0000000e+00 7.4199071e+00
6.8820000e+04 3.8000000e+01 9.0999999e+00 0.0000000e+00 0.0000000e+00
6.8880000e+04 3.9000000e+01 8.9499998e+00 0.0000000e+00 0.0000000e+00
6.8940000e+04 3.9000000e+01 8.8000002e+00 0.0000000e+00 0.0000000e+00
6.9000000e+04 3.7000000e+01 8.6500001e+00 0.0000000e+00 0.0000000e+00
6.9060000e+04 4.0000000e+01 8.5999999e+00 0.0000000e+00 0.0000000e+00
6.9120000e+04 3.5000000e+01 8.6999998e+00 0.0000000e+00 0.0000000e+00
6.9180000e+04 3.4000000e+01 8.8499999e+00 0.0000000e+00 0.0000000e+00
6.9240000e+04 3.2000000e+01 9.0000000e+00 0.0000000e+00 0.0000000e+00
6.9300000e+04 3.6000000e+01 9.1999998e+00 0.0000000e+00 0.0000000e+00
6.9360000e+04 3.8000000e+01 8.7000003e+00 0.0000000e+00 0.0000000e+00
6.9420000e+04 4.0000000e+01 8.4000001e+00 0.0000000e+00 0.0000000e+00
6.9480000e+04 4.2000000e+01 8.1500001e+00 0.0000000e+00 0.0000000e+00
6.9540000e+04 4.5000000e+01 7.7499998e+00 0.0000000e+00 0.0000000e+00
6.9600000e+04 5.7000000e+01 6.9500000e+00 0.0000000e+00 0.0000000e+00
6.9660000e+04 6.1000000e+01 6.2000000e+00 0.0000000e+00 1.2876570e+01
6.9720000e+04 5.5000000e+01 6.1000001e+00 0.0000000e+00 3.6802731e+01
6.9780000e+04 4.8000000e+01 7.2000000e+00 0.0000000e+00 6.5722763e+01
6.9840000e+04 4.9000000e+01 8.1499999e+00 0.0000000e+00 1.3905640e+02
6.9900000e+04 5.0000000e+01 8.3499999e+00 0.0000000e+00 1.2762930e+02
6.9960000e+04 5.3000000e+01 8.4000001e+00 0.0000000e+00 1.2306840e+02
7.0020000e+04 5.4000000e+01 8.3500004e+00 0.0000000e+00 1.1998600e+02
7.0080000e+04 5.5000000e+01 8.1499999e+00 0.0000000e+00 7.2866463e+01
7.0140000e+04 5.8000000e+01 7.5999999e+00 0.0000000e+00 4.0188702e+01
7.0200000e+04 6.2000000e+01 6.5500000e+00 0.0000000e+00 1.2708350e+00
7.0260000e+04 6.2000000e+01 7.2000003e+00 0.0000000e+00 0.0000000e+00
7.0320000e+04 7.0000000e+01 5.6500001e+00 0.0000000e+00 0.0000000e+00
7.0380000e+04 6.9000000e+01 5.3499999e+00 0.0000000e+00 0.0000000e+00
7.0440000e+04 7.2000000e+01 5.0000000e+00 0.0000000e+00 0.0000000e+00
7.0500000e+04 7.8000000e+01 4.6000001e+00 0.0000000e+00 0.0000000e+00
7.0560000e+04 7.7000000e+01 4.0999999e+00 0.0000000e+00 0.0000000e+00
7.0620000e+04 7.9000000e+01 3.6500000e+00 0.0000000e+00 0.0000000e+00
7.0680000e+04 8.1000000e+01 3.8000001e+00 0.0000000e+00 0.0000000e+00
7.0740000e+04 8.2000000e+01 3.4500000e+00 0.0000000e+00 0.0000000e+00
7.0800000e+04 8.1000000e+01 3.7499999e+00 0.0000000e+00 0.0000000e+00
7.0860000e+04 8.2000000e+01 3.7000000e+00 0.0000000e+00 0.0000000e+00
7.0920000e+04 8.7000000e+01 3.1500001e+00 0.0000000e+00 0.0000000e+00
7.0980000e+04 8.5000000e+01 3.1500000e+00 0.0000000e+00 0.0000000e+00
7.1040000e+04 8.7000000e+01 3.1500000e+00 0.0000000e+00 0.0000000e+00
7.1100000e+04 8.8000000e+01 2.3000000e+00 0.0000000e+00 1.6863541e+01
7.1160000e+04 7.4000000e+01 3.6500001e+00 0.0000000e+00 6.4222702e+01
7.1220000e+04 7.0000000e+01 5.2500000e+00 0.0000000e+00 8.9140839e+01
7.1280000e+04 4.6000000e+01 7.3999999e+00 0.0000000e+00 1.7293449e+02
7.1340000e+04 6.0000000e+01 8.0500000e+00 0.0000000e+00 1.5800830e+02
7.1400000e+04 5.1000000e+01 8.3500001e+00 0.0000000e+00 1.4409770e+02
7.1460000e+04 4.3000000e+01 9.6500001e+00 0.0000000e+00 8.8747124e+01
7.1520000e+04 5.1000000e+01 9.1999998e+00 0.0000000e+00 7.2323730e+01
7.1580000e+04 5.1000000e+01 8.9000001e+00 0.0000000e+00 3.6386082e+01
7.1640000e+04 5.0000000e+01 8.0500000e+00 0.0000000e+00 6.4159150e+00
7.1700000e+04 5.1000000e+01 8.8500004e+00 0.0000000e+00 0.0000000e+00
7.1760000e+04 5.3000000e+01 9.0000000e+00 0.0000000e+00 0.0000000e+00
7.1820000e+04 5.5000000e+01 9.1500001e+00 0.0000000e+00 0.0000000e+00
7.1880000e+04 5.5000000e+01 9.2500000e+00 0.0000000e+00 0.0000000e+00
7.1940000e+04 5.7000000e+01 8.5000002e+00 0.0000000e+00 0.0000000e+00
7.2000000e+04 6.5000000e+01 7.8500001e+00 0.0000000e+00 0.0000000e+00
7.2060000e+04 6.9000000e+01 6.6000001e+00 0.0000000e+00 0.0000000e+00
7.2120000e+04 6.8000000e+01 6.3500001e+00 0.0000000e+00 0.0000000e+00
7.2180000e+04 6.6000000e+01 6.3000000e+00 0.0000000e+00 0.0000000e+00
7.2240000e+04 6.5000000e+01 7.0500000e+00 0.0000000e+00 0.0000000e+00
7.2300000e+04 6.3000000e+01 6.9500000e+00 0.0000000e+00 0.0000000e+00
7.2360000e+04 6.1000000e+01 7.4500000e+00 0.0000000e+00 0.0000000e+00
7.2420000e+04 5.9000000e+01 7.7500000e+00 0.0000000e+00 0.0000000e+00
7.2480000e+04 5.7000000e+01 7.9500000e+00 0.0000000e+00 0.0000000e+00
7.2540000e+04 5.7000000e+01 8.7500000e+00 0.0000000e+00 1.6001820e+01
7.2600000e+04 5.2000000e+01 9.6500001e+00 0.0000000e+00 1.0386460e+02
7.2660000e+04 4.8000000e+01 1.1200000e+01 0.0000000e+00 1.9015550e+02
7.2720000e+04 5.0000000e+01 1.1500000e+01 0.0000000e+00 1.9435400e+02
7.2780000e+04 5.0000000e+01 1.1650000e+01 0.0000000e+00 1.8790331e+02
7.2840000e+04 5.1000000e+01 1.1650000e+01 0.0000000e+00 1.4898640e+02
7.2900000e+04 4.8000000e+01 1.1950000e+01 0.0000000e+00 1.3814751e+02
7.2960000e+04 4.8000000e+01 1.2500000e+01 0.0000000e+00 1.2906480e+02
7.3020000e+04 4.9000000e+01 1.2000000e+01 0.0000000e+00 5.0515251e+01
7.3080000e+04 5.4000000e+01 1.1150000e+01 0.0000000e+00 4.3063989e+00
7.3140000e+04 5.3000000e+01 1.0350000e+01 0.0000000e+00 0.0000000e+00
7.3200000e+04 5.6000000e+01 1.0250000e+01 0.0000000e+00 0.0000000e+00
7.3260000e+04 5.1000000e+01 1.0450000e+01 0.0000000e+00 0.0000000e+00
7.3320000e+04 5.1000000e+01 1.1150000e+01 0.0000000e+00 0.0000000e+00
7.3380000e+04 5.3000000e+01 1.0750000e+01 0.0000000e+00 0.0000000e+00
7.3440000e+04 5.4000000e+01 1.0850000e+01 0.0000000e+00 0.0000000e+00
7.3500000e+04 5.4000000e+01 1.0650000e+01 0.0000000e+00 0.0000000e+00
7.3560000e+04 5.5000000e+01 1.0400000e+01 0.0000000e+00 0.0000000e+00
7.3620000e+04 5.7000000e+01 9.8499999e+00 0.0000000e+00 0.0000000e+00
7.3680000e+04 5.8000000e+01 9.4000001e+00 0.0000000e+00 0.0000000e+00
7.3740000e+04 5.6000000e+01 9.7500000e+00 0.0000000e+00 0.0000000e+00
7.3800000e+04 5.6000000e+01 9.9500003e+00 0.0000000e+00 0.0000000e+00
7.3860000e+04 5.6000000e+01 9.8499999e+00 0.0000000e+00 0.0000000e+00
7.3920000e+04 5.8000000e+01 9.1999998e+00 0.0000000e+00 0.0000000e+00
7.3980000e+04 5.6000000e+01 1.0200000e+01 0.0000000e+00 4.2686420e+01
7.4040000e+04 4.7000000e+01 1.1500000e+01 0.0000000e+00 1.0114990e+02
7.4100000e+04 4.7000000e+01 1.2300000e+01 0.0000000e+00 1.2243060e+02
7.4160000e+04 4.6000000e+01 1.3000000e+01 0.0000000e+00 1.4976610e+02
7.4220000e+04 4.7000000e+01 1.3700000e+01 0.0000000e+00 2.5553650e+02
7.4280000e+04 4.9000000e+01 1.3550000e+01 0.0000000e+00 3.3097229e+02
7.4340000e+04 5.1000000e+01 1.3500000e+01 0.0000000e+00 2.6022351e+02
7.4400000e+04 5.1000000e+01 1.3250000e+01 0.0000000e+00 1.9998720e+02
7.4460000e+04 3.8000000e+01 1.3000000e+01 0.0000000e+00 1.1357200e+02
7.4520000e+04 4.1000000e+01 1.2250000e+01 0.0000000e+00 1.4056180e+01
7.4580000e+04 4.2000000e+01 1.1400000e+01 0.0000000e+00 0.0000000e+00
7.4640000e+04 4.4000000e+01 1.0750000e+01 0.0000000e+00 0.0000000e+00
7.4700000e+04 4.8000000e+01 9.6500001e+00 0.0000000e+00 0.0000000e+00
7.4760000e+04 4.3000000e+01 9.6500001e+00 0.0000000e+00 0.0000000e+00
7.4820000e+04 4.4000000e+01 9.8000002e+00 0.0000000e+00 0.0000000e+00
7.4880000e+04 4.4000000e+01 9.0000000e+00 0.0000000e+00 0.0000000e+00
7.4940000e+04 4.5000000e+01 8.4500003e+00 0.0000000e+00 0.0000000e+00
7.5000000e+04 4.1000000e+01 8.5499997e+00 0.0000000e+00 0.0000000e+00
7.5060000e+04 4.2000000e+01 8.3499999e+00 0.0000000e+00 0.0000000e+00
7.5120000e+04 4.4000000e+01 7.7500000e+00 0.0000000e+00 0.0000000e+00
7.5180000e+04 4.2000000e+01 7.5999999e+00 0.0000000e+00 0.0000000e+00
7.5240000e+04 5.0000000e+01 6.7500000e+00 0.0000000e+00 0.0000000e+00
7.5300000e+04 5.0000000e+01 5.8500001e+00 0.0000000e+00 0.0000000e+00
7.5360000e+04 4.9000000e+01 5.6999998e+00 0.0000000e+00 0.0000000e+00
7.5420000e+04 5.1000000e+01 6.1500001e+00 0.0000000e+00 3.2765179e+01
7.5480000e+04 3.7000000e+01 7.6000001e+00 0.0000000e+00 1.8071280e+02
7.5540000e+04 4.2000000e+01 8.5000002e+00 0.0000000e+00 2.9159879e+02
7.5600000e+04 4.0000000e+01 9.7500000e+00 0.0000000e+00 3.5805899e+02
7.5660000e+04 3.9000000e+01 9.5500002e+00 0.0000000e+00 3.6803500e+02
7.5720000e+04 3.8000000e+01 1.0550000e+01 0.0000000e+00 3.4426431e+02
7.5780000e+04 4.0000000e+01 1.0550000e+01 0.0000000e+00 2.9676871e+02
7.5840000e+04 4.0000000e+01 1.0400000e+01 0.0000000e+00 2.2963091e+02
7.5900000e+04 4.9000000e+01 9.0499997e+00 0.0000000e+00 1.3399620e+02
7.5960000e+04 5.1000000e+01 7.5500000e+00 0.0000000e+00 5.6244760e+00
7.6020000e+04 4.8000000e+01 6.4500000e+00 0.0000000e+00 0.0000000e+00
7.6080000e+04 4.4000000e+01 6.4500000e+00 0.0000000e+00 0.0000000e+00
7.6140000e+04 4.3000000e+01 6.0500000e+00 0.0000000e+00 0.0000000e+00
7.6200000e+04 4.3000000e+01 5.8999999e+00 0.0000000e+00 0.0000000e+00
7.6260000e+04 4.4000000e+01 5.5000000e+00 0.0000000e+00 0.0000000e+00
7.6320000e+04 4.5000000e+01 5.3000000e+00 0.0000000e+00 0.0000000e+00
7.6380000e+04 4.7000000e+01 4.8499999e+00 0.0000000e+00 0.0000000e+00
7.6440000e+04 5.2000000e+01 3.6500000e+00 0.0000000e+00 0.0000000e+00
7.6500000e+04 5.5000000e+01 3.1000000e+00 0.0000000e+00 0.0000000e+00
7.6560000e+04 6.4000000e+01 2.2000000e+00 0.0000000e+00 0.0000000e+00
7.6620000e+04 6.2000000e+01 1.1500000e+00 0.0000000e+00 0.0000000e+00
7.6680000e+04 7.3000000e+01 5.5000000e-01 0.0000000e+00 0.0000000e+00
7.6740000e+04 6.9000000e+01 2.4999999e-01 0.0000000e+00 0.0000000e+00
7.6800000e+04 7.0000000e+01 4.5000001e-01 0.0000000e+00 1.2590570e+00
7.6860000e+04 6.8000000e+01 1.7000000e+00 0.0000000e+00 7.0836792e+01
7.6920000e+04 5.9000000e+01 3.2500001e+00 0.0000000e+00 1.9671860e+02
7.6980000e+04 5.2000000e+01 6.0000000e+00 0.0000000e+00 2.9569601e+02
7.7040000e+04 4.6000000e+01 7.0000000e+00 0.0000000e+00 3.6355389e+02
7.7100000e+04 4.2000000e+01 7.9000001e+00 0.0000000e+00 3.7881479e+02
7.7160000e+04 3.5000000e+01 8.9000001e+00 0.0000000e+00 3.6183350e+02
7.7220000e+04 3.8000000e+01 9.4000001e+00 0.0000000e+00 3.1322800e+02
7.7280000e+04 4.2000000e+01 9.3000002e+00 0.0000000e+00 2.3340440e+02
7.7340000e+04 5.6000000e+01 7.0000002e+00 0.0000000e+00 1.4325481e+02
7.7400000e+04 6.0000000e+01 4.8500001e+00 0.0000000e+00 6.5300441e+00
7.7460000e+04 6.5000000e+01 3.8000001e+00 0.0000000e+00 0.0000000e+00
7.7520000e+04 7.0000000e+01 3.1000000e+00 0.0000000e+00 0.0000000e+00
7.7580000e+04 7.5000000e+01 2.0500000e+00 0.0000000e+00 0.0000000e+00
7.7640000e+04 8.3000000e+01 1.2000000e+00 0.0000000e+00 0.0000000e+00
7.7700000e+04 8.5000000e+01 1.5500000e+00 0.0000000e+00 0.0000000e+00
7.7760000e+04 7.8000000e+01 2.0500000e+00 0.0000000e+00 0.0000000e+00
7.7820000e+04 7.4000000e+01 2.4000000e+00 0.0000000e+00 0.0000000e+00
7.7880000e+04 8.1000000e+01 2.2499999e+00 0.0000000e+00 0.0000000e+00
7.7940000e+04 8.2000000e+01 1.9000000e+00 0.0000000e+00 0.0000000e+00
7.8000000e+04 7.9000000e+01 1.9000000e+00 0.0000000e+00 0.0000000e+00
7.8060000e+04 8.3000000e+01 1.7499999e+00 0.0000000e+00 0.0000000e+00
7.8120000e+04 8.5000000e+01 1.7499999e+00 0.0000000e+00 0.0000000e+00
7.8180000e+04 8.5000000e+01 1.8500000e+00 0.0000000e+00 0.0000000e+00
7.8240000e+04 8.4000000e+01 1.6500000e+00 0.0000000e+00 0.0000000e+00
7.8300000e+04 8.3000000e+01 1.9500000e+00 0.0000000e+00 2.0116449e+01
7.8360000e+04 7.9000000e+01 2.7500000e+00 0.0000000e+00 5.4165058e+01
7.8420000e+04 7.5000000e+01 3.5000000e+00 0.0000000e+00 9.7835426e+01
7.8480000e+04 7.0000000e+01 4.3000001e+00 0.0000000e+00 1.2471360e+02
7.8540000e+04 6.6000000e+01 5.1000001e+00 0.0000000e+00 1.4489050e+02
7.8600000e+04 6.5000000e+01 5.5000000e+00 0.0000000e+00 1.3680040e+02
7.8660000e+04 6.3000000e+01 5.5999999e+00 0.0000000e+00 1.0639380e+02
7.8720000e+04 6.3000000e+01 5.8000000e+00 0.0000000e+00 7.6891968e+01
7.8780000e+04 6.6000000e+01 5.4000001e+00 0.0000000e+00 3.4960030e+01
7.8840000e+04 6.9000000e+01 4.9499998e+00 0.0000000e+00 7.0415640e+00
7.8900000e+04 7.3000000e+01 4.3499999e+00 0.0000000e+00 0.0000000e+00
7.8960000e+04 7.4000000e+01 3.7500000e+00 0.0000000e+00 0.0000000e+00
7.9020000e+04 7.4000000e+01 3.5000000e+00 0.0000000e+00 0.0000000e+00
7.9080000e+04 7.3000000e+01 3.1000000e+00 0.0000000e+00 0.0000000e+00
7.9140000e+04 7.4000000e+01 3.2000000e+00 0.0000000e+00 0.0000000e+00
7.9200000e+04 7.0000000e+01 2.7500000e+00 0.0000000e+00 0.0000000e+00
7.9260000e+04 7.7000000e+01 2.6500000e+00 0.0000000e+00 0.0000000e+00
7.9320000e+04 7.6000000e+01 2.7000000e+00 0.0000000e+00 0.0000000e+00
7.9380000e+04 7.9000000e+01 1.8500000e+00 0.0000000e+00 0.0000000e+00
7.9440000e+04 7.9000000e+01 1.5500000e+00 0.0000000e+00 0.0000000e+00
7.9500000e+04 8.0000000e+01 1.1000000e+00 0.0000000e+00 0.0000000e+00
7.9560000e+04 8.0000000e+01 5.0000000e-01 0.0000000e+00 0.0000000e+00
7.9620000e+04 8.5000000e+01 -3.9999999e-01 0.0000000e+00 0.0000000e+00
7.9680000e+04 8.1000000e+01 -3.9999999e-01 0.0000000e+00 1.2550310e+00
7.9740000e+04 7.0000000e+01 1.0000000e+00 0.0000000e+00 1.0174840e+02
7.9800000e+04 6.2000000e+01 2.8500000e+00 0.0000000e+00 2.0206230e+02
7.9860000e+04 5.0000000e+01 4.8499999e+00 0.0000000e+00 3.0576291e+02
7.9920000e+04 4.9000000e+01 6.2500000e+00 0.0000000e+00 3.7207410e+02
7.9980000e+04 4.7000000e+01 6.5500000e+00 0.0000000e+00 3.8512421e+02
8.0040000e+04 4.7000000e+01 6.9000001e+00 0.0000000e+00 3.6738519e+02
8.0100000e+04 4.6000000e+01 7.4500000e+00 0.0000000e+00 3.1969919e+02
8.0160000e+04 5.0000000e+01 7.3500001e+00 0.0000000e+00 2.4498840e+02
8.0220000e+04 5.7000000e+01 6.1499999e+00 0.0000000e+00 1.5482339e+02
8.0280000e+04 6.1000000e+01 4.3499999e+00 0.0000000e+00 1.0056990e+01
8.0340000e+04 6.5000000e+01 2.9500000e+00 0.0000000e+00 0.0000000e+00
8.0400000e+04 6.7000000e+01 2.0000001e+00 0.0000000e+00 0.0000000e+00
8.0460000e+04 6.5000000e+01 1.4500000e+00 0.0000000e+00 0.0000000e+00
8.0520000e+04 6.8000000e+01 1.8000000e+00 0.0000000e+00 0.0000000e+00
8.0580000e+04 7.0000000e+01 1.1000000e+00 0.0000000e+00 0.0000000e+00
8.0640000e+04 7.0000000e+01 8.0000003e-01 0.0000000e+00 0.0000000e+00
8.0700000e+04 6.7000000e+01 1.1000000e+00 0.0000000e+00 0.0000000e+00
8.0760000e+04 7.1000000e+01 8.9999998e-01 0.0000000e+00 0.0000000e+00
8.0820000e+04 7.4000000e+01 3.0000001e-01 0.0000000e+00 0.0000000e+00
8.0880000e+04 7.3000000e+01 2.5000000e-01 0.0000000e+00 0.0000000e+00
8.0940000e+04 7.4000000e+01 0.0000000e+00 0.0000000e+00 0.0000000e+00
8.1000000e+04 7.3000000e+01 -2.0000001e-01 0.0000000e+00 0.0000000e+00
8.1060000e+04 6.6000000e+01 -3.5000001e-01 0.0000000e+00 0.0000000e+00
8.1120000e+04 6.1000000e+01 3.4999999e-01 0.0000000e+00 1.3886810e+01
8.1180000e+04 5.5000000e+01 1.4999999e+00 0.0000000e+00 1.1242610e+02
8.1240000e+04 5.0000000e+01 2.5999999e+00 0.0000000e+00 2.1786349e+02
8.1300000e+04 4.8000000e+01 3.3499999e+00 0.0000000e+00 3.1467899e+02
8.1360000e+04 4.3000000e+01 4.5999999e+00 0.0000000e+00 3.8430450e+02
8.1420000e+04 4.2000000e+01 5.4000001e+00 0.0000000e+00 3.9346570e+02
8.1480000e+04 4.4000000e+01 5.3000000e+00 0.0000000e+00 3.7426349e+02
8.1540000e+04 4.0000000e+01 5.3500001e+00 0.0000000e+00 3.2501410e+02
8.1600000e+04 4.0000000e+01 5.0500000e+00 0.0000000e+00 2.5124380e+02
8.1660000e+04 4.5000000e+01 4.1999999e+00 0.0000000e+00 1.5900940e+02
8.1720000e+04 6.6000000e+01 2.4500000e+00 0.0000000e+00 1.2499280e+01
8.1780000e+04 7.0000000e+01 1.0500000e+00 0.0000000e+00 0.0000000e+00
8.1840000e+04 7.3000000e+01 1.5000000e-01 0.0000000e+00 0.0000000e+00
8.1900000e+04 8.2000000e+01 -8.5000000e-01 0.0000000e+00 0.0000000e+00
8.1960000e+04 7.9000000e+01 -1.4000000e+00 0.0000000e+00 0.0000000e+00
8.2020000e+04 7.0000000e+01 -1.5000000e+00 0.0000000e+00 0.0000000e+00
8.2080000e+04 7.0000000e+01 -1.5500000e+00 0.0000000e+00 0.0000000e+00
8.2140000e+04 7.0000000e+01 -1.7000000e+00 0.0000000e+00 0.0000000e+00
8.2200000e+04 7.0000000e+01 -1.6000000e+00 0.0000000e+00 0.0000000e+00
8.2260000e+04 6.8000000e+01 -1.3000000e+00 0.0000000e+00 0.0000000e+00
8.2320000e+04 7.2000000e+01 -1.6000000e+00 0.0000000e+00 0.0000000e+00
8.2380000e+04 7.0000000e+01 -1.4500000e+00 0.0000000e+00 0.0000000e+00
8.2440000e+04 6.8000000e+01 -1.2000000e+00 0.0000000e+00 0.0000000e+00
8.2500000e+04 6.1000000e+01 -7.9999999e-01 0.0000000e+00 0.0000000e+00
8.2560000e+04 6.2000000e+01 2.0000002e-01 0.0000000e+00 2.1060909e+01
8.2620000e+04 5.1000000e+01 2.1000001e+00 0.0000000e+00 1.2302300e+02
8.2680000e+04 4.2000000e+01 4.2000000e+00 0.0000000e+00 2.2773680e+02
8.2740000e+04 3.5000000e+01 5.7500000e+00 0.0000000e+00 3.2682501e+02
8.2800000e+04 3.4000000e+01 6.3000000e+00 0.0000000e+00 3.9681400e+02
8.2860000e+04 3.3000000e+01 6.8500001e+00 0.0000000e+00 4.0522769e+02
8.2920000e+04 3.4000000e+01 6.8000000e+00 0.0000000e+00 3.8771869e+02
8.2980000e+04 3.8000000e+01 6.8500001e+00 0.0000000e+00 3.3999591e+02
8.3040000e+04 3.8000000e+01 6.1499999e+00 0.0000000e+00 2.6683731e+02
8.3100000e+04 3.9000000e+01 5.2500000e+00 0.0000000e+00 1.7438170e+02
8.3160000e+04 4.5000000e+01 3.9499999e+00 0.0000000e+00 1.5604220e+01
8.3220000e+04 4.5000000e+01 2.7500000e+00 0.0000000e+00 0.0000000e+00
8.3280000e+04 4.9000000e+01 1.7500000e+00 0.0000000e+00 0.0000000e+00
8.3340000e+04 5.4000000e+01 1.1500000e+00 0.0000000e+00 0.0000000e+00
8.3400000e+04 4.9000000e+01 7.5000003e-01 0.0000000e+00 0.0000000e+00
8.3460000e+04 5.0000000e+01 1.0000000e+00 0.0000000e+00 0.0000000e+00
8.3520000e+04 4.9000000e+01 8.0000001e-01 0.0000000e+00 0.0000000e+00
8.3580000e+04 4.9000000e+01 6.9999999e-01 0.0000000e+00 0.0000000e+00
8.3640000e+04 5.0000000e+01 5.0000000e-01 0.0000000e+00 0.0000000e+00
8.3700000e+04 5.0000000e+01 2.0000000e-01 0.0000000e+00 0.0000000e+00
8.3760000e+04 5.1000000e+01 -1.5000001e-01 0.0000000e+00 0.0000000e+00
8.3820000e+04 5.0000000e+01 -5.0000001e-02 0.0000000e+00 0.0000000e+00
8.3880000e+04 5.3000000e+01 -5.5000001e-01 0.0000000e+00 0.0000000e+00
8.3940000e+04 5.4000000e+01 -9.0000004e-01 0.0000000e+00 0.0000000e+00
8.4000000e+04 4.9000000e+01 9.9999994e-02 0.0000000e+00 2.7721970e+01
8.4060000e+04 4.6000000e+01 1.3500000e+00 0.0000000e+00 1.2419460e+02
8.4120000e+04 4.5000000e+01 2.3000001e+00 0.0000000e+00 1.8625900e+02
8.4180000e+04 4.2000000e+01 4.0000000e+00 0.0000000e+00 3.3896860e+02
8.4240000e+04 4.1000000e+01 5.0999999e+00 0.0000000e+00 3.8799161e+02
8.4300000e+04 3.9000000e+01 5.7500000e+00 0.0000000e+00 4.0684961e+02
8.4360000e+04 3.7000000e+01 5.7500000e+00 0.0000000e+00 3.7659479e+02
8.4420000e+04 3.9000000e+01 5.6000001e+00 0.0000000e+00 1.9894920e+02
8.4480000e+04 4.0000000e+01 5.6000001e+00 0.0000000e+00 1.6711090e+02
8.4540000e+04 4.5000000e+01 4.8500001e+00 0.0000000e+00 7.5499046e+01
8.4600000e+04 5.3000000e+01 3.6500001e+00 0.0000000e+00 1.7556431e+01
8.4660000e+04 5.8000000e+01 2.5500000e+00 0.0000000e+00 0.0000000e+00
8.4720000e+04 6.2000000e+01 1.6000000e+00 0.0000000e+00 0.0000000e+00
8.4780000e+04 6.0000000e+01 1.1500000e+00 0.0000000e+00 0.0000000e+00
8.4840000e+04 6.1000000e+01 1.1000000e+00 0.0000000e+00 0.0000000e+00
8.4900000e+04 6.1000000e+01 4.5000000e-01 0.0000000e+00 0.0000000e+00
8.4960000e+04 6.3000000e+01 6.5000002e-01 0.0000000e+00 0.0000000e+00
8.5020000e+04 6.5000000e+01 4.4999999e-01 0.0000000e+00 0.0000000e+00
8.5080000e+04 6.0000000e+01 8.5000001e-01 0.0000000e+00 0.0000000e+00
8.5140000e+04 5.3000000e+01 2.2500001e+00 0.0000000e+00 0.0000000e+00
8.5200000e+04 5.6000000e+01 2.3500000e+00 0.0000000e+00 0.0000000e+00
8.5260000e+04 5.4000000e+01 1.5000000e+00 0.0000000e+00 0.0000000e+00
8.5320000e+04 5.0000000e+01 2.7500000e+00 0.0000000e+00 0.0000000e+00
8.5380000e+04 5.0000000e+01 2.5500000e+00 0.0000000e+00 0.0000000e+00
8.5440000e+04 4.5000000e+01 3.6500000e+00 0.0000000e+00 9.2312461e-01
8.5500000e+04 4.6000000e+01 3.6500000e+00 0.0000000e+00 3.2741508e+01
8.5560000e+04 4.6000000e+01 5.0500000e+00 0.0000000e+00 9.9247147e+01
8.5620000e+04 3.8000000e+01 6.3000000e+00 0.0000000e+00 2.1058630e+02
8.5680000e+04 3.3000000e+01 8.4500000e+00 0.0000000e+00 4.0949731e+02
8.5740000e+04 3.2000000e+01 9.9499998e+00 0.0000000e+00 4.3779080e+02
8.5800000e+04 3.2000000e+01 1.0700000e+01 0.0000000e+00 3.9412549e+02
8.5860000e+04 3.4000000e+01 1.0250000e+01 0.0000000e+00 2.8110760e+02
8.5920000e+04 4.2000000e+01 8.9000001e+00 0.0000000e+00 1.3245250e+02
8.5980000e+04 4.4000000e+01 7.8499999e+00 0.0000000e+00 5.7212280e+01
8.6040000e+04 5.1000000e+01 7.2000000e+00 0.0000000e+00 1.3483500e+01
8.6100000e+04 4.8000000e+01 5.9500000e+00 0.0000000e+00 0.0000000e+00
8.6160000e+04 4.7000000e+01 5.9500000e+00 0.0000000e+00 0.0000000e+00
8.6220000e+04 5.5000000e+01 4.8000000e+00 0.0000000e+00 0.0000000e+00
8.6280000e+04 6.7000000e+01 3.1000000e+00 0.0000000e+00 0.0000000e+00
8.6340000e+04 7.1000000e+01 2.8500000e+00 0.0000000e+00 0.0000000e+00
8.6400000e+04 7.4000000e+01 2.9499999e+00 0.0000000e+00 0.0000000e+00
8.6460000e+04 7.2000000e+01 3.3500000e+00 0.0000000e+00 0.0000000e+00
8.6520000e+04 7.2000000e+01 3.1000000e+00 0.0000000e+00 0.0000000e+00
8.6580000e+04 6.5000000e+01 3.1500001e+00 0.0000000e+00 0.0000000e+00
8.6640000e+04 7.0000000e+01 3.0500000e+00 0.0000000e+00 0.0000000e+00
8.6700000e+04 6.2000000e+01 3.5999999e+00 0.0000000e+00 0.0000000e+00
8.6760000e+04 5.9000000e+01 3.8500001e+00 0.0000000e+00 0.0000000e+00
8.6820000e+04 5.5000000e+01 4.6999998e+00 0.0000000e+00 0.0000000e+00
8.6880000e+04 5.3000000e+01 5.1999998e+00 0.0000000e+00 8.3594599e+00
8.6940000e+04 5.1000000e+01 6.0999999e+00 0.0000000e+00 5.2646950e+01
8.7000000e+04 4.8000000e+01 6.9500000e+00 0.0000000e+00 5.6569462e+01
8.7120000e+04 4.8000000e+01 8.0500000e+00 0.0000000e+00 3.0624701e+01
8.7180000e+04 6.5000000e+01 7.4500000e+00 0.0000000e+00 3.3773392e+01
8.7240000e+04 7.4000000e+01 6.8499999e+00 0.0000000e+00 4.5872169e+01
8.7300000e+04 8.0000000e+01 6.8500001e+00 0.0000000e+00 3.9908840e+01
8.7360000e+04 8.6000000e+01 6.9500000e+00 0.0000000e+00 2.9691759e+01
8.7420000e+04 5.5000000e+01 8.7000000e+00 0.0000000e+00 2.3205601e+01
8.7480000e+04 5.9000000e+01 1.0650000e+01 0.0000000e+00 8.2128611e+00
8.7540000e+04 6.2000000e+01 1.0200000e+01 0.0000000e+00 0.0000000e+00
8.7600000e+04 8.8000000e+01 7.9000001e+00 0.0000000e+00 0.0000000e+00
8.7660000e+04 8.8000000e+01 5.8499999e+00 0.0000000e+00 0.0000000e+00
8.7720000e+04 8.8000000e+01 5.6500001e+00 0.0000000e+00 0.0000000e+00
8.7780000e+04 7.6000000e+01 5.7500000e+00 0.0000000e+00 0.0000000e+00
8.7840000e+04 5.3000000e+01 6.5000002e+00 0.0000000e+00 0.0000000e+00
8.7900000e+04 4.5000000e+01 7.8999999e+00 0.0000000e+00 0.0000000e+00
8.7960000e+04 4.5000000e+01 8.1500001e+00 0.0000000e+00 0.0000000e+00
8.8020000e+04 4.3000000e+01 8.0000000e+00 0.0000000e+00 0.0000000e+00
8.8080000e+04 4.8000000e+01 8.2500000e+00 0.0000000e+00 0.0000000e+00
8.8140000e+04 5.5000000e+01 8.1000001e+00 0.0000000e+00 0.0000000e+00
8.8200000e+04 6.3000000e+01 7.3500001e+00 0.0000000e+00 0.0000000e+00
8.8260000e+04 6.3000000e+01 7.1000001e+00 0.0000000e+00 0.0000000e+00
8.8320000e+04 6.5000000e+01 7.6500001e+00 0.0000000e+00 3.5431540e+00
8.8380000e+04 8.4000000e+01 6.2500000e+00 0.0000000e+00 0.0000000e+00
8.8440000e+04 8.6000000e+01 5.3499999e+00 0.0000000e+00 9.0100670e+00
8.8500000e+04 8.6000000e+01 5.0500000e+00 0.0000000e+00 2.4946030e+01
8.8560000e+04 8.1000000e+01 5.5500000e+00 0.0000000e+00 8.9175323e+01
8.8620000e+04 8.8000000e+01 5.5000000e+00 0.0000000e+00 7.1833549e+01
8.8680000e+04 8.6000000e+01 5.3999999e+00 0.0000000e+00 6.5710373e+01
8.8740000e+04 8.6000000e+01 5.3999999e+00 0.0000000e+00 4.2131939e+01
8.8800000e+04 8.8000000e+01 5.2500000e+00 0.0000000e+00 5.1399281e+01
8.8860000e+04 8.9000000e+01 5.0999999e+00 0.0000000e+00 3.3546219e+01
8.8920000e+04 8.9000000e+01 4.9500000e+00 0.0000000e+00 1.3043750e+01
8.8980000e+04 8.3000000e+01 4.9500000e+00 0.0000000e+00 0.0000000e+00
8.9040000e+04 8.8000000e+01 4.8499999e+00 0.0000000e+00 0.0000000e+00
8.9100000e+04 8.4000000e+01 4.6000001e+00 0.0000000e+00 0.0000000e+00
8.9160000e+04 7.8000000e+01 4.5000000e+00 0.0000000e+00 0.0000000e+00
8.9220000e+04 8.3000000e+01 4.8000000e+00 0.0000000e+00 0.0000000e+00
8.9280000e+04 8.3000000e+01 4.5500000e+00 0.0000000e+00 0.0000000e+00
8.9340000e+04 8.3000000e+01 4.4000001e+00 0.0000000e+00 0.0000000e+00
8.9400000e+04 8.6000000e+01 4.2000000e+00 0.0000000e+00 0.0000000e+00
8.9460000e+04 8.5000000e+01 4.0000000e+00 0.0000000e+00 0.0000000e+00
8.9520000e+04 8.5000000e+01 4.0000000e+00 0.0000000e+00 0.0000000e+00
8.9580000e+04 8.8000000e+01 3.8499999e+00 0.0000000e+00 0.0000000e+00
8.9640000e+04 8.9000000e+01 3.4000000e+00 0.0000000e+00 0.0000000e+00
8.9700000e+04 9.1000000e+01 2.8000001e+00 0.0000000e+00 0.0000000e+00
8.9760000e+04 9.3000000e+01 2.1500000e+00 0.0000000e+00 1.1670730e+01
8.9820000e+04 9.3000000e+01 2.5000000e+00 0.0000000e+00 5.4328651e+01
8.9880000e+04 8.7000000e+01 3.6500000e+00 0.0000000e+00 1.4878960e+02
8.9940000e+04 7.9000000e+01 4.9000001e+00 0.0000000e+00 1.8471049e+02
9.0000000e+04 7.6000000e+01 5.5500002e+00 0.0000000e+00 1.6794730e+02
9.0060000e+04 7.4000000e+01 5.7000000e+00 0.0000000e+00 1.7721300e+02
9.0120000e+04 7.5000000e+01 5.7500000e+00 0.0000000e+00 1.4145779e+02
9.0180000e+04 7.6000000e+01 5.6499999e+00 0.0000000e+00 1.2020720e+02
9.0240000e+04 8.0000000e+01 5.3000000e+00 0.0000000e+00 6.6865303e+01
9.0300000e+04 8.3000000e+01 4.7000000e+00 0.0000000e+00 2.6565880e+01
9.0360000e+04 8.5000000e+01 4.1500001e+00 0.0000000e+00 5.3547220e+00
9.0420000e+04 8.3000000e+01 3.6500001e+00 0.0000000e+00 0.0000000e+00
9.0480000e+04 8.4000000e+01 3.1500001e+00 0.0000000e+00 0.0000000e+00
9.0540000e+04 8.3000000e+01 2.7000000e+00 0.0000000e+00 0.0000000e+00
9.0600000e+04 8.5000000e+01 2.3500000e+00 0.0000000e+00 0.0000000e+00
9.0660000e+04 8.3000000e+01 2.1500000e+00 0.0000000e+00 0.0000000e+00
9.0720000e+04 8.1000000e+01 2.1000000e+00 0.0000000e+00 0.0000000e+00
9.0780000e+04 8.9000000e+01 1.8000000e+00 0.0000000e+00 0.0000000e+00
9.0840000e+04 8.9000000e+01 1.4000000e+00 0.0000000e+00 0.0000000e+00
9.0900000e+04 9.1000000e+01 1.1000000e+00 0.0000000e+00 0.0000000e+00
9.0960000e+04 7.8000000e+01 1.3000000e+00 0.0000000e+00 0.0000000e+00
9.1020000e+04 6.8000000e+01 1.1500000e+00 0.0000000e+00 0.0000000e+00
9.1080000e+04 5.5000000e+01 1.0000000e+00 0.0000000e+00 0.0000000e+00
9.1140000e+04 5.9000000e+01 1.0000000e+00 0.0000000e+00 0.0000000e+00
9.1200000e+04 5.8000000e+01 1.1500000e+00 0.0000000e+00 2.4217590e+01
9.1260000e+04 5.7000000e+01 1.5500000e+00 0.0000000e+00 1.2974969e+02
9.1320000e+04 5.5000000e+01 2.4999999e+00 0.0000000e+00 2.7298041e+02
9.1380000e+04 4.8000000e+01 3.6500001e+00 0.0000000e+00 3.8276019e+02
9.1440000e+04 4.7000000e+01 4.3500000e+00 0.0000000e+00 4.4241031e+02
9.1500000e+04 4.2000000e+01 4.7500000e+00 0.0000000e+00 4.4357339e+02
9.1560000e+04 4.5000000e+01 4.9500000e+00 0.0000000e+00 3.7070270e+02
9.1620000e+04 4.6000000e+01 5.1500001e+00 0.0000000e+00 3.7529568e+02
9.1680000e+04 4.7000000e+01 5.0000000e+00 0.0000000e+00 2.5672159e+02
9.1740000e+04 5.8000000e+01 4.3000000e+00 0.0000000e+00 1.6872240e+02
9.1800000e+04 5.7000000e+01 3.4500000e+00 0.0000000e+00 5.1988770e+01
9.1860000e+04 6.3000000e+01 2.1000000e+00 0.0000000e+00 0.0000000e+00
9.1920000e+04 6.7000000e+01 1.0000000e+00 0.0000000e+00 0.0000000e+00
9.1980000e+04 6.7000000e+01 1.5000000e-01 0.0000000e+00 0.0000000e+00
9.2040000e+04 6.5000000e+01 3.0000000e-01 0.0000000e+00 0.0000000e+00
9.2100000e+04 6.6000000e+01 2.5000000e-01 0.0000000e+00 0.0000000e+00
9.2160000e+04 6.5000000e+01 1.0000001e-01 0.0000000e+00 0.0000000e+00
9.2220000e+04 5.7000000e+01 1.5000000e-01 0.0000000e+00 0.0000000e+00
9.2280000e+04 5.7000000e+01 0.0000000e+00 0.0000000e+00 0.0000000e+00
9.2340000e+04 5.6000000e+01 -1.5000000e-01 0.0000000e+00 0.0000000e+00
9.2400000e+04 5.4000000e+01 -2.0000000e-01 0.0000000e+00 0.0000000e+00
9.2460000e+04 5.5000000e+01 -5.0000001e-02 0.0000000e+00 0.0000000e+00
9.2520000e+04 5.2000000e+01 -5.0000004e-02 0.0000000e+00 0.0000000e+00
9.2580000e+04 4.9000000e+01 1.5000000e-01 0.0000000e+00 0.0000000e+00
9.2640000e+04 6.0000000e+01 9.5000000e-01 0.0000000e+00 6.6897659e+01
9.2700000e+04 4.2000000e+01 2.1500000e+00 0.0000000e+00 1.6301160e+02
9.2760000e+04 3.9000000e+01 3.3000000e+00 0.0000000e+00 1.7362790e+02
9.2820000e+04 3.7000000e+01 4.2499999e+00 0.0000000e+00 2.3178520e+02
9.2880000e+04 3.4000000e+01 5.7000000e+00 0.0000000e+00 3.2574420e+02
9.2940000e+04 3.1000000e+01 6.1500001e+00 0.0000000e+00 2.2599271e+02
9.3000000e+04 3.7000000e+01 5.8000000e+00 0.0000000e+00 1.6350031e+02
9.3060000e+04 3.3000000e+01 6.7000000e+00 0.0000000e+00 1.9427940e+02
9.3120000e+04 3.8000000e+01 6.6000001e+00 0.0000000e+00 1.1200700e+02
9.3180000e+04 4.1000000e+01 6.5999999e+00 0.0000000e+00 1.1343510e+02
9.3240000e+04 4.5000000e+01 5.7000000e+00 0.0000000e+00 2.9280399e+01
9.3300000e+04 4.5000000e+01 4.7000000e+00 0.0000000e+00 0.0000000e+00
9.3360000e+04 5.3000000e+01 4.3000001e+00 0.0000000e+00 0.0000000e+00
9.3420000e+04 4.7000000e+01 5.0500002e+00 0.0000000e+00 0.0000000e+00
9.3480000e+04 4.3000000e+01 5.6499999e+00 0.0000000e+00 0.0000000e+00
9.3540000e+04 4.2000000e+01 6.0999999e+00 0.0000000e+00 0.0000000e+00
9.3600000e+04 5.4000000e+01 5.6000001e+00 0.0000000e+00 0.0000000e+00
9.3660000e+04 5.7000000e+01 5.1500001e+00 0.0000000e+00 0.0000000e+00
9.3720000e+04 5.5000000e+01 5.0500000e+00 0.0000000e+00 0.0000000e+00
9.3780000e+04 5.7000000e+01 5.0999999e+00 0.0000000e+00 0.0000000e+00
9.3840000e+04 6.1000000e+01 4.4499999e+00 0.0000000e+00 0.0000000e+00
9.3900000e+04 6.5000000e+01 3.7500000e+00 0.0000000e+00 0.0000000e+00
9.3960000e+04 6.1000000e+01 3.7500000e+00 0.0000000e+00 0.0000000e+00
9.4020000e+04 5.5000000e+01 3.8500001e+00 0.0000000e+00 0.0000000e+00
9.4080000e+04 5.3000000e+01 5.2000000e+00 0.0000000e+00 6.9994347e+01
9.4140000e+04 4.6000000e+01 6.2500000e+00 0.0000000e+00 1.2525760e+02
9.4200000e+04 5.0000000e+01 6.3499999e+00 0.0000000e+00 7.9328583e+01
9.4260000e+04 5.3000000e+01 6.0999999e+00 0.0000000e+00 5.3322090e+01
9.4320000e+04 5.4000000e+01 6.1499999e+00 0.0000000e+00 6.2905140e+01
9.4380000e+04 4.9000000e+01 6.5500000e+00 0.0000000e+00 8.7507751e+01
9.4440000e+04 4.7000000e+01 7.7000000e+00 0.0000000e+00 1.5695860e+02
9.4500000e+04 4.8000000e+01 8.7500000e+00 0.0000000e+00 1.5554021e+02
9.4560000e+04 5.2000000e+01 8.4000001e+00 0.0000000e+00 8.5914017e+01
9.4620000e+04 6.1000000e+01 7.9500000e+00 0.0000000e+00 1.8432180e+01
9.4680000e+04 6.0000000e+01 7.3499999e+00 0.0000000e+00 1.0326050e+01
9.4740000e+04 6.5000000e+01 6.5000000e+00 0.0000000e+00 0.0000000e+00
9.4800000e+04 6.4000000e+01 5.8000002e+00 0.0000000e+00 0.0000000e+00
9.4860000e+04 6.8000000e+01 5.1499999e+00 0.0000000e+00 0.0000000e+00
9.4920000e+04 6.7000000e+01 4.9500000e+00 0.0000000e+00 0.0000000e+00
9.4980000e+04 7.0000000e+01 4.6500001e+00 0.0000000e+00 0.0000000e+00
9.5040000e+04 6.7000000e+01 4.6000001e+00 0.0000000e+00 0.0000000e+00
9.5100000e+04 6.4000000e+01 5.2500000e+00 0.0000000e+00 0.0000000e+00
9.5160000e+04 6.3000000e+01 4.4000000e+00 0.0000000e+00 0.0000000e+00
9.5220000e+04 5.2000000e+01 5.3000000e+00 0.0000000e+00 0.0000000e+00
9.5280000e+04 5.8000000e+01 6.6999998e+00 0.0000000e+00 0.0000000e+00
9.5340000e+04 5.4000000e+01 6.1500001e+00 0.0000000e+00 0.0000000e+00
9.5400000e+04 5.3000000e+01 6.6000001e+00 0.0000000e+00 0.0000000e+00
9.5460000e+04 5.2000000e+01 6.7500000e+00 0.0000000e+00 0.0000000e+00
9.5520000e+04 5.0000000e+01 7.5000000e+00 0.0000000e+00 4.4674469e+01
9.5580000e+04 5.0000000e+01 8.4500000e+00 0.0000000e+00 5.5888008e+01
9.5640000e+04 4.7000000e+01 9.0999999e+00 0.0000000e+00 1.1976960e+02
9.5700000e+04 4.6000000e+01 9.9500003e+00 0.0000000e+00 1.1300190e+02
9.5820000e+04 4.9000000e+01 1.0150000e+01 0.0000000e+00 6.0666180e+01
9.5880000e+04 5.1000000e+01 1.0150000e+01 0.0000000e+00 3.8923649e+01
9.5940000e+04 5.2000000e+01 1.0400000e+01 0.0000000e+00 5.5799019e+01
9.6000000e+04 6.7000000e+01 9.9000001e+00 0.0000000e+00 3.2423790e+01
9.6060000e+04 6.2000000e+01 9.5999999e+00 0.0000000e+00 2.6523899e+01
9.6120000e+04 6.3000000e+01 9.9000001e+00 0.0000000e+00 1.6791941e+01
9.6180000e+04 5.3000000e+01 9.8499999e+00 0.0000000e+00 1.0461220e+00
9.6240000e+04 6.2000000e+01 9.7500000e+00 0.0000000e+00 0.0000000e+00
9.6300000e+04 5.8000000e+01 9.0499997e+00 0.0000000e+00 0.0000000e+00
9.6360000e+04 5.2000000e+01 9.5000000e+00 0.0000000e+00 0.0000000e+00
9.6420000e+04 5.1000000e+01 1.0100000e+01 0.0000000e+00 0.0000000e+00
9.6480000e+04 6.0000000e+01 9.7000003e+00 0.0000000e+00 0.0000000e+00
9.6540000e+04 8.5000000e+01 7.6000001e+00 0.0000000e+00 0.0000000e+00
9.6600000e+04 9.1000000e+01 5.1499999e+00 0.0000000e+00 0.0000000e+00
9.6660000e+04 9.1000000e+01 4.2000000e+00 0.0000000e+00 0.0000000e+00
9.6720000e+04 8.6000000e+01 4.4500000e+00 0.0000000e+00 0.0000000e+00
9.6780000e+04 8.6000000e+01 4.4500000e+00 0.0000000e+00 0.0000000e+00
9.6840000e+04 8.5000000e+01 4.5000000e+00 0.0000000e+00 0.0000000e+00
9.6900000e+04 8.1000000e+01 4.4499998e+00 0.0000000e+00 0.0000000e+00
9.6960000e+04 7.5000000e+01 5.0000000e+00 0.0000000e+00 2.0249531e+01
9.7020000e+04 7.0000000e+01 5.5000000e+00 0.0000000e+00 6.6897263e+01
9.7080000e+04 7.3000000e+01 5.8499999e+00 0.0000000e+00 8.2341599e+01
9.7140000e+04 6.5000000e+01 6.1499999e+00 0.0000000e+00 1.3330820e+02
9.7200000e+04 6.7000000e+01 6.9500000e+00 0.0000000e+00 2.0378130e+02
9.7260000e+04 6.2000000e+01 6.8500001e+00 0.0000000e+00 2.1319279e+02
9.7320000e+04 6.6000000e+01 6.7500000e+00 0.0000000e+00 1.5120419e+02
9.7380000e+04 6.7000000e+01 6.8000000e+00 0.0000000e+00 1.5250540e+02
9.7440000e+04 7.0000000e+01 6.3999999e+00 0.0000000e+00 8.8051987e+01
9.7500000e+04 7.0000000e+01 6.2500000e+00 0.0000000e+00 7.8146637e+01
9.7560000e+04 7.4000000e+01 6.0000000e+00 0.0000000e+00 2.0555500e+01
9.7620000e+04 8.9000000e+01 4.6999999e+00 0.0000000e+00 0.0000000e+00
9.7680000e+04 9.1000000e+01 3.5000000e+00 0.0000000e+00 0.0000000e+00
9.7740000e+04 9.1000000e+01 3.3500000e+00 0.0000000e+00 0.0000000e+00
9.7800000e+04 9.0000000e+01 3.3499999e+00 0.0000000e+00 0.0000000e+00
9.7860000e+04 8.7000000e+01 3.2500000e+00 0.0000000e+00 0.0000000e+00
9.7920000e+04 8.7000000e+01 3.0000000e+00 0.0000000e+00 0.0000000e+00
9.7980000e+04 9.1000000e+01 2.1000000e+00 0.0000000e+00 0.0000000e+00
9.8040000e+04 9.1000000e+01 1.5000000e+00 0.0000000e+00 0.0000000e+00
9.8100000e+04 9.1000000e+01 1.0500000e+00 0.0000000e+00 0.0000000e+00
9.8160000e+04 9.0000000e+01 1.2500000e+00 0.0000000e+00 0.0000000e+00
9.8220000e+04 9.1000000e+01 1.1000000e+00 0.0000000e+00 0.0000000e+00
9.8280000e+04 8.7000000e+01 1.4999999e+00 0.0000000e+00 0.0000000e+00
9.8340000e+04 8.2000000e+01 2.3499999e+00 0.0000000e+00 0.0000000e+00
9.8400000e+04 8.5000000e+01 2.4000000e+00 0.0000000e+00 2.0892700e+01
9.8460000e+04 7.4000000e+01 2.8500000e+00 0.0000000e+00 6.0597752e+01
9.8520000e+04 7.6000000e+01 3.9000001e+00 0.0000000e+00 7.8793350e+01
9.8580000e+04 7.9000000e+01 3.9500000e+00 0.0000000e+00 7.3064262e+01
9.8640000e+04 4.9000000e+01 5.5500000e+00 0.0000000e+00 1.3492810e+02
9.8700000e+04 4.7000000e+01 7.2000000e+00 0.0000000e+00 8.3447083e+01
9.8760000e+04 5.7000000e+01 6.6499999e+00 0.0000000e+00 4.0548729e+01
9.8820000e+04 5.0000000e+01 6.6999998e+00 0.0000000e+00 7.5345299e+01
9.8880000e+04 5.9000000e+01 6.8500001e+00 0.0000000e+00 3.0968180e+01
9.8940000e+04 5.0000000e+01 7.6499999e+00 0.0000000e+00 7.7131180e+01
9.9000000e+04 5.0000000e+01 8.3500004e+00 0.0000000e+00 2.2877890e+01
9.9060000e+04 5.4000000e+01 8.4500003e+00 0.0000000e+00 0.0000000e+00
9.9120000e+04 5.8000000e+01 8.1000001e+00 0.0000000e+00 0.0000000e+00
9.9180000e+04 6.5000000e+01 7.7500000e+00 0.0000000e+00 0.0000000e+00
9.9240000e+04 6.9000000e+01 7.3500001e+00 0.0000000e+00 0.0000000e+00
9.9300000e+04 7.7000000e+01 6.5000000e+00 0.0000000e+00 0.0000000e+00
9.9360000e+04 7.6000000e+01 6.2000000e+00 0.0000000e+00 0.0000000e+00
9.9420000e+04 9.0000000e+01 5.4500000e+00 0.0000000e+00 0.0000000e+00
9.9480000e+04 8.8000000e+01 4.6000001e+00 0.0000000e+00 0.0000000e+00
9.9540000e+04 8.4000000e+01 5.0500002e+00 0.0000000e+00 0.0000000e+00
9.9600000e+04 8.2000000e+01 5.5500002e+00 0.0000000e+00 0.0000000e+00
9.9660000e+04 7.8000000e+01 5.3500001e+00 0.0000000e+00 0.0000000e+00
9.9720000e+04 7.1000000e+01 6.0000000e+00 0.0000000e+00 0.0000000e+00
9.9780000e+04 7.7000000e+01 5.6999998e+00 0.0000000e+00 0.0000000e+00
9.9840000e+04 8.0000000e+01 4.5999999e+00 0.0000000e+00 5.6509209e+00
9.9900000e+04 7.1000000e+01 4.8999999e+00 0.0000000e+00 5.3000809e+01
9.9960000e+04 7.3000000e+01 5.8499999e+00 0.0000000e+00 1.1919280e+02
1.0002000e+05 8.5000000e+01 4.2499999e+00 0.0000000e+00 9.5304520e+01
1.0008000e+05 8.8000000e+01 4.4499999e+00 0.0000000e+00 2.4021710e+02
1.0014000e+05 9.0000000e+01 4.7499999e+00 0.0000000e+00 1.8274860e+02
1.0020000e+05 8.0000000e+01 5.0500000e+00 0.0000000e+00 2.8503299e+02
1.0026000e+05 8.2000000e+01 3.9000001e+00 0.0000000e+00 1.3065210e+02
1.0032000e+05 6.6000000e+01 5.0000000e+00 0.0000000e+00 1.3600060e+02
1.0038000e+05 7.3000000e+01 5.1500001e+00 0.0000000e+00 5.9894760e+01
1.0044000e+05 7.9000000e+01 4.3500001e+00 0.0000000e+00 3.4528530e+01
1.0050000e+05 6.9000000e+01 4.2500000e+00 0.0000000e+00 6.5247440e+00
1.0056000e+05 6.7000000e+01 4.3000000e+00 0.0000000e+00 0.0000000e+00
1.0062000e+05 6.8000000e+01 4.3000000e+00 0.0000000e+00 0.0000000e+00
1.0068000e+05 6.5000000e+01 4.0999999e+00 0.0000000e+00 0.0000000e+00
1.0074000e+05 6.8000000e+01 4.6000001e+00 0.0000000e+00 0.0000000e+00
1.0080000e+05 6.2000000e+01 4.8500001e+00 0.0000000e+00 0.0000000e+00
1.0086000e+05 6.7000000e+01 5.0000000e+00 0.0000000e+00 0.0000000e+00
1.0092000e+05 7.0000000e+01 4.8500001e+00 0.0000000e+00 0.0000000e+00
1.0098000e+05 7.3000000e+01 4.7500000e+00 0.0000000e+00 0.0000000e+00
1.0104000e+05 7.1000000e+01 4.5999999e+00 0.0000000e+00 0.0000000e+00
1.0110000e+05 7.5000000e+01 4.5999999e+00 0.0000000e+00 0.0000000e+00
1.0116000e+05 7.8000000e+01 4.4000001e+00 0.0000000e+00 0.0000000e+00
1.0122000e+05 7.6000000e+01 4.5000000e+00 0.0000000e+00 0.0000000e+00
1.0128000e+05 6.4000000e+01 5.4499998e+00 0.0000000e+00 1.2593100e+01
1.0134000e+05 6.7000000e+01 6.2000000e+00 0.0000000e+00 3.7912182e+01
1.0140000e+05 6.4000000e+01 6.4500000e+00 0.0000000e+00 5.8524441e+01
1.0146000e+05 6.2000000e+01 6.9500000e+00 0.0000000e+00 8.7863831e+01
1.0152000e+05 5.8000000e+01 7.4499998e+00 0.0000000e+00 9.0518646e+01
1.0158000e+05 5.9000000e+01 7.6500001e+00 0.0000000e+00 1.0100200e+02
1.0164000e+05 6.3000000e+01 7.2000000e+00 0.0000000e+00 1.0895260e+02
1.0170000e+05 6.2000000e+01 7.3999999e+00 0.0000000e+00 1.7284100e+02
1.0176000e+05 5.8000000e+01 8.0500000e+00 0.0000000e+00 2.2265829e+02
1.0182000e+05 6.4000000e+01 8.0000000e+00 0.0000000e+00 1.2454350e+02
1.0188000e+05 7.3000000e+01 7.0000000e+00 0.0000000e+00 5.3952610e+01
1.0194000e+05 7.5000000e+01 5.9500000e+00 0.0000000e+00 6.5711212e+00
1.0200000e+05 7.7000000e+01 5.5000000e+00 0.0000000e+00 0.0000000e+00
1.0206000e+05 7.8000000e+01 5.2500000e+00 0.0000000e+00 0.0000000e+00
1.0212000e+05 8.1000000e+01 5.2500000e+00 0.0000000e+00 0.0000000e+00
1.0218000e+05 7.8000000e+01 4.9500000e+00 0.0000000e+00 0.0000000e+00
1.0224000e+05 8.3000000e+01 3.9499999e+00 0.0000000e+00 0.0000000e+00
1.0230000e+05 8.1000000e+01 3.2500000e+00 0.0000000e+00 0.0000000e+00
1.0236000e+05 8.4000000e+01 2.5000000e+00 0.0000000e+00 0.0000000e+00
1.0242000e+05 8.2000000e+01 2.2499999e+00 0.0000000e+00 0.0000000e+00
1.0248000e+05 7.9000000e+01 2.0000001e+00 0.0000000e+00 0.0000000e+00
1.0254000e+05 8.0000000e+01 1.6500000e+00 0.0000000e+00 0.0000000e+00
1.0260000e+05 7.7000000e+01 1.6500000e+00 0.0000000e+00 0.0000000e+00
1.0266000e+05 7.0000000e+01 2.4999999e+00 0.0000000e+00 1.0161220e+01
1.0272000e+05 7.8000000e+01 2.6500000e+00 0.0000000e+00 5.7457970e+01
1.0278000e+05 7.4000000e+01 2.8000001e+00 0.0000000e+00 7.6536278e+01
1.0284000e+05 8.5000000e+01 3.2000000e+00 0.0000000e+00 6.4890221e+01
1.0290000e+05 8.5000000e+01 3.0000000e+00 0.0000000e+00 1.0417050e+02
1.0296000e+05 6.7000000e+01 4.6500000e+00 0.0000000e+00 2.7298209e+02
1.0302000e+05 7.5000000e+01 5.0000000e+00 0.0000000e+00 1.8370940e+02
1.0308000e+05 8.7000000e+01 3.6500001e+00 0.0000000e+00 1.9539690e+02
1.0314000e+05 6.1000000e+01 4.8000000e+00 0.0000000e+00 3.3645670e+02
1.0320000e+05 7.2000000e+01 5.0000000e+00 0.0000000e+00 1.1607150e+02
1.0326000e+05 8.7000000e+01 3.3000001e+00 0.0000000e+00 8.6136124e+01
1.0332000e+05 8.8000000e+01 2.2000000e+00 0.0000000e+00 3.1743641e+01
1.0338000e+05 8.9000000e+01 1.8000000e+00 0.0000000e+00 2.0627680e+00
1.0344000e+05 8.5000000e+01 1.8500000e+00 0.0000000e+00 0.0000000e+00
1.0350000e+05 8.4000000e+01 1.7000000e+00 0.0000000e+00 0.0000000e+00
1.0356000e+05 9.0000000e+01 1.3000000e+00 0.0000000e+00 0.0000000e+00
1.0362000e+05 9.0000000e+01 6.9999999e-01 0.0000000e+00 0.0000000e+00
1.0368000e+05 9.0000000e+01 4.5000000e-01 0.0000000e+00 0.0000000e+00
1.0374000e+05 9.0000000e+01 3.4999999e-01 0.0000000e+00 0.0000000e+00
1.0380000e+05 9.0000000e+01 -2.5000000e-01 0.0000000e+00 0.0000000e+00
1.0386000e+05 9.1000000e+01 -5.0000001e-01 0.0000000e+00 0.0000000e+00
1.0392000e+05 9.1000000e+01 -7.5000001e-01 0.0000000e+00 0.0000000e+00
1.0398000e+05 9.3000000e+01 -1.1500000e+00 0.0000000e+00 0.0000000e+00
1.0404000e+05 9.2000000e+01 -8.0000001e-01 0.0000000e+00 0.0000000e+00
1.0410000e+05 9.1000000e+01 -9.4999999e-01 0.0000000e+00 0.0000000e+00
1.0416000e+05 9.0000000e+01 -1.5000001e-01 0.0000000e+00 7.1563263e+01
1.0422000e+05 8.9000000e+01 3.9999999e-01 0.0000000e+00 1.3011571e+02
1.0428000e+05 7.6000000e+01 1.8000000e+00 0.0000000e+00 2.8288651e+02
1.0434000e+05 7.2000000e+01 3.3000000e+00 0.0000000e+00 4.2286090e+02
1.0440000e+05 5.7000000e+01 3.8999999e+00 0.0000000e+00 5.3590631e+02
1.0446000e+05 5.7000000e+01 4.4499999e+00 0.0000000e+00 5.0283731e+02
1.0452000e+05 5.1000000e+01 4.8000001e+00 0.0000000e+00 4.6062851e+02
1.0458000e+05 5.5000000e+01 4.5999999e+00 0.0000000e+00 2.0489290e+02
1.0464000e+05 5.8000000e+01 4.0500000e+00 0.0000000e+00 3.2545459e+02
1.0470000e+05 5.8000000e+01 4.0000000e+00 0.0000000e+00 2.7030139e+02
1.0476000e+05 6.2000000e+01 2.5000000e+00 0.0000000e+00 8.5817436e+01
1.0482000e+05 7.1000000e+01 1.2000000e+00 0.0000000e+00 3.0109651e+00
1.0488000e+05 7.3000000e+01 3.0000000e-01 0.0000000e+00 0.0000000e+00
1.0494000e+05 7.9000000e+01 -3.4999999e-01 0.0000000e+00 0.0000000e+00
1.0500000e+05 8.2000000e+01 -1.2000000e+00 0.0000000e+00 0.0000000e+00
1.0506000e+05 8.2000000e+01 -1.6500000e+00 0.0000000e+00 0.0000000e+00
1.0512000e+05 7.6000000e+01 -1.4500000e+00 0.0000000e+00 0.0000000e+00
1.0518000e+05 7.4000000e+01 -9.0000001e-01 0.0000000e+00 0.0000000e+00
1.0524000e+05 7.1000000e+01 -1.1500000e+00 0.0000000e+00 0.0000000e+00
1.0530000e+05 6.6000000e+01 -1.2000000e+00 0.0000000e+00 0.0000000e+00
1.0536000e+05 6.4000000e+01 -1.3000000e+00 0.0000000e+00 0.0000000e+00
1.0542000e+05 6.3000000e+01 -1.6500000e+00 0.0000000e+00 0.0000000e+00
1.0548000e+05 6.3000000e+01 -1.5500000e+00 0.0000000e+00 0.0000000e+00
1.0554000e+05 5.8000000e+01 -1.1500000e+00 0.0000000e+00 1.3636100e+01
1.0560000e+05 5.1000000e+01 9.9999994e-02 0.0000000e+00 1.1622530e+02
1.0566000e+05 5.0000000e+01 1.3000000e+00 0.0000000e+00 2.3532719e+02
1.0572000e+05 4.6000000e+01 2.4000000e+00 0.0000000e+00 3.7115189e+02
1.0578000e+05 4.3000000e+01 4.0500000e+00 0.0000000e+00 4.7829919e+02
1.0584000e+05 3.9000000e+01 5.2000000e+00 0.0000000e+00 5.3437079e+02
1.0590000e+05 3.7000000e+01 5.5000000e+00 0.0000000e+00 5.2724103e+02
1.0596000e+05 3.4000000e+01 6.1500001e+00 0.0000000e+00 5.0345639e+02
1.0602000e+05 3.2000000e+01 6.0500000e+00 0.0000000e+00 4.4900610e+02
1.0608000e+05 2.9000000e+01 6.0500000e+00 0.0000000e+00 3.7089291e+02
1.0614000e+05 3.0000000e+01 5.3999999e+00 0.0000000e+00 2.6528000e+02
1.0620000e+05 3.7000000e+01 4.2499999e+00 0.0000000e+00 8.7878014e+01
1.0626000e+05 4.0000000e+01 3.4499999e+00 0.0000000e+00 1.1729120e+01
1.0632000e+05 3.9000000e+01 2.8500000e+00 0.0000000e+00 0.0000000e+00
1.0638000e+05 4.2000000e+01 2.8000000e+00 0.0000000e+00 0.0000000e+00
1.0644000e+05 4.6000000e+01 3.1999999e+00 0.0000000e+00 0.0000000e+00
1.0650000e+05 4.6000000e+01 3.0500000e+00 0.0000000e+00 0.0000000e+00
1.0656000e+05 4.6000000e+01 3.2500000e+00 0.0000000e+00 0.0000000e+00
1.0662000e+05 4.7000000e+01 3.2500000e+00 0.0000000e+00 0.0000000e+00
1.0668000e+05 5.6000000e+01 2.6500000e+00 0.0000000e+00 0.0000000e+00
1.0674000e+05 5.8000000e+01 2.1000000e+00 0.0000000e+00 0.0000000e+00
1.0680000e+05 6.2000000e+01 1.9500000e+00 0.0000000e+00 0.0000000e+00
1.0686000e+05 6.5000000e+01 1.6000000e+00 0.0000000e+00 0.0000000e+00
1.0692000e+05 6.6000000e+01 1.4000000e+00 0.0000000e+00 0.0000000e+00
1.0698000e+05 7.0000000e+01 1.3500000e+00 0.0000000e+00 0.0000000e+00
1.0704000e+05 6.3000000e+01 1.9999999e+00 0.0000000e+00 3.7610291e+01
1.0710000e+05 6.1000000e+01 3.3500001e+00 0.0000000e+00 7.8922928e+01
1.0716000e+05 5.3000000e+01 5.5000000e+00 0.0000000e+00 2.0896350e+02
1.0722000e+05 5.0000000e+01 6.6500001e+00 0.0000000e+00 2.2638429e+02
1.0728000e+05 4.8000000e+01 7.1500001e+00 0.0000000e+00 2.2552859e+02
1.0734000e+05 4.1000000e+01 8.1499999e+00 0.0000000e+00 3.2504379e+02
1.0740000e+05 4.3000000e+01 8.8500004e+00 0.0000000e+00 3.1282458e+02
1.0746000e+05 4.4000000e+01 8.3000002e+00 0.0000000e+00 1.7077170e+02
1.0752000e+05 4.4000000e+01 8.2500000e+00 0.0000000e+00 1.1940940e+02
1.0758000e+05 4.1000000e+01 8.5999999e+00 0.0000000e+00 9.4622787e+01
1.0764000e+05 4.7000000e+01 8.2000000e+00 0.0000000e+00 5.1255619e+01
1.0770000e+05 4.9000000e+01 7.6500001e+00 0.0000000e+00 0.0000000e+00
1.0776000e+05 5.0000000e+01 7.1000001e+00 0.0000000e+00 0.0000000e+00
1.0782000e+05 4.9000000e+01 6.8000000e+00 0.0000000e+00 0.0000000e+00
1.0788000e+05 5.0000000e+01 6.8000000e+00 0.0000000e+00 0.0000000e+00
1.0794000e+05 5.0000000e+01 6.9499998e+00 0.0000000e+00 0.0000000e+00
1.0800000e+05 6.4000000e+01 6.3499999e+00 0.0000000e+00 0.0000000e+00
1.0806000e+05 8.9000000e+01 4.9500000e+00 0.0000000e+00 0.0000000e+00
1.0812000e+05 9.1000000e+01 4.1500001e+00 0.0000000e+00 0.0000000e+00
1.0818000e+05 9.3000000e+01 3.9500000e+00 0.0000000e+00 0.0000000e+00
1.0824000e+05 9.4000000e+01 3.7500000e+00 0.0000000e+00 0.0000000e+00
1.0830000e+05 9.5000000e+01 3.6500000e+00 0.0000000e+00 0.0000000e+00
1.0836000e+05 9.5000000e+01 3.8000001e+00 0.0000000e+00 0.0000000e+00
1.0842000e+05 9.4000000e+01 3.8500000e+00 0.0000000e+00 0.0000000e+00
1.0848000e+05 9.2000000e+01 4.2500000e+00 0.0000000e+00 2.9075350e+01
1.0854000e+05 8.9000000e+01 4.8499999e+00 0.0000000e+00 6.5666252e+01
1.0860000e+05 8.6000000e+01 5.7500000e+00 0.0000000e+00 1.3141631e+02
1.0866000e+05 7.6000000e+01 6.9500000e+00 0.0000000e+00 2.5703860e+02
1.0872000e+05 6.6000000e+01 8.4000001e+00 0.0000000e+00 3.5512360e+02
1.0878000e+05 5.8000000e+01 9.7500000e+00 0.0000000e+00 4.9308359e+02
1.0884000e+05 5.5000000e+01 1.0550000e+01 0.0000000e+00 4.9255780e+02
1.0890000e+05 6.4000000e+01 1.0200000e+01 0.0000000e+00 2.3467760e+02
1.0896000e+05 6.7000000e+01 8.9000001e+00 0.0000000e+00 1.2822580e+02
1.0902000e+05 6.8000000e+01 8.5999999e+00 0.0000000e+00 8.9760597e+01
1.0908000e+05 6.6000000e+01 8.3499999e+00 0.0000000e+00 3.9413849e+01
1.0914000e+05 6.8000000e+01 7.8999999e+00 0.0000000e+00 5.2728729e+00
1.0920000e+05 6.9000000e+01 7.6000001e+00 0.0000000e+00 0.0000000e+00
1.0926000e+05 7.0000000e+01 7.4000001e+00 0.0000000e+00 0.0000000e+00
1.0932000e+05 6.8000000e+01 7.2500000e+00 0.0000000e+00 0.0000000e+00
1.0938000e+05 6.9000000e+01 7.2500000e+00 0.0000000e+00 0.0000000e+00
1.0944000e+05 6.8000000e+01 7.3999999e+00 0.0000000e+00 0.0000000e+00
1.0950000e+05 6.8000000e+01 7.3499999e+00 0.0000000e+00 0.0000000e+00
1.0956000e+05 6.3000000e+01 7.5500002e+00 0.0000000e+00 0.0000000e+00
1.0962000e+05 5.9000000e+01 8.5500002e+00 0.0000000e+00 0.0000000e+00
1.0968000e+05 7.5000000e+01 8.0000002e+00 0.0000000e+00 0.0000000e+00
1.0974000e+05 9.2000000e+01 6.5999999e+00 0.0000000e+00 0.0000000e+00
1.0980000e+05 9.5000000e+01 5.5500000e+00 0.0000000e+00 0.0000000e+00
1.0986000e+05 9.6000000e+01 5.3999999e+00 0.0000000e+00 0.0000000e+00
1.0992000e+05 9.6000000e+01 5.4499998e+00 0.0000000e+00 2.7857050e+01
1.0998000e+05 9.6000000e+01 5.9000001e+00 0.0000000e+00 4.9308899e+01
1.1004000e+05 9.5000000e+01 6.3000000e+00 0.0000000e+00 3.9634602e+01
1.1010000e+05 9.3000000e+01 5.7500000e+00 0.0000000e+00 4.4381611e+01
1.1016000e+05 9.4000000e+01 5.6500001e+00 0.0000000e+00 5.1946930e+01
1.1022000e+05 9.2000000e+01 6.5000000e+00 0.0000000e+00 1.2777530e+02
1.1028000e+05 9.2000000e+01 6.7500000e+00 0.0000000e+00 1.2282340e+02
1.1034000e+05 8.6000000e+01 7.3499999e+00 0.0000000e+00 2.2017731e+02
1.1040000e+05 7.8000000e+01 8.2000000e+00 0.0000000e+00 2.7922049e+02
1.1046000e+05 8.0000000e+01 8.5500002e+00 0.0000000e+00 1.4760460e+02
1.1052000e+05 8.1000000e+01 8.0500002e+00 0.0000000e+00 9.3894913e+01
1.1058000e+05 6.3000000e+01 8.3500001e+00 0.0000000e+00 6.8424120e+00
1.1064000e+05 7.5000000e+01 8.2499998e+00 0.0000000e+00 0.0000000e+00
1.1070000e+05 6.9000000e+01 7.0500000e+00 0.0000000e+00 0.0000000e+00
1.1076000e+05 8.3000000e+01 6.4000001e+00 0.0000000e+00 0.0000000e+00
1.1082000e+05 8.5000000e+01 6.1000001e+00 0.0000000e+00 0.0000000e+00
1.1088000e+05 8.7000000e+01 5.8000000e+00 0.0000000e+00 0.0000000e+00
1.1094000e+05 8.2000000e+01 5.8999999e+00 0.0000000e+00 0.0000000e+00
1.1100000e+05 8.2000000e+01 5.9500000e+00 0.0000000e+00 0.0000000e+00
1.1106000e+05 8.4000000e+01 5.4500000e+00 0.0000000e+00 0.0000000e+00
1.1112000e+05 6.6000000e+01 5.8499999e+00 0.0000000e+00 0.0000000e+00
1.1118000e+05 7.0000000e+01 6.3000000e+00 0.0000000e+00 0.0000000e+00
1.1124000e+05 6.2000000e+01 5.5999999e+00 0.0000000e+00 0.0000000e+00
1.1130000e+05 6.6000000e+01 6.0000000e+00 0.0000000e+00 3.0851610e+01
1.1136000e+05 7.1000000e+01 6.3999999e+00 0.0000000e+00 6.6035667e+01
1.1142000e+05 7.3000000e+01 6.9500000e+00 0.0000000e+00 8.2503883e+01
1.1148000e+05 5.1000000e+01 8.9499998e+00 0.0000000e+00 2.6221750e+02
1.1154000e+05 4.4000000e+01 1.0400000e+01 0.0000000e+00 2.1688560e+02
1.1160000e+05 5.6000000e+01 1.0100000e+01 0.0000000e+00 1.1296750e+02
1.1166000e+05 5.6000000e+01 9.9500003e+00 0.0000000e+00 1.6256020e+02
1.1172000e+05 5.8000000e+01 1.0550000e+01 0.0000000e+00 1.9685139e+02
1.1178000e+05 5.8000000e+01 1.1350000e+01 0.0000000e+00 1.8956081e+02
1.1184000e+05 6.0000000e+01 1.0200000e+01 0.0000000e+00 1.1079440e+02
1.1190000e+05 5.6000000e+01 1.1350000e+01 0.0000000e+00 1.7910210e+02
1.1196000e+05 6.4000000e+01 1.0150000e+01 0.0000000e+00 3.1600479e+01
1.1202000e+05 6.5000000e+01 9.3499999e+00 0.0000000e+00 0.0000000e+00
1.1208000e+05 6.5000000e+01 9.2500000e+00 0.0000000e+00 0.0000000e+00
1.1214000e+05 7.1000000e+01 8.1999998e+00 0.0000000e+00 0.0000000e+00
1.1220000e+05 7.2000000e+01 7.7499998e+00 0.0000000e+00 0.0000000e+00
1.1226000e+05 7.4000000e+01 6.9500000e+00 0.0000000e+00 0.0000000e+00
1.1232000e+05 7.8000000e+01 6.3500001e+00 0.0000000e+00 0.0000000e+00
1.1238000e+05 7.0000000e+01 6.7500000e+00 0.0000000e+00 0.0000000e+00
1.1244000e+05 7.7000000e+01 6.8000000e+00 0.0000000e+00 0.0000000e+00
1.1250000e+05 8.4000000e+01 5.6000001e+00 0.0000000e+00 0.0000000e+00
1.1256000e+05 8.8000000e+01 4.6000001e+00 0.0000000e+00 0.0000000e+00
1.1262000e+05 9.3000000e+01 4.2500000e+00 0.0000000e+00 0.0000000e+00
1.1268000e+05 9.4000000e+01 4.0999999e+00 0.0000000e+00 0.0000000e+00
1.1274000e+05 9.5000000e+01 4.1499999e+00 0.0000000e+00 0.0000000e+00
1.1280000e+05 9.6000000e+01 4.3000000e+00 0.0000000e+00 1.0584060e+01
1.1286000e+05 9.6000000e+01 4.5500002e+00 0.0000000e+00 4.0411049e+01
1.1292000e+05 9.5000000e+01 5.0000000e+00 0.0000000e+00 7.4507683e+01
1.1298000e+05 9.6000000e+01 5.2500000e+00 0.0000000e+00 6.8652481e+01
1.1304000e+05 9.6000000e+01 5.5000000e+00 0.0000000e+00 8.8846313e+01
1.1310000e+05 9.6000000e+01 5.7000000e+00 0.0000000e+00 8.0677849e+01
1.1316000e+05 9.5000000e+01 5.8499999e+00 0.0000000e+00 5.6215401e+01
1.1322000e+05 9.6000000e+01 5.6000001e+00 0.0000000e+00 5.5061989e+01
1.1328000e+05 9.5000000e+01 5.5500000e+00 0.0000000e+00 6.1702240e+01
1.1334000e+05 9.4000000e+01 5.4500000e+00 0.0000000e+00 7.9684120e+01
1.1340000e+05 9.3000000e+01 5.3000000e+00 0.0000000e+00 3.7480148e+01
1.1346000e+05 9.3000000e+01 4.8999999e+00 0.0000000e+00 1.0389140e+01
1.1352000e+05 9.4000000e+01 4.5999999e+00 0.0000000e+00 0.0000000e+00
1.1358000e+05 9.5000000e+01 4.5000000e+00 0.0000000e+00 0.0000000e+00
1.1364000e+05 9.6000000e+01 4.4500000e+00 0.0000000e+00 0.0000000e+00
1.1370000e+05 9.6000000e+01 4.3000000e+00 0.0000000e+00 0.0000000e+00
1.1376000e+05 9.6000000e+01 4.3000000e+00 0.0000000e+00 0.0000000e+00
1.1382000e+05 9.6000000e+01 4.1500001e+00 0.0000000e+00 0.0000000e+00
1.1388000e+05 9.6000000e+01 4.0999999e+00 0.0000000e+00 0.0000000e+00
1.1394000e+05 9.6000000e+01 4.0500000e+00 0.0000000e+00 0.0000000e+00
1.1400000e+05 9.6000000e+01 4.0000000e+00 0.0000000e+00 0.0000000e+00
1.1406000e+05 9.6000000e+01 3.8500000e+00 0.0000000e+00 0.0000000e+00
1.1412000e+05 9.7000000e+01 3.8000001e+00 0.0000000e+00 0.0000000e+00
1.1418000e+05 9.6000000e+01 3.9499999e+00 0.0000000e+00 2.3997581e+00
1.1424000e+05 9.2000000e+01 4.2500000e+00 0.0000000e+00 3.6301170e+01
1.1430000e+05 9.2000000e+01 4.6000001e+00 0.0000000e+00 8.4939369e+01
1.1436000e+05 9.0000000e+01 5.0500000e+00 0.0000000e+00 1.0961210e+02
1.1442000e+05 8.7000000e+01 5.5500002e+00 0.0000000e+00 1.4709700e+02
1.1448000e+05 8.6000000e+01 5.8000000e+00 0.0000000e+00 1.7465720e+02
1.1454000e+05 8.3000000e+01 5.8499999e+00 0.0000000e+00 1.2860510e+02
1.1460000e+05 8.2000000e+01 5.9000001e+00 0.0000000e+00 1.4230341e+02
1.1466000e+05 8.0000000e+01 6.2500000e+00 0.0000000e+00 2.0971530e+02
1.1472000e+05 7.9000000e+01 6.2500000e+00 0.0000000e+00 2.2733360e+02
1.1478000e+05 7.6000000e+01 5.8499999e+00 0.0000000e+00 3.6650949e+02
1.1484000e+05 7.7000000e+01 4.7500000e+00 0.0000000e+00 1.1301640e+02
1.1490000e+05 7.6000000e+01 4.2500000e+00 0.0000000e+00 3.2048901e+01
1.1496000e+05 7.8000000e+01 3.8000000e+00 0.0000000e+00 0.0000000e+00
1.1502000e+05 7.9000000e+01 3.4000000e+00 0.0000000e+00 0.0000000e+00
1.1508000e+05 7.8000000e+01 3.2000000e+00 0.0000000e+00 0.0000000e+00
1.1514000e+05 7.8000000e+01 3.1000000e+00 0.0000000e+00 0.0000000e+00
1.1520000e+05 7.7000000e+01 3.3000001e+00 0.0000000e+00 0.0000000e+00
1.1526000e+05 7.6000000e+01 3.1500000e+00 0.0000000e+00 0.0000000e+00
1.1532000e+05 7.7000000e+01 3.1500000e+00 0.0000000e+00 0.0000000e+00
1.1538000e+05 7.7000000e+01 3.0500000e+00 0.0000000e+00 0.0000000e+00
1.1544000e+05 7.8000000e+01 2.9500000e+00 0.0000000e+00 0.0000000e+00
1.1550000e+05 7.8000000e+01 2.8500000e+00 0.0000000e+00 0.0000000e+00
1.1556000e+05 7.8000000e+01 2.9000000e+00 0.0000000e+00 0.0000000e+00
1.1562000e+05 7.7000000e+01 3.0500000e+00 0.0000000e+00 8.0820328e-01
1.1568000e+05 7.7000000e+01 3.0500000e+00 0.0000000e+00 1.8706060e+01
1.1574000e+05 7.7000000e+01 3.0000000e+00 0.0000000e+00 3.2864738e+01
1.1580000e+05 7.7000000e+01 2.9000000e+00 0.0000000e+00 3.8458172e+01
1.1586000e+05 7.5000000e+01 2.9500000e+00 0.0000000e+00 5.2553509e+01
1.1592000e+05 7.6000000e+01 2.9500000e+00 0.0000000e+00 6.2956341e+01
1.1598000e+05 7.7000000e+01 2.7000000e+00 0.0000000e+00 6.6313072e+01
1.1604000e+05 7.4000000e+01 2.3000001e+00 0.0000000e+00 6.8987007e+01
1.1610000e+05 7.0000000e+01 2.2500000e+00 0.0000000e+00 7.0665680e+01
1.1616000e+05 6.6000000e+01 2.2500000e+00 0.0000000e+00 5.5259590e+01
1.1622000e+05 6.3000000e+01 2.1999999e+00 0.0000000e+00 5.1682251e+01
1.1628000e+05 6.1000000e+01 1.9499999e+00 0.0000000e+00 4.5307610e+01
1.1634000e+05 6.0000000e+01 1.6000000e+00 0.0000000e+00 2.1842190e+01
1.1640000e+05 5.7000000e+01 1.2000000e+00 0.0000000e+00 0.0000000e+00
1.1646000e+05 5.3000000e+01 7.5000000e-01 0.0000000e+00 0.0000000e+00
1.1652000e+05 5.0000000e+01 4.0000001e-01 0.0000000e+00 0.0000000e+00
1.1658000e+05 5.5000000e+01 -1.5000000e-01 0.0000000e+00 0.0000000e+00
1.1664000e+05 5.7000000e+01 -8.0000001e-01 0.0000000e+00 0.0000000e+00
1.1670000e+05 5.8000000e+01 -1.0500000e+00 0.0000000e+00 0.0000000e+00
1.1676000e+05 5.6000000e+01 -1.3000000e+00 0.0000000e+00 0.0000000e+00
1.1682000e+05 6.0000000e+01 -1.6500000e+00 0.0000000e+00 0.0000000e+00
1.1688000e+05 6.0000000e+01 -2.1500000e+00 0.0000000e+00 0.0000000e+00
1.1694000e+05 5.8000000e+01 -2.3500000e+00 0.0000000e+00 0.0000000e+00
1.1700000e+05 5.7000000e+01 -2.5000000e+00 0.0000000e+00 0.0000000e+00
1.1706000e+05 5.3000000e+01 -2.6500001e+00 0.0000000e+00 5.4986519e+01
1.1712000e+05 4.8000000e+01 -2.0500001e+00 0.0000000e+00 1.7115160e+02
1.1718000e+05 4.6000000e+01 -1.4000000e+00 0.0000000e+00 2.9636591e+02
1.1724000e+05 4.3000000e+01 -3.5000001e-01 0.0000000e+00 4.1686911e+02
1.1730000e+05 4.7000000e+01 -2.4999999e-01 0.0000000e+00 3.0174500e+02
1.1736000e+05 4.8000000e+01 -4.0000001e-01 0.0000000e+00 1.7156210e+02
1.1742000e+05 4.7000000e+01 4.9999997e-02 0.0000000e+00 1.9198039e+02
1.1748000e+05 4.2000000e+01 5.4999999e-01 0.0000000e+00 1.9406010e+02
1.1754000e+05 4.0000000e+01 9.0000001e-01 0.0000000e+00 1.5477510e+02
1.1760000e+05 4.2000000e+01 8.4999999e-01 0.0000000e+00 8.4910156e+01
1.1766000e+05 4.1000000e+01 7.9999998e-01 0.0000000e+00 6.0311100e+01
1.1772000e+05 5.2000000e+01 6.0000001e-01 0.0000000e+00 2.6774151e+01
1.1778000e+05 5.8000000e+01 -4.9999997e-02 0.0000000e+00 2.1034610e+00
1.1784000e+05 7.4000000e+01 -7.5000003e-01 0.0000000e+00 0.0000000e+00
1.1790000e+05 8.4000000e+01 -1.3000000e+00 0.0000000e+00 0.0000000e+00
1.1796000e+05 8.4000000e+01 -1.5500000e+00 0.0000000e+00 0.0000000e+00
1.1802000e+05 8.0000000e+01 -1.2500000e+00 0.0000000e+00 0.0000000e+00
1.1808000e+05 8.6000000e+01 -9.4999999e-01 0.0000000e+00 0.0000000e+00
1.1814000e+05 8.3000000e+01 -7.5000000e-01 0.0000000e+00 0.0000000e+00
1.1820000e+05 8.4000000e+01 -5.0000001e-01 0.0000000e+00 0.0000000e+00
1.1826000e+05 8.0000000e+01 -1.5000000e-01 0.0000000e+00 0.0000000e+00
1.1832000e+05 8.3000000e+01 1.5000000e-01 0.0000000e+00 0.0000000e+00
1.1838000e+05 7.9000000e+01 3.0000000e-01 0.0000000e+00 0.0000000e+00
1.1844000e+05 7.4000000e+01 6.4999999e-01 0.0000000e+00 0.0000000e+00
1.1850000e+05 7.0000000e+01 1.0000000e+00 0.0000000e+00 4.4626331e+00
1.1856000e+05 6.8000000e+01 1.3500000e+00 0.0000000e+00 5.1873661e+01
1.1862000e+05 6.4000000e+01 2.0000001e+00 0.0000000e+00 1.2243100e+02
1.1868000e+05 5.2000000e+01 2.9500000e+00 0.0000000e+00 2.1805231e+02
1.1874000e+05 4.3000000e+01 4.1500001e+00 0.0000000e+00 3.3915750e+02
1.1880000e+05 3.9000000e+01 4.9500000e+00 0.0000000e+00 3.7418661e+02
1.1886000e+05 3.7000000e+01 5.6000001e+00 0.0000000e+00 4.6217960e+02
1.1892000e+05 3.9000000e+01 5.4500000e+00 0.0000000e+00 3.0443689e+02
1.1898000e+05 4.0000000e+01 5.0000000e+00 0.0000000e+00 2.0661130e+02
1.1904000e+05 4.2000000e+01 4.4500000e+00 0.0000000e+00 1.2797940e+02
1.1910000e+05 4.7000000e+01 3.9499999e+00 0.0000000e+00 7.2992752e+01
1.1916000e+05 5.3000000e+01 3.2000000e+00 0.0000000e+00 3.3824360e+01
1.1922000e+05 5.5000000e+01 2.5000000e+00 0.0000000e+00 9.0798149e+00
1.1928000e+05 5.0000000e+01 2.2500000e+00 0.0000000e+00 0.0000000e+00
1.1934000e+05 5.2000000e+01 2.1500000e+00 0.0000000e+00 0.0000000e+00
1.1940000e+05 5.3000000e+01 1.7500000e+00 0.0000000e+00 0.0000000e+00
1.1946000e+05 5.6000000e+01 1.4000000e+00 0.0000000e+00 0.0000000e+00
1.1952000e+05 5.8000000e+01 1.1500000e+00 0.0000000e+00 0.0000000e+00
1.1958000e+05 5.5000000e+01 1.0500000e+00 0.0000000e+00 0.0000000e+00
1.1964000e+05 5.8000000e+01 1.1000000e+00 0.0000000e+00 0.0000000e+00
1.1970000e+05 5.5000000e+01 9.4999999e-01 0.0000000e+00 0.0000000e+00
1.1976000e+05 5.8000000e+01 7.5000000e-01 0.0000000e+00 0.0000000e+00
1.1982000e+05 6.6000000e+01 5.9999999e-01 0.0000000e+00 0.0000000e+00
1.1988000e+05 6.7000000e+01 5.0000000e-01 0.0000000e+00 0.0000000e+00
1.1994000e+05 6.5000000e+01 5.0000000e-01 0.0000000e+00 0.0000000e+00
1.2000000e+05 6.8000000e+01 8.0000001e-01 0.0000000e+00 2.4340710e+01
1.2006000e+05 6.5000000e+01 1.2000000e+00 0.0000000e+00 5.9799801e+01
1.2012000e+05 7.1000000e+01 1.4500000e+00 0.0000000e+00 9.7027191e+01
1.2018000e+05 5.5000000e+01 2.6000000e+00 0.0000000e+00 2.4990810e+02
1.2024000e+05 5.1000000e+01 3.9499999e+00 0.0000000e+00 3.0748059e+02
1.2030000e+05 5.1000000e+01 4.7000000e+00 0.0000000e+00 3.1818051e+02
1.2036000e+05 5.0000000e+01 4.8999999e+00 0.0000000e+00 4.1979129e+02
1.2042000e+05 5.3000000e+01 6.0000000e+00 0.0000000e+00 6.4375061e+02
1.2048000e+05 5.6000000e+01 5.5000000e+00 0.0000000e+00 4.9101770e+02
1.2054000e+05 6.1000000e+01 4.9000001e+00 0.0000000e+00 3.2736981e+02
1.2060000e+05 6.6000000e+01 3.7000000e+00 0.0000000e+00 1.8558650e+02
1.2066000e+05 7.2000000e+01 2.6500000e+00 0.0000000e+00 1.6808531e+01
1.2072000e+05 7.6000000e+01 2.0500000e+00 0.0000000e+00 0.0000000e+00
1.2078000e+05 7.7000000e+01 1.5000000e+00 0.0000000e+00 0.0000000e+00
1.2084000e+05 8.1000000e+01 1.0500000e+00 0.0000000e+00 0.0000000e+00
1.2090000e+05 7.9000000e+01 8.4999999e-01 0.0000000e+00 0.0000000e+00
1.2096000e+05 8.0000000e+01 5.5000001e-01 0.0000000e+00 0.0000000e+00
1.2102000e+05 8.1000000e+01 2.5000000e-01 0.0000000e+00 0.0000000e+00
1.2108000e+05 7.7000000e+01 5.5000001e-01 0.0000000e+00 0.0000000e+00
1.2114000e+05 8.0000000e+01 1.5000001e-01 0.0000000e+00 0.0000000e+00
1.2120000e+05 7.9000000e+01 -5.0000000e-01 0.0000000e+00 0.0000000e+00
1.2126000e+05 7.2000000e+01 -3.5000000e-01 0.0000000e+00 0.0000000e+00
1.2132000e+05 7.7000000e+01 -8.0000001e-01 0.0000000e+00 0.0000000e+00
1.2138000e+05 6.1000000e+01 -2.5000000e-01 0.0000000e+00 7.2964882e+01
1.2144000e+05 5.6000000e+01 1.4000000e+00 0.0000000e+00 1.6768240e+02
1.2150000e+05 5.3000000e+01 2.8000000e+00 0.0000000e+00 3.0521100e+02
1.2156000e+05 4.9000000e+01 4.1499999e+00 0.0000000e+00 3.8688919e+02
1.2162000e+05 4.2000000e+01 5.0999999e+00 0.0000000e+00 4.3122110e+02
1.2168000e+05 4.1000000e+01 6.4500000e+00 0.0000000e+00 5.4110730e+02
1.2174000e+05 3.7000000e+01 7.1499999e+00 0.0000000e+00 4.5382211e+02
1.2180000e+05 3.7000000e+01 7.1000001e+00 0.0000000e+00 2.8951691e+02
1.2186000e+05 3.9000000e+01 7.3000000e+00 0.0000000e+00 2.9042542e+02
1.2192000e+05 4.1000000e+01 7.0500002e+00 0.0000000e+00 8.9265762e+01
1.2198000e+05 4.4000000e+01 6.4000001e+00 0.0000000e+00 8.1686302e+01
1.2204000e+05 6.0000000e+01 6.2000000e+00 0.0000000e+00 3.1388430e+01
1.2210000e+05 7.6000000e+01 5.4500000e+00 0.0000000e+00 0.0000000e+00
1.2216000e+05 7.8000000e+01 6.0500002e+00 0.0000000e+00 0.0000000e+00
1.2222000e+05 7.0000000e+01 7.3000002e+00 0.0000000e+00 0.0000000e+00
1.2228000e+05 6.5000000e+01 9.0500002e+00 0.0000000e+00 0.0000000e+00
1.2234000e+05 9.1000000e+01 9.0000000e+00 0.0000000e+00 0.0000000e+00
1.2240000e+05 9.4000000e+01 7.9000001e+00 0.0000000e+00 0.0000000e+00
1.2246000e+05 9.4000000e+01 7.9000001e+00 0.0000000e+00 0.0000000e+00
1.2252000e+05 9.0000000e+01 8.0500000e+00 0.0000000e+00 0.0000000e+00
1.2258000e+05 6.3000000e+01 1.0500000e+01 0.0000000e+00 0.0000000e+00
1.2264000e+05 5.0000000e+01 1.3250000e+01 0.0000000e+00 0.0000000e+00
1.2270000e+05 5.1000000e+01 1.3450000e+01 0.0000000e+00 0.0000000e+00
1.2276000e+05 5.3000000e+01 1.3150000e+01 0.0000000e+00 0.0000000e+00
1.2282000e+05 5.7000000e+01 1.3050000e+01 0.0000000e+00 1.1978130e+01
1.2288000e+05 5.8000000e+01 1.2950000e+01 0.0000000e+00 4.0908112e+01
1.2294000e+05 6.2000000e+01 1.2400000e+01 0.0000000e+00 8.7608223e+01
1.2300000e+05 6.7000000e+01 1.1950000e+01 0.0000000e+00 5.4526360e+01
1.2306000e+05 8.4000000e+01 1.0800000e+01 0.0000000e+00 7.8191460e+01
1.2312000e+05 6.6000000e+01 1.0250000e+01 0.0000000e+00 1.5409850e+02
1.2318000e+05 6.0000000e+01 1.1450000e+01 0.0000000e+00 2.4059680e+02
1.2324000e+05 7.1000000e+01 1.0950000e+01 0.0000000e+00 2.4931931e+02
1.2330000e+05 6.5000000e+01 9.8500004e+00 0.0000000e+00 2.7163770e+02
1.2336000e+05 5.4000000e+01 1.0800000e+01 0.0000000e+00 1.7444299e+02
1.2342000e+05 5.6000000e+01 1.0700000e+01 0.0000000e+00 8.8556633e+01
1.2348000e+05 5.3000000e+01 1.0300000e+01 0.0000000e+00 7.2937309e+01
1.2354000e+05 5.4000000e+01 9.9500003e+00 0.0000000e+00 2.2567369e+01
1.2360000e+05 5.5000000e+01 9.4499998e+00 0.0000000e+00 0.0000000e+00
1.2366000e+05 5.7000000e+01 9.2999997e+00 0.0000000e+00 0.0000000e+00
1.2372000e+05 5.5000000e+01 9.3499999e+00 0.0000000e+00 0.0000000e+00
1.2378000e+05 5.7000000e+01 9.3499999e+00 0.0000000e+00 0.0000000e+00
1.2384000e+05 5.7000000e+01 9.1500001e+00 0.0000000e+00 0.0000000e+00
1.2390000e+05 5.0000000e+01 9.0499997e+00 0.0000000e+00 0.0000000e+00
1.2396000e+05 5.4000000e+01 9.9000001e+00 0.0000000e+00 0.0000000e+00
1.2402000e+05 5.7000000e+01 9.3000002e+00 0.0000000e+00 0.0000000e+00
1.2408000e+05 5.6000000e+01 8.3000000e+00 0.0000000e+00 0.0000000e+00
1.2414000e+05 6.4000000e+01 9.0499997e+00 0.0000000e+00 0.0000000e+00
1.2420000e+05 6.3000000e+01 8.4499998e+00 0.0000000e+00 0.0000000e+00
1.2426000e+05 6.3000000e+01 8.3000002e+00 0.0000000e+00 1.3666720e+01
1.2432000e+05 5.8000000e+01 9.4000001e+00 0.0000000e+00 6.8060837e+01
1.2438000e+05 5.8000000e+01 1.0300000e+01 0.0000000e+00 1.0752220e+02
1.2444000e+05 5.0000000e+01 1.1750000e+01 0.0000000e+00 3.0435641e+02
1.2450000e+05 4.7000000e+01 1.1900000e+01 0.0000000e+00 2.9374661e+02
1.2456000e+05 5.0000000e+01 1.1450000e+01 0.0000000e+00 1.7341270e+02
1.2462000e+05 4.8000000e+01 1.1850000e+01 0.0000000e+00 2.5134650e+02
1.2468000e+05 4.8000000e+01 1.2300000e+01 0.0000000e+00 3.2020810e+02
1.2474000e+05 4.1000000e+01 1.2100000e+01 0.0000000e+00 3.0920569e+02
1.2480000e+05 3.8000000e+01 1.3000000e+01 0.0000000e+00 3.5604019e+02
1.2486000e+05 3.8000000e+01 1.2700000e+01 0.0000000e+00 2.7726859e+02
1.2492000e+05 3.9000000e+01 1.1700000e+01 0.0000000e+00 1.4800270e+02
1.2498000e+05 3.8000000e+01 1.1300000e+01 0.0000000e+00 1.2868190e+01
1.2504000e+05 4.0000000e+01 1.0650000e+01 0.0000000e+00 0.0000000e+00
1.2510000e+05 3.8000000e+01 1.0450000e+01 0.0000000e+00 0.0000000e+00
1.2516000e+05 4.0000000e+01 1.0350000e+01 0.0000000e+00 0.0000000e+00
1.2522000e+05 4.3000000e+01 1.0000000e+01 0.0000000e+00 0.0000000e+00
1.2528000e+05 4.4000000e+01 9.3499999e+00 0.0000000e+00 0.0000000e+00
1.2534000e+05 4.5000000e+01 9.6999998e+00 0.0000000e+00 0.0000000e+00
1.2540000e+05 5.0000000e+01 9.2999997e+00 0.0000000e+00 0.0000000e+00
1.2546000e+05 5.6000000e+01 8.1500001e+00 0.0000000e+00 0.0000000e+00
1.2552000e+05 5.7000000e+01 7.6999998e+00 0.0000000e+00 0.0000000e+00
1.2558000e+05 6.2000000e+01 7.3000000e+00 0.0000000e+00 0.0000000e+00
1.2564000e+05 6.5000000e+01 6.7000000e+00 0.0000000e+00 0.0000000e+00
1.2570000e+05 6.2000000e+01 7.5500002e+00 0.0000000e+00 2.3925400e+01
1.2576000e+05 5.7000000e+01 9.6500001e+00 0.0000000e+00 1.3653889e+02
1.2582000e+05 5.8000000e+01 1.0000000e+01 0.0000000e+00 7.8528610e+01
1.2588000e+05 5.5000000e+01 1.0850000e+01 0.0000000e+00 1.5728819e+02
1.2594000e+05 4.7000000e+01 1.2800000e+01 0.0000000e+00 4.2645859e+02
1.2600000e+05 4.6000000e+01 1.3900000e+01 0.0000000e+00 6.1243481e+02
1.2606000e+05 4.9000000e+01 1.4700000e+01 0.0000000e+00 4.2279639e+02
1.2612000e+05 5.3000000e+01 1.4100000e+01 0.0000000e+00 3.1744489e+02
1.2618000e+05 6.6000000e+01 1.2800000e+01 0.0000000e+00 1.5508310e+02
1.2624000e+05 7.0000000e+01 1.1200000e+01 0.0000000e+00 1.2205540e+02
1.2630000e+05 7.1000000e+01 1.0550000e+01 0.0000000e+00 6.2056351e+01
1.2636000e+05 7.2000000e+01 1.0100000e+01 0.0000000e+00 4.1795410e+01
1.2642000e+05 7.6000000e+01 9.6999998e+00 0.0000000e+00 2.2089161e+01
1.2648000e+05 7.8000000e+01 9.1499996e+00 0.0000000e+00 0.0000000e+00
1.2654000e+05 8.0000000e+01 8.8000002e+00 0.0000000e+00 0.0000000e+00
1.2660000e+05 8.9000000e+01 8.1500001e+00 0.0000000e+00 0.0000000e+00
1.2666000e+05 9.2000000e+01 7.3499999e+00 0.0000000e+00 0.0000000e+00
1.2672000e+05 9.4000000e+01 7.0999999e+00 0.0000000e+00 0.0000000e+00
1.2678000e+05 9.6000000e+01 6.9500000e+00 0.0000000e+00 0.0000000e+00
1.2684000e+05 9.6000000e+01 6.8499999e+00 0.0000000e+00 0.0000000e+00
1.2690000e+05 9.7000000e+01 6.4500000e+00 0.0000000e+00 0.0000000e+00
1.2696000e+05 9.6000000e+01 6.3499999e+00 0.0000000e+00 0.0000000e+00
1.2702000e+05 9.7000000e+01 6.3499999e+00 0.0000000e+00 0.0000000e+00
1.2708000e+05 9.7000000e+01 6.0000000e+00 0.0000000e+00 0.0000000e+00
1.2714000e+05 9.6000000e+01 5.8999999e+00 0.0000000e+00 2.6281090e+00
1.2720000e+05 9.4000000e+01 5.2000000e+00 0.0000000e+00 2.4057640e+01
1.2726000e+05 9.1000000e+01 4.2500000e+00 0.0000000e+00 6.5842506e+01
1.2732000e+05 9.1000000e+01 3.9500000e+00 0.0000000e+00 8.0213142e+01
1.2738000e+05 9.1000000e+01 4.2000000e+00 0.0000000e+00 6.7678436e+01
1.2744000e+05 9.0000000e+01 4.4499998e+00 0.0000000e+00 1.1764900e+02
1.2750000e+05 8.8000000e+01 4.6500001e+00 0.0000000e+00 1.5725481e+02
1.2756000e+05 8.6000000e+01 4.5999999e+00 0.0000000e+00 1.0364380e+02
1.2762000e+05 8.9000000e+01 4.4499998e+00 0.0000000e+00 6.1969021e+01
1.2768000e+05 8.9000000e+01 4.3000000e+00 0.0000000e+00 3.9591469e+01
1.2774000e+05 8.8000000e+01 4.3499999e+00 0.0000000e+00 3.1354280e+01
1.2780000e+05 8.9000000e+01 4.4000001e+00 0.0000000e+00 1.8643120e+01
1.2786000e+05 8.5000000e+01 4.3499999e+00 0.0000000e+00 1.2527460e+01
1.2792000e+05 8.2000000e+01 4.5500000e+00 0.0000000e+00 0.0000000e+00
1.2798000e+05 8.0000000e+01 4.7500000e+00 0.0000000e+00 0.0000000e+00
1.2804000e+05 7.8000000e+01 4.8499999e+00 0.0000000e+00 0.0000000e+00
1.2810000e+05 8.1000000e+01 4.5000000e+00 0.0000000e+00 0.0000000e+00
1.2816000e+05 8.1000000e+01 4.4999999e+00 0.0000000e+00 0.0000000e+00
1.2822000e+05 8.1000000e+01 3.4499999e+00 0.0000000e+00 0.0000000e+00
1.2828000e+05 7.9000000e+01 3.8999999e+00 0.0000000e+00 0.0000000e+00
1.2834000e+05 7.2000000e+01 4.6500001e+00 0.0000000e+00 0.0000000e+00
1.2840000e+05 6.7000000e+01 5.2000000e+00 0.0000000e+00 0.0000000e+00
1.2846000e+05 7.0000000e+01 5.6500001e+00 0.0000000e+00 0.0000000e+00
1.2852000e+05 8.1000000e+01 5.2500000e+00 0.0000000e+00 0.0000000e+00
1.2858000e+05 8.6000000e+01 4.7500000e+00 0.0000000e+00 7.5477058e-01
1.2864000e+05 8.9000000e+01 4.5500000e+00 0.0000000e+00 1.3312770e+01
1.2870000e+05 8.9000000e+01 4.8499999e+00 0.0000000e+00 3.6244980e+01
1.2876000e+05 8.9000000e+01 5.4500000e+00 0.0000000e+00 6.4783417e+01
1.2882000e+05 8.7000000e+01 6.3000002e+00 0.0000000e+00 9.7870247e+01
1.2888000e+05 9.2000000e+01 6.3499999e+00 0.0000000e+00 1.0296960e+02
1.2894000e+05 9.5000000e+01 7.3000000e+00 0.0000000e+00 3.5155399e+01
1.2900000e+05 9.3000000e+01 8.6500001e+00 0.0000000e+00 4.6257381e+01
1.2906000e+05 9.2000000e+01 8.4000001e+00 0.0000000e+00 2.9174290e+01
1.2912000e+05 9.3000000e+01 8.5500002e+00 0.0000000e+00 3.0117001e+01
1.2918000e+05 9.3000000e+01 8.6999998e+00 0.0000000e+00 1.7345280e+01
1.2924000e+05 8.8000000e+01 8.6999998e+00 0.0000000e+00 1.9574110e+01
1.2930000e+05 8.2000000e+01 8.5499997e+00 0.0000000e+00 1.7187520e+00
1.2936000e+05 8.3000000e+01 8.6999998e+00 0.0000000e+00 0.0000000e+00
1.2942000e+05 8.3000000e+01 8.5000000e+00 0.0000000e+00 0.0000000e+00
1.2948000e+05 7.9000000e+01 8.6500001e+00 0.0000000e+00 0.0000000e+00
1.2954000e+05 6.6000000e+01 9.2500000e+00 0.0000000e+00 0.0000000e+00
1.2960000e+05 6.3000000e+01 9.9499998e+00 0.0000000e+00 0.0000000e+00
1.2966000e+05 5.9000000e+01 1.0400000e+01 0.0000000e+00 0.0000000e+00
1.2972000e+05 5.5000000e+01 1.0250000e+01 0.0000000e+00 0.0000000e+00
1.2978000e+05 5.4000000e+01 1.0450000e+01 0.0000000e+00 0.0000000e+00
1.2984000e+05 5.5000000e+01 1.0200000e+01 0.0000000e+00 0.0000000e+00
1.2990000e+05 5.2000000e+01 1.0200000e+01 0.0000000e+00 0.0000000e+00
1.2996000e+05 4.6000000e+01 1.0550000e+01 0.0000000e+00 0.0000000e+00
1.3002000e+05 4.8000000e+01 1.1750000e+01 0.0000000e+00 7.4516701e+01
1.3008000e+05 4.4000000e+01 1.3100000e+01 0.0000000e+00 2.0820390e+02
1.3014000e+05 5.4000000e+01 1.3450000e+01 0.0000000e+00 1.8934390e+02
1.3020000e+05 6.0000000e+01 1.2650000e+01 0.0000000e+00 1.5872189e+02
1.3026000e+05 7.5000000e+01 1.1750000e+01 0.0000000e+00 9.7940666e+01
1.3032000e+05 9.0000000e+01 1.0300000e+01 0.0000000e+00 9.8036484e+01
1.3038000e+05 8.2000000e+01 9.3500004e+00 0.0000000e+00 7.9486397e+01
1.3044000e+05 8.1000000e+01 9.3500004e+00 0.0000000e+00 1.0989530e+02
1.3050000e+05 8.4000000e+01 9.4000001e+00 0.0000000e+00 1.1740570e+02
1.3056000e+05 8.9000000e+01 8.9500003e+00 0.0000000e+00 1.4670351e+02
1.3062000e+05 8.7000000e+01 8.9500003e+00 0.0000000e+00 7.1695549e+01
1.3068000e+05 8.4000000e+01 8.9000001e+00 0.0000000e+00 3.9954960e+01
1.3074000e+05 7.8000000e+01 9.0999999e+00 0.0000000e+00 1.2117410e+01
1.3080000e+05 6.9000000e+01 9.5000000e+00 0.0000000e+00 0.0000000e+00
1.3086000e+05 6.6000000e+01 9.9000001e+00 0.0000000e+00 0.0000000e+00
1.3092000e+05 6.0000000e+01 1.0300000e+01 0.0000000e+00 0.0000000e+00
1.3098000e+05 5.8000000e+01 1.0750000e+01 0.0000000e+00 0.0000000e+00
1.3104000e+05 5.9000000e+01 1.0500000e+01 0.0000000e+00 0.0000000e+00
1.3110000e+05 5.5000000e+01 1.0650000e+01 0.0000000e+00 0.0000000e+00
1.3116000e+05 4.4000000e+01 1.1200000e+01 0.0000000e+00 0.0000000e+00
1.3122000e+05 5.5000000e+01 1.1850000e+01 0.0000000e+00 0.0000000e+00
1.3128000e+05 8.2000000e+01 9.3500001e+00 0.0000000e+00 0.0000000e+00
1.3134000e+05 8.2000000e+01 7.7000000e+00 0.0000000e+00 0.0000000e+00
1.3140000e+05 7.0000000e+01 8.0999999e+00 0.0000000e+00 0.0000000e+00
1.3146000e+05 7.2000000e+01 8.6999998e+00 0.0000000e+00 1.8868740e+01
1.3152000e+05 9.0000000e+01 7.9500000e+00 0.0000000e+00 3.7863930e+01
1.3158000e+05 8.6000000e+01 7.1499999e+00 0.0000000e+00 5.7158440e+01
1.3164000e+05 6.8000000e+01 8.4500000e+00 0.0000000e+00 3.5015720e+02
1.3170000e+05 6.9000000e+01 9.1499996e+00 0.0000000e+00 2.7977789e+02
1.3176000e+05 6.0000000e+01 9.8499999e+00 0.0000000e+00 4.4476810e+02
1.3182000e+05 8.2000000e+01 9.5000000e+00 0.0000000e+00 2.0719209e+02
1.3188000e+05 8.8000000e+01 8.3500001e+00 0.0000000e+00 1.7660170e+02
1.3194000e+05 8.8000000e+01 7.7500000e+00 0.0000000e+00 1.1450460e+02
1.3200000e+05 8.7000000e+01 7.5000000e+00 0.0000000e+00 1.0257420e+02
1.3206000e+05 6.4000000e+01 8.2500000e+00 0.0000000e+00 1.2640150e+02
1.3212000e+05 6.8000000e+01 8.7999997e+00 0.0000000e+00 6.2136829e+01
1.3218000e+05 7.3000000e+01 7.9499998e+00 0.0000000e+00 3.1827141e+01
1.3224000e+05 8.6000000e+01 6.9500000e+00 0.0000000e+00 0.0000000e+00
1.3230000e+05 7.8000000e+01 7.2000003e+00 0.0000000e+00 0.0000000e+00
1.3236000e+05 8.2000000e+01 6.7000000e+00 0.0000000e+00 0.0000000e+00
1.3242000e+05 8.2000000e+01 6.4499998e+00 0.0000000e+00 0.0000000e+00
1.3248000e+05 8.9000000e+01 6.2000000e+00 0.0000000e+00 0.0000000e+00
1.3254000e+05 9.4000000e+01 5.8500001e+00 0.0000000e+00 0.0000000e+00
1.3260000e+05 9.5000000e+01 5.4499998e+00 0.0000000e+00 0.0000000e+00
1.3266000e+05 9.5000000e+01 5.4500000e+00 0.0000000e+00 0.0000000e+00
1.3272000e+05 9.3000000e+01 5.4500000e+00 0.0000000e+00 0.0000000e+00
1.3278000e+05 9.0000000e+01 3.7500001e+00 0.0000000e+00 0.0000000e+00
1.3284000e+05 9.5000000e+01 1.3500000e+00 0.0000000e+00 0.0000000e+00
1.3290000e+05 9.5000000e+01 8.5000002e-01 0.0000000e+00 6.9859338e+00
1.3296000e+05 9.6000000e+01 1.5000000e+00 0.0000000e+00 3.4290932e+01
1.3302000e+05 9.5000000e+01 2.3000000e+00 0.0000000e+00 5.1590229e+01
1.3308000e+05 8.9000000e+01 3.0000000e+00 0.0000000e+00 1.0157470e+02
1.3314000e+05 8.3000000e+01 3.9500000e+00 0.0000000e+00 1.4298289e+02
1.3320000e+05 7.7000000e+01 4.7500000e+00 0.0000000e+00 2.3012140e+02
1.3326000e+05 6.4000000e+01 4.5500002e+00 0.0000000e+00 2.0588840e+02
1.3332000e+05 6.3000000e+01 4.9499998e+00 0.0000000e+00 2.3797110e+02
1.3338000e+05 6.1000000e+01 4.8499999e+00 0.0000000e+00 2.2316360e+02
1.3344000e+05 7.3000000e+01 4.4500000e+00 0.0000000e+00 1.1657540e+02
1.3350000e+05 7.0000000e+01 4.1500001e+00 0.0000000e+00 1.4073109e+02
1.3356000e+05 6.8000000e+01 4.3000000e+00 0.0000000e+00 8.2685249e+01
1.3362000e+05 8.2000000e+01 3.9500000e+00 0.0000000e+00 4.9547451e+01
1.3368000e+05 8.6000000e+01 2.7000000e+00 0.0000000e+00 5.3277979e+00
1.3374000e+05 8.8000000e+01 1.6500000e+00 0.0000000e+00 0.0000000e+00
1.3380000e+05 8.2000000e+01 1.7499999e+00 0.0000000e+00 0.0000000e+00
1.3386000e+05 7.3000000e+01 2.5000000e+00 0.0000000e+00 0.0000000e+00
1.3392000e+05 7.4000000e+01 2.8500000e+00 0.0000000e+00 0.0000000e+00
1.3398000e+05 7.3000000e+01 2.8500000e+00 0.0000000e+00 0.0000000e+00
1.3404000e+05 7.8000000e+01 2.6500000e+00 0.0000000e+00 0.0000000e+00
1.3410000e+05 7.4000000e+01 2.3500000e+00 0.0000000e+00 0.0000000e+00
1.3416000e+05 7.4000000e+01 2.6500001e+00 0.0000000e+00 0.0000000e+00
1.3422000e+05 6.9000000e+01 2.9000000e+00 0.0000000e+00 0.0000000e+00
1.3428000e+05 6.5000000e+01 3.2000000e+00 0.0000000e+00 1.1956500e+01
1.3434000e+05 6.0000000e+01 4.3000000e+00 0.0000000e+00 8.9073509e+01
1.3440000e+05 5.6000000e+01 5.4000001e+00 0.0000000e+00 1.5920900e+02
1.3446000e+05 5.2000000e+01 6.5000000e+00 0.0000000e+00 2.6816531e+02
1.3452000e+05 4.6000000e+01 8.1999998e+00 0.0000000e+00 4.2142819e+02
1.3458000e+05 4.2000000e+01 9.3499999e+00 0.0000000e+00 5.5906268e+02
1.3464000e+05 4.0000000e+01 1.0200000e+01 0.0000000e+00 6.6972400e+02
1.3470000e+05 4.2000000e+01 1.1100000e+01 0.0000000e+00 6.6086230e+02
1.3476000e+05 3.5000000e+01 1.1600000e+01 0.0000000e+00 5.7850299e+02
1.3482000e+05 3.3000000e+01 1.1750000e+01 0.0000000e+00 5.6385461e+02
1.3488000e+05 2.8000000e+01 1.1600000e+01 0.0000000e+00 4.6596631e+02
1.3494000e+05 2.7000000e+01 1.1700000e+01 0.0000000e+00 3.7615121e+02
1.3500000e+05 4.2000000e+01 1.0350000e+01 0.0000000e+00 2.2128670e+02
1.3506000e+05 5.2000000e+01 8.4999998e+00 0.0000000e+00 1.6669630e+01
1.3512000e+05 5.5000000e+01 7.1500001e+00 0.0000000e+00 0.0000000e+00
1.3518000e+05 5.2000000e+01 6.2000000e+00 0.0000000e+00 0.0000000e+00
1.3524000e+05 5.4000000e+01 5.8499999e+00 0.0000000e+00 0.0000000e+00
1.3530000e+05 5.6000000e+01 5.0999999e+00 0.0000000e+00 0.0000000e+00
1.3536000e+05 6.1000000e+01 4.7000000e+00 0.0000000e+00 0.0000000e+00
1.3542000e+05 5.7000000e+01 3.9500000e+00 0.0000000e+00 0.0000000e+00
1.3548000e+05 7.2000000e+01 3.0500001e+00 0.0000000e+00 0.0000000e+00
1.3554000e+05 7.1000000e+01 2.1000000e+00 0.0000000e+00 0.0000000e+00
1.3560000e+05 7.1000000e+01 1.9499999e+00 0.0000000e+00 0.0000000e+00
1.3566000e+05 7.2000000e+01 1.7500000e+00 0.0000000e+00 0.0000000e+00
1.3572000e+05 7.4000000e+01 1.3500000e+00 0.0000000e+00 9.6670322e+00
1.3578000e+05 6.1000000e+01 3.1000001e+00 0.0000000e+00 1.1616100e+02
1.3584000e+05 6.2000000e+01 4.8000002e+00 0.0000000e+00 2.3027409e+02
1.3590000e+05 5.8000000e+01 6.0500002e+00 0.0000000e+00 3.6597610e+02
1.3596000e+05 4.5000000e+01 7.8000002e+00 0.0000000e+00 4.8101410e+02
1.3602000e+05 4.3000000e+01 9.0000000e+00 0.0000000e+00 5.8372449e+02
1.3608000e+05 4.5000000e+01 9.8499999e+00 0.0000000e+00 6.6741132e+02
1.3614000e+05 4.8000000e+01 1.0050000e+01 0.0000000e+00 6.6381232e+02
1.3620000e+05 5.7000000e+01 9.7500000e+00 0.0000000e+00 6.3472021e+02
1.3626000e+05 5.8000000e+01 9.2500000e+00 0.0000000e+00 5.6717322e+02
1.3632000e+05 6.0000000e+01 8.9500003e+00 0.0000000e+00 4.7020340e+02
1.3638000e+05 5.8000000e+01 8.4000001e+00 0.0000000e+00 3.6622711e+02
1.3644000e+05 6.3000000e+01 6.8499999e+00 0.0000000e+00 2.4447639e+02
1.3650000e+05 6.7000000e+01 5.3499999e+00 0.0000000e+00 1.9359011e+01
1.3656000e+05 7.3000000e+01 4.0999999e+00 0.0000000e+00 3.3083349e-02
1.3662000e+05 7.7000000e+01 3.0000000e+00 0.0000000e+00 0.0000000e+00
1.3668000e+05 7.6000000e+01 2.3000000e+00 0.0000000e+00 0.0000000e+00
1.3674000e+05 7.6000000e+01 2.1999999e+00 0.0000000e+00 0.0000000e+00
1.3680000e+05 7.6000000e+01 2.2500000e+00 0.0000000e+00 0.0000000e+00
1.3686000e+05 7.9000000e+01 1.8500000e+00 0.0000000e+00 0.0000000e+00
1.3692000e+05 7.2000000e+01 2.1500000e+00 0.0000000e+00 0.0000000e+00
1.3698000e+05 6.8000000e+01 2.3500000e+00 0.0000000e+00 0.0000000e+00
1.3704000e+05 7.1000000e+01 2.4000000e+00 0.0000000e+00 0.0000000e+00
1.3710000e+05 7.0000000e+01 1.9000000e+00 0.0000000e+00 0.0000000e+00
1.3716000e+05 7.0000000e+01 1.8500000e+00 0.0000000e+00 1.1146760e+01
1.3722000e+05 6.4000000e+01 2.8499999e+00 0.0000000e+00 1.2137140e+02
1.3728000e+05 6.0000000e+01 4.0000000e+00 0.0000000e+00 2.0470300e+02
1.3734000e+05 5.3000000e+01 4.6999998e+00 0.0000000e+00 2.2798520e+02
1.3740000e+05 4.7000000e+01 5.8499999e+00 0.0000000e+00 5.1155841e+02
1.3746000e+05 4.4000000e+01 6.4000001e+00 0.0000000e+00 4.5060059e+02
1.3752000e+05 4.4000000e+01 7.1999998e+00 0.0000000e+00 4.1787589e+02
1.3758000e+05 4.0000000e+01 6.6500001e+00 0.0000000e+00 3.4527969e+02
1.3764000e+05 4.8000000e+01 7.5500002e+00 0.0000000e+00 3.6860330e+02
1.3770000e+05 5.0000000e+01 7.8499999e+00 0.0000000e+00 5.1162830e+02
1.3776000e+05 5.1000000e+01 8.2500000e+00 0.0000000e+00 5.0455359e+02
1.3782000e+05 5.6000000e+01 7.5000000e+00 0.0000000e+00 3.9955511e+02
1.3788000e+05 6.2000000e+01 6.0000000e+00 0.0000000e+00 2.5958371e+02
1.3794000e+05 6.6000000e+01 4.8500001e+00 0.0000000e+00 2.3477909e+01
1.3800000e+05 7.1000000e+01 3.8000001e+00 0.0000000e+00 2.0338991e+00
1.3806000e+05 7.0000000e+01 3.1000000e+00 0.0000000e+00 0.0000000e+00
1.3812000e+05 7.6000000e+01 2.5500000e+00 0.0000000e+00 0.0000000e+00
1.3818000e+05 6.8000000e+01 2.0000001e+00 0.0000000e+00 0.0000000e+00
1.3824000e+05 7.2000000e+01 1.8500000e+00 0.0000000e+00 0.0000000e+00
1.3830000e+05 6.8000000e+01 1.5500000e+00 0.0000000e+00 0.0000000e+00
1.3836000e+05 7.6000000e+01 9.4999998e-01 0.0000000e+00 0.0000000e+00
1.3842000e+05 8.1000000e+01 9.9999994e-02 0.0000000e+00 0.0000000e+00
1.3848000e+05 6.3000000e+01 2.5000000e-01 0.0000000e+00 0.0000000e+00
1.3854000e+05 6.3000000e+01 1.3000000e+00 0.0000000e+00 0.0000000e+00
1.3860000e+05 6.3000000e+01 1.5000000e+00 0.0000000e+00 1.5114310e+01
1.3866000e+05 5.5000000e+01 2.6500000e+00 0.0000000e+00 1.3805811e+02
1.3872000e+05 5.2000000e+01 4.0999999e+00 0.0000000e+00 2.5650391e+02
1.3878000e+05 4.5000000e+01 5.7500000e+00 0.0000000e+00 3.8668188e+02
1.3884000e+05 4.5000000e+01 7.0000000e+00 0.0000000e+00 4.9512631e+02
1.3890000e+05 3.1000000e+01 7.9999998e+00 0.0000000e+00 5.7842560e+02
1.3896000e+05 2.8000000e+01 8.2500000e+00 0.0000000e+00 5.2118079e+02
1.3902000e+05 2.6000000e+01 9.0499997e+00 0.0000000e+00 5.8863489e+02
1.3908000e+05 2.4000000e+01 9.2500000e+00 0.0000000e+00 6.0179218e+02
1.3914000e+05 2.8000000e+01 9.6499996e+00 0.0000000e+00 5.7247717e+02
1.3920000e+05 3.1000000e+01 9.4000001e+00 0.0000000e+00 3.2377249e+02
1.3926000e+05 4.4000000e+01 8.6499999e+00 0.0000000e+00 2.8185791e+02
1.3932000e+05 5.0000000e+01 7.1500001e+00 0.0000000e+00 1.2614670e+02
1.3938000e+05 5.7000000e+01 5.9500000e+00 0.0000000e+00 6.2570850e+01
1.3944000e+05 6.2000000e+01 5.0000000e+00 0.0000000e+00 1.1047010e+01
1.3950000e+05 6.4000000e+01 4.0500000e+00 0.0000000e+00 0.0000000e+00
1.3956000e+05 5.3000000e+01 3.7000000e+00 0.0000000e+00 0.0000000e+00
1.3962000e+05 4.6000000e+01 3.8999999e+00 0.0000000e+00 0.0000000e+00
1.3968000e+05 4.6000000e+01 4.1000000e+00 0.0000000e+00 0.0000000e+00
1.3974000e+05 4.8000000e+01 3.6000000e+00 0.0000000e+00 0.0000000e+00
1.3980000e+05 5.2000000e+01 3.4000001e+00 0.0000000e+00 0.0000000e+00
1.3986000e+05 5.4000000e+01 3.4500000e+00 0.0000000e+00 0.0000000e+00
1.3992000e+05 5.4000000e+01 3.1000000e+00 0.0000000e+00 0.0000000e+00
1.3998000e+05 5.0000000e+01 3.1500000e+00 0.0000000e+00 0.0000000e+00
1.4004000e+05 4.7000000e+01 3.9500000e+00 0.0000000e+00 1.2828540e+01
1.4010000e+05 4.5000000e+01 5.0500000e+00 0.0000000e+00 8.6301682e+01
1.4016000e+05 4.6000000e+01 5.4500000e+00 0.0000000e+00 1.2191860e+02
1.4022000e+05 4.2000000e+01 6.6500001e+00 0.0000000e+00 2.2720860e+02
1.4028000e+05 4.1000000e+01 7.8499999e+00 0.0000000e+00 2.7830310e+02
1.4034000e+05 3.9000000e+01 8.1500001e+00 0.0000000e+00 3.4441699e+02
1.4040000e+05 4.2000000e+01 8.8000002e+00 0.0000000e+00 4.2566959e+02
1.4046000e+05 4.2000000e+01 8.6500001e+00 0.0000000e+00 3.3441959e+02
1.4052000e+05 4.3000000e+01 7.9499998e+00 0.0000000e+00 2.4335010e+02
1.4058000e+05 4.4000000e+01 7.8000000e+00 0.0000000e+00 2.2433090e+02
1.4064000e+05 4.7000000e+01 7.6500001e+00 0.0000000e+00 1.8567720e+02
1.4070000e+05 4.7000000e+01 7.1499999e+00 0.0000000e+00 1.0850430e+02
1.4076000e+05 4.7000000e+01 6.5000000e+00 0.0000000e+00 5.8675930e+01
1.4082000e+05 5.5000000e+01 5.5999999e+00 0.0000000e+00 1.3696020e+01
1.4088000e+05 6.9000000e+01 4.3000000e+00 0.0000000e+00 0.0000000e+00
1.4094000e+05 8.0000000e+01 3.3499999e+00 0.0000000e+00 0.0000000e+00
1.4100000e+05 8.8000000e+01 2.8000000e+00 0.0000000e+00 0.0000000e+00
1.4106000e+05 9.2000000e+01 2.4500000e+00 0.0000000e+00 0.0000000e+00
1.4112000e+05 9.2000000e+01 2.1000000e+00 0.0000000e+00 0.0000000e+00
1.4118000e+05 9.3000000e+01 1.4500000e+00 0.0000000e+00 0.0000000e+00
1.4124000e+05 9.3000000e+01 1.1500000e+00 0.0000000e+00 0.0000000e+00
1.4130000e+05 9.3000000e+01 9.0000001e-01 0.0000000e+00 0.0000000e+00
1.4136000e+05 9.4000000e+01 9.4999999e-01 0.0000000e+00 0.0000000e+00
1.4142000e+05 9.2000000e+01 1.0000000e+00 0.0000000e+00 0.0000000e+00
1.4148000e+05 9.1000000e+01 9.0000001e-01 0.0000000e+00 0.0000000e+00
1.4154000e+05 9.0000000e+01 7.9999998e-01 0.0000000e+00 1.1793050e+01
1.4160000e+05 8.9000000e+01 1.3000000e+00 0.0000000e+00 4.8105431e+01
1.4166000e+05 9.1000000e+01 1.4000000e+00 0.0000000e+00 9.3486153e+01
1.4172000e+05 8.2000000e+01 2.4499999e+00 0.0000000e+00 2.4264771e+02
1.4178000e+05 6.3000000e+01 3.5500000e+00 0.0000000e+00 3.0625430e+02
1.4184000e+05 6.2000000e+01 5.3499999e+00 0.0000000e+00 3.9793100e+02
1.4190000e+05 6.2000000e+01 4.3499999e+00 0.0000000e+00 1.7559550e+02
1.4196000e+05 7.0000000e+01 5.2000000e+00 0.0000000e+00 3.8130991e+02
1.4202000e+05 6.3000000e+01 5.0999999e+00 0.0000000e+00 3.1857349e+02
1.4208000e+05 5.0000000e+01 5.8499999e+00 0.0000000e+00 4.3322049e+02
1.4214000e+05 6.0000000e+01 5.7500000e+00 0.0000000e+00 2.5558521e+02
1.4220000e+05 7.9000000e+01 4.0500000e+00 0.0000000e+00 7.2761864e+01
1.4226000e+05 9.0000000e+01 2.9000000e+00 0.0000000e+00 3.6884281e+01
1.4232000e+05 9.3000000e+01 2.1500000e+00 0.0000000e+00 1.4255510e+01
1.4238000e+05 9.5000000e+01 1.9000000e+00 0.0000000e+00 0.0000000e+00
1.4244000e+05 9.6000000e+01 1.6500000e+00 0.0000000e+00 0.0000000e+00
1.4250000e+05 9.5000000e+01 1.8500000e+00 0.0000000e+00 0.0000000e+00
1.4256000e+05 9.6000000e+01 1.7000000e+00 0.0000000e+00 0.0000000e+00
1.4262000e+05 9.6000000e+01 1.6000000e+00 0.0000000e+00 0.0000000e+00
1.4268000e+05 9.6000000e+01 1.0500000e+00 0.0000000e+00 0.0000000e+00
1.4274000e+05 9.6000000e+01 5.5000001e-01 0.0000000e+00 0.0000000e+00
1.4280000e+05 9.6000000e+01 -9.9999994e-02 0.0000000e+00 0.0000000e+00
1.4286000e+05 9.7000000e+01 -3.4999999e-01 0.0000000e+00 0.0000000e+00
1.4292000e+05 9.7000000e+01 9.9999994e-02 0.0000000e+00 1.0202960e+01
1.4298000e+05 9.7000000e+01 8.4999999e-01 0.0000000e+00 9.1025124e+01
1.4304000e+05 8.4000000e+01 2.9999999e+00 0.0000000e+00 2.6859830e+02
1.4310000e+05 7.2000000e+01 4.9499998e+00 0.0000000e+00 4.0105841e+02
1.4316000e+05 6.9000000e+01 6.4000001e+00 0.0000000e+00 5.2100031e+02
1.4322000e+05 6.0000000e+01 7.5500000e+00 0.0000000e+00 6.3010608e+02
1.4328000e+05 4.8000000e+01 8.1500001e+00 0.0000000e+00 7.0033313e+02
1.4334000e+05 4.5000000e+01 9.2500000e+00 0.0000000e+00 7.0166913e+02
1.4340000e+05 3.6000000e+01 9.8000002e+00 0.0000000e+00 6.7557611e+02
1.4346000e+05 3.7000000e+01 1.0000000e+01 0.0000000e+00 6.1059448e+02
1.4352000e+05 3.8000000e+01 1.0050000e+01 0.0000000e+00 5.1068591e+02
1.4358000e+05 3.9000000e+01 9.8000002e+00 0.0000000e+00 4.0086551e+02
1.4364000e+05 5.3000000e+01 8.4500000e+00 0.0000000e+00 2.7908789e+02
1.4370000e+05 5.9000000e+01 6.8500001e+00 0.0000000e+00 3.1650499e+01
1.4376000e+05 6.9000000e+01 5.7000000e+00 0.0000000e+00 2.2957060e+00
1.4382000e+05 7.2000000e+01 4.6499999e+00 0.0000000e+00 0.0000000e+00
1.4388000e+05 7.5000000e+01 3.6499999e+00 0.0000000e+00 0.0000000e+00
1.4394000e+05 7.6000000e+01 2.7500000e+00 0.0000000e+00 0.0000000e+00
1.4400000e+05 7.9000000e+01 2.5500000e+00 0.0000000e+00 0.0000000e+00
1.4406000e+05 7.2000000e+01 2.2000000e+00 0.0000000e+00 0.0000000e+00
1.4412000e+05 7.2000000e+01 2.0000001e+00 0.0000000e+00 0.0000000e+00
1.4418000e+05 6.5000000e+01 2.5000000e+00 0.0000000e+00 0.0000000e+00
1.4424000e+05 5.7000000e+01 3.1000000e+00 0.0000000e+00 0.0000000e+00
1.4430000e+05 5.2000000e+01 3.6000000e+00 0.0000000e+00 0.0000000e+00
1.4436000e+05 4.9000000e+01 4.2000000e+00 0.0000000e+00 1.0973650e+01
1.4442000e+05 4.8000000e+01 4.7000000e+00 0.0000000e+00 5.4106602e+01
1.4448000e+05 4.6000000e+01 4.9000001e+00 0.0000000e+00 4.1218250e+01
1.4454000e+05 4.2000000e+01 5.8000000e+00 0.0000000e+00 1.4174110e+02
1.4460000e+05 4.1000000e+01 6.6500001e+00 0.0000000e+00 1.4698869e+02
1.4466000e+05 4.2000000e+01 6.7000000e+00 0.0000000e+00 1.0912530e+02
1.4472000e+05 4.2000000e+01 7.0000000e+00 0.0000000e+00 1.8144321e+02
1.4478000e+05 4.8000000e+01 7.4000001e+00 0.0000000e+00 2.1684061e+02
1.4484000e+05 5.0000000e+01 7.8499999e+00 0.0000000e+00 2.2336369e+02
1.4490000e+05 6.5000000e+01 7.4499998e+00 0.0000000e+00 1.9141859e+02
1.4496000e+05 8.2000000e+01 5.8999999e+00 0.0000000e+00 9.5069832e+01
1.4502000e+05 9.0000000e+01 5.1000001e+00 0.0000000e+00 7.6819519e+01
1.4508000e+05 9.2000000e+01 4.6000001e+00 0.0000000e+00 4.5313160e+01
1.4514000e+05 9.4000000e+01 4.2500000e+00 0.0000000e+00 5.6953669e+00
1.4520000e+05 9.1000000e+01 3.8000000e+00 0.0000000e+00 0.0000000e+00
1.4526000e+05 9.3000000e+01 3.2500000e+00 0.0000000e+00 0.0000000e+00
1.4532000e+05 9.4000000e+01 2.9000000e+00 0.0000000e+00 0.0000000e+00
1.4538000e+05 9.4000000e+01 2.6999999e+00 0.0000000e+00 0.0000000e+00
1.4544000e+05 9.3000000e+01 2.4499999e+00 0.0000000e+00 0.0000000e+00
1.4550000e+05 9.4000000e+01 2.1999999e+00 0.0000000e+00 0.0000000e+00
1.4556000e+05 9.3000000e+01 1.6000000e+00 0.0000000e+00 0.0000000e+00
1.4562000e+05 9.5000000e+01 1.0500000e+00 0.0000000e+00 0.0000000e+00
1.4568000e+05 9.5000000e+01 1.1000000e+00 0.0000000e+00 0.0000000e+00
1.4574000e+05 9.6000000e+01 1.1500000e+00 0.0000000e+00 0.0000000e+00
1.4580000e+05 9.5000000e+01 1.3000000e+00 0.0000000e+00 0.0000000e+00
1.4586000e+05 9.5000000e+01 1.0000000e+00 0.0000000e+00 2.5712219e+01
1.4592000e+05 9.5000000e+01 1.5000000e+00 0.0000000e+00 8.7642052e+01
1.4598000e+05 9.5000000e+01 1.3000000e+00 0.0000000e+00 4.6109100e+01
1.4604000e+05 9.3000000e+01 1.7000000e+00 0.0000000e+00 1.8222630e+02
1.4610000e+05 8.7000000e+01 2.8000001e+00 0.0000000e+00 1.4717740e+02
1.4616000e+05 9.2000000e+01 2.4000000e+00 0.0000000e+00 1.2486140e+02
1.4622000e+05 8.8000000e+01 2.9500000e+00 0.0000000e+00 1.7240961e+02
1.4628000e+05 8.7000000e+01 3.0999999e+00 0.0000000e+00 1.4627640e+02
1.4634000e+05 9.0000000e+01 2.8000000e+00 0.0000000e+00 1.0665350e+02
1.4640000e+05 8.5000000e+01 3.1500000e+00 0.0000000e+00 9.0275993e+01
1.4646000e+05 9.2000000e+01 2.7000000e+00 0.0000000e+00 5.0452431e+01
1.4652000e+05 9.3000000e+01 1.6500000e+00 0.0000000e+00 3.3375320e+01
1.4658000e+05 9.4000000e+01 1.1500000e+00 0.0000000e+00 2.7266930e+01
1.4664000e+05 9.5000000e+01 1.2000000e+00 0.0000000e+00 1.7872999e+01
1.4670000e+05 9.6000000e+01 1.4500000e+00 0.0000000e+00 0.0000000e+00
1.4676000e+05 9.4000000e+01 1.6500000e+00 0.0000000e+00 0.0000000e+00
1.4682000e+05 9.5000000e+01 1.3500000e+00 0.0000000e+00 0.0000000e+00
1.4688000e+05 9.6000000e+01 1.1000000e+00 0.0000000e+00 0.0000000e+00
1.4694000e+05 9.6000000e+01 1.3000000e+00 0.0000000e+00 0.0000000e+00
1.4700000e+05 9.6000000e+01 1.3500000e+00 0.0000000e+00 0.0000000e+00
1.4706000e+05 9.6000000e+01 1.3000000e+00 0.0000000e+00 0.0000000e+00
1.4712000e+05 9.6000000e+01 1.1000000e+00 0.0000000e+00 0.0000000e+00
1.4718000e+05 9.6000000e+01 1.0500000e+00 0.0000000e+00 0.0000000e+00
1.4724000e+05 9.4000000e+01 9.5000002e-01 0.0000000e+00 0.0000000e+00
1.4730000e+05 9.5000000e+01 1.0500000e+00 0.0000000e+00 1.8824850e+01
1.4736000e+05 9.5000000e+01 1.1500000e+00 0.0000000e+00 6.4515739e+01
1.4742000e+05 9.5000000e+01 1.2500000e+00 0.0000000e+00 8.7599731e+01
1.4748000e+05 9.3000000e+01 1.7000000e+00 0.0000000e+00 1.3112930e+02
1.4754000e+05 8.6000000e+01 2.3000000e+00 0.0000000e+00 2.4604120e+02
1.4760000e+05 8.8000000e+01 2.2500000e+00 0.0000000e+00 1.6147160e+02
1.4766000e+05 9.4000000e+01 1.2500000e+00 0.0000000e+00 1.2207810e+02
1.4772000e+05 9.0000000e+01 1.8000000e+00 0.0000000e+00 3.2652991e+02
1.4778000e+05 6.9000000e+01 3.8000000e+00 0.0000000e+00 5.4796539e+02
1.4784000e+05 7.2000000e+01 4.4000000e+00 0.0000000e+00 4.7491400e+02
1.4790000e+05 6.7000000e+01 4.8499999e+00 0.0000000e+00 4.4822961e+02
1.4796000e+05 7.9000000e+01 4.3000000e+00 0.0000000e+00 2.1766060e+02
1.4802000e+05 8.6000000e+01 3.0000000e+00 0.0000000e+00 4.8533611e+01
1.4808000e+05 8.5000000e+01 2.2000000e+00 0.0000000e+00 6.5165129e+00
1.4814000e+05 8.8000000e+01 1.6500000e+00 0.0000000e+00 0.0000000e+00
1.4820000e+05 8.6000000e+01 1.6000000e+00 0.0000000e+00 0.0000000e+00
1.4826000e+05 9.0000000e+01 1.1500000e+00 0.0000000e+00 0.0000000e+00
1.4832000e+05 8.9000000e+01 9.9999997e-01 0.0000000e+00 0.0000000e+00
1.4838000e+05 8.6000000e+01 1.0000000e+00 0.0000000e+00 0.0000000e+00
1.4844000e+05 8.1000000e+01 8.4999998e-01 0.0000000e+00 0.0000000e+00
1.4850000e+05 8.6000000e+01 8.5000002e-01 0.0000000e+00 0.0000000e+00
1.4856000e+05 9.0000000e+01 9.9999994e-02 0.0000000e+00 0.0000000e+00
1.4862000e+05 9.1000000e+01 -4.5000001e-01 0.0000000e+00 0.0000000e+00
1.4868000e+05 9.3000000e+01 -3.0000000e-01 0.0000000e+00 3.6734291e+01
1.4874000e+05 8.8000000e+01 9.0000001e-01 0.0000000e+00 1.2745040e+02
1.4880000e+05 7.4000000e+01 2.4000000e+00 0.0000000e+00 2.1489101e+02
1.4886000e+05 6.1000000e+01 4.1500000e+00 0.0000000e+00 4.2727850e+02
1.4892000e+05 5.2000000e+01 5.6500001e+00 0.0000000e+00 5.4677039e+02
1.4898000e+05 5.4000000e+01 6.6999998e+00 0.0000000e+00 6.3738379e+02
1.4904000e+05 5.2000000e+01 7.3000000e+00 0.0000000e+00 4.4469699e+02
1.4910000e+05 4.5000000e+01 7.5000002e+00 0.0000000e+00 3.1967221e+02
1.4916000e+05 4.7000000e+01 8.3000002e+00 0.0000000e+00 4.2008069e+02
1.4922000e+05 5.0000000e+01 8.5999999e+00 0.0000000e+00 5.1519263e+02
1.4928000e+05 4.9000000e+01 8.6000001e+00 0.0000000e+00 5.1912482e+02
1.4934000e+05 5.2000000e+01 8.0500002e+00 0.0000000e+00 3.7733810e+02
1.4940000e+05 5.9000000e+01 7.1500001e+00 0.0000000e+00 2.3920210e+02
1.4946000e+05 6.3000000e+01 6.1500001e+00 0.0000000e+00 5.4639118e+01
1.4952000e+05 7.8000000e+01 4.9500000e+00 0.0000000e+00 3.7172531e+01
1.4958000e+05 8.0000000e+01 3.4500000e+00 0.0000000e+00 0.0000000e+00
1.4964000e+05 8.2000000e+01 2.6000000e+00 0.0000000e+00 0.0000000e+00
1.4970000e+05 8.3000000e+01 2.0500001e+00 0.0000000e+00 0.0000000e+00
1.4976000e+05 8.8000000e+01 1.7000000e+00 0.0000000e+00 0.0000000e+00
1.4982000e+05 9.0000000e+01 1.2000000e+00 0.0000000e+00 0.0000000e+00
1.4988000e+05 8.8000000e+01 9.4999999e-01 0.0000000e+00 0.0000000e+00
1.4994000e+05 8.8000000e+01 8.0000001e-01 0.0000000e+00 0.0000000e+00
1.5000000e+05 8.4000000e+01 1.0500000e+00 0.0000000e+00 0.0000000e+00
1.5006000e+05 8.0000000e+01 1.4000000e+00 0.0000000e+00 0.0000000e+00
1.5012000e+05 7.1000000e+01 2.3000000e+00 0.0000000e+00 3.2846111e+01
1.5018000e+05 6.5000000e+01 4.2500000e+00 0.0000000e+00 1.7657410e+02
1.5024000e+05 4.8000000e+01 6.5000000e+00 0.0000000e+00 2.9851379e+02
1.5030000e+05 4.5000000e+01 8.5000002e+00 0.0000000e+00 4.2412170e+02
1.5036000e+05 3.7000000e+01 9.6500001e+00 0.0000000e+00 5.4522803e+02
1.5042000e+05 3.8000000e+01 1.0400000e+01 0.0000000e+00 6.2374341e+02
1.5048000e+05 3.4000000e+01 1.0750000e+01 0.0000000e+00 5.8318988e+02
1.5054000e+05 3.4000000e+01 1.0950000e+01 0.0000000e+00 5.8050909e+02
1.5060000e+05 3.7000000e+01 1.0000000e+01 0.0000000e+00 2.0640160e+02
1.5066000e+05 4.6000000e+01 9.0999999e+00 0.0000000e+00 1.0902130e+02
1.5072000e+05 4.4000000e+01 9.6500001e+00 0.0000000e+00 3.2196521e+02
1.5078000e+05 4.4000000e+01 9.7500000e+00 0.0000000e+00 3.8783139e+02
1.5084000e+05 5.1000000e+01 8.8499999e+00 0.0000000e+00 2.6629019e+02
1.5090000e+05 5.4000000e+01 7.4500000e+00 0.0000000e+00 9.5919312e+01
1.5096000e+05 6.0000000e+01 6.2000000e+00 0.0000000e+00 2.7672520e+01
1.5102000e+05 6.4000000e+01 4.7000000e+00 0.0000000e+00 0.0000000e+00
1.5108000e+05 6.9000000e+01 3.8499999e+00 0.0000000e+00 0.0000000e+00
1.5114000e+05 7.0000000e+01 3.5000000e+00 0.0000000e+00 0.0000000e+00
1.5120000e+05 7.5000000e+01 2.9000001e+00 0.0000000e+00 0.0000000e+00
1.5126000e+05 7.5000000e+01 2.7500000e+00 0.0000000e+00 0.0000000e+00
1.5132000e+05 7.4000000e+01 2.8000000e+00 0.0000000e+00 0.0000000e+00
1.5138000e+05 7.4000000e+01 2.5500000e+00 0.0000000e+00 0.0000000e+00
1.5144000e+05 7.8000000e+01 2.1500000e+00 0.0000000e+00 0.0000000e+00
1.5150000e+05 7.3000000e+01 2.2000000e+00 0.0000000e+00 0.0000000e+00
1.5156000e+05 6.5000000e+01 3.2000000e+00 0.0000000e+00 3.9825230e+01
1.5162000e+05 4.8000000e+01 4.9499999e+00 0.0000000e+00 1.5078841e+02
1.5168000e+05 4.6000000e+01 7.0500000e+00 0.0000000e+00 2.7995361e+02
1.5174000e+05 4.4000000e+01 8.8999999e+00 0.0000000e+00 4.2344159e+02
1.5180000e+05 4.2000000e+01 1.0400000e+01 0.0000000e+00 5.4990790e+02
1.5186000e+05 4.4000000e+01 1.1050000e+01 0.0000000e+00 6.4237531e+02
1.5192000e+05 3.9000000e+01 1.1400000e+01 0.0000000e+00 7.0094739e+02
1.5198000e+05 4.4000000e+01 1.2300000e+01 0.0000000e+00 6.9686902e+02
1.5204000e+05 4.8000000e+01 1.1550000e+01 0.0000000e+00 6.1715918e+02
1.5210000e+05 4.6000000e+01 1.1300000e+01 0.0000000e+00 5.9010138e+02
1.5216000e+05 4.9000000e+01 1.1100000e+01 0.0000000e+00 5.3337341e+02
1.5222000e+05 5.6000000e+01 1.0000000e+01 0.0000000e+00 2.5608981e+02
1.5228000e+05 6.0000000e+01 8.4499998e+00 0.0000000e+00 2.2453050e+02
1.5234000e+05 6.6000000e+01 7.5000000e+00 0.0000000e+00 6.6361137e+01
1.5240000e+05 7.1000000e+01 6.5000000e+00 0.0000000e+00 1.2863260e+01
1.5246000e+05 7.5000000e+01 5.4000001e+00 0.0000000e+00 0.0000000e+00
1.5252000e+05 7.7000000e+01 4.3500001e+00 0.0000000e+00 0.0000000e+00
1.5258000e+05 8.1000000e+01 3.5500001e+00 0.0000000e+00 0.0000000e+00
1.5264000e+05 7.7000000e+01 3.5500000e+00 0.0000000e+00 0.0000000e+00
1.5270000e+05 8.2000000e+01 3.3000000e+00 0.0000000e+00 0.0000000e+00
1.5276000e+05 8.5000000e+01 2.3500000e+00 0.0000000e+00 0.0000000e+00
1.5282000e+05 6.2000000e+01 3.0999999e+00 0.0000000e+00 0.0000000e+00
1.5288000e+05 5.8000000e+01 4.1000001e+00 0.0000000e+00 0.0000000e+00
1.5294000e+05 5.7000000e+01 3.8000000e+00 0.0000000e+00 0.0000000e+00
1.5300000e+05 4.9000000e+01 4.9500000e+00 0.0000000e+00 3.2614288e+01
1.5306000e+05 4.2000000e+01 6.7500000e+00 0.0000000e+00 1.8124001e+02
1.5312000e+05 4.1000000e+01 8.1999998e+00 0.0000000e+00 3.0546591e+02
1.5318000e+05 3.5000000e+01 9.6500001e+00 0.0000000e+00 4.4031760e+02
1.5324000e+05 3.2000000e+01 1.1300000e+01 0.0000000e+00 5.6062140e+02
1.5330000e+05 3.0000000e+01 1.2000000e+01 0.0000000e+00 6.5554492e+02
1.5336000e+05 3.0000000e+01 1.2500000e+01 0.0000000e+00 7.2073810e+02
1.5342000e+05 2.8000000e+01 1.2800000e+01 0.0000000e+00 7.0970459e+02
1.5348000e+05 2.9000000e+01 1.3250000e+01 0.0000000e+00 6.9036261e+02
1.5354000e+05 3.2000000e+01 1.3450000e+01 0.0000000e+00 5.7586603e+02
1.5360000e+05 3.5000000e+01 1.3250000e+01 0.0000000e+00 3.7414221e+02
1.5366000e+05 3.3000000e+01 1.3200000e+01 0.0000000e+00 4.0814969e+02
1.5372000e+05 3.7000000e+01 1.3100000e+01 0.0000000e+00 2.6738611e+02
1.5378000e+05 4.0000000e+01 1.2900000e+01 0.0000000e+00 1.1384360e+02
1.5384000e+05 5.5000000e+01 1.1900000e+01 0.0000000e+00 1.1443920e+01
1.5390000e+05 5.7000000e+01 1.0750000e+01 0.0000000e+00 0.0000000e+00
1.5396000e+05 5.4000000e+01 1.0800000e+01 0.0000000e+00 0.0000000e+00
1.5402000e+05 5.0000000e+01 1.1250000e+01 0.0000000e+00 0.0000000e+00
1.5408000e+05 5.2000000e+01 1.1300000e+01 0.0000000e+00 0.0000000e+00
1.5414000e+05 5.1000000e+01 1.1700000e+01 0.0000000e+00 0.0000000e+00
1.5420000e+05 5.1000000e+01 1.1650000e+01 0.0000000e+00 0.0000000e+00
1.5426000e+05 5.8000000e+01 1.0850000e+01 0.0000000e+00 0.0000000e+00
1.5432000e+05 5.4000000e+01 1.0050000e+01 0.0000000e+00 0.0000000e+00
1.5438000e+05 5.0000000e+01 1.1550000e+01 0.0000000e+00 0.0000000e+00
1.5444000e+05 5.3000000e+01 1.2050000e+01 0.0000000e+00 0.0000000e+00
1.5450000e+05 5.4000000e+01 1.1950000e+01 0.0000000e+00 9.7538118e+00
1.5456000e+05 4.5000000e+01 1.3350000e+01 0.0000000e+00 1.8175301e+02
1.5462000e+05 4.2000000e+01 1.5650001e+01 0.0000000e+00 3.9497021e+02
1.5468000e+05 5.8000000e+01 1.3850000e+01 0.0000000e+00 1.4822150e+02
1.5474000e+05 4.7000000e+01 1.1200000e+01 0.0000000e+00 9.5901489e+01
1.5480000e+05 4.2000000e+01 1.2350000e+01 0.0000000e+00 2.5443050e+02
1.5486000e+05 4.5000000e+01 1.2200000e+01 0.0000000e+00 2.4795720e+02
1.5492000e+05 3.9000000e+01 1.1700000e+01 0.0000000e+00 2.8743250e+02
1.5498000e+05 3.8000000e+01 1.2150000e+01 0.0000000e+00 2.8428500e+02
1.5504000e+05 3.8000000e+01 1.2950000e+01 0.0000000e+00 3.9323810e+02
1.5510000e+05 4.5000000e+01 1.2250000e+01 0.0000000e+00 1.4356290e+02
1.5516000e+05 4.7000000e+01 1.1700000e+01 0.0000000e+00 1.1417900e+02
1.5522000e+05 4.5000000e+01 1.1400000e+01 0.0000000e+00 7.2476044e+01
1.5528000e+05 4.4000000e+01 1.1050000e+01 0.0000000e+00 2.6886669e+01
1.5534000e+05 4.4000000e+01 1.1050000e+01 0.0000000e+00 0.0000000e+00
1.5540000e+05 4.7000000e+01 1.0750000e+01 0.0000000e+00 0.0000000e+00
1.5546000e+05 4.4000000e+01 1.0950000e+01 0.0000000e+00 0.0000000e+00
1.5552000e+05 4.7000000e+01 1.1050000e+01 0.0000000e+00 0.0000000e+00
1.5558000e+05 5.1000000e+01 1.1050000e+01 0.0000000e+00 0.0000000e+00
1.5564000e+05 4.9000000e+01 1.0650000e+01 0.0000000e+00 0.0000000e+00
1.5570000e+05 5.0000000e+01 1.0150000e+01 0.0000000e+00 0.0000000e+00
1.5576000e+05 5.3000000e+01 1.0500000e+01 0.0000000e+00 0.0000000e+00
1.5582000e+05 5.5000000e+01 9.5999999e+00 0.0000000e+00 0.0000000e+00
1.5588000e+05 4.8000000e+01 9.7500000e+00 0.0000000e+00 7.1577299e-01
1.5594000e+05 4.5000000e+01 1.0650000e+01 0.0000000e+00 3.3844879e+01
1.5600000e+05 4.1000000e+01 1.1550000e+01 0.0000000e+00 1.1895720e+02
1.5606000e+05 3.9000000e+01 1.2350000e+01 0.0000000e+00 1.2544980e+02
1.5612000e+05 3.7000000e+01 1.3050000e+01 0.0000000e+00 1.6978870e+02
1.5618000e+05 3.6000000e+01 1.3950000e+01 0.0000000e+00 2.4583270e+02
1.5624000e+05 3.6000000e+01 1.4450000e+01 0.0000000e+00 2.4862500e+02
1.5630000e+05 3.5000000e+01 1.5050000e+01 0.0000000e+00 3.1413309e+02
1.5636000e+05 2.9000000e+01 1.6550000e+01 0.0000000e+00 4.4193390e+02
1.5642000e+05 2.7000000e+01 1.7650000e+01 0.0000000e+00 5.2120630e+02
1.5648000e+05 2.9000000e+01 1.7800000e+01 0.0000000e+00 3.3418271e+02
1.5654000e+05 3.2000000e+01 1.8250000e+01 0.0000000e+00 4.1182800e+02
1.5660000e+05 4.4000000e+01 1.7000000e+01 0.0000000e+00 3.4359811e+02
1.5666000e+05 6.1000000e+01 1.4250000e+01 0.0000000e+00 9.8798630e+01
1.5672000e+05 6.4000000e+01 1.2250000e+01 0.0000000e+00 1.2512130e+01
1.5678000e+05 6.4000000e+01 1.1100000e+01 0.0000000e+00 0.0000000e+00
1.5684000e+05 6.5000000e+01 1.0200000e+01 0.0000000e+00 0.0000000e+00
1.5690000e+05 6.6000000e+01 1.0700000e+01 0.0000000e+00 0.0000000e+00
1.5696000e+05 6.9000000e+01 9.8000002e+00 0.0000000e+00 0.0000000e+00
1.5702000e+05 5.5000000e+01 1.0100000e+01 0.0000000e+00 0.0000000e+00
1.5708000e+05 5.5000000e+01 1.0400000e+01 0.0000000e+00 0.0000000e+00
1.5714000e+05 5.4000000e+01 1.1750000e+01 0.0000000e+00 0.0000000e+00
1.5720000e+05 5.6000000e+01 1.1600000e+01 0.0000000e+00 0.0000000e+00
1.5726000e+05 5.4000000e+01 1.2000000e+01 0.0000000e+00 0.0000000e+00
1.5732000e+05 6.3000000e+01 1.1500000e+01 0.0000000e+00 3.1927940e+01
1.5738000e+05 6.3000000e+01 1.1200000e+01 0.0000000e+00 7.2567207e+01
1.5744000e+05 6.3000000e+01 1.2050000e+01 0.0000000e+00 1.5751640e+02
1.5750000e+05 4.7000000e+01 1.4300000e+01 0.0000000e+00 2.7787460e+02
1.5756000e+05 4.2000000e+01 1.7250000e+01 0.0000000e+00 5.1827448e+02
1.5762000e+05 4.3000000e+01 1.8000000e+01 0.0000000e+00 4.2836069e+02
1.5768000e+05 4.0000000e+01 1.7950000e+01 0.0000000e+00 3.2155420e+02
1.5774000e+05 4.6000000e+01 1.6800000e+01 0.0000000e+00 1.0001920e+02
1.5780000e+05 8.9000000e+01 1.3950000e+01 0.0000000e+00 5.8767681e+01
1.5786000e+05 8.7000000e+01 1.2400000e+01 0.0000000e+00 9.9968674e+01
1.5792000e+05 6.4000000e+01 1.4100000e+01 0.0000000e+00 2.9629779e+02
1.5798000e+05 5.5000000e+01 1.5950000e+01 0.0000000e+00 2.8313901e+02
1.5804000e+05 5.6000000e+01 1.6450001e+01 0.0000000e+00 1.4166960e+02
1.5810000e+05 5.7000000e+01 1.5700000e+01 0.0000000e+00 7.2162781e+01
1.5816000e+05 6.6000000e+01 1.4200000e+01 0.0000000e+00 1.9735640e+01
1.5822000e+05 6.7000000e+01 1.2700000e+01 0.0000000e+00 0.0000000e+00
1.5828000e+05 7.2000000e+01 1.1550000e+01 0.0000000e+00 0.0000000e+00
1.5834000e+05 7.3000000e+01 1.0800000e+01 0.0000000e+00 0.0000000e+00
1.5840000e+05 7.3000000e+01 1.0450000e+01 0.0000000e+00 0.0000000e+00
1.5846000e+05 7.2000000e+01 1.0050000e+01 0.0000000e+00 0.0000000e+00
1.5852000e+05 6.6000000e+01 1.0750000e+01 0.0000000e+00 0.0000000e+00
1.5858000e+05 6.6000000e+01 1.1950000e+01 0.0000000e+00 0.0000000e+00
1.5864000e+05 7.0000000e+01 1.0850000e+01 0.0000000e+00 0.0000000e+00
1.5870000e+05 7.3000000e+01 1.0100000e+01 0.0000000e+00 0.0000000e+00
1.5876000e+05 7.3000000e+01 1.0050000e+01 0.0000000e+00 2.6869450e+01
1.5882000e+05 5.8000000e+01 1.1700000e+01 0.0000000e+00 1.0313570e+02
1.5888000e+05 5.3000000e+01 1.4100000e+01 0.0000000e+00 2.7131339e+02
1.5894000e+05 4.6000000e+01 1.6350000e+01 0.0000000e+00 4.0115302e+02
1.5900000e+05 4.4000000e+01 1.8050000e+01 0.0000000e+00 5.1158539e+02
1.5906000e+05 4.5000000e+01 1.8550000e+01 0.0000000e+00 6.0393848e+02
1.5912000e+05 4.2000000e+01 1.9000000e+01 0.0000000e+00 6.6545300e+02
1.5918000e+05 4.1000000e+01 1.9250000e+01 0.0000000e+00 6.0704303e+02
1.5924000e+05 4.4000000e+01 1.9700000e+01 0.0000000e+00 5.4394092e+02
1.5930000e+05 4.6000000e+01 1.9800000e+01 0.0000000e+00 5.2381628e+02
1.5936000e+05 4.4000000e+01 1.8350000e+01 0.0000000e+00 5.0731351e+02
1.5942000e+05 4.8000000e+01 1.7650000e+01 0.0000000e+00 3.7137750e+02
1.5948000e+05 5.2000000e+01 1.6600000e+01 0.0000000e+00 2.7755530e+02
1.5954000e+05 6.0000000e+01 1.5250000e+01 0.0000000e+00 8.3496803e+01
1.5960000e+05 6.3000000e+01 1.4300000e+01 0.0000000e+00 2.1588181e+01
1.5966000e+05 6.5000000e+01 1.3150000e+01 0.0000000e+00 0.0000000e+00
1.5972000e+05 6.9000000e+01 1.2250000e+01 0.0000000e+00 0.0000000e+00
1.5978000e+05 7.3000000e+01 1.1300000e+01 0.0000000e+00 0.0000000e+00
1.5984000e+05 7.6000000e+01 1.0550000e+01 0.0000000e+00 0.0000000e+00
1.5990000e+05 8.3000000e+01 9.2500000e+00 0.0000000e+00 0.0000000e+00
1.5996000e+05 8.6000000e+01 8.8499999e+00 0.0000000e+00 0.0000000e+00
1.6002000e+05 8.5000000e+01 8.5000000e+00 0.0000000e+00 0.0000000e+00
1.6008000e+05 8.4000000e+01 7.9500003e+00 0.0000000e+00 0.0000000e+00
1.6014000e+05 8.8000000e+01 7.8500001e+00 0.0000000e+00 0.0000000e+00
1.6020000e+05 8.9000000e+01 7.6499999e+00 0.0000000e+00 3.9814590e+01
1.6026000e+05 7.6000000e+01 9.6499996e+00 0.0000000e+00 1.6987621e+02
1.6032000e+05 7.0000000e+01 1.1550000e+01 0.0000000e+00 2.8946759e+02
1.6038000e+05 6.3000000e+01 1.3100000e+01 0.0000000e+00 4.1676190e+02
1.6044000e+05 5.6000000e+01 1.5200000e+01 0.0000000e+00 5.3051129e+02
1.6050000e+05 5.2000000e+01 1.7050000e+01 0.0000000e+00 6.2269171e+02
1.6056000e+05 4.8000000e+01 1.8550000e+01 0.0000000e+00 6.8547388e+02
1.6062000e+05 4.7000000e+01 1.9450000e+01 0.0000000e+00 7.0027100e+02
1.6068000e+05 4.6000000e+01 1.9750000e+01 0.0000000e+00 6.7284637e+02
1.6074000e+05 4.5000000e+01 1.9650000e+01 0.0000000e+00 6.1235138e+02
1.6080000e+05 5.5000000e+01 1.7750000e+01 0.0000000e+00 5.1773499e+02
1.6086000e+05 5.4000000e+01 1.6950000e+01 0.0000000e+00 4.0135431e+02
1.6092000e+05 5.5000000e+01 1.7450000e+01 0.0000000e+00 2.8463440e+02
1.6098000e+05 6.0000000e+01 1.6500000e+01 0.0000000e+00 8.5431374e+01
1.6104000e+05 5.9000000e+01 1.5900000e+01 0.0000000e+00 2.0320789e+01
1.6110000e+05 6.7000000e+01 1.4700000e+01 0.0000000e+00 0.0000000e+00
1.6116000e+05 7.2000000e+01 1.2900000e+01 0.0000000e+00 0.0000000e+00
1.6122000e+05 8.2000000e+01 1.1500000e+01 0.0000000e+00 0.0000000e+00
1.6128000e+05 8.7000000e+01 9.8000002e+00 0.0000000e+00 0.0000000e+00
1.6134000e+05 8.8000000e+01 8.8499999e+00 0.0000000e+00 0.0000000e+00
1.6140000e+05 9.2000000e+01 8.1499999e+00 0.0000000e+00 0.0000000e+00
1.6146000e+05 9.3000000e+01 7.5500000e+00 0.0000000e+00 0.0000000e+00
1.6152000e+05 9.1000000e+01 7.1500001e+00 0.0000000e+00 0.0000000e+00
1.6158000e+05 8.7000000e+01 7.5000000e+00 0.0000000e+00 0.0000000e+00
1.6164000e+05 7.0000000e+01 9.0500002e+00 0.0000000e+00 3.9855831e+01
1.6170000e+05 6.9000000e+01 1.1600000e+01 0.0000000e+00 1.8188161e+02
1.6176000e+05 6.4000000e+01 1.3650000e+01 0.0000000e+00 3.0930530e+02
1.6182000e+05 5.4000000e+01 1.5150000e+01 0.0000000e+00 4.3669470e+02
1.6188000e+05 4.6000000e+01 1.6900000e+01 0.0000000e+00 5.5305341e+02
1.6194000e+05 4.3000000e+01 1.8450000e+01 0.0000000e+00 6.4436261e+02
1.6200000e+05 3.9000000e+01 2.0000000e+01 0.0000000e+00 7.0834869e+02
1.6206000e+05 4.0000000e+01 1.9600000e+01 0.0000000e+00 7.2480627e+02
1.6212000e+05 3.8000000e+01 1.9500000e+01 0.0000000e+00 7.0334222e+02
1.6218000e+05 4.2000000e+01 1.9500000e+01 0.0000000e+00 6.4474432e+02
1.6224000e+05 3.9000000e+01 1.9300000e+01 0.0000000e+00 5.5165918e+02
1.6230000e+05 4.0000000e+01 1.9200000e+01 0.0000000e+00 4.3217719e+02
1.6236000e+05 4.7000000e+01 1.8250000e+01 0.0000000e+00 3.0865341e+02
1.6242000e+05 5.3000000e+01 1.6450000e+01 0.0000000e+00 8.0936172e+01
1.6248000e+05 5.6000000e+01 1.4700000e+01 0.0000000e+00 1.5631830e+01
1.6254000e+05 5.6000000e+01 1.3450000e+01 0.0000000e+00 0.0000000e+00
1.6260000e+05 6.1000000e+01 1.2100000e+01 0.0000000e+00 0.0000000e+00
1.6266000e+05 6.6000000e+01 1.0950000e+01 0.0000000e+00 0.0000000e+00
1.6272000e+05 7.0000000e+01 1.0450000e+01 0.0000000e+00 0.0000000e+00
1.6278000e+05 7.1000000e+01 9.8500004e+00 0.0000000e+00 0.0000000e+00
1.6284000e+05 7.7000000e+01 9.0499997e+00 0.0000000e+00 0.0000000e+00
1.6290000e+05 7.0000000e+01 8.9500003e+00 0.0000000e+00 0.0000000e+00
1.6296000e+05 6.8000000e+01 9.5499997e+00 0.0000000e+00 0.0000000e+00
1.6302000e+05 7.0000000e+01 9.0500002e+00 0.0000000e+00 0.0000000e+00
1.6308000e+05 7.2000000e+01 9.5000000e+00 0.0000000e+00 3.8584400e+01
1.6314000e+05 7.1000000e+01 1.0200000e+01 0.0000000e+00 1.9311301e+02
1.6320000e+05 6.4000000e+01 1.1950000e+01 0.0000000e+00 3.1829919e+02
1.6326000e+05 6.1000000e+01 1.3050000e+01 0.0000000e+00 4.2928430e+02
1.6332000e+05 6.5000000e+01 1.3750000e+01 0.0000000e+00 5.7828052e+02
1.6338000e+05 6.7000000e+01 1.3850000e+01 0.0000000e+00 6.5467712e+02
1.6344000e+05 7.0000000e+01 1.3400000e+01 0.0000000e+00 7.1765527e+02
1.6350000e+05 7.1000000e+01 1.2800000e+01 0.0000000e+00 7.3096252e+02
1.6356000e+05 7.1000000e+01 1.2450000e+01 0.0000000e+00 7.0850409e+02
1.6362000e+05 7.1000000e+01 1.2450000e+01 0.0000000e+00 6.4355798e+02
1.6368000e+05 7.1000000e+01 1.2600000e+01 0.0000000e+00 5.2947412e+02
1.6374000e+05 7.3000000e+01 1.2200000e+01 0.0000000e+00 4.2739441e+02
1.6380000e+05 7.7000000e+01 1.1450000e+01 0.0000000e+00 3.0856061e+02
1.6386000e+05 8.4000000e+01 1.0200000e+01 0.0000000e+00 8.5798592e+01
1.6392000e+05 8.8000000e+01 9.0499997e+00 0.0000000e+00 1.9127819e+01
1.6398000e+05 9.0000000e+01 8.4000001e+00 0.0000000e+00 0.0000000e+00
1.6404000e+05 9.3000000e+01 7.5000000e+00 0.0000000e+00 0.0000000e+00
1.6410000e+05 9.4000000e+01 6.6499999e+00 0.0000000e+00 0.0000000e+00
1.6416000e+05 9.5000000e+01 6.0500000e+00 0.0000000e+00 0.0000000e+00
1.6422000e+05 9.6000000e+01 5.5999999e+00 0.0000000e+00 0.0000000e+00
1.6428000e+05 9.6000000e+01 4.8500001e+00 0.0000000e+00 0.0000000e+00
1.6434000e+05 9.7000000e+01 4.4499998e+00 0.0000000e+00 0.0000000e+00
1.6440000e+05 9.7000000e+01 5.0000000e+00 0.0000000e+00 0.0000000e+00
1.6446000e+05 9.7000000e+01 5.5999999e+00 0.0000000e+00 0.0000000e+00
1.6452000e+05 9.7000000e+01 5.8000000e+00 0.0000000e+00 1.7272200e+01
1.6458000e+05 9.7000000e+01 5.8499999e+00 0.0000000e+00 5.1024109e+01
1.6464000e+05 9.7000000e+01 6.1500001e+00 0.0000000e+00 1.1010460e+02
1.6470000e+05 9.7000000e+01 6.8000002e+00 0.0000000e+00 2.5298640e+02
1.6476000e+05 8.8000000e+01 7.8999999e+00 0.0000000e+00 5.0263501e+02
1.6482000e+05 7.8000000e+01 1.0200000e+01 0.0000000e+00 6.4668103e+02
1.6488000e+05 7.4000000e+01 1.1700000e+01 0.0000000e+00 7.0569287e+02
1.6494000e+05 7.2000000e+01 1.2650000e+01 0.0000000e+00 7.2325439e+02
1.6500000e+05 6.7000000e+01 1.3750000e+01 0.0000000e+00 6.9754773e+02
1.6506000e+05 6.6000000e+01 1.4300000e+01 0.0000000e+00 6.3448022e+02
1.6512000e+05 7.0000000e+01 1.3800000e+01 0.0000000e+00 5.4233038e+02
1.6518000e+05 7.5000000e+01 1.2650000e+01 0.0000000e+00 4.2458090e+02
1.6524000e+05 8.1000000e+01 1.1050000e+01 0.0000000e+00 3.0792291e+02
1.6530000e+05 8.7000000e+01 9.3500004e+00 0.0000000e+00 8.8644493e+01
1.6536000e+05 9.1000000e+01 8.0500002e+00 0.0000000e+00 2.4630760e+01
1.6542000e+05 9.4000000e+01 7.2000000e+00 0.0000000e+00 2.4640870e+00
1.6548000e+05 9.6000000e+01 6.9000001e+00 0.0000000e+00 0.0000000e+00
1.6554000e+05 9.7000000e+01 6.7500000e+00 0.0000000e+00 0.0000000e+00
1.6560000e+05 9.7000000e+01 6.8000000e+00 0.0000000e+00 0.0000000e+00
1.6566000e+05 9.7000000e+01 6.8000000e+00 0.0000000e+00 0.0000000e+00
1.6572000e+05 9.8000000e+01 6.8000000e+00 0.0000000e+00 0.0000000e+00
1.6578000e+05 9.8000000e+01 7.0000000e+00 0.0000000e+00 0.0000000e+00
1.6584000e+05 9.8000000e+01 7.1499999e+00 0.0000000e+00 0.0000000e+00
1.6590000e+05 9.8000000e+01 7.3499999e+00 0.0000000e+00 0.0000000e+00
1.6596000e+05 9.8000000e+01 7.5999999e+00 0.0000000e+00 1.1626180e+01
1.6602000e+05 9.7000000e+01 7.8499999e+00 0.0000000e+00 1.3291400e+01
1.6608000e+05 9.7000000e+01 8.0500000e+00 0.0000000e+00 1.8325220e+01
1.6614000e+05 9.7000000e+01 8.3500004e+00 0.0000000e+00 2.9243950e+01
1.6620000e+05 9.6000000e+01 9.0000000e+00 0.0000000e+00 8.7165710e+01
1.6626000e+05 9.3000000e+01 9.5500002e+00 0.0000000e+00 1.4058180e+02
1.6632000e+05 9.4000000e+01 9.8499999e+00 0.0000000e+00 7.4763733e+01
1.6638000e+05 9.4000000e+01 9.8499999e+00 0.0000000e+00 6.9037727e+01
1.6644000e+05 9.4000000e+01 1.0150000e+01 0.0000000e+00 1.2749680e+02
1.6650000e+05 9.3000000e+01 1.0350000e+01 0.0000000e+00 1.4560609e+02
1.6656000e+05 9.4000000e+01 1.0200000e+01 0.0000000e+00 6.8767143e+01
1.6662000e+05 9.5000000e+01 9.9499998e+00 0.0000000e+00 7.3913460e+01
1.6668000e+05 9.3000000e+01 1.0300000e+01 0.0000000e+00 6.9725052e+01
1.6674000e+05 9.3000000e+01 1.0000000e+01 0.0000000e+00 5.3889309e+01
1.6680000e+05 9.5000000e+01 9.0000000e+00 0.0000000e+00 9.4215469e+00
1.6686000e+05 9.6000000e+01 8.0500002e+00 0.0000000e+00 0.0000000e+00
1.6692000e+05 9.7000000e+01 7.6500001e+00 0.0000000e+00 0.0000000e+00
1.6698000e+05 9.7000000e+01 7.5000000e+00 0.0000000e+00 0.0000000e+00
1.6704000e+05 9.6000000e+01 7.2000000e+00 0.0000000e+00 0.0000000e+00
1.6710000e+05 9.6000000e+01 6.5999999e+00 0.0000000e+00 0.0000000e+00
1.6716000e+05 9.7000000e+01 6.2000000e+00 0.0000000e+00 0.0000000e+00
1.6722000e+05 9.6000000e+01 6.0999999e+00 0.0000000e+00 0.0000000e+00
1.6728000e+05 9.6000000e+01 5.9500000e+00 0.0000000e+00 0.0000000e+00
1.6734000e+05 9.6000000e+01 5.9000001e+00 0.0000000e+00 0.0000000e+00
1.6740000e+05 9.6000000e+01 6.2000000e+00 0.0000000e+00 2.5636990e+01
1.6746000e+05 9.5000000e+01 6.6000001e+00 0.0000000e+00 6.5807404e+01
1.6752000e+05 8.8000000e+01 7.0000000e+00 0.0000000e+00 1.7381660e+02
1.6758000e+05 8.4000000e+01 7.8499999e+00 0.0000000e+00 2.2038470e+02
1.6764000e+05 8.3000000e+01 8.2000000e+00 0.0000000e+00 1.4967529e+02
1.6770000e+05 8.0000000e+01 8.6000001e+00 0.0000000e+00 2.6889569e+02
1.6776000e+05 7.5000000e+01 9.2500000e+00 0.0000000e+00 2.9825562e+02
1.6782000e+05 7.2000000e+01 1.0300000e+01 0.0000000e+00 5.4741998e+02
1.6788000e+05 6.7000000e+01 1.1400000e+01 0.0000000e+00 5.9744672e+02
1.6794000e+05 6.6000000e+01 1.1450000e+01 0.0000000e+00 5.0411911e+02
1.6800000e+05 6.6000000e+01 1.1250000e+01 0.0000000e+00 4.4873749e+02
1.6806000e+05 7.2000000e+01 1.0550000e+01 0.0000000e+00 2.8434052e+02
1.6812000e+05 7.5000000e+01 8.6999998e+00 0.0000000e+00 7.2256470e+01
1.6818000e+05 7.5000000e+01 7.8499999e+00 0.0000000e+00 4.0137909e+01
1.6824000e+05 7.7000000e+01 7.4000001e+00 0.0000000e+00 2.7715099e+01
1.6830000e+05 8.3000000e+01 7.1000001e+00 0.0000000e+00 4.4323421e+00
1.6836000e+05 8.5000000e+01 6.9500000e+00 0.0000000e+00 0.0000000e+00
1.6842000e+05 8.5000000e+01 6.9500000e+00 0.0000000e+00 0.0000000e+00
1.6848000e+05 8.0000000e+01 7.4000001e+00 0.0000000e+00 0.0000000e+00
1.6854000e+05 8.7000000e+01 7.8000000e+00 0.0000000e+00 0.0000000e+00
1.6860000e+05 9.0000000e+01 7.8500001e+00 0.0000000e+00 0.0000000e+00
1.6866000e+05 8.2000000e+01 8.2500000e+00 0.0000000e+00 0.0000000e+00
1.6872000e+05 9.1000000e+01 8.5000000e+00 0.0000000e+00 0.0000000e+00
1.6878000e+05 9.2000000e+01 8.3500004e+00 0.0000000e+00 0.0000000e+00
1.6884000e+05 9.4000000e+01 8.2500000e+00 0.0000000e+00 2.1625581e+00
1.6890000e+05 9.2000000e+01 8.5999999e+00 0.0000000e+00 2.4480560e+01
1.6896000e+05 8.2000000e+01 9.4500003e+00 0.0000000e+00 4.8219391e+01
1.6902000e+05 9.2000000e+01 9.8499999e+00 0.0000000e+00 6.8468483e+01
1.6908000e+05 9.0000000e+01 9.5999999e+00 0.0000000e+00 8.0274689e+01
1.6914000e+05 9.2000000e+01 1.0050000e+01 0.0000000e+00 1.0309320e+02
1.6920000e+05 9.3000000e+01 1.0000000e+01 0.0000000e+00 1.0097530e+02
1.6926000e+05 9.4000000e+01 9.4499998e+00 0.0000000e+00 1.2934210e+02
1.6932000e+05 9.2000000e+01 8.4500000e+00 0.0000000e+00 7.4627777e+01
1.6938000e+05 9.1000000e+01 7.5999999e+00 0.0000000e+00 1.0411350e+02
1.6944000e+05 9.1000000e+01 7.2500000e+00 0.0000000e+00 1.0213730e+02
1.6950000e+05 9.2000000e+01 6.8000000e+00 0.0000000e+00 4.9723049e+01
1.6956000e+05 8.7000000e+01 6.6000001e+00 0.0000000e+00 6.2549561e+01
1.6962000e+05 8.9000000e+01 6.7000000e+00 0.0000000e+00 8.9309860e+01
1.6968000e+05 9.2000000e+01 6.2000000e+00 0.0000000e+00 5.1868179e+01
1.6974000e+05 9.4000000e+01 5.1000001e+00 0.0000000e+00 1.2958020e+01
1.6980000e+05 9.5000000e+01 3.9000000e+00 0.0000000e+00 0.0000000e+00
1.6986000e+05 9.5000000e+01 3.0500000e+00 0.0000000e+00 0.0000000e+00
1.6992000e+05 9.6000000e+01 2.7000000e+00 0.0000000e+00 0.0000000e+00
1.6998000e+05 9.5000000e+01 2.4000000e+00 0.0000000e+00 0.0000000e+00
1.7004000e+05 9.6000000e+01 2.1000000e+00 0.0000000e+00 0.0000000e+00
1.7010000e+05 9.6000000e+01 1.9000000e+00 0.0000000e+00 0.0000000e+00
1.7016000e+05 9.6000000e+01 1.6500000e+00 0.0000000e+00 0.0000000e+00
1.7022000e+05 9.5000000e+01 1.5000000e+00 0.0000000e+00 5.4173951e+00
1.7028000e+05 8.6000000e+01 2.7499999e+00 0.0000000e+00 4.4900391e+01
1.7034000e+05 6.7000000e+01 5.0999999e+00 0.0000000e+00 2.2374670e+02
1.7040000e+05 6.5000000e+01 7.0000000e+00 0.0000000e+00 3.1514569e+02
1.7046000e+05 5.9000000e+01 8.5000000e+00 0.0000000e+00 4.6831799e+02
1.7052000e+05 5.7000000e+01 9.6999998e+00 0.0000000e+00 4.5919870e+02
1.7058000e+05 5.7000000e+01 1.0450000e+01 0.0000000e+00 4.1267569e+02
1.7064000e+05 6.0000000e+01 1.0500000e+01 0.0000000e+00 3.7042831e+02
1.7070000e+05 5.8000000e+01 1.0100000e+01 0.0000000e+00 3.7709390e+02
1.7076000e+05 6.2000000e+01 9.6499996e+00 0.0000000e+00 2.6137460e+02
1.7082000e+05 6.2000000e+01 9.5499997e+00 0.0000000e+00 2.0595061e+02
1.7088000e+05 6.0000000e+01 9.7500000e+00 0.0000000e+00 2.5000150e+02
1.7094000e+05 6.5000000e+01 9.9000001e+00 0.0000000e+00 1.7739200e+02
1.7100000e+05 6.9000000e+01 9.5499997e+00 0.0000000e+00 1.1479060e+02
1.7106000e+05 7.6000000e+01 9.2500000e+00 0.0000000e+00 4.1317249e+01
1.7112000e+05 8.4000000e+01 8.7500000e+00 0.0000000e+00 1.3661070e+01
1.7118000e+05 8.7000000e+01 8.2500002e+00 0.0000000e+00 0.0000000e+00
1.7124000e+05 8.8000000e+01 7.8000000e+00 0.0000000e+00 0.0000000e+00
1.7130000e+05 9.1000000e+01 7.3999999e+00 0.0000000e+00 0.0000000e+00
1.7136000e+05 9.0000000e+01 7.1499999e+00 0.0000000e+00 0.0000000e+00
1.7142000e+05 9.1000000e+01 7.3000000e+00 0.0000000e+00 0.0000000e+00
1.7148000e+05 9.2000000e+01 7.4500000e+00 0.0000000e+00 0.0000000e+00
1.7154000e+05 9.0000000e+01 7.4000001e+00 0.0000000e+00 0.0000000e+00
1.7160000e+05 9.0000000e+01 7.6500001e+00 0.0000000e+00 0.0000000e+00
1.7166000e+05 8.1000000e+01 7.9500000e+00 0.0000000e+00 0.0000000e+00
1.7172000e+05 8.7000000e+01 8.7000003e+00 0.0000000e+00 1.2653000e+01
1.7178000e+05 9.0000000e+01 8.5499997e+00 0.0000000e+00 1.1176000e+01
1.7184000e+05 8.6000000e+01 8.9499998e+00 0.0000000e+00 3.9771000e+01
1.7190000e+05 9.0000000e+01 9.5999999e+00 0.0000000e+00 8.6556000e+01
1.7196000e+05 8.3000000e+01 1.0500000e+01 0.0000000e+00 2.0124400e+02
1.7202000e+05 7.6000000e+01 1.2000000e+01 0.0000000e+00 2.1308200e+02
1.7208000e+05 7.1000000e+01 1.2950000e+01 0.0000000e+00 2.0470900e+02
1.7214000e+05 7.5000000e+01 1.3600000e+01 0.0000000e+00 1.6539900e+02
1.7220000e+05 7.1000000e+01 1.3550000e+01 0.0000000e+00 1.3354700e+02
1.7226000e+05 7.0000000e+01 1.4350000e+01 0.0000000e+00 2.2179100e+02
1.7232000e+05 7.5000000e+01 1.4250000e+01 0.0000000e+00 1.4274200e+02
1.7238000e+05 7.5000000e+01 1.4200000e+01 0.0000000e+00 1.0939700e+02
1.7244000e+05 7.4000000e+01 1.4600000e+01 0.0000000e+00 1.0836600e+02
1.7250000e+05 7.8000000e+01 1.4700000e+01 0.0000000e+00 1.0913100e+02
1.7256000e+05 7.9000000e+01 1.3950000e+01 0.0000000e+00 2.4386999e+01
1.7262000e+05 7.5000000e+01 1.3100000e+01 0.0000000e+00 5.6770000e+00
1.7268000e+05 7.8000000e+01 1.2600000e+01 0.0000000e+00 0.0000000e+00
1.7274000e+05 8.1000000e+01 1.2000000e+01 0.0000000e+00 0.0000000e+00
1.7280000e+05 8.2000000e+01 1.1300000e+01 0.0000000e+00 0.0000000e+00
1.7286000e+05 7.9000000e+01 1.0850000e+01 0.0000000e+00 0.0000000e+00
1.7292000e+05 7.9000000e+01 1.0850000e+01 0.0000000e+00 0.0000000e+00
1.7298000e+05 7.5000000e+01 1.1550000e+01 0.0000000e+00 0.0000000e+00
1.7304000e+05 7.5000000e+01 1.2100000e+01 0.0000000e+00 0.0000000e+00
1.7310000e+05 7.4000000e+01 1.2250000e+01 0.0000000e+00 1.2070000e+00
1.7316000e+05 6.8000000e+01 1.2900000e+01 0.0000000e+00 1.2100000e+01
1.7322000e+05 7.1000000e+01 1.3600000e+01 0.0000000e+00 7.1178001e+01
1.7328000e+05 5.8000000e+01 1.4850000e+01 0.0000000e+00 1.8301801e+02
1.7334000e+05 6.1000000e+01 1.6050000e+01 0.0000000e+00 2.7239899e+02
1.7340000e+05 5.0000000e+01 1.7550000e+01 0.0000000e+00 5.5995300e+02
1.7346000e+05 4.8000000e+01 1.9000000e+01 0.0000000e+00 6.8320203e+02
1.7352000e+05 4.2000000e+01 2.0550000e+01 0.0000000e+00 7.3337402e+02
1.7358000e+05 4.3000000e+01 2.1650001e+01 0.0000000e+00 7.1418597e+02
1.7364000e+05 4.1000000e+01 2.1599999e+01 0.0000000e+00 6.4998798e+02
1.7370000e+05 4.8000000e+01 2.1150000e+01 0.0000000e+00 5.1431799e+02
1.7376000e+05 6.1000000e+01 1.8850000e+01 0.0000000e+00 4.4129599e+02
1.7382000e+05 6.0000000e+01 1.8250000e+01 0.0000000e+00 3.2336600e+02
1.7388000e+05 6.9000000e+01 1.8100000e+01 0.0000000e+00 2.4612500e+02
1.7394000e+05 6.7000000e+01 1.6900001e+01 0.0000000e+00 1.1409200e+02
1.7400000e+05 7.1000000e+01 1.6450001e+01 0.0000000e+00 6.0320999e+01
1.7406000e+05 7.1000000e+01 1.5700000e+01 0.0000000e+00 1.3121000e+01
1.7412000e+05 7.5000000e+01 1.4650000e+01 0.0000000e+00 0.0000000e+00
1.7418000e+05 7.9000000e+01 1.3550000e+01 0.0000000e+00 0.0000000e+00
1.7424000e+05 6.5000000e+01 1.3500000e+01 0.0000000e+00 0.0000000e+00
1.7430000e+05 7.0000000e+01 1.3900000e+01 0.0000000e+00 0.0000000e+00
1.7436000e+05 8.2000000e+01 1.2450000e+01 0.0000000e+00 0.0000000e+00
1.7442000e+05 8.4000000e+01 1.1000000e+01 0.0000000e+00 0.0000000e+00
1.7448000e+05 8.2000000e+01 1.0600000e+01 0.0000000e+00 0.0000000e+00
1.7454000e+05 7.4000000e+01 1.0850000e+01 0.0000000e+00 1.8657000e+01
1.7460000e+05 5.5000000e+01 1.3250000e+01 0.0000000e+00 8.4491997e+01
1.7466000e+05 5.5000000e+01 1.4850000e+01 0.0000000e+00 1.2299400e+02
1.7472000e+05 5.2000000e+01 1.6150000e+01 0.0000000e+00 3.1962000e+02
1.7478000e+05 5.7000000e+01 1.6850000e+01 0.0000000e+00 3.3372601e+02
1.7484000e+05 5.9000000e+01 1.6700000e+01 0.0000000e+00 3.9178000e+02
1.7490000e+05 5.4000000e+01 1.8050000e+01 0.0000000e+00 4.6878900e+02
1.7496000e+05 5.0000000e+01 1.8350000e+01 0.0000000e+00 4.6666800e+02
1.7502000e+05 5.2000000e+01 1.8850000e+01 0.0000000e+00 3.5300500e+02
1.7508000e+05 5.0000000e+01 1.9099999e+01 0.0000000e+00 3.6848401e+02
1.7514000e+05 4.8000000e+01 1.9849999e+01 0.0000000e+00 3.9646100e+02
1.7520000e+05 5.7000000e+01 1.9500000e+01 0.0000000e+00 4.3754599e+02
1.7526000e+05 5.9000000e+01 1.7099999e+01 0.0000000e+00 3.3498901e+02
1.7532000e+05 5.6000000e+01 1.6849999e+01 0.0000000e+00 2.9416101e+02
1.7538000e+05 6.3000000e+01 1.6400000e+01 0.0000000e+00 1.6080099e+02
1.7544000e+05 6.2000000e+01 1.5250000e+01 0.0000000e+00 2.0011999e+01
1.7550000e+05 6.7000000e+01 1.4150000e+01 0.0000000e+00 1.3400000e-01
1.7556000e+05 6.8000000e+01 1.3150000e+01 0.0000000e+00 0.0000000e+00
1.7562000e+05 7.2000000e+01 1.2450000e+01 0.0000000e+00 0.0000000e+00
1.7568000e+05 7.4000000e+01 1.1450000e+01 0.0000000e+00 0.0000000e+00
1.7574000e+05 7.1000000e+01 1.1250000e+01 0.0000000e+00 0.0000000e+00
1.7580000e+05 5.7000000e+01 1.1750000e+01 0.0000000e+00 0.0000000e+00
1.7586000e+05 6.1000000e+01 1.2350000e+01 0.0000000e+00 0.0000000e+00
1.7592000e+05 5.4000000e+01 1.2600000e+01 0.0000000e+00 0.0000000e+00
1.7598000e+05 4.6000000e+01 1.4100000e+01 0.0000000e+00 8.7570000e+00
1.7604000e+05 4.3000000e+01 1.5100000e+01 0.0000000e+00 2.8153999e+01
1.7610000e+05 4.7000000e+01 1.4500000e+01 0.0000000e+00 3.1927000e+01
1.7616000e+05 4.3000000e+01 1.5599999e+01 0.0000000e+00 1.2557300e+02
1.7622000e+05 3.9000000e+01 1.8150000e+01 0.0000000e+00 4.5003601e+02
1.7628000e+05 4.2000000e+01 1.9450000e+01 0.0000000e+00 2.9543399e+02
1.7634000e+05 4.4000000e+01 1.8250000e+01 0.0000000e+00 5.5639999e+01
1.7640000e+05 4.3000000e+01 1.9050000e+01 0.0000000e+00 2.4995000e+02
1.7646000e+05 4.2000000e+01 2.1099999e+01 0.0000000e+00 4.7740799e+02
1.7652000e+05 3.8000000e+01 2.2700000e+01 0.0000000e+00 5.1858899e+02
1.7658000e+05 3.4000000e+01 2.3250000e+01 0.0000000e+00 4.6632001e+02
1.7664000e+05 3.4000000e+01 2.3799999e+01 0.0000000e+00 4.6457901e+02
1.7670000e+05 3.9000000e+01 2.3000000e+01 0.0000000e+00 1.9761700e+02
1.7676000e+05 3.8000000e+01 2.2250000e+01 0.0000000e+00 2.0965800e+02
1.7682000e+05 4.2000000e+01 2.0549999e+01 0.0000000e+00 1.1492400e+02
1.7688000e+05 5.5000000e+01 1.8849999e+01 0.0000000e+00 1.6886000e+01
1.7694000e+05 5.9000000e+01 1.6800000e+01 0.0000000e+00 7.4400002e-01
1.7700000e+05 6.4000000e+01 1.4800000e+01 0.0000000e+00 0.0000000e+00
1.7706000e+05 7.2000000e+01 1.3200000e+01 0.0000000e+00 0.0000000e+00
1.7712000e+05 6.9000000e+01 1.2000000e+01 0.0000000e+00 0.0000000e+00
1.7718000e+05 5.7000000e+01 1.2250000e+01 0.0000000e+00 0.0000000e+00
1.7724000e+05 5.3000000e+01 1.2600000e+01 0.0000000e+00 0.0000000e+00
1.7730000e+05 5.3000000e+01 1.2600000e+01 0.0000000e+00 0.0000000e+00
1.7736000e+05 4.9000000e+01 1.2650000e+01 0.0000000e+00 0.0000000e+00
1.7742000e+05 4.8000000e+01 1.3150000e+01 0.0000000e+00 5.0370002e+00
1.7748000e+05 4.1000000e+01 1.4550000e+01 0.0000000e+00 3.2351002e+01
1.7754000e+05 3.8000000e+01 1.6450000e+01 0.0000000e+00 2.4839400e+02
1.7760000e+05 3.5000000e+01 1.7900000e+01 0.0000000e+00 3.7926999e+02
1.7766000e+05 3.5000000e+01 1.9400000e+01 0.0000000e+00 5.1528003e+02
1.7772000e+05 3.5000000e+01 2.0750000e+01 0.0000000e+00 6.2785498e+02
1.7778000e+05 3.3000000e+01 2.1849999e+01 0.0000000e+00 7.1543402e+02
1.7784000e+05 2.4000000e+01 2.3250000e+01 0.0000000e+00 7.7957800e+02
1.7790000e+05 2.2000000e+01 2.3900001e+01 0.0000000e+00 7.8806201e+02
1.7796000e+05 2.3000000e+01 2.4500000e+01 0.0000000e+00 7.8146899e+02
1.7802000e+05 2.5000000e+01 2.3500000e+01 0.0000000e+00 7.1803198e+02
1.7808000e+05 2.8000000e+01 2.2349999e+01 0.0000000e+00 5.7210101e+02
1.7814000e+05 3.0000000e+01 2.1800000e+01 0.0000000e+00 4.6974799e+02
1.7820000e+05 2.9000000e+01 2.1000000e+01 0.0000000e+00 3.7702600e+02
1.7826000e+05 3.8000000e+01 1.9000000e+01 0.0000000e+00 1.4351199e+02
1.7832000e+05 4.1000000e+01 1.7250000e+01 0.0000000e+00 2.6959000e+01
1.7838000e+05 4.4000000e+01 1.6200000e+01 0.0000000e+00 4.5840001e+00
1.7844000e+05 4.9000000e+01 1.5200000e+01 0.0000000e+00 0.0000000e+00
1.7850000e+05 5.0000000e+01 1.4300000e+01 0.0000000e+00 0.0000000e+00
1.7856000e+05 5.7000000e+01 1.3650000e+01 0.0000000e+00 0.0000000e+00
1.7862000e+05 5.0000000e+01 1.3500000e+01 0.0000000e+00 0.0000000e+00
1.7868000e+05 4.9000000e+01 1.3700000e+01 0.0000000e+00 0.0000000e+00
1.7874000e+05 4.9000000e+01 1.3550000e+01 0.0000000e+00 0.0000000e+00
1.7880000e+05 4.7000000e+01 1.3650000e+01 0.0000000e+00 0.0000000e+00
1.7886000e+05 4.5000000e+01 1.4200000e+01 0.0000000e+00 1.7400000e+00
1.7892000e+05 4.8000000e+01 1.5200000e+01 0.0000000e+00 2.9719999e+01
1.7898000e+05 4.2000000e+01 1.7099999e+01 0.0000000e+00 2.5898700e+02
1.7904000e+05 3.9000000e+01 1.8500000e+01 0.0000000e+00 3.5434000e+02
1.7910000e+05 3.8000000e+01 1.9450000e+01 0.0000000e+00 5.0410800e+02
1.7916000e+05 3.8000000e+01 2.0950000e+01 0.0000000e+00 6.3775702e+02
1.7922000e+05 3.2000000e+01 2.2250000e+01 0.0000000e+00 7.1022803e+02
1.7928000e+05 3.3000000e+01 2.3050000e+01 0.0000000e+00 7.6791302e+02
1.7934000e+05 3.2000000e+01 2.3400001e+01 0.0000000e+00 7.7922601e+02
1.7940000e+05 3.5000000e+01 2.4050000e+01 0.0000000e+00 7.5544202e+02
1.7946000e+05 3.1000000e+01 2.4050000e+01 0.0000000e+00 6.9373700e+02
1.7952000e+05 3.0000000e+01 2.3350000e+01 0.0000000e+00 5.9821301e+02
1.7958000e+05 3.6000000e+01 2.2000000e+01 0.0000000e+00 4.7827100e+02
1.7964000e+05 3.6000000e+01 2.1250000e+01 0.0000000e+00 3.5323599e+02
1.7970000e+05 4.3000000e+01 1.9099999e+01 0.0000000e+00 1.2074400e+02
1.7976000e+05 4.5000000e+01 1.7550000e+01 0.0000000e+00 1.4600000e+01
1.7982000e+05 4.6000000e+01 1.6650001e+01 0.0000000e+00 2.5920000e+00
1.7988000e+05 5.0000000e+01 1.5600000e+01 0.0000000e+00 0.0000000e+00
1.7994000e+05 5.6000000e+01 1.4600000e+01 0.0000000e+00 0.0000000e+00
1.8000000e+05 5.8000000e+01 1.3850000e+01 0.0000000e+00 0.0000000e+00
1.8006000e+05 6.2000000e+01 1.3700000e+01 0.0000000e+00 0.0000000e+00
1.8012000e+05 6.2000000e+01 1.3700000e+01 0.0000000e+00 0.0000000e+00
1.8018000e+05 6.9000000e+01 1.3400000e+01 0.0000000e+00 0.0000000e+00
1.8024000e+05 6.3000000e+01 1.3050000e+01 0.0000000e+00 0.0000000e+00
1.8030000e+05 6.4000000e+01 1.3400000e+01 0.0000000e+00 5.1329999e+00
1.8036000e+05 5.1000000e+01 1.5050000e+01 0.0000000e+00 4.0916000e+01
1.8042000e+05 5.1000000e+01 1.7900001e+01 0.0000000e+00 2.4477499e+02
1.8048000e+05 5.4000000e+01 1.8300000e+01 0.0000000e+00 3.5634799e+02
1.8054000e+05 4.6000000e+01 1.9250000e+01 0.0000000e+00 4.9756000e+02
1.8060000e+05 3.8000000e+01 2.1200000e+01 0.0000000e+00 6.3410999e+02
1.8066000e+05 2.9000000e+01 2.2450000e+01 0.0000000e+00 7.1234900e+02
1.8072000e+05 3.1000000e+01 2.2950000e+01 0.0000000e+00 8.4238599e+02
1.8078000e+05 3.4000000e+01 2.2849999e+01 0.0000000e+00 8.4319501e+02
1.8084000e+05 4.6000000e+01 2.1600000e+01 0.0000000e+00 6.6025500e+02
1.8090000e+05 4.9000000e+01 1.9400001e+01 0.0000000e+00 2.8964700e+02
1.8096000e+05 5.4000000e+01 1.8350000e+01 0.0000000e+00 1.5220200e+02
1.8102000e+05 4.3000000e+01 1.8900000e+01 0.0000000e+00 3.9654300e+02
1.8108000e+05 4.3000000e+01 1.9050000e+01 0.0000000e+00 3.5356601e+02
1.8114000e+05 4.9000000e+01 1.7550000e+01 0.0000000e+00 1.3675700e+02
1.8120000e+05 5.1000000e+01 1.6200000e+01 0.0000000e+00 2.8087000e+01
1.8126000e+05 5.3000000e+01 1.5400000e+01 0.0000000e+00 6.0980000e+00
1.8132000e+05 5.7000000e+01 1.4300000e+01 0.0000000e+00 0.0000000e+00
1.8138000e+05 5.7000000e+01 1.3650000e+01 0.0000000e+00 0.0000000e+00
1.8144000e+05 6.1000000e+01 1.3350000e+01 0.0000000e+00 0.0000000e+00
1.8150000e+05 5.8000000e+01 1.3600000e+01 0.0000000e+00 0.0000000e+00
1.8156000e+05 5.6000000e+01 1.4150000e+01 0.0000000e+00 0.0000000e+00
1.8162000e+05 6.2000000e+01 1.4000000e+01 0.0000000e+00 0.0000000e+00
1.8168000e+05 6.0000000e+01 1.3900000e+01 0.0000000e+00 0.0000000e+00
1.8174000e+05 6.0000000e+01 1.3950000e+01 0.0000000e+00 1.2217000e+01
1.8180000e+05 6.0000000e+01 1.4500000e+01 0.0000000e+00 4.1846001e+01
1.8186000e+05 6.4000000e+01 1.5400000e+01 0.0000000e+00 9.7938004e+01
1.8192000e+05 4.6000000e+01 1.7600000e+01 0.0000000e+00 2.6473300e+02
1.8198000e+05 4.2000000e+01 1.9350000e+01 0.0000000e+00 4.0390399e+02
1.8204000e+05 4.4000000e+01 2.0000000e+01 0.0000000e+00 5.0060501e+02
1.8210000e+05 4.3000000e+01 2.0049999e+01 0.0000000e+00 5.9455402e+02
1.8216000e+05 4.1000000e+01 2.0650000e+01 0.0000000e+00 6.7585498e+02
1.8222000e+05 4.3000000e+01 2.0050000e+01 0.0000000e+00 5.2277600e+02
1.8228000e+05 7.6000000e+01 1.7650000e+01 0.0000000e+00 5.2239502e+02
1.8234000e+05 8.5000000e+01 1.3650000e+01 0.0000000e+00 3.0258301e+02
1.8240000e+05 8.9000000e+01 1.1700000e+01 0.0000000e+00 4.9138000e+01
1.8246000e+05 9.3000000e+01 1.1150000e+01 0.0000000e+00 3.2074001e+01
1.8252000e+05 9.3000000e+01 1.1050000e+01 0.0000000e+00 2.8489000e+01
1.8258000e+05 9.3000000e+01 1.0850000e+01 0.0000000e+00 2.9030001e+00
1.8264000e+05 9.5000000e+01 1.0450000e+01 0.0000000e+00 0.0000000e+00
1.8270000e+05 9.4000000e+01 1.0250000e+01 0.0000000e+00 0.0000000e+00
1.8276000e+05 9.4000000e+01 9.9000001e+00 0.0000000e+00 0.0000000e+00
1.8282000e+05 9.5000000e+01 9.2000003e+00 0.0000000e+00 0.0000000e+00
1.8288000e+05 9.5000000e+01 8.5000000e+00 0.0000000e+00 0.0000000e+00
1.8294000e+05 9.5000000e+01 8.0000000e+00 0.0000000e+00 0.0000000e+00
1.8300000e+05 9.6000000e+01 7.5500002e+00 0.0000000e+00 0.0000000e+00
1.8306000e+05 9.5000000e+01 7.2500000e+00 0.0000000e+00 0.0000000e+00
1.8312000e+05 9.6000000e+01 7.0999999e+00 0.0000000e+00 0.0000000e+00
1.8318000e+05 9.6000000e+01 7.3499999e+00 0.0000000e+00 2.8900000e-01
1.8324000e+05 9.5000000e+01 7.7500000e+00 0.0000000e+00 4.4938000e+01
1.8330000e+05 9.0000000e+01 8.4000001e+00 0.0000000e+00 1.0533300e+02
1.8336000e+05 8.4000000e+01 8.8000002e+00 0.0000000e+00 1.0961300e+02
1.8342000e+05 8.7000000e+01 8.9499998e+00 0.0000000e+00 1.9333400e+02
1.8348000e+05 8.6000000e+01 9.2999997e+00 0.0000000e+00 2.3778300e+02
1.8354000e+05 7.7000000e+01 1.0150000e+01 0.0000000e+00 3.0941901e+02
1.8360000e+05 7.3000000e+01 1.0550000e+01 0.0000000e+00 4.1016299e+02
1.8366000e+05 6.2000000e+01 1.1250000e+01 0.0000000e+00 6.7554199e+02
1.8372000e+05 6.6000000e+01 1.1300000e+01 0.0000000e+00 6.0213202e+02
1.8378000e+05 6.2000000e+01 1.0950000e+01 0.0000000e+00 3.6001300e+02
1.8384000e+05 6.2000000e+01 1.0400000e+01 0.0000000e+00 5.0519501e+02
1.8390000e+05 6.3000000e+01 1.0300000e+01 0.0000000e+00 4.2831299e+02
1.8396000e+05 6.6000000e+01 9.1500001e+00 0.0000000e+00 3.6480499e+02
1.8402000e+05 6.9000000e+01 7.8000002e+00 0.0000000e+00 1.4285899e+02
1.8408000e+05 7.5000000e+01 6.9500000e+00 0.0000000e+00 2.7849001e+01
1.8414000e+05 8.0000000e+01 6.2000000e+00 0.0000000e+00 1.3283000e+01
1.8420000e+05 8.7000000e+01 5.4000001e+00 0.0000000e+00 0.0000000e+00
1.8426000e+05 8.7000000e+01 4.7000000e+00 0.0000000e+00 0.0000000e+00
1.8432000e+05 8.8000000e+01 4.4500000e+00 0.0000000e+00 0.0000000e+00
1.8438000e+05 8.8000000e+01 4.1500001e+00 0.0000000e+00 0.0000000e+00
1.8444000e+05 8.9000000e+01 3.9500000e+00 0.0000000e+00 0.0000000e+00
1.8450000e+05 9.0000000e+01 4.0500000e+00 0.0000000e+00 0.0000000e+00
1.8456000e+05 9.0000000e+01 4.0999999e+00 0.0000000e+00 0.0000000e+00
1.8462000e+05 9.2000000e+01 4.3000000e+00 0.0000000e+00 1.0588000e+01
1.8468000e+05 8.1000000e+01 5.8499999e+00 0.0000000e+00 5.4102001e+01
1.8474000e+05 7.7000000e+01 8.0000000e+00 0.0000000e+00 2.4043600e+02
1.8480000e+05 7.0000000e+01 9.7999997e+00 0.0000000e+00 3.8739999e+02
1.8486000e+05 6.4000000e+01 1.1050000e+01 0.0000000e+00 5.1294800e+02
1.8492000e+05 5.8000000e+01 1.1950000e+01 0.0000000e+00 6.2660699e+02
1.8498000e+05 5.4000000e+01 1.3400000e+01 0.0000000e+00 7.1445502e+02
1.8504000e+05 5.2000000e+01 1.4550000e+01 0.0000000e+00 7.7037201e+02
1.8510000e+05 5.1000000e+01 1.5400000e+01 0.0000000e+00 7.8084100e+02
1.8516000e+05 4.9000000e+01 1.5550000e+01 0.0000000e+00 7.5846802e+02
1.8522000e+05 5.0000000e+01 1.5750000e+01 0.0000000e+00 6.9876001e+02
1.8528000e+05 4.9000000e+01 1.6000000e+01 0.0000000e+00 6.0620203e+02
1.8534000e+05 5.0000000e+01 1.5550000e+01 0.0000000e+00 4.9067599e+02
1.8540000e+05 5.3000000e+01 1.5500000e+01 0.0000000e+00 3.7044501e+02
1.8546000e+05 6.5000000e+01 1.3700000e+01 0.0000000e+00 1.3483400e+02
1.8552000e+05 6.8000000e+01 1.2350000e+01 0.0000000e+00 1.4371000e+01
1.8558000e+05 7.1000000e+01 1.1650000e+01 0.0000000e+00 4.1960001e+00
1.8564000e+05 7.1000000e+01 1.1000000e+01 0.0000000e+00 0.0000000e+00
1.8570000e+05 7.3000000e+01 1.0600000e+01 0.0000000e+00 0.0000000e+00
1.8576000e+05 7.7000000e+01 1.0250000e+01 0.0000000e+00 0.0000000e+00
1.8582000e+05 6.6000000e+01 1.0950000e+01 0.0000000e+00 0.0000000e+00
1.8588000e+05 6.4000000e+01 1.2050000e+01 0.0000000e+00 0.0000000e+00
1.8594000e+05 5.8000000e+01 1.2250000e+01 0.0000000e+00 0.0000000e+00
1.8600000e+05 5.9000000e+01 1.2500000e+01 0.0000000e+00 0.0000000e+00
1.8606000e+05 5.6000000e+01 1.2500000e+01 0.0000000e+00 4.3709998e+00
1.8612000e+05 4.8000000e+01 1.4150000e+01 0.0000000e+00 2.6603001e+01
1.8618000e+05 4.5000000e+01 1.6200000e+01 0.0000000e+00 2.6306601e+02
1.8624000e+05 4.2000000e+01 1.8050000e+01 0.0000000e+00 3.8801401e+02
1.8630000e+05 4.6000000e+01 1.9650000e+01 0.0000000e+00 5.1288501e+02
1.8636000e+05 3.9000000e+01 2.0950000e+01 0.0000000e+00 6.1878302e+02
1.8642000e+05 4.0000000e+01 2.1549999e+01 0.0000000e+00 7.0338599e+02
1.8648000e+05 4.9000000e+01 2.1350000e+01 0.0000000e+00 7.5892700e+02
1.8654000e+05 4.6000000e+01 2.1350000e+01 0.0000000e+00 7.7386102e+02
1.8660000e+05 4.2000000e+01 2.1500000e+01 0.0000000e+00 7.5321899e+02
1.8666000e+05 3.8000000e+01 2.1299999e+01 0.0000000e+00 6.9304700e+02
1.8672000e+05 4.0000000e+01 2.1450000e+01 0.0000000e+00 6.0315601e+02
1.8678000e+05 4.4000000e+01 2.0800000e+01 0.0000000e+00 4.8628601e+02
1.8684000e+05 4.4000000e+01 2.0250000e+01 0.0000000e+00 3.6299899e+02
1.8690000e+05 5.5000000e+01 1.8349999e+01 0.0000000e+00 1.3405000e+02
1.8696000e+05 5.7000000e+01 1.6750000e+01 0.0000000e+00 2.0270000e+01
1.8702000e+05 5.7000000e+01 1.5850000e+01 0.0000000e+00 7.1020002e+00
1.8708000e+05 6.0000000e+01 1.5150000e+01 0.0000000e+00 0.0000000e+00
1.8714000e+05 6.0000000e+01 1.4550000e+01 0.0000000e+00 0.0000000e+00
1.8720000e+05 6.4000000e+01 1.3950000e+01 0.0000000e+00 0.0000000e+00
1.8726000e+05 6.7000000e+01 1.4050000e+01 0.0000000e+00 0.0000000e+00
1.8732000e+05 6.1000000e+01 1.4550000e+01 0.0000000e+00 0.0000000e+00
1.8738000e+05 5.8000000e+01 1.5400000e+01 0.0000000e+00 0.0000000e+00
1.8744000e+05 5.5000000e+01 1.6150000e+01 0.0000000e+00 0.0000000e+00
1.8750000e+05 5.4000000e+01 1.6600000e+01 0.0000000e+00 1.7379999e+01
1.8756000e+05 5.0000000e+01 1.7350000e+01 0.0000000e+00 5.1578999e+01
1.8762000e+05 4.6000000e+01 1.8600000e+01 0.0000000e+00 2.5760400e+02
1.8768000e+05 4.4000000e+01 2.0050000e+01 0.0000000e+00 3.8630499e+02
1.8774000e+05 4.2000000e+01 2.1400001e+01 0.0000000e+00 5.1172501e+02
1.8780000e+05 3.8000000e+01 2.3000000e+01 0.0000000e+00 6.2099402e+02
1.8786000e+05 3.5000000e+01 2.3800000e+01 0.0000000e+00 7.1181598e+02
1.8792000e+05 3.6000000e+01 2.4550000e+01 0.0000000e+00 7.7053802e+02
1.8798000e+05 3.2000000e+01 2.4950000e+01 0.0000000e+00 7.8775702e+02
1.8804000e+05 3.0000000e+01 2.5000000e+01 0.0000000e+00 7.5334802e+02
1.8810000e+05 3.4000000e+01 2.4600000e+01 0.0000000e+00 6.5585699e+02
1.8816000e+05 3.3000000e+01 2.3650000e+01 0.0000000e+00 5.7311798e+02
1.8822000e+05 3.4000000e+01 2.3200000e+01 0.0000000e+00 4.6954001e+02
1.8828000e+05 3.7000000e+01 2.2099999e+01 0.0000000e+00 3.5224399e+02
1.8834000e+05 4.8000000e+01 2.0200000e+01 0.0000000e+00 1.3291701e+02
1.8840000e+05 5.2000000e+01 1.8450000e+01 0.0000000e+00 4.8759998e+01
1.8846000e+05 5.3000000e+01 1.7500000e+01 0.0000000e+00 1.6914000e+01
1.8852000e+05 5.2000000e+01 1.7000000e+01 0.0000000e+00 0.0000000e+00
1.8858000e+05 3.9000000e+01 1.6850000e+01 0.0000000e+00 0.0000000e+00
1.8864000e+05 3.2000000e+01 1.8350000e+01 0.0000000e+00 0.0000000e+00
1.8870000e+05 3.6000000e+01 1.8850000e+01 0.0000000e+00 0.0000000e+00
1.8876000e+05 3.6000000e+01 1.8350000e+01 0.0000000e+00 0.0000000e+00
1.8882000e+05 3.8000000e+01 1.8549999e+01 0.0000000e+00 0.0000000e+00
1.8888000e+05 4.4000000e+01 1.8250000e+01 0.0000000e+00 0.0000000e+00
1.8894000e+05 4.5000000e+01 1.7349999e+01 0.0000000e+00 2.9840000e+00
1.8900000e+05 4.0000000e+01 1.8850000e+01 0.0000000e+00 3.5602001e+01
1.8906000e+05 3.8000000e+01 2.0200000e+01 0.0000000e+00 1.6814200e+02
1.8912000e+05 3.9000000e+01 2.1700000e+01 0.0000000e+00 3.3964999e+02
1.8918000e+05 3.7000000e+01 2.2800000e+01 0.0000000e+00 4.8372198e+02
1.8924000e+05 3.7000000e+01 2.3950000e+01 0.0000000e+00 6.3143701e+02
1.8930000e+05 3.4000000e+01 2.3799999e+01 0.0000000e+00 4.7401901e+02
1.8936000e+05 3.3000000e+01 2.4300000e+01 0.0000000e+00 4.8553699e+02
1.8942000e+05 3.7000000e+01 2.4800000e+01 0.0000000e+00 5.1274500e+02
1.8948000e+05 3.4000000e+01 2.5599999e+01 0.0000000e+00 8.1779498e+02
1.8954000e+05 3.2000000e+01 2.6100000e+01 0.0000000e+00 7.6402100e+02
1.8960000e+05 3.4000000e+01 2.5450000e+01 0.0000000e+00 6.0537299e+02
1.8966000e+05 3.6000000e+01 2.3950000e+01 0.0000000e+00 4.9261899e+02
1.8972000e+05 3.8000000e+01 2.2799999e+01 0.0000000e+00 2.7638501e+02
1.8978000e+05 4.2000000e+01 2.1350000e+01 0.0000000e+00 1.4941299e+02
1.8984000e+05 4.1000000e+01 2.0550000e+01 0.0000000e+00 4.4458000e+01
1.8990000e+05 5.1000000e+01 1.9600000e+01 0.0000000e+00 1.8368999e+01
1.8996000e+05 5.5000000e+01 1.8200001e+01 0.0000000e+00 0.0000000e+00
1.9002000e+05 5.8000000e+01 1.7200001e+01 0.0000000e+00 0.0000000e+00
1.9008000e+05 6.3000000e+01 1.6700000e+01 0.0000000e+00 0.0000000e+00
1.9014000e+05 7.1000000e+01 1.6200000e+01 0.0000000e+00 0.0000000e+00
1.9020000e+05 6.8000000e+01 1.5550000e+01 0.0000000e+00 0.0000000e+00
1.9026000e+05 7.7000000e+01 1.4050000e+01 0.0000000e+00 0.0000000e+00
1.9032000e+05 8.5000000e+01 1.3450000e+01 0.0000000e+00 0.0000000e+00
1.9038000e+05 8.6000000e+01 1.3050000e+01 0.0000000e+00 1.3480000e+01
1.9044000e+05 7.9000000e+01 1.4050000e+01 0.0000000e+00 5.0944000e+01
1.9050000e+05 6.4000000e+01 1.6000000e+01 0.0000000e+00 1.2696900e+02
1.9056000e+05 7.3000000e+01 1.6750000e+01 0.0000000e+00 1.2875101e+02
1.9062000e+05 7.6000000e+01 1.7050000e+01 0.0000000e+00 1.4139400e+02
1.9068000e+05 6.9000000e+01 1.8050000e+01 0.0000000e+00 3.0104800e+02
1.9074000e+05 6.3000000e+01 1.9250000e+01 0.0000000e+00 3.5907501e+02
1.9080000e+05 6.6000000e+01 1.9400000e+01 0.0000000e+00 2.6157599e+02
1.9086000e+05 6.9000000e+01 1.9650000e+01 0.0000000e+00 3.7638501e+02
1.9092000e+05 6.2000000e+01 1.9200001e+01 0.0000000e+00 5.8090302e+02
1.9098000e+05 5.6000000e+01 2.0349999e+01 0.0000000e+00 6.6756097e+02
1.9104000e+05 5.8000000e+01 1.9650001e+01 0.0000000e+00 5.5055402e+02
1.9110000e+05 5.8000000e+01 1.9300000e+01 0.0000000e+00 4.8204999e+02
1.9116000e+05 6.6000000e+01 1.8350000e+01 0.0000000e+00 3.5884399e+02
1.9122000e+05 7.1000000e+01 1.7200000e+01 0.0000000e+00 1.5389900e+02
1.9128000e+05 8.2000000e+01 1.6000000e+01 0.0000000e+00 2.3253000e+01
1.9134000e+05 9.4000000e+01 1.4150000e+01 0.0000000e+00 9.5920000e+00
1.9140000e+05 9.6000000e+01 1.2850000e+01 0.0000000e+00 0.0000000e+00
1.9146000e+05 9.6000000e+01 1.2550000e+01 0.0000000e+00 0.0000000e+00
1.9152000e+05 9.7000000e+01 1.2450000e+01 0.0000000e+00 0.0000000e+00
1.9158000e+05 9.6000000e+01 1.2150000e+01 0.0000000e+00 0.0000000e+00
1.9164000e+05 9.7000000e+01 1.2000000e+01 0.0000000e+00 0.0000000e+00
1.9170000e+05 9.7000000e+01 1.1850000e+01 0.0000000e+00 0.0000000e+00
1.9176000e+05 9.7000000e+01 1.1950000e+01 0.0000000e+00 0.0000000e+00
1.9182000e+05 9.7000000e+01 1.2000000e+01 0.0000000e+00 4.6999998e+00
1.9188000e+05 9.7000000e+01 1.2350000e+01 0.0000000e+00 6.3646999e+01
1.9194000e+05 9.2000000e+01 1.3000000e+01 0.0000000e+00 2.3590500e+02
1.9200000e+05 8.3000000e+01 1.4150000e+01 0.0000000e+00 3.8255701e+02
1.9206000e+05 8.4000000e+01 1.5400000e+01 0.0000000e+00 5.0693201e+02
1.9212000e+05 7.8000000e+01 1.6300000e+01 0.0000000e+00 6.1511603e+02
1.9218000e+05 7.4000000e+01 1.7650000e+01 0.0000000e+00 6.9972699e+02
1.9224000e+05 7.0000000e+01 1.8950000e+01 0.0000000e+00 7.5137500e+02
1.9230000e+05 7.0000000e+01 1.9650000e+01 0.0000000e+00 7.6485498e+02
1.9236000e+05 6.5000000e+01 2.0650000e+01 0.0000000e+00 7.4795398e+02
1.9242000e+05 6.4000000e+01 2.1400001e+01 0.0000000e+00 6.8927899e+02
1.9248000e+05 6.2000000e+01 2.1600000e+01 0.0000000e+00 5.9973901e+02
1.9254000e+05 6.0000000e+01 2.1849999e+01 0.0000000e+00 4.8827899e+02
1.9260000e+05 6.5000000e+01 2.1500000e+01 0.0000000e+00 1.9134599e+02
1.9266000e+05 7.0000000e+01 1.9950000e+01 0.0000000e+00 5.6521000e+01
1.9272000e+05 6.7000000e+01 1.9500000e+01 0.0000000e+00 4.1389999e+01
1.9278000e+05 7.1000000e+01 1.9450000e+01 0.0000000e+00 1.5728000e+01
1.9284000e+05 7.3000000e+01 1.8400000e+01 0.0000000e+00 0.0000000e+00
1.9290000e+05 7.6000000e+01 1.7599999e+01 0.0000000e+00 0.0000000e+00
1.9296000e+05 7.8000000e+01 1.8100000e+01 0.0000000e+00 0.0000000e+00
1.9302000e+05 7.3000000e+01 1.7050000e+01 0.0000000e+00 0.0000000e+00
1.9308000e+05 7.1000000e+01 1.6950000e+01 0.0000000e+00 0.0000000e+00
1.9314000e+05 6.2000000e+01 1.7800000e+01 0.0000000e+00 0.0000000e+00
1.9320000e+05 5.7000000e+01 1.8349999e+01 0.0000000e+00 0.0000000e+00
1.9326000e+05 5.5000000e+01 1.8750000e+01 0.0000000e+00 9.4069996e+00
1.9332000e+05 5.9000000e+01 1.9150000e+01 0.0000000e+00 3.8842999e+01
1.9338000e+05 6.2000000e+01 2.0400000e+01 0.0000000e+00 2.5095100e+02
1.9344000e+05 5.3000000e+01 2.1100000e+01 0.0000000e+00 2.2735100e+02
1.9350000e+05 4.5000000e+01 2.2950000e+01 0.0000000e+00 4.0745200e+02
1.9356000e+05 4.2000000e+01 2.4900000e+01 0.0000000e+00 6.2006299e+02
1.9362000e+05 3.7000000e+01 2.5900001e+01 0.0000000e+00 7.0665198e+02
1.9368000e+05 3.5000000e+01 2.7150001e+01 0.0000000e+00 7.7720898e+02
1.9374000e+05 3.1000000e+01 2.7450000e+01 0.0000000e+00 7.5586603e+02
1.9380000e+05 2.9000000e+01 2.8050000e+01 0.0000000e+00 7.6020099e+02
1.9386000e+05 2.8000000e+01 2.8599999e+01 0.0000000e+00 7.0466400e+02
1.9392000e+05 4.6000000e+01 2.7250000e+01 0.0000000e+00 3.4080399e+02
1.9398000e+05 4.5000000e+01 2.5000000e+01 0.0000000e+00 4.2034601e+02
1.9404000e+05 5.2000000e+01 2.4350000e+01 0.0000000e+00 2.0145100e+02
1.9410000e+05 6.2000000e+01 2.2300000e+01 0.0000000e+00 6.0716999e+01
1.9416000e+05 6.3000000e+01 2.0300000e+01 0.0000000e+00 6.5325996e+01
1.9422000e+05 7.0000000e+01 1.8950001e+01 0.0000000e+00 2.3274000e+01
1.9428000e+05 7.5000000e+01 1.7650001e+01 0.0000000e+00 0.0000000e+00
1.9434000e+05 7.5000000e+01 1.6900001e+01 0.0000000e+00 0.0000000e+00
1.9440000e+05 7.2000000e+01 1.6500000e+01 0.0000000e+00 0.0000000e+00
1.9446000e+05 7.2000000e+01 1.6150000e+01 0.0000000e+00 0.0000000e+00
1.9452000e+05 6.3000000e+01 1.6350000e+01 0.0000000e+00 0.0000000e+00
1.9458000e+05 5.5000000e+01 1.7150001e+01 0.0000000e+00 0.0000000e+00
1.9464000e+05 5.0000000e+01 1.7750000e+01 0.0000000e+00 0.0000000e+00
1.9470000e+05 5.3000000e+01 1.8300000e+01 0.0000000e+00 1.1751000e+01
1.9476000e+05 5.5000000e+01 1.8350000e+01 0.0000000e+00 3.2958000e+01
1.9482000e+05 5.7000000e+01 1.8650000e+01 0.0000000e+00 5.4812000e+01
1.9488000e+05 5.3000000e+01 1.9350000e+01 0.0000000e+00 1.5234801e+02
1.9494000e+05 4.6000000e+01 2.1500000e+01 0.0000000e+00 5.1539001e+02
1.9500000e+05 5.0000000e+01 2.1849999e+01 0.0000000e+00 4.0110699e+02
1.9506000e+05 4.5000000e+01 2.2650000e+01 0.0000000e+00 3.7607101e+02
1.9512000e+05 5.9000000e+01 2.1500000e+01 0.0000000e+00 3.2669601e+02
1.9518000e+05 5.9000000e+01 2.1200000e+01 0.0000000e+00 5.3346399e+02
1.9524000e+05 5.2000000e+01 2.1500000e+01 0.0000000e+00 5.3322101e+02
1.9530000e+05 5.4000000e+01 2.2000000e+01 0.0000000e+00 7.7605603e+02
1.9536000e+05 5.0000000e+01 2.1700000e+01 0.0000000e+00 4.1585599e+02
1.9542000e+05 5.2000000e+01 2.0750000e+01 0.0000000e+00 3.3943100e+02
1.9548000e+05 6.8000000e+01 1.9450000e+01 0.0000000e+00 8.7796997e+01
1.9554000e+05 7.4000000e+01 1.7599999e+01 0.0000000e+00 4.5471001e+01
1.9560000e+05 7.6000000e+01 1.6450000e+01 0.0000000e+00 2.1445000e+01
1.9566000e+05 7.8000000e+01 1.5900000e+01 0.0000000e+00 6.4169998e+00
1.9572000e+05 8.5000000e+01 1.5500000e+01 0.0000000e+00 0.0000000e+00
1.9578000e+05 9.0000000e+01 1.4750000e+01 0.0000000e+00 0.0000000e+00
1.9584000e+05 9.2000000e+01 1.3900000e+01 0.0000000e+00 0.0000000e+00
1.9590000e+05 9.4000000e+01 1.3400000e+01 0.0000000e+00 0.0000000e+00
1.9596000e+05 9.5000000e+01 1.3350000e+01 0.0000000e+00 0.0000000e+00
1.9602000e+05 9.6000000e+01 1.3300000e+01 0.0000000e+00 0.0000000e+00
1.9608000e+05 9.6000000e+01 1.3200000e+01 0.0000000e+00 0.0000000e+00
1.9614000e+05 9.7000000e+01 1.3100000e+01 0.0000000e+00 3.1941000e+01
1.9620000e+05 9.6000000e+01 1.3450000e+01 0.0000000e+00 3.2421001e+01
1.9626000e+05 9.6000000e+01 1.3550000e+01 0.0000000e+00 4.9962002e+01
1.9632000e+05 9.0000000e+01 1.4350000e+01 0.0000000e+00 2.4111400e+02
1.9638000e+05 8.9000000e+01 1.4600000e+01 0.0000000e+00 1.3203400e+02
1.9644000e+05 8.6000000e+01 1.4950000e+01 0.0000000e+00 1.5510699e+02
1.9650000e+05 8.1000000e+01 1.5650001e+01 0.0000000e+00 2.9165302e+02
1.9656000e+05 7.8000000e+01 1.7350000e+01 0.0000000e+00 5.3240997e+02
1.9662000e+05 7.5000000e+01 1.6050000e+01 0.0000000e+00 3.3854099e+02
1.9668000e+05 7.7000000e+01 1.5950000e+01 0.0000000e+00 3.3697198e+02
1.9674000e+05 7.7000000e+01 1.5900000e+01 0.0000000e+00 3.8232300e+02
1.9680000e+05 7.5000000e+01 1.5800000e+01 0.0000000e+00 3.2973199e+02
1.9686000e+05 7.9000000e+01 1.5050000e+01 0.0000000e+00 1.5613200e+02
1.9692000e+05 8.0000000e+01 1.4300000e+01 0.0000000e+00 6.4032997e+01
1.9698000e+05 7.8000000e+01 1.4150000e+01 0.0000000e+00 7.6681000e+01
1.9704000e+05 7.9000000e+01 1.4100000e+01 0.0000000e+00 5.1999001e+01
1.9710000e+05 8.7000000e+01 1.3550000e+01 0.0000000e+00 1.1880000e+01
1.9716000e+05 8.9000000e+01 1.3100000e+01 0.0000000e+00 0.0000000e+00
1.9722000e+05 9.3000000e+01 1.2850000e+01 0.0000000e+00 0.0000000e+00
1.9728000e+05 9.5000000e+01 1.2650000e+01 0.0000000e+00 0.0000000e+00
1.9734000e+05 9.6000000e+01 1.2500000e+01 0.0000000e+00 0.0000000e+00
1.9740000e+05 9.6000000e+01 1.2350000e+01 0.0000000e+00 0.0000000e+00
1.9746000e+05 9.6000000e+01 1.2250000e+01 0.0000000e+00 0.0000000e+00
1.9752000e+05 9.6000000e+01 1.2150000e+01 0.0000000e+00 0.0000000e+00
1.9758000e+05 9.6000000e+01 1.2400000e+01 0.0000000e+00 1.1702000e+01
1.9764000e+05 9.3000000e+01 1.2850000e+01 0.0000000e+00 3.5745998e+01
1.9770000e+05 9.2000000e+01 1.3350000e+01 0.0000000e+00 5.1509998e+01
1.9776000e+05 8.5000000e+01 1.4150000e+01 0.0000000e+00 1.4353700e+02
1.9782000e+05 6.6000000e+01 1.6550000e+01 0.0000000e+00 5.9788397e+02
1.9788000e+05 4.9000000e+01 1.8799999e+01 0.0000000e+00 7.1397400e+02
1.9794000e+05 4.7000000e+01 1.9400000e+01 0.0000000e+00 8.1431897e+02
1.9800000e+05 4.9000000e+01 1.8400000e+01 0.0000000e+00 5.6104700e+02
1.9806000e+05 4.7000000e+01 1.9049999e+01 0.0000000e+00 7.4137299e+02
1.9812000e+05 5.8000000e+01 1.8099999e+01 0.0000000e+00 4.1021201e+02
1.9818000e+05 5.6000000e+01 1.6900001e+01 0.0000000e+00 2.6104300e+02
1.9824000e+05 5.6000000e+01 1.6800000e+01 0.0000000e+00 2.7255200e+02
1.9830000e+05 6.4000000e+01 1.6450000e+01 0.0000000e+00 4.7426501e+02
1.9836000e+05 7.1000000e+01 1.4950000e+01 0.0000000e+00 4.0651300e+02
1.9842000e+05 7.9000000e+01 1.3400000e+01 0.0000000e+00 1.8322900e+02
1.9848000e+05 8.2000000e+01 1.2400000e+01 0.0000000e+00 3.6948002e+01
1.9854000e+05 8.0000000e+01 1.2100000e+01 0.0000000e+00 1.5972000e+01
1.9860000e+05 8.1000000e+01 1.1800000e+01 0.0000000e+00 0.0000000e+00
1.9866000e+05 8.5000000e+01 1.1300000e+01 0.0000000e+00 0.0000000e+00
1.9872000e+05 8.7000000e+01 1.0900000e+01 0.0000000e+00 0.0000000e+00
1.9878000e+05 9.0000000e+01 1.0350000e+01 0.0000000e+00 0.0000000e+00
1.9884000e+05 9.1000000e+01 9.6999998e+00 0.0000000e+00 0.0000000e+00
1.9890000e+05 9.3000000e+01 9.4000001e+00 0.0000000e+00 0.0000000e+00
1.9896000e+05 9.2000000e+01 9.1500001e+00 0.0000000e+00 0.0000000e+00
1.9902000e+05 9.2000000e+01 9.3499999e+00 0.0000000e+00 1.1832000e+01
1.9908000e+05 8.5000000e+01 1.0650000e+01 0.0000000e+00 3.6328999e+01
1.9914000e+05 8.0000000e+01 1.2150000e+01 0.0000000e+00 1.4637000e+02
1.9920000e+05 6.8000000e+01 1.4100000e+01 0.0000000e+00 4.0931799e+02
1.9926000e+05 6.8000000e+01 1.5450000e+01 0.0000000e+00 4.9983600e+02
1.9932000e+05 7.2000000e+01 1.6150000e+01 0.0000000e+00 5.6371100e+02
1.9938000e+05 7.5000000e+01 1.5250000e+01 0.0000000e+00 3.5324399e+02
1.9944000e+05 7.9000000e+01 1.4250000e+01 0.0000000e+00 1.7768600e+02
1.9950000e+05 7.1000000e+01 1.5450000e+01 0.0000000e+00 4.8004800e+02
1.9956000e+05 7.2000000e+01 1.6200000e+01 0.0000000e+00 4.5334799e+02
1.9962000e+05 7.2000000e+01 1.5450000e+01 0.0000000e+00 2.4915401e+02
1.9968000e+05 7.4000000e+01 1.5350000e+01 0.0000000e+00 2.6737399e+02
1.9974000e+05 7.1000000e+01 1.5450000e+01 0.0000000e+00 3.4597800e+02
1.9980000e+05 7.5000000e+01 1.5400000e+01 0.0000000e+00 3.2101901e+02
1.9986000e+05 8.0000000e+01 1.4700000e+01 0.0000000e+00 1.6047200e+02
1.9992000e+05 8.5000000e+01 1.3400000e+01 0.0000000e+00 4.7467999e+01
1.9998000e+05 8.5000000e+01 1.2900000e+01 0.0000000e+00 2.8771999e+01
2.0004000e+05 8.7000000e+01 1.2550000e+01 0.0000000e+00 0.0000000e+00
2.0010000e+05 8.8000000e+01 1.2150000e+01 0.0000000e+00 0.0000000e+00
2.0016000e+05 8.9000000e+01 1.1900000e+01 0.0000000e+00 0.0000000e+00
2.0022000e+05 9.0000000e+01 1.1750000e+01 0.0000000e+00 0.0000000e+00
2.0028000e+05 9.0000000e+01 1.2050000e+01 0.0000000e+00 0.0000000e+00
2.0034000e+05 9.0000000e+01 1.2050000e+01 0.0000000e+00 0.0000000e+00
2.0040000e+05 9.0000000e+01 1.1950000e+01 0.0000000e+00 0.0000000e+00
2.0046000e+05 9.0000000e+01 1.1900000e+01 0.0000000e+00 0.0000000e+00
2.0052000e+05 9.1000000e+01 1.1950000e+01 0.0000000e+00 0.0000000e+00
2.0058000e+05 9.2000000e+01 1.1950000e+01 0.0000000e+00 7.3390002e+00
2.0064000e+05 9.1000000e+01 1.2100000e+01 0.0000000e+00 3.0450001e+01
2.0070000e+05 8.8000000e+01 1.2300000e+01 0.0000000e+00 7.4421997e+01
2.0076000e+05 8.7000000e+01 1.2300000e+01 0.0000000e+00 6.3159000e+01
2.0082000e+05 8.3000000e+01 1.2450000e+01 0.0000000e+00 9.8901001e+01
2.0088000e+05 8.2000000e+01 1.2800000e+01 0.0000000e+00 1.3545300e+02
2.0094000e+05 8.0000000e+01 1.3500000e+01 0.0000000e+00 2.6973499e+02
2.0100000e+05 7.6000000e+01 1.4200000e+01 0.0000000e+00 2.8671500e+02
2.0106000e+05 6.9000000e+01 1.4850000e+01 0.0000000e+00 3.2141199e+02
2.0112000e+05 7.1000000e+01 1.5050000e+01 0.0000000e+00 2.7251700e+02
2.0118000e+05 7.2000000e+01 1.5050000e+01 0.0000000e+00 2.5523801e+02
2.0124000e+05 7.1000000e+01 1.4650000e+01 0.0000000e+00 2.8724899e+02
2.0130000e+05 7.6000000e+01 1.4700000e+01 0.0000000e+00 2.0018500e+02
2.0136000e+05 7.8000000e+01 1.4250000e+01 0.0000000e+00 6.1026001e+01
2.0142000e+05 8.1000000e+01 1.3700000e+01 0.0000000e+00 1.8591999e+01
2.0148000e+05 8.5000000e+01 1.3050000e+01 0.0000000e+00 0.0000000e+00
2.0154000e+05 8.7000000e+01 1.2600000e+01 0.0000000e+00 0.0000000e+00
2.0160000e+05 8.7000000e+01 1.2550000e+01 0.0000000e+00 0.0000000e+00
2.0166000e+05 8.8000000e+01 1.2500000e+01 0.0000000e+00 0.0000000e+00
2.0172000e+05 8.9000000e+01 1.2400000e+01 0.0000000e+00 0.0000000e+00
2.0178000e+05 8.9000000e+01 1.2300000e+01 0.0000000e+00 0.0000000e+00
2.0184000e+05 8.9000000e+01 1.2250000e+01 0.0000000e+00 0.0000000e+00
2.0190000e+05 9.0000000e+01 1.2200000e+01 0.0000000e+00 0.0000000e+00
2.0196000e+05 9.3000000e+01 1.1950000e+01 0.0000000e+00 1.0132000e+01
2.0202000e+05 9.3000000e+01 1.1800000e+01 0.0000000e+00 3.0448000e+01
2.0208000e+05 9.1000000e+01 1.1600000e+01 0.0000000e+00 4.5969002e+01
2.0214000e+05 9.0000000e+01 1.1550000e+01 0.0000000e+00 5.8203999e+01
2.0220000e+05 9.1000000e+01 1.1900000e+01 0.0000000e+00 1.0347700e+02
2.0226000e+05 8.5000000e+01 1.2400000e+01 0.0000000e+00 1.4752800e+02
2.0232000e+05 8.3000000e+01 1.2800000e+01 0.0000000e+00 1.3607401e+02
2.0238000e+05 8.1000000e+01 1.2750000e+01 0.0000000e+00 1.0836700e+02
2.0244000e+05 7.4000000e+01 1.3250000e+01 0.0000000e+00 1.8158400e+02
2.0250000e+05 7.1000000e+01 1.3850000e+01 0.0000000e+00 2.5097800e+02
2.0256000e+05 6.9000000e+01 1.4100000e+01 0.0000000e+00 2.5867001e+02
2.0262000e+05 6.7000000e+01 1.3750000e+01 0.0000000e+00 1.2183600e+02
2.0268000e+05 6.5000000e+01 1.4150000e+01 0.0000000e+00 3.1600800e+02
2.0274000e+05 7.3000000e+01 1.3600000e+01 0.0000000e+00 1.5325900e+02
2.0280000e+05 7.2000000e+01 1.3050000e+01 0.0000000e+00 1.0165800e+02
2.0286000e+05 7.3000000e+01 1.2950000e+01 0.0000000e+00 4.2036999e+01
2.0292000e+05 8.1000000e+01 1.2000000e+01 0.0000000e+00 0.0000000e+00
2.0298000e+05 8.6000000e+01 1.0700000e+01 0.0000000e+00 0.0000000e+00
2.0304000e+05 8.9000000e+01 9.6500001e+00 0.0000000e+00 0.0000000e+00
2.0310000e+05 9.0000000e+01 9.1500001e+00 0.0000000e+00 0.0000000e+00
2.0316000e+05 9.1000000e+01 9.5500002e+00 0.0000000e+00 0.0000000e+00
2.0322000e+05 9.0000000e+01 1.0150000e+01 0.0000000e+00 0.0000000e+00
2.0328000e+05 8.7000000e+01 1.0300000e+01 0.0000000e+00 0.0000000e+00
2.0334000e+05 8.6000000e+01 1.0750000e+01 0.0000000e+00 8.3090000e+00
2.0352000e+05 7.4000000e+01 1.2100000e+01 0.0000000e+00 6.2091000e+01
2.0358000e+05 6.9000000e+01 1.2600000e+01 0.0000000e+00 1.5909500e+02
2.0364000e+05 7.0000000e+01 1.2950000e+01 0.0000000e+00 2.1582300e+02
2.0370000e+05 6.7000000e+01 1.2850000e+01 0.0000000e+00 2.1787399e+02
2.0376000e+05 6.0000000e+01 1.4100000e+01 0.0000000e+00 6.5627600e+02
2.0382000e+05 5.7000000e+01 1.4700000e+01 0.0000000e+00 5.2718597e+02
2.0388000e+05 6.2000000e+01 1.4700000e+01 0.0000000e+00 4.6649500e+02
2.0394000e+05 6.2000000e+01 1.4700000e+01 0.0000000e+00 4.2316299e+02
2.0400000e+05 6.5000000e+01 1.3950000e+01 0.0000000e+00 2.3939700e+02
2.0406000e+05 6.6000000e+01 1.3650000e+01 0.0000000e+00 1.4845500e+02
2.0412000e+05 7.4000000e+01 1.3250000e+01 0.0000000e+00 6.0993000e+01
2.0418000e+05 8.5000000e+01 1.2350000e+01 0.0000000e+00 3.1856001e+01
2.0424000e+05 8.3000000e+01 1.1750000e+01 0.0000000e+00 7.6669998e+00
2.0430000e+05 7.8000000e+01 1.1950000e+01 0.0000000e+00 0.0000000e+00
2.0436000e+05 6.0000000e+01 1.3200000e+01 0.0000000e+00 0.0000000e+00
2.0442000e+05 5.9000000e+01 1.4750000e+01 0.0000000e+00 0.0000000e+00
2.0448000e+05 6.6000000e+01 1.4500000e+01 0.0000000e+00 0.0000000e+00
2.0454000e+05 7.4000000e+01 1.3450000e+01 0.0000000e+00 0.0000000e+00
2.0460000e+05 8.5000000e+01 1.2400000e+01 0.0000000e+00 0.0000000e+00
2.0466000e+05 9.3000000e+01 1.1350000e+01 0.0000000e+00 0.0000000e+00
2.0472000e+05 9.4000000e+01 1.0350000e+01 0.0000000e+00 0.0000000e+00
2.0478000e+05 9.3000000e+01 9.7500000e+00 0.0000000e+00 1.0351000e+01
2.0484000e+05 8.9000000e+01 9.5499997e+00 0.0000000e+00 4.4411999e+01
2.0490000e+05 8.8000000e+01 9.9500003e+00 0.0000000e+00 1.0935500e+02
2.0496000e+05 7.8000000e+01 1.0450000e+01 0.0000000e+00 1.7301199e+02
2.0502000e+05 7.3000000e+01 1.2000000e+01 0.0000000e+00 3.9204901e+02
2.0508000e+05 6.7000000e+01 1.2300000e+01 0.0000000e+00 4.0551801e+02
2.0514000e+05 6.4000000e+01 1.2200000e+01 0.0000000e+00 3.6487500e+02
2.0520000e+05 6.8000000e+01 1.1400000e+01 0.0000000e+00 3.0747900e+02
2.0526000e+05 6.3000000e+01 1.2150000e+01 0.0000000e+00 4.6786301e+02
2.0532000e+05 6.0000000e+01 1.2150000e+01 0.0000000e+00 4.5524899e+02
2.0538000e+05 6.2000000e+01 1.1300000e+01 0.0000000e+00 2.8098099e+02
2.0544000e+05 8.5000000e+01 1.0700000e+01 0.0000000e+00 1.5952699e+02
2.0550000e+05 8.4000000e+01 9.5499997e+00 0.0000000e+00 2.3451500e+02
2.0556000e+05 8.8000000e+01 8.7500002e+00 0.0000000e+00 7.9787003e+01
2.0562000e+05 8.9000000e+01 7.9000001e+00 0.0000000e+00 4.4939999e+01
2.0568000e+05 9.0000000e+01 7.7000000e+00 0.0000000e+00 2.9694000e+01
2.0574000e+05 8.4000000e+01 7.8000000e+00 0.0000000e+00 1.7577999e+01
2.0580000e+05 6.5000000e+01 8.5500000e+00 0.0000000e+00 0.0000000e+00
2.0586000e+05 9.1000000e+01 7.9500000e+00 0.0000000e+00 0.0000000e+00
2.0592000e+05 8.7000000e+01 6.7500000e+00 0.0000000e+00 0.0000000e+00
2.0598000e+05 8.5000000e+01 7.0500000e+00 0.0000000e+00 0.0000000e+00
2.0604000e+05 8.6000000e+01 7.0999999e+00 0.0000000e+00 0.0000000e+00
2.0610000e+05 8.1000000e+01 7.3000000e+00 0.0000000e+00 0.0000000e+00
2.0616000e+05 7.8000000e+01 7.5500000e+00 0.0000000e+00 6.5899998e-01
2.0622000e+05 6.5000000e+01 8.3500001e+00 0.0000000e+00 3.3646999e+01
2.0628000e+05 6.2000000e+01 9.5000000e+00 0.0000000e+00 1.0060800e+02
2.0634000e+05 5.1000000e+01 1.0500000e+01 0.0000000e+00 1.5840401e+02
2.0640000e+05 4.5000000e+01 1.1750000e+01 0.0000000e+00 2.1694800e+02
2.0646000e+05 4.4000000e+01 1.3350000e+01 0.0000000e+00 3.4034299e+02
2.0652000e+05 4.7000000e+01 1.4850000e+01 0.0000000e+00 4.2299600e+02
2.0658000e+05 5.3000000e+01 1.3600000e+01 0.0000000e+00 1.3105000e+02
2.0664000e+05 5.4000000e+01 1.3850000e+01 0.0000000e+00 2.6940100e+02
2.0670000e+05 4.5000000e+01 1.4750000e+01 0.0000000e+00 3.1125201e+02
2.0676000e+05 4.8000000e+01 1.5750000e+01 0.0000000e+00 2.5508400e+02
2.0682000e+05 6.3000000e+01 1.4550000e+01 0.0000000e+00 1.8625700e+02
2.0688000e+05 6.4000000e+01 1.3550000e+01 0.0000000e+00 2.0409399e+02
2.0694000e+05 7.0000000e+01 1.2950000e+01 0.0000000e+00 1.4539000e+02
2.0700000e+05 8.3000000e+01 1.1700000e+01 0.0000000e+00 6.3306000e+01
2.0706000e+05 9.0000000e+01 9.8499999e+00 0.0000000e+00 3.4061001e+01
2.0712000e+05 8.5000000e+01 8.3000002e+00 0.0000000e+00 1.2669000e+01
2.0718000e+05 8.1000000e+01 8.3000000e+00 0.0000000e+00 2.2190001e+00
2.0724000e+05 8.5000000e+01 8.8499999e+00 0.0000000e+00 0.0000000e+00
2.0730000e+05 8.7000000e+01 8.5499997e+00 0.0000000e+00 0.0000000e+00
2.0736000e+05 9.1000000e+01 8.0500000e+00 0.0000000e+00 0.0000000e+00
2.0742000e+05 9.3000000e+01 7.4499998e+00 0.0000000e+00 0.0000000e+00
2.0748000e+05 9.4000000e+01 7.2500000e+00 0.0000000e+00 0.0000000e+00
2.0754000e+05 9.5000000e+01 7.3000000e+00 0.0000000e+00 0.0000000e+00
2.0760000e+05 9.5000000e+01 7.3500001e+00 0.0000000e+00 0.0000000e+00
2.0766000e+05 9.5000000e+01 7.3500001e+00 0.0000000e+00 1.3453000e+01
2.0772000e+05 9.6000000e+01 7.6000001e+00 0.0000000e+00 3.2431000e+01
2.0778000e+05 9.1000000e+01 8.3000000e+00 0.0000000e+00 1.1184600e+02
2.0784000e+05 8.4000000e+01 9.0499997e+00 0.0000000e+00 1.6735699e+02
2.0790000e+05 7.8000000e+01 9.9499998e+00 0.0000000e+00 3.1255399e+02
2.0796000e+05 7.6000000e+01 1.0200000e+01 0.0000000e+00 2.3763499e+02
2.0802000e+05 8.2000000e+01 1.0250000e+01 0.0000000e+00 1.8941901e+02
2.0808000e+05 8.0000000e+01 9.0500002e+00 0.0000000e+00 1.6851401e+02
2.0814000e+05 7.6000000e+01 9.6000004e+00 0.0000000e+00 2.4969701e+02
2.0820000e+05 7.3000000e+01 1.0200000e+01 0.0000000e+00 2.5032401e+02
2.0826000e+05 7.9000000e+01 1.0000000e+01 0.0000000e+00 4.9049399e+02
2.0832000e+05 9.0000000e+01 9.7500000e+00 0.0000000e+00 2.0492900e+02
2.0838000e+05 8.4000000e+01 9.6500001e+00 0.0000000e+00 3.0948599e+02
2.0844000e+05 8.3000000e+01 1.0150000e+01 0.0000000e+00 2.7875299e+02
2.0850000e+05 9.2000000e+01 8.7999997e+00 0.0000000e+00 4.0764999e+01
2.0856000e+05 9.4000000e+01 7.9499998e+00 0.0000000e+00 5.3900002e+01
2.0862000e+05 9.3000000e+01 7.9500000e+00 0.0000000e+00 4.5608002e+01
2.0868000e+05 9.2000000e+01 7.0500000e+00 0.0000000e+00 5.7500000e+00
2.0874000e+05 9.1000000e+01 6.4000001e+00 0.0000000e+00 0.0000000e+00
2.0880000e+05 8.2000000e+01 6.8500001e+00 0.0000000e+00 0.0000000e+00
2.0886000e+05 8.7000000e+01 6.3499999e+00 0.0000000e+00 0.0000000e+00
2.0892000e+05 7.7000000e+01 6.5500000e+00 0.0000000e+00 0.0000000e+00
2.0898000e+05 7.4000000e+01 7.3500001e+00 0.0000000e+00 0.0000000e+00
2.0904000e+05 7.3000000e+01 6.9499998e+00 0.0000000e+00 1.4611000e+01
2.0910000e+05 6.8000000e+01 7.8499999e+00 0.0000000e+00 3.6381001e+01
2.0916000e+05 5.5000000e+01 9.8000002e+00 0.0000000e+00 1.0012200e+02
2.0922000e+05 5.2000000e+01 1.0900000e+01 0.0000000e+00 1.9023801e+02
2.0928000e+05 5.5000000e+01 1.1000000e+01 0.0000000e+00 2.4218700e+02
2.0934000e+05 5.3000000e+01 1.1700000e+01 0.0000000e+00 3.2456000e+02
2.0940000e+05 4.3000000e+01 1.2500000e+01 0.0000000e+00 6.8641199e+02
2.0946000e+05 4.8000000e+01 1.2900000e+01 0.0000000e+00 5.4767297e+02
2.0952000e+05 4.7000000e+01 1.2800000e+01 0.0000000e+00 5.2802197e+02
2.0958000e+05 5.2000000e+01 1.3150000e+01 0.0000000e+00 5.2490302e+02
2.0964000e+05 6.1000000e+01 1.1450000e+01 0.0000000e+00 2.9827100e+02
2.0970000e+05 6.8000000e+01 1.1100000e+01 0.0000000e+00 3.6812900e+02
2.0976000e+05 7.3000000e+01 1.0500000e+01 0.0000000e+00 4.9984000e+02
2.0982000e+05 6.4000000e+01 1.0650000e+01 0.0000000e+00 4.4363199e+02
2.0988000e+05 5.5000000e+01 1.0700000e+01 0.0000000e+00 2.0947701e+02
2.0994000e+05 5.7000000e+01 1.0400000e+01 0.0000000e+00 1.8062199e+02
2.1000000e+05 5.8000000e+01 9.6999998e+00 0.0000000e+00 5.1380001e+01
2.1006000e+05 5.6000000e+01 9.5499997e+00 0.0000000e+00 3.3437000e+01
2.1012000e+05 6.4000000e+01 9.1500001e+00 0.0000000e+00 5.4470000e+00
2.1018000e+05 5.5000000e+01 9.0499997e+00 0.0000000e+00 0.0000000e+00
2.1024000e+05 6.5000000e+01 9.0000000e+00 0.0000000e+00 0.0000000e+00
2.1030000e+05 6.5000000e+01 8.4000001e+00 0.0000000e+00 0.0000000e+00
2.1036000e+05 6.5000000e+01 8.8000002e+00 0.0000000e+00 0.0000000e+00
2.1042000e+05 5.0000000e+01 9.4000001e+00 0.0000000e+00 0.0000000e+00
2.1048000e+05 5.5000000e+01 9.8499999e+00 0.0000000e+00 6.8820000e+00
2.1054000e+05 5.2000000e+01 9.7500000e+00 0.0000000e+00 2.3006001e+01
2.1060000e+05 5.4000000e+01 9.5500002e+00 0.0000000e+00 3.8376999e+01
2.1066000e+05 6.2000000e+01 9.5999999e+00 0.0000000e+00 6.2659000e+01
2.1072000e+05 5.3000000e+01 1.0150000e+01 0.0000000e+00 2.2570700e+02
2.1078000e+05 5.4000000e+01 1.1500000e+01 0.0000000e+00 4.1570499e+02
2.1084000e+05 4.4000000e+01 1.2100000e+01 0.0000000e+00 4.7219000e+02
2.1090000e+05 4.5000000e+01 1.3300000e+01 0.0000000e+00 6.8384399e+02
2.1096000e+05 4.1000000e+01 1.4150000e+01 0.0000000e+00 8.5555402e+02
2.1102000e+05 4.1000000e+01 1.4700000e+01 0.0000000e+00 7.5788300e+02
2.1108000e+05 3.9000000e+01 1.4050000e+01 0.0000000e+00 5.2906897e+02
2.1114000e+05 4.6000000e+01 1.3800000e+01 0.0000000e+00 4.0596100e+02
2.1120000e+05 4.1000000e+01 1.3450000e+01 0.0000000e+00 2.8732199e+02
2.1126000e+05 3.9000000e+01 1.4400000e+01 0.0000000e+00 4.0922699e+02
2.1132000e+05 4.0000000e+01 1.4550000e+01 0.0000000e+00 3.6957999e+02
2.1138000e+05 5.4000000e+01 1.3700000e+01 0.0000000e+00 2.6466400e+02
2.1144000e+05 6.6000000e+01 1.1950000e+01 0.0000000e+00 5.6247002e+01
2.1150000e+05 7.1000000e+01 1.0850000e+01 0.0000000e+00 2.5782000e+01
2.1156000e+05 7.8000000e+01 9.6499996e+00 0.0000000e+00 0.0000000e+00
2.1162000e+05 8.2000000e+01 8.5999999e+00 0.0000000e+00 0.0000000e+00
2.1168000e+05 8.0000000e+01 7.9500000e+00 0.0000000e+00 0.0000000e+00
2.1174000e+05 8.3000000e+01 7.6000001e+00 0.0000000e+00 0.0000000e+00
2.1180000e+05 8.7000000e+01 7.3499999e+00 0.0000000e+00 0.0000000e+00
2.1186000e+05 8.7000000e+01 7.0000000e+00 0.0000000e+00 0.0000000e+00
2.1192000e+05 8.7000000e+01 7.0000000e+00 0.0000000e+00 3.6129999e+00
2.1198000e+05 8.7000000e+01 7.3000000e+00 0.0000000e+00 1.7525000e+01
2.1204000e+05 6.5000000e+01 9.1500001e+00 0.0000000e+00 8.7197998e+01
2.1210000e+05 6.0000000e+01 1.1800000e+01 0.0000000e+00 2.1088800e+02
2.1216000e+05 5.2000000e+01 1.2950000e+01 0.0000000e+00 2.6372501e+02
2.1222000e+05 4.5000000e+01 1.3800000e+01 0.0000000e+00 2.7153799e+02
2.1228000e+05 4.3000000e+01 1.4700000e+01 0.0000000e+00 4.3755200e+02
2.1234000e+05 4.3000000e+01 1.5350000e+01 0.0000000e+00 3.9020401e+02
2.1240000e+05 4.1000000e+01 1.5300000e+01 0.0000000e+00 3.6667499e+02
2.1246000e+05 4.4000000e+01 1.5350000e+01 0.0000000e+00 3.6925400e+02
2.1252000e+05 6.9000000e+01 1.3400000e+01 0.0000000e+00 3.1443201e+02
2.1258000e+05 7.0000000e+01 1.1950000e+01 0.0000000e+00 3.4829901e+02
2.1264000e+05 6.8000000e+01 1.3400000e+01 0.0000000e+00 5.3835303e+02
2.1270000e+05 6.6000000e+01 1.2650000e+01 0.0000000e+00 1.7126100e+02
2.1276000e+05 8.2000000e+01 1.0200000e+01 0.0000000e+00 1.8305000e+01
2.1282000e+05 8.8000000e+01 8.2500000e+00 0.0000000e+00 1.8882000e+01
2.1288000e+05 9.4000000e+01 7.5500000e+00 0.0000000e+00 0.0000000e+00
2.1294000e+05 9.4000000e+01 7.5999999e+00 0.0000000e+00 1.3777000e+01
2.1300000e+05 9.5000000e+01 7.5999999e+00 0.0000000e+00 0.0000000e+00
2.1306000e+05 9.6000000e+01 7.5500000e+00 0.0000000e+00 0.0000000e+00
2.1312000e+05 9.6000000e+01 7.4500000e+00 0.0000000e+00 0.0000000e+00
2.1318000e+05 9.6000000e+01 7.3500001e+00 0.0000000e+00 0.0000000e+00
2.1324000e+05 9.5000000e+01 7.4000001e+00 0.0000000e+00 0.0000000e+00
2.1330000e+05 9.5000000e+01 7.3000000e+00 0.0000000e+00 0.0000000e+00
2.1336000e+05 9.6000000e+01 7.2500000e+00 0.0000000e+00 0.0000000e+00
2.1342000e+05 9.5000000e+01 7.3000002e+00 0.0000000e+00 3.5270000e+00
2.1348000e+05 9.5000000e+01 7.5000000e+00 0.0000000e+00 1.0735000e+01
2.1354000e+05 9.4000000e+01 7.8000000e+00 0.0000000e+00 1.7650999e+01
2.1360000e+05 9.4000000e+01 8.0000002e+00 0.0000000e+00 2.2364000e+01
2.1366000e+05 8.7000000e+01 8.8999999e+00 0.0000000e+00 2.5281100e+02
2.1372000e+05 9.1000000e+01 9.4000001e+00 0.0000000e+00 9.9818001e+01
2.1378000e+05 9.3000000e+01 9.1500001e+00 0.0000000e+00 7.1324997e+01
2.1384000e+05 9.3000000e+01 9.2999997e+00 0.0000000e+00 9.5263000e+01
2.1390000e+05 9.3000000e+01 9.7500000e+00 0.0000000e+00 1.7368500e+02
2.1396000e+05 9.4000000e+01 1.0000000e+01 0.0000000e+00 8.9732002e+01
2.1402000e+05 9.5000000e+01 9.9000001e+00 0.0000000e+00 5.0625999e+01
2.1408000e+05 9.2000000e+01 1.0550000e+01 0.0000000e+00 1.0946000e+02
2.1414000e+05 9.2000000e+01 1.0950000e+01 0.0000000e+00 1.1200600e+02
2.1420000e+05 8.9000000e+01 1.0700000e+01 0.0000000e+00 7.1816002e+01
2.1426000e+05 9.5000000e+01 1.0250000e+01 0.0000000e+00 1.2617000e+01
2.1432000e+05 9.6000000e+01 1.0050000e+01 0.0000000e+00 2.2309999e+00
2.1438000e+05 9.3000000e+01 1.0350000e+01 0.0000000e+00 3.9899999e-01
2.1444000e+05 9.3000000e+01 1.0550000e+01 0.0000000e+00 0.0000000e+00
2.1450000e+05 9.3000000e+01 1.0550000e+01 0.0000000e+00 0.0000000e+00
2.1456000e+05 9.3000000e+01 1.0300000e+01 0.0000000e+00 0.0000000e+00
2.1462000e+05 9.4000000e+01 1.0050000e+01 0.0000000e+00 0.0000000e+00
2.1468000e+05 9.4000000e+01 9.7500000e+00 0.0000000e+00 0.0000000e+00
2.1474000e+05 9.4000000e+01 9.5000000e+00 0.0000000e+00 0.0000000e+00
2.1480000e+05 9.3000000e+01 9.2999997e+00 0.0000000e+00 0.0000000e+00
2.1486000e+05 9.3000000e+01 9.2000003e+00 0.0000000e+00 0.0000000e+00
2.1492000e+05 9.3000000e+01 9.0500002e+00 0.0000000e+00 8.9940004e+00
2.1498000e+05 9.4000000e+01 8.9499998e+00 0.0000000e+00 1.3377000e+01
2.1504000e+05 9.5000000e+01 9.0499997e+00 0.0000000e+00 3.0500999e+01
2.1510000e+05 9.4000000e+01 9.2500000e+00 0.0000000e+00 3.2911999e+01
2.1516000e+05 9.4000000e+01 9.1500001e+00 0.0000000e+00 3.3118000e+01
2.1522000e+05 9.2000000e+01 9.2500000e+00 0.0000000e+00 4.8615002e+01
2.1528000e+05 9.2000000e+01 9.4000001e+00 0.0000000e+00 5.6118999e+01
2.1534000e+05 9.1000000e+01 9.5999999e+00 0.0000000e+00 6.8800003e+01
2.1540000e+05 9.0000000e+01 9.6499996e+00 0.0000000e+00 6.9994003e+01
2.1546000e+05 9.3000000e+01 9.5499997e+00 0.0000000e+00 8.9022003e+01
2.1552000e+05 9.0000000e+01 9.8499999e+00 0.0000000e+00 1.7633200e+02
2.1558000e+05 9.1000000e+01 9.9000001e+00 0.0000000e+00 1.0851800e+02
2.1564000e+05 9.2000000e+01 9.5499997e+00 0.0000000e+00 6.0215000e+01
2.1570000e+05 9.3000000e+01 9.5000000e+00 0.0000000e+00 4.1682999e+01
2.1576000e+05 9.5000000e+01 9.3500004e+00 0.0000000e+00 1.9323999e+01
2.1582000e+05 9.5000000e+01 8.9500003e+00 0.0000000e+00 1.4014000e+01
2.1588000e+05 9.6000000e+01 8.6499996e+00 0.0000000e+00 0.0000000e+00
2.1594000e+05 9.6000000e+01 8.3499999e+00 0.0000000e+00 0.0000000e+00
2.1600000e+05 9.7000000e+01 8.1500001e+00 0.0000000e+00 0.0000000e+00
2.1606000e+05 9.6000000e+01 8.1500001e+00 0.0000000e+00 0.0000000e+00
2.1612000e+05 9.6000000e+01 7.8999999e+00 0.0000000e+00 0.0000000e+00
2.1618000e+05 9.6000000e+01 7.5999999e+00 0.0000000e+00 0.0000000e+00
2.1624000e+05 9.5000000e+01 7.5000000e+00 0.0000000e+00 0.0000000e+00
2.1630000e+05 9.4000000e+01 7.5500000e+00 0.0000000e+00 7.0580001e+00
2.1636000e+05 9.1000000e+01 7.8000000e+00 0.0000000e+00 2.6938000e+01
2.1642000e+05 9.1000000e+01 7.7500000e+00 0.0000000e+00 6.4489998e+01
2.1648000e+05 9.2000000e+01 7.8499999e+00 0.0000000e+00 5.8507000e+01
2.1654000e+05 8.9000000e+01 8.1000001e+00 0.0000000e+00 1.0383300e+02
2.1660000e+05 9.0000000e+01 8.4000001e+00 0.0000000e+00 1.5145200e+02
2.1666000e+05 8.6000000e+01 8.7999997e+00 0.0000000e+00 1.7568100e+02
2.1672000e+05 8.2000000e+01 9.9000001e+00 0.0000000e+00 3.4569901e+02
2.1678000e+05 8.1000000e+01 1.0800000e+01 0.0000000e+00 3.7646899e+02
2.1684000e+05 7.3000000e+01 1.1000000e+01 0.0000000e+00 3.7205701e+02
2.1690000e+05 7.1000000e+01 1.1950000e+01 0.0000000e+00 5.4642102e+02
2.1696000e+05 7.1000000e+01 1.2250000e+01 0.0000000e+00 5.4073901e+02
2.1702000e+05 8.7000000e+01 1.0550000e+01 0.0000000e+00 2.9674600e+02
2.1708000e+05 8.8000000e+01 9.1500001e+00 0.0000000e+00 1.2268400e+02
2.1714000e+05 9.1000000e+01 8.5999999e+00 0.0000000e+00 5.9948002e+01
2.1720000e+05 9.2000000e+01 8.1999998e+00 0.0000000e+00 2.6691000e+01
2.1726000e+05 9.4000000e+01 7.8499999e+00 0.0000000e+00 1.6240000e+00
2.1732000e+05 9.5000000e+01 7.4499998e+00 0.0000000e+00 0.0000000e+00
2.1738000e+05 9.6000000e+01 7.1499999e+00 0.0000000e+00 0.0000000e+00
2.1744000e+05 9.6000000e+01 6.9499998e+00 0.0000000e+00 0.0000000e+00
2.1750000e+05 9.6000000e+01 6.5000000e+00 0.0000000e+00 0.0000000e+00
2.1756000e+05 9.6000000e+01 6.1000001e+00 0.0000000e+00 0.0000000e+00
2.1762000e+05 9.7000000e+01 5.8000000e+00 0.0000000e+00 0.0000000e+00
2.1768000e+05 9.6000000e+01 6.0000000e+00 0.0000000e+00 0.0000000e+00
2.1774000e+05 9.5000000e+01 6.2000000e+00 0.0000000e+00 1.0300000e+01
2.1780000e+05 9.4000000e+01 6.7500000e+00 0.0000000e+00 6.2619999e+01
2.1786000e+05 8.6000000e+01 7.5000000e+00 0.0000000e+00 8.5998001e+01
2.1792000e+05 7.4000000e+01 8.0500002e+00 0.0000000e+00 1.7869200e+02
2.1798000e+05 6.7000000e+01 9.0000000e+00 0.0000000e+00 2.5463600e+02
2.1804000e+05 6.3000000e+01 9.5999999e+00 0.0000000e+00 3.4499100e+02
2.1810000e+05 6.5000000e+01 1.0500000e+01 0.0000000e+00 5.2011298e+02
2.1816000e+05 6.0000000e+01 1.0400000e+01 0.0000000e+00 4.0177899e+02
2.1822000e+05 8.6000000e+01 9.1500001e+00 0.0000000e+00 1.3405200e+02
2.1828000e+05 8.0000000e+01 8.6500001e+00 0.0000000e+00 1.7691499e+02
2.1834000e+05 7.7000000e+01 9.4500003e+00 0.0000000e+00 2.7079099e+02
2.1840000e+05 7.8000000e+01 9.3499999e+00 0.0000000e+00 1.7904800e+02
2.1846000e+05 8.5000000e+01 8.6500001e+00 0.0000000e+00 9.1213997e+01
2.1852000e+05 8.6000000e+01 8.0999999e+00 0.0000000e+00 7.8281998e+01
2.1858000e+05 8.3000000e+01 8.1999998e+00 0.0000000e+00 8.7653000e+01
2.1864000e+05 8.6000000e+01 8.1000001e+00 0.0000000e+00 2.9268999e+01
2.1870000e+05 9.1000000e+01 7.8000000e+00 0.0000000e+00 1.6613001e+01
2.1876000e+05 9.0000000e+01 7.3999999e+00 0.0000000e+00 0.0000000e+00
2.1882000e+05 9.0000000e+01 7.2000000e+00 0.0000000e+00 0.0000000e+00
2.1888000e+05 8.9000000e+01 7.0999999e+00 0.0000000e+00 0.0000000e+00
2.1894000e+05 9.0000000e+01 7.2500000e+00 0.0000000e+00 0.0000000e+00
2.1900000e+05 8.7000000e+01 7.3499999e+00 0.0000000e+00 0.0000000e+00
2.1906000e+05 8.8000000e+01 7.2500000e+00 0.0000000e+00 0.0000000e+00
2.1912000e+05 8.9000000e+01 6.8999999e+00 0.0000000e+00 0.0000000e+00
2.1918000e+05 8.5000000e+01 7.0500002e+00 0.0000000e+00 1.8334999e+01
2.1924000e+05 8.3000000e+01 7.6500001e+00 0.0000000e+00 5.6352001e+01
2.1930000e+05 7.8000000e+01 8.2500000e+00 0.0000000e+00 8.3139000e+01
2.1936000e+05 7.7000000e+01 9.0000000e+00 0.0000000e+00 1.6425101e+02
2.1942000e+05 7.5000000e+01 9.7500000e+00 0.0000000e+00 2.8627100e+02
2.1948000e+05 7.3000000e+01 1.0500000e+01 0.0000000e+00 3.0236401e+02
2.1954000e+05 6.4000000e+01 1.1250000e+01 0.0000000e+00 3.7948099e+02
2.1960000e+05 6.6000000e+01 1.1600000e+01 0.0000000e+00 3.0248999e+02
2.1966000e+05 6.3000000e+01 1.2900000e+01 0.0000000e+00 5.0091400e+02
2.1972000e+05 6.4000000e+01 1.3100000e+01 0.0000000e+00 3.3153799e+02
2.1978000e+05 6.5000000e+01 1.2600000e+01 0.0000000e+00 2.8632199e+02
2.1984000e+05 6.7000000e+01 1.2150000e+01 0.0000000e+00 2.4209900e+02
2.1990000e+05 7.1000000e+01 1.1400000e+01 0.0000000e+00 1.2658100e+02
2.1996000e+05 8.9000000e+01 9.9500003e+00 0.0000000e+00 1.4092000e+01
2.2002000e+05 9.3000000e+01 9.0999999e+00 0.0000000e+00 4.8257999e+01
2.2008000e+05 9.3000000e+01 9.1500001e+00 0.0000000e+00 2.6989000e+01
2.2014000e+05 9.4000000e+01 8.9000001e+00 0.0000000e+00 1.8480000e+01
2.2020000e+05 9.5000000e+01 8.5000000e+00 0.0000000e+00 4.7200000e-01
2.2026000e+05 9.6000000e+01 8.3499999e+00 0.0000000e+00 0.0000000e+00
2.2032000e+05 9.6000000e+01 8.3499999e+00 0.0000000e+00 0.0000000e+00
2.2038000e+05 9.6000000e+01 8.4000001e+00 0.0000000e+00 0.0000000e+00
2.2044000e+05 9.6000000e+01 8.5000000e+00 0.0000000e+00 0.0000000e+00
2.2050000e+05 9.6000000e+01 8.5500002e+00 0.0000000e+00 0.0000000e+00
2.2056000e+05 9.6000000e+01 8.6500001e+00 0.0000000e+00 0.0000000e+00
2.2062000e+05 9.5000000e+01 8.8499999e+00 0.0000000e+00 1.6357000e+01
2.2068000e+05 9.5000000e+01 9.4000001e+00 0.0000000e+00 5.6845001e+01
2.2074000e+05 7.8000000e+01 1.0850000e+01 0.0000000e+00 2.4142101e+02
2.2080000e+05 7.9000000e+01 1.1400000e+01 0.0000000e+00 1.8914301e+02
2.2086000e+05 7.3000000e+01 1.2950000e+01 0.0000000e+00 4.9263901e+02
2.2092000e+05 6.8000000e+01 1.4450000e+01 0.0000000e+00 7.1102399e+02
2.2098000e+05 6.3000000e+01 1.5600000e+01 0.0000000e+00 7.6749701e+02
2.2104000e+05 6.1000000e+01 1.5950000e+01 0.0000000e+00 5.3307098e+02
2.2110000e+05 6.3000000e+01 1.7150000e+01 0.0000000e+00 6.1331000e+02
2.2116000e+05 5.8000000e+01 1.7850000e+01 0.0000000e+00 7.4263501e+02
2.2122000e+05 5.9000000e+01 1.8000000e+01 0.0000000e+00 7.5406897e+02
2.2128000e+05 6.2000000e+01 1.6450000e+01 0.0000000e+00 3.8250000e+02
2.2134000e+05 6.3000000e+01 1.6750000e+01 0.0000000e+00 5.0094800e+02
2.2140000e+05 5.9000000e+01 1.7000000e+01 0.0000000e+00 4.7842801e+02
2.2146000e+05 7.2000000e+01 1.5800000e+01 0.0000000e+00 2.2658099e+02
2.2152000e+05 8.0000000e+01 1.3950000e+01 0.0000000e+00 3.4067001e+01
2.2158000e+05 8.0000000e+01 1.3450000e+01 0.0000000e+00 1.7929001e+01
2.2164000e+05 8.1000000e+01 1.2850000e+01 0.0000000e+00 0.0000000e+00
2.2170000e+05 8.3000000e+01 1.2450000e+01 0.0000000e+00 0.0000000e+00
2.2176000e+05 8.8000000e+01 1.1800000e+01 0.0000000e+00 0.0000000e+00
2.2182000e+05 8.2000000e+01 1.1600000e+01 0.0000000e+00 0.0000000e+00
2.2188000e+05 8.5000000e+01 1.1350000e+01 0.0000000e+00 0.0000000e+00
2.2194000e+05 8.1000000e+01 1.1900000e+01 0.0000000e+00 0.0000000e+00
2.2200000e+05 7.6000000e+01 1.1950000e+01 0.0000000e+00 0.0000000e+00
2.2206000e+05 6.1000000e+01 1.2800000e+01 0.0000000e+00 2.9812000e+01
2.2212000e+05 5.1000000e+01 1.4550000e+01 0.0000000e+00 7.3018997e+01
2.2218000e+05 5.7000000e+01 1.5500000e+01 0.0000000e+00 1.9896500e+02
2.2224000e+05 5.4000000e+01 1.5900001e+01 0.0000000e+00 2.2638499e+02
2.2230000e+05 4.9000000e+01 1.7050000e+01 0.0000000e+00 3.5126801e+02
2.2236000e+05 3.9000000e+01 1.9099999e+01 0.0000000e+00 5.0820200e+02
2.2242000e+05 3.7000000e+01 1.9750000e+01 0.0000000e+00 5.5396100e+02
2.2248000e+05 4.0000000e+01 1.9900001e+01 0.0000000e+00 5.8785699e+02
2.2254000e+05 4.7000000e+01 1.8900001e+01 0.0000000e+00 4.6283200e+02
2.2260000e+05 3.9000000e+01 1.9900001e+01 0.0000000e+00 6.7698999e+02
2.2266000e+05 4.1000000e+01 2.0349999e+01 0.0000000e+00 6.0897198e+02
2.2272000e+05 4.0000000e+01 2.0750000e+01 0.0000000e+00 5.9028003e+02
2.2278000e+05 4.2000000e+01 1.9800000e+01 0.0000000e+00 3.9456699e+02
2.2284000e+05 4.1000000e+01 1.9750000e+01 0.0000000e+00 4.3962399e+02
2.2290000e+05 5.0000000e+01 1.8300000e+01 0.0000000e+00 2.4419600e+02
2.2296000e+05 5.6000000e+01 1.6600000e+01 0.0000000e+00 1.7132000e+01
2.2302000e+05 5.8000000e+01 1.6200000e+01 0.0000000e+00 9.3199997e+00
2.2308000e+05 5.7000000e+01 1.6050000e+01 0.0000000e+00 0.0000000e+00
2.2314000e+05 4.4000000e+01 1.6450000e+01 0.0000000e+00 0.0000000e+00
2.2320000e+05 4.4000000e+01 1.6850000e+01 0.0000000e+00 0.0000000e+00
2.2326000e+05 4.9000000e+01 1.6350000e+01 0.0000000e+00 0.0000000e+00
2.2332000e+05 4.7000000e+01 1.6150000e+01 0.0000000e+00 0.0000000e+00
2.2338000e+05 5.9000000e+01 1.5400000e+01 0.0000000e+00 0.0000000e+00
2.2344000e+05 4.7000000e+01 1.5500000e+01 0.0000000e+00 1.5050000e+00
2.2350000e+05 4.8000000e+01 1.6250000e+01 0.0000000e+00 1.6899000e+01
2.2356000e+05 4.8000000e+01 1.6350000e+01 0.0000000e+00 6.3412998e+01
2.2362000e+05 5.1000000e+01 1.6300000e+01 0.0000000e+00 6.9041000e+01
2.2368000e+05 5.4000000e+01 1.5550000e+01 0.0000000e+00 7.4786003e+01
2.2374000e+05 6.4000000e+01 1.5300000e+01 0.0000000e+00 8.7460999e+01
2.2380000e+05 8.4000000e+01 1.4000000e+01 0.0000000e+00 8.2742996e+01
2.2386000e+05 8.6000000e+01 1.3350000e+01 0.0000000e+00 1.4273399e+02
2.2392000e+05 8.0000000e+01 1.4050000e+01 0.0000000e+00 2.3865500e+02
2.2398000e+05 7.3000000e+01 1.5600000e+01 0.0000000e+00 6.4326898e+02
2.2404000e+05 7.2000000e+01 1.7000000e+01 0.0000000e+00 8.2166101e+02
2.2410000e+05 7.3000000e+01 1.6750000e+01 0.0000000e+00 5.9078302e+02
2.2416000e+05 7.5000000e+01 1.5750000e+01 0.0000000e+00 4.9885300e+02
2.2422000e+05 7.4000000e+01 1.6100000e+01 0.0000000e+00 4.5107901e+02
2.2428000e+05 8.5000000e+01 1.4450000e+01 0.0000000e+00 1.0872500e+02
2.2434000e+05 8.7000000e+01 1.3750000e+01 0.0000000e+00 1.6939200e+02
2.2440000e+05 8.9000000e+01 1.3300000e+01 0.0000000e+00 3.4125999e+01
2.2446000e+05 9.3000000e+01 1.2500000e+01 0.0000000e+00 0.0000000e+00
2.2452000e+05 9.2000000e+01 1.1700000e+01 0.0000000e+00 0.0000000e+00
2.2458000e+05 9.1000000e+01 1.1900000e+01 0.0000000e+00 0.0000000e+00
2.2464000e+05 9.3000000e+01 1.1650000e+01 0.0000000e+00 0.0000000e+00
2.2470000e+05 9.2000000e+01 1.0650000e+01 0.0000000e+00 0.0000000e+00
2.2476000e+05 9.1000000e+01 1.0400000e+01 0.0000000e+00 0.0000000e+00
2.2482000e+05 8.7000000e+01 1.0600000e+01 0.0000000e+00 0.0000000e+00
2.2488000e+05 8.3000000e+01 1.1200000e+01 0.0000000e+00 3.6940000e+00
2.2494000e+05 7.9000000e+01 1.2000000e+01 0.0000000e+00 4.0648998e+01
2.2500000e+05 6.9000000e+01 1.3800000e+01 0.0000000e+00 6.4016998e+01
2.2506000e+05 6.1000000e+01 1.5250000e+01 0.0000000e+00 2.6682199e+02
2.2512000e+05 6.6000000e+01 1.6400000e+01 0.0000000e+00 2.3331400e+02
2.2518000e+05 7.1000000e+01 1.5800000e+01 0.0000000e+00 1.1663600e+02
2.2524000e+05 6.6000000e+01 1.5750000e+01 0.0000000e+00 8.2334000e+01
2.2530000e+05 6.3000000e+01 1.6650001e+01 0.0000000e+00 1.8025800e+02
2.2536000e+05 6.4000000e+01 1.7250000e+01 0.0000000e+00 3.9789499e+02
2.2560000e+05 7.5000000e+01 1.6150000e+01 0.0000000e+00 1.7077499e+02
2.2566000e+05 7.9000000e+01 1.4500000e+01 0.0000000e+00 2.6745300e+02
2.2572000e+05 7.4000000e+01 1.5150000e+01 0.0000000e+00 4.7584601e+02
2.2578000e+05 7.9000000e+01 1.4400000e+01 0.0000000e+00 1.2821700e+02
2.2584000e+05 8.3000000e+01 1.3250000e+01 0.0000000e+00 3.9054001e+01
2.2590000e+05 8.5000000e+01 1.2900000e+01 0.0000000e+00 5.0683998e+01
2.2596000e+05 9.4000000e+01 1.2350000e+01 0.0000000e+00 0.0000000e+00
2.2602000e+05 9.4000000e+01 1.1100000e+01 0.0000000e+00 0.0000000e+00
2.2608000e+05 9.4000000e+01 1.0300000e+01 0.0000000e+00 0.0000000e+00
2.2614000e+05 9.4000000e+01 1.0100000e+01 0.0000000e+00 0.0000000e+00
2.2620000e+05 9.5000000e+01 1.0050000e+01 0.0000000e+00 0.0000000e+00
2.2626000e+05 9.6000000e+01 9.8500004e+00 0.0000000e+00 0.0000000e+00
2.2632000e+05 9.6000000e+01 9.9000001e+00 0.0000000e+00 2.5409999e+00
2.2638000e+05 9.6000000e+01 1.0400000e+01 0.0000000e+00 2.8966999e+01
2.2644000e+05 9.6000000e+01 1.1150000e+01 0.0000000e+00 7.9135002e+01
2.2650000e+05 8.7000000e+01 1.2200000e+01 0.0000000e+00 2.3683000e+02
2.2656000e+05 7.7000000e+01 1.3550000e+01 0.0000000e+00 3.5309698e+02
2.2662000e+05 7.7000000e+01 1.4800000e+01 0.0000000e+00 4.8074799e+02
2.2668000e+05 7.5000000e+01 1.5150000e+01 0.0000000e+00 3.6063901e+02
2.2674000e+05 7.4000000e+01 1.4550000e+01 0.0000000e+00 2.6217801e+02
2.2680000e+05 7.6000000e+01 1.4900000e+01 0.0000000e+00 3.4222601e+02
2.2686000e+05 6.9000000e+01 1.5550000e+01 0.0000000e+00 4.1567499e+02
2.2692000e+05 7.7000000e+01 1.4800000e+01 0.0000000e+00 2.5462601e+02
2.2698000e+05 8.4000000e+01 1.3300000e+01 0.0000000e+00 5.4730000e+01
2.2704000e+05 8.9000000e+01 1.2150000e+01 0.0000000e+00 7.4569998e+00
2.2710000e+05 9.2000000e+01 1.1900000e+01 0.0000000e+00 1.7996000e+01
2.2716000e+05 9.1000000e+01 1.2000000e+01 0.0000000e+00 3.5308998e+01
2.2722000e+05 9.0000000e+01 1.2300000e+01 0.0000000e+00 4.2305000e+01
2.2728000e+05 8.9000000e+01 1.2150000e+01 0.0000000e+00 1.3028000e+01
2.2734000e+05 9.3000000e+01 1.1600000e+01 0.0000000e+00 6.7560000e+00
2.2740000e+05 9.5000000e+01 1.1250000e+01 0.0000000e+00 0.0000000e+00
2.2746000e+05 9.5000000e+01 1.1050000e+01 0.0000000e+00 0.0000000e+00
2.2752000e+05 9.6000000e+01 1.0650000e+01 0.0000000e+00 0.0000000e+00
2.2758000e+05 9.6000000e+01 1.0400000e+01 0.0000000e+00 0.0000000e+00
2.2764000e+05 9.6000000e+01 1.0350000e+01 0.0000000e+00 0.0000000e+00
2.2770000e+05 9.4000000e+01 9.9500003e+00 0.0000000e+00 0.0000000e+00
2.2776000e+05 9.4000000e+01 9.3000002e+00 0.0000000e+00 0.0000000e+00
2.2782000e+05 9.5000000e+01 8.6500001e+00 0.0000000e+00 0.0000000e+00
2.2788000e+05 9.4000000e+01 8.1499999e+00 0.0000000e+00 1.5396000e+01
2.2794000e+05 8.0000000e+01 8.8000002e+00 0.0000000e+00 2.4866701e+02
2.2800000e+05 7.7000000e+01 9.2000003e+00 0.0000000e+00 2.4481500e+02
2.2806000e+05 7.8000000e+01 9.3499999e+00 0.0000000e+00 1.6342700e+02
2.2812000e+05 7.1000000e+01 9.5500002e+00 0.0000000e+00 2.1929300e+02
2.2818000e+05 6.9000000e+01 1.0000000e+01 0.0000000e+00 2.5928699e+02
2.2824000e+05 6.8000000e+01 1.0600000e+01 0.0000000e+00 2.7568900e+02
2.2830000e+05 7.9000000e+01 1.0200000e+01 0.0000000e+00 2.1759200e+02
2.2836000e+05 6.5000000e+01 1.0300000e+01 0.0000000e+00 1.9729700e+02
2.2842000e+05 6.3000000e+01 1.1150000e+01 0.0000000e+00 1.9413901e+02
2.2848000e+05 5.8000000e+01 1.1750000e+01 0.0000000e+00 2.6566199e+02
2.2854000e+05 5.2000000e+01 1.2650000e+01 0.0000000e+00 2.6205899e+02
2.2860000e+05 5.3000000e+01 1.2750000e+01 0.0000000e+00 2.0774500e+02
2.2866000e+05 4.5000000e+01 1.2400000e+01 0.0000000e+00 9.8178001e+01
2.2872000e+05 5.0000000e+01 1.1550000e+01 0.0000000e+00 3.9728001e+01
2.2878000e+05 5.5000000e+01 1.0900000e+01 0.0000000e+00 2.1705000e+01
2.2884000e+05 5.8000000e+01 1.0350000e+01 0.0000000e+00 0.0000000e+00
2.2890000e+05 5.7000000e+01 1.0450000e+01 0.0000000e+00 0.0000000e+00
2.2896000e+05 5.3000000e+01 1.0950000e+01 0.0000000e+00 0.0000000e+00
2.2902000e+05 5.1000000e+01 1.1650000e+01 0.0000000e+00 0.0000000e+00
2.2908000e+05 5.1000000e+01 1.2000000e+01 0.0000000e+00 0.0000000e+00
2.2914000e+05 4.8000000e+01 1.2450000e+01 0.0000000e+00 0.0000000e+00
2.2920000e+05 5.0000000e+01 1.2650000e+01 0.0000000e+00 0.0000000e+00
2.2926000e+05 5.2000000e+01 1.2800000e+01 0.0000000e+00 6.7480001e+00
2.2932000e+05 5.5000000e+01 1.3250000e+01 0.0000000e+00 5.6678001e+01
2.2938000e+05 7.1000000e+01 1.2550000e+01 0.0000000e+00 1.4623900e+02
2.2944000e+05 6.7000000e+01 1.2450000e+01 0.0000000e+00 2.2225000e+02
2.2950000e+05 8.4000000e+01 1.1100000e+01 0.0000000e+00 1.2902699e+02
2.2956000e+05 8.4000000e+01 1.1300000e+01 0.0000000e+00 2.5077800e+02
2.2962000e+05 9.0000000e+01 1.0750000e+01 0.0000000e+00 3.2513101e+02
2.2968000e+05 8.8000000e+01 1.0150000e+01 0.0000000e+00 2.2649699e+02
2.2974000e+05 9.2000000e+01 9.3000002e+00 0.0000000e+00 9.3948997e+01
2.2980000e+05 8.6000000e+01 9.6500001e+00 0.0000000e+00 1.4455299e+02
2.2986000e+05 9.1000000e+01 1.0150000e+01 0.0000000e+00 1.6631000e+02
2.2992000e+05 8.6000000e+01 9.8499999e+00 0.0000000e+00 1.2271000e+02
2.2998000e+05 8.6000000e+01 1.0300000e+01 0.0000000e+00 1.5426300e+02
2.3004000e+05 9.3000000e+01 1.0050000e+01 0.0000000e+00 5.3112999e+01
2.3010000e+05 8.9000000e+01 1.0150000e+01 0.0000000e+00 9.7837997e+01
2.3016000e+05 8.3000000e+01 1.0400000e+01 0.0000000e+00 6.7009003e+01
2.3022000e+05 8.4000000e+01 1.0350000e+01 0.0000000e+00 2.2861000e+01
2.3028000e+05 8.5000000e+01 1.0050000e+01 0.0000000e+00 1.8290000e+00
2.3034000e+05 8.3000000e+01 9.8499999e+00 0.0000000e+00 0.0000000e+00
2.3040000e+05 7.9000000e+01 1.0250000e+01 0.0000000e+00 0.0000000e+00
2.3046000e+05 7.4000000e+01 1.0800000e+01 0.0000000e+00 0.0000000e+00
2.3052000e+05 8.0000000e+01 1.0850000e+01 0.0000000e+00 0.0000000e+00
2.3058000e+05 8.0000000e+01 1.0250000e+01 0.0000000e+00 0.0000000e+00
2.3064000e+05 7.6000000e+01 1.0700000e+01 0.0000000e+00 0.0000000e+00
2.3070000e+05 8.2000000e+01 1.0550000e+01 0.0000000e+00 0.0000000e+00
2.3076000e+05 7.9000000e+01 1.0500000e+01 0.0000000e+00 3.9089999e+00
2.3082000e+05 7.3000000e+01 1.1300000e+01 0.0000000e+00 3.6964001e+01
2.3088000e+05 7.2000000e+01 1.2400000e+01 0.0000000e+00 7.8060997e+01
2.3094000e+05 7.6000000e+01 1.3000000e+01 0.0000000e+00 1.7256400e+02
2.3100000e+05 7.4000000e+01 1.3200000e+01 0.0000000e+00 2.9516800e+02
2.3106000e+05 7.2000000e+01 1.3900000e+01 0.0000000e+00 5.1054001e+02
2.3112000e+05 7.4000000e+01 1.4700000e+01 0.0000000e+00 6.1928302e+02
2.3118000e+05 7.1000000e+01 1.4950000e+01 0.0000000e+00 4.8349100e+02
2.3124000e+05 6.8000000e+01 1.5350000e+01 0.0000000e+00 4.6166199e+02
2.3130000e+05 6.6000000e+01 1.5900001e+01 0.0000000e+00 5.1169000e+02
2.3136000e+05 6.6000000e+01 1.6650000e+01 0.0000000e+00 4.5226700e+02
2.3142000e+05 6.8000000e+01 1.6700001e+01 0.0000000e+00 2.9967200e+02
2.3148000e+05 7.5000000e+01 1.5599999e+01 0.0000000e+00 1.6143900e+02
2.3154000e+05 8.0000000e+01 1.4250000e+01 0.0000000e+00 1.4743201e+02
2.3160000e+05 8.6000000e+01 1.2750000e+01 0.0000000e+00 7.4014999e+01
2.3166000e+05 8.7000000e+01 1.2300000e+01 0.0000000e+00 2.2836000e+01
2.3172000e+05 9.1000000e+01 1.1850000e+01 0.0000000e+00 5.0900002e+00
2.3178000e+05 9.2000000e+01 1.1350000e+01 0.0000000e+00 0.0000000e+00
2.3184000e+05 9.2000000e+01 1.1100000e+01 0.0000000e+00 0.0000000e+00
2.3190000e+05 9.2000000e+01 1.1250000e+01 0.0000000e+00 0.0000000e+00
2.3196000e+05 9.2000000e+01 1.1300000e+01 0.0000000e+00 0.0000000e+00
2.3202000e+05 9.3000000e+01 1.1350000e+01 0.0000000e+00 0.0000000e+00
2.3208000e+05 8.7000000e+01 1.2000000e+01 0.0000000e+00 0.0000000e+00
2.3214000e+05 8.7000000e+01 1.2650000e+01 0.0000000e+00 5.1659999e+00
2.3220000e+05 8.7000000e+01 1.2750000e+01 0.0000000e+00 2.7825001e+01
2.3226000e+05 8.0000000e+01 1.3900000e+01 0.0000000e+00 1.0408300e+02
2.3232000e+05 8.2000000e+01 1.5200000e+01 0.0000000e+00 2.5942499e+02
2.3238000e+05 7.5000000e+01 1.6099999e+01 0.0000000e+00 3.7639099e+02
2.3244000e+05 7.3000000e+01 1.7150001e+01 0.0000000e+00 4.5184201e+02
2.3250000e+05 6.8000000e+01 1.8300000e+01 0.0000000e+00 4.5266800e+02
2.3256000e+05 5.4000000e+01 1.9550000e+01 0.0000000e+00 7.5813702e+02
2.3262000e+05 5.6000000e+01 2.0150001e+01 0.0000000e+00 6.4895801e+02
2.3268000e+05 6.9000000e+01 1.9200000e+01 0.0000000e+00 5.6797601e+02
2.3274000e+05 6.8000000e+01 1.7400000e+01 0.0000000e+00 3.3202600e+02
2.3280000e+05 7.4000000e+01 1.6350000e+01 0.0000000e+00 2.0162700e+02
2.3286000e+05 7.7000000e+01 1.5550000e+01 0.0000000e+00 1.7014700e+02
2.3292000e+05 7.3000000e+01 1.5550000e+01 0.0000000e+00 1.5152400e+02
2.3298000e+05 8.5000000e+01 1.4950000e+01 0.0000000e+00 3.7210999e+01
2.3304000e+05 9.1000000e+01 1.4000000e+01 0.0000000e+00 2.0403999e+01
2.3310000e+05 9.1000000e+01 1.3250000e+01 0.0000000e+00 4.8429999e+00
2.3316000e+05 9.4000000e+01 1.2800000e+01 0.0000000e+00 0.0000000e+00
2.3322000e+05 9.5000000e+01 1.2500000e+01 0.0000000e+00 0.0000000e+00
2.3328000e+05 9.6000000e+01 1.2300000e+01 0.0000000e+00 0.0000000e+00
2.3334000e+05 9.6000000e+01 1.2400000e+01 0.0000000e+00 0.0000000e+00
2.3340000e+05 9.6000000e+01 1.2550000e+01 0.0000000e+00 0.0000000e+00
2.3346000e+05 9.7000000e+01 1.2550000e+01 0.0000000e+00 0.0000000e+00
2.3352000e+05 9.7000000e+01 1.2650000e+01 0.0000000e+00 0.0000000e+00
2.3358000e+05 9.7000000e+01 1.2750000e+01 0.0000000e+00 1.5271000e+01
2.3364000e+05 9.7000000e+01 1.3000000e+01 0.0000000e+00 3.0212000e+01
2.3370000e+05 9.6000000e+01 1.2850000e+01 0.0000000e+00 2.5306000e+01
2.3376000e+05 9.6000000e+01 1.2550000e+01 0.0000000e+00 2.8662001e+01
2.3382000e+05 9.5000000e+01 1.3000000e+01 0.0000000e+00 7.3719002e+01
2.3388000e+05 8.5000000e+01 1.3650000e+01 0.0000000e+00 1.5350800e+02
2.3394000e+05 8.8000000e+01 1.3550000e+01 0.0000000e+00 9.3188004e+01
2.3400000e+05 7.8000000e+01 1.3200000e+01 0.0000000e+00 1.5823500e+02
2.3406000e+05 6.7000000e+01 1.4650000e+01 0.0000000e+00 6.5061298e+02
2.3412000e+05 6.3000000e+01 1.5200000e+01 0.0000000e+00 8.4269897e+02
2.3418000e+05 5.9000000e+01 1.5050000e+01 0.0000000e+00 6.3582501e+02
2.3424000e+05 6.5000000e+01 1.4750000e+01 0.0000000e+00 3.1747900e+02
2.3430000e+05 6.1000000e+01 1.4950000e+01 0.0000000e+00 4.4018201e+02
2.3436000e+05 6.1000000e+01 1.4650000e+01 0.0000000e+00 3.1831699e+02
2.3442000e+05 5.7000000e+01 1.4000000e+01 0.0000000e+00 2.2891901e+02
2.3448000e+05 6.5000000e+01 1.3100000e+01 0.0000000e+00 5.9509998e+01
2.3454000e+05 6.1000000e+01 1.2300000e+01 0.0000000e+00 4.0665001e+01
2.3460000e+05 6.1000000e+01 1.2000000e+01 0.0000000e+00 6.7100000e+00
2.3466000e+05 6.5000000e+01 1.1550000e+01 0.0000000e+00 0.0000000e+00
2.3472000e+05 6.9000000e+01 1.0900000e+01 0.0000000e+00 0.0000000e+00
2.3478000e+05 7.0000000e+01 1.0400000e+01 0.0000000e+00 0.0000000e+00
2.3484000e+05 7.7000000e+01 9.7500000e+00 0.0000000e+00 0.0000000e+00
2.3490000e+05 7.7000000e+01 8.9499998e+00 0.0000000e+00 0.0000000e+00
2.3496000e+05 7.9000000e+01 8.8000002e+00 0.0000000e+00 0.0000000e+00
2.3502000e+05 7.6000000e+01 9.7000003e+00 0.0000000e+00 4.3889000e+01
2.3508000e+05 7.9000000e+01 1.0900000e+01 0.0000000e+00 6.7557999e+01
2.3514000e+05 7.8000000e+01 1.1500000e+01 0.0000000e+00 7.6204002e+01
2.3520000e+05 7.0000000e+01 1.2550000e+01 0.0000000e+00 1.5990100e+02
2.3526000e+05 5.9000000e+01 1.4100000e+01 0.0000000e+00 2.5561800e+02
2.3532000e+05 5.0000000e+01 1.6050000e+01 0.0000000e+00 5.1441901e+02
2.3538000e+05 4.9000000e+01 1.6700000e+01 0.0000000e+00 3.9728799e+02
2.3544000e+05 4.6000000e+01 1.7400000e+01 0.0000000e+00 4.3404999e+02
2.3550000e+05 4.7000000e+01 1.8750000e+01 0.0000000e+00 7.9068903e+02
2.3556000e+05 4.4000000e+01 1.9800000e+01 0.0000000e+00 5.9967102e+02
2.3562000e+05 4.0000000e+01 2.2150000e+01 0.0000000e+00 7.0801099e+02
2.3568000e+05 3.6000000e+01 2.2700000e+01 0.0000000e+00 6.8061499e+02
2.3574000e+05 4.4000000e+01 2.2049999e+01 0.0000000e+00 5.6773700e+02
2.3580000e+05 4.8000000e+01 2.0350000e+01 0.0000000e+00 4.8266400e+02
2.3586000e+05 5.9000000e+01 1.8600000e+01 0.0000000e+00 2.6326599e+02
2.3592000e+05 6.6000000e+01 1.6850000e+01 0.0000000e+00 5.3033001e+01
2.3598000e+05 6.7000000e+01 1.5650000e+01 0.0000000e+00 2.6284000e+01
2.3604000e+05 6.6000000e+01 1.4850000e+01 0.0000000e+00 1.1230000e+00
2.3610000e+05 7.0000000e+01 1.4050000e+01 0.0000000e+00 0.0000000e+00
2.3616000e+05 6.6000000e+01 1.3400000e+01 0.0000000e+00 0.0000000e+00
2.3622000e+05 7.1000000e+01 1.3300000e+01 0.0000000e+00 0.0000000e+00
2.3628000e+05 7.5000000e+01 1.2550000e+01 0.0000000e+00 0.0000000e+00
2.3634000e+05 6.9000000e+01 1.2450000e+01 0.0000000e+00 0.0000000e+00
2.3640000e+05 6.6000000e+01 1.2950000e+01 0.0000000e+00 0.0000000e+00
2.3646000e+05 6.4000000e+01 1.3450000e+01 0.0000000e+00 1.0237000e+01
2.3652000e+05 5.6000000e+01 1.5450000e+01 0.0000000e+00 2.3351000e+01
2.3658000e+05 5.5000000e+01 1.8300000e+01 0.0000000e+00 2.9960999e+02
2.3664000e+05 4.8000000e+01 2.0050000e+01 0.0000000e+00 4.7596899e+02
2.3670000e+05 4.3000000e+01 2.0849999e+01 0.0000000e+00 5.0728699e+02
2.3676000e+05 3.1000000e+01 2.3099999e+01 0.0000000e+00 7.1061401e+02
2.3688000e+05 4.8000000e+01 2.3500000e+01 0.0000000e+00 5.7290997e+02
2.3694000e+05 5.2000000e+01 2.3200000e+01 0.0000000e+00 4.0941299e+02
2.3700000e+05 6.1000000e+01 2.1300000e+01 0.0000000e+00 5.0431699e+02
2.3706000e+05 6.9000000e+01 1.8849999e+01 0.0000000e+00 3.8621799e+02
2.3712000e+05 8.1000000e+01 1.7300000e+01 0.0000000e+00 3.9345001e+02
2.3718000e+05 8.8000000e+01 1.5000000e+01 0.0000000e+00 5.4388000e+01
2.3724000e+05 9.3000000e+01 1.3800000e+01 0.0000000e+00 1.5478000e+01
2.3730000e+05 9.4000000e+01 1.2600000e+01 0.0000000e+00 5.0510001e+00
2.3736000e+05 9.4000000e+01 1.1950000e+01 0.0000000e+00 1.8400000e+00
2.3742000e+05 9.5000000e+01 1.1700000e+01 0.0000000e+00 0.0000000e+00
2.3748000e+05 9.6000000e+01 1.1500000e+01 0.0000000e+00 0.0000000e+00
2.3754000e+05 9.5000000e+01 1.1200000e+01 0.0000000e+00 0.0000000e+00
2.3760000e+05 9.5000000e+01 1.0800000e+01 0.0000000e+00 0.0000000e+00
2.3766000e+05 9.6000000e+01 1.0550000e+01 0.0000000e+00 0.0000000e+00
2.3772000e+05 9.6000000e+01 1.0500000e+01 0.0000000e+00 0.0000000e+00
2.3778000e+05 9.6000000e+01 1.0550000e+01 0.0000000e+00 0.0000000e+00
2.3784000e+05 9.6000000e+01 1.0550000e+01 0.0000000e+00 0.0000000e+00
2.3790000e+05 9.6000000e+01 1.0700000e+01 0.0000000e+00 0.0000000e+00
2.3796000e+05 9.5000000e+01 1.0800000e+01 0.0000000e+00 7.8439999e+00
2.3802000e+05 9.4000000e+01 1.1450000e+01 0.0000000e+00 1.0379700e+02
2.3808000e+05 9.0000000e+01 1.2150000e+01 0.0000000e+00 1.4779700e+02
2.3814000e+05 8.9000000e+01 1.2100000e+01 0.0000000e+00 1.3284000e+02
2.3820000e+05 7.8000000e+01 1.3650000e+01 0.0000000e+00 4.7729199e+02
2.3826000e+05 8.0000000e+01 1.5100000e+01 0.0000000e+00 4.4580399e+02
2.3832000e+05 7.7000000e+01 1.5800000e+01 0.0000000e+00 4.9018600e+02
2.3838000e+05 7.6000000e+01 1.6500000e+01 0.0000000e+00 5.6435797e+02
2.3844000e+05 7.4000000e+01 1.7650000e+01 0.0000000e+00 8.1914801e+02
2.3850000e+05 7.1000000e+01 1.7850000e+01 0.0000000e+00 7.3875702e+02
2.3856000e+05 7.2000000e+01 1.8250000e+01 0.0000000e+00 6.6209998e+02
2.3862000e+05 6.9000000e+01 1.8350000e+01 0.0000000e+00 5.5134900e+02
2.3868000e+05 7.1000000e+01 1.8600000e+01 0.0000000e+00 4.2513699e+02
2.3874000e+05 8.5000000e+01 1.7300000e+01 0.0000000e+00 2.3331300e+02
2.3880000e+05 8.6000000e+01 1.5900000e+01 0.0000000e+00 1.9860001e+01
2.3886000e+05 8.6000000e+01 1.5400000e+01 0.0000000e+00 1.0666000e+01
2.3892000e+05 8.7000000e+01 1.4900000e+01 0.0000000e+00 2.0840001e+00
2.3898000e+05 9.0000000e+01 1.4550000e+01 0.0000000e+00 0.0000000e+00
2.3904000e+05 9.3000000e+01 1.4150000e+01 0.0000000e+00 0.0000000e+00
2.3910000e+05 9.4000000e+01 1.3750000e+01 0.0000000e+00 0.0000000e+00
2.3916000e+05 8.5000000e+01 1.4600000e+01 0.0000000e+00 0.0000000e+00
2.3922000e+05 8.5000000e+01 1.5450000e+01 0.0000000e+00 0.0000000e+00
2.3928000e+05 8.2000000e+01 1.5849999e+01 0.0000000e+00 0.0000000e+00
2.3934000e+05 8.5000000e+01 1.6350000e+01 0.0000000e+00 1.9257999e+01
2.3940000e+05 8.7000000e+01 1.6300000e+01 0.0000000e+00 5.6757999e+01
2.3946000e+05 7.6000000e+01 1.8000000e+01 0.0000000e+00 2.2096400e+02
2.3952000e+05 7.0000000e+01 1.9700000e+01 0.0000000e+00 2.8606201e+02
2.3958000e+05 6.6000000e+01 2.1050000e+01 0.0000000e+00 3.7223199e+02
2.3964000e+05 6.6000000e+01 2.2000000e+01 0.0000000e+00 4.1096201e+02
2.3970000e+05 6.5000000e+01 2.3000000e+01 0.0000000e+00 4.9796500e+02
2.3976000e+05 6.5000000e+01 2.2850000e+01 0.0000000e+00 4.2980801e+02
2.3982000e+05 6.6000000e+01 2.2350000e+01 0.0000000e+00 4.1404999e+02
2.3988000e+05 5.3000000e+01 2.3049999e+01 0.0000000e+00 7.6689203e+02
2.3994000e+05 5.9000000e+01 2.2900001e+01 0.0000000e+00 4.3015100e+02
2.4000000e+05 5.4000000e+01 2.3400000e+01 0.0000000e+00 6.1012500e+02
2.4006000e+05 5.4000000e+01 2.3200000e+01 0.0000000e+00 4.4233701e+02
2.4012000e+05 6.0000000e+01 2.2700000e+01 0.0000000e+00 3.9720801e+02
2.4018000e+05 7.2000000e+01 2.0849999e+01 0.0000000e+00 1.7426801e+02
2.4024000e+05 7.7000000e+01 1.9650000e+01 0.0000000e+00 7.2322998e+01
2.4030000e+05 7.8000000e+01 1.9100000e+01 0.0000000e+00 5.0081001e+01
2.4036000e+05 8.2000000e+01 1.7900001e+01 0.0000000e+00 5.0999999e-01
2.4042000e+05 8.5000000e+01 1.6950000e+01 0.0000000e+00 0.0000000e+00
2.4048000e+05 8.0000000e+01 1.6600000e+01 0.0000000e+00 0.0000000e+00
2.4054000e+05 4.8000000e+01 1.9600000e+01 0.0000000e+00 0.0000000e+00
2.4060000e+05 5.1000000e+01 2.2050000e+01 0.0000000e+00 0.0000000e+00
2.4066000e+05 7.4000000e+01 1.9700001e+01 0.0000000e+00 0.0000000e+00
2.4072000e+05 8.2000000e+01 1.7250000e+01 0.0000000e+00 0.0000000e+00
2.4078000e+05 8.8000000e+01 1.6750000e+01 0.0000000e+00 2.7600000e+00
2.4084000e+05 8.9000000e+01 1.6250000e+01 0.0000000e+00 2.6114000e+01
2.4090000e+05 8.5000000e+01 1.6050000e+01 0.0000000e+00 7.5084999e+01
2.4096000e+05 7.8000000e+01 1.5600000e+01 0.0000000e+00 2.8660999e+01
2.4102000e+05 7.7000000e+01 1.5850000e+01 0.0000000e+00 7.1630997e+01
2.4108000e+05 7.3000000e+01 1.6650001e+01 0.0000000e+00 1.9675101e+02
2.4114000e+05 7.6000000e+01 1.6650000e+01 0.0000000e+00 8.2507004e+01
2.4120000e+05 7.9000000e+01 1.6250000e+01 0.0000000e+00 1.7284900e+02
2.4126000e+05 7.8000000e+01 1.6200000e+01 0.0000000e+00 2.1410500e+02
2.4132000e+05 7.3000000e+01 1.7950000e+01 0.0000000e+00 4.8842099e+02
2.4138000e+05 6.6000000e+01 1.8849999e+01 0.0000000e+00 7.2698102e+02
2.4144000e+05 6.2000000e+01 1.8950001e+01 0.0000000e+00 5.1113101e+02
2.4150000e+05 6.0000000e+01 1.9700001e+01 0.0000000e+00 5.2163599e+02
2.4156000e+05 6.2000000e+01 1.9250000e+01 0.0000000e+00 2.7199200e+02
2.4162000e+05 7.1000000e+01 1.7750000e+01 0.0000000e+00 8.5726997e+01
2.4168000e+05 7.6000000e+01 1.6800000e+01 0.0000000e+00 3.2479000e+01
2.4174000e+05 7.5000000e+01 1.6150000e+01 0.0000000e+00 4.0007999e+01
2.4180000e+05 8.5000000e+01 1.5400000e+01 0.0000000e+00 0.0000000e+00
2.4186000e+05 6.5000000e+01 1.5100000e+01 0.0000000e+00 0.0000000e+00
2.4192000e+05 5.2000000e+01 1.5600000e+01 0.0000000e+00 0.0000000e+00
2.4198000e+05 5.1000000e+01 1.5450000e+01 0.0000000e+00 0.0000000e+00
2.4204000e+05 5.5000000e+01 1.4850000e+01 0.0000000e+00 0.0000000e+00
2.4210000e+05 5.2000000e+01 1.4550000e+01 0.0000000e+00 0.0000000e+00
2.4216000e+05 5.4000000e+01 1.4450000e+01 0.0000000e+00 0.0000000e+00
2.4222000e+05 6.4000000e+01 1.3700000e+01 0.0000000e+00 2.8340001e+00
2.4228000e+05 7.3000000e+01 1.2600000e+01 0.0000000e+00 3.3993000e+01
2.4234000e+05 6.7000000e+01 1.2300000e+01 0.0000000e+00 8.3692001e+01
2.4240000e+05 8.5000000e+01 1.1900000e+01 0.0000000e+00 1.0166000e+02
2.4246000e+05 7.5000000e+01 1.1650000e+01 0.0000000e+00 1.6042300e+02
2.4252000e+05 7.1000000e+01 1.1850000e+01 0.0000000e+00 1.7164101e+02
2.4258000e+05 8.0000000e+01 1.1950000e+01 0.0000000e+00 1.1599400e+02
2.4264000e+05 8.1000000e+01 1.2000000e+01 0.0000000e+00 2.0895900e+02
2.4270000e+05 7.1000000e+01 1.2750000e+01 0.0000000e+00 3.1771701e+02
2.4276000e+05 6.3000000e+01 1.4100000e+01 0.0000000e+00 3.8655801e+02
2.4282000e+05 5.1000000e+01 1.4050000e+01 0.0000000e+00 2.8196899e+02
2.4288000e+05 5.1000000e+01 1.5000000e+01 0.0000000e+00 3.6280099e+02
2.4294000e+05 5.6000000e+01 1.4950000e+01 0.0000000e+00 3.4607599e+02
2.4300000e+05 5.8000000e+01 1.4050000e+01 0.0000000e+00 2.1145500e+02
2.4306000e+05 7.0000000e+01 1.3250000e+01 0.0000000e+00 1.4908501e+02
2.4312000e+05 6.4000000e+01 1.2450000e+01 0.0000000e+00 5.4312000e+01
2.4318000e+05 6.6000000e+01 1.2550000e+01 0.0000000e+00 4.3997002e+01
2.4324000e+05 6.5000000e+01 1.2150000e+01 0.0000000e+00 2.0870001e+01
2.4330000e+05 6.1000000e+01 1.1950000e+01 0.0000000e+00 0.0000000e+00
2.4336000e+05 6.6000000e+01 1.1750000e+01 0.0000000e+00 0.0000000e+00
2.4342000e+05 6.3000000e+01 1.1450000e+01 0.0000000e+00 0.0000000e+00
2.4348000e+05 5.6000000e+01 1.1450000e+01 0.0000000e+00 0.0000000e+00
2.4354000e+05 5.5000000e+01 1.2000000e+01 0.0000000e+00 0.0000000e+00
2.4360000e+05 5.4000000e+01 1.2400000e+01 0.0000000e+00 0.0000000e+00
2.4366000e+05 5.6000000e+01 1.2750000e+01 0.0000000e+00 2.4091999e+01
2.4372000e+05 5.8000000e+01 1.2500000e+01 0.0000000e+00 4.0167000e+01
2.4378000e+05 5.4000000e+01 1.3250000e+01 0.0000000e+00 1.2939200e+02
2.4384000e+05 5.6000000e+01 1.4350000e+01 0.0000000e+00 2.5362000e+02
2.4390000e+05 5.3000000e+01 1.4500000e+01 0.0000000e+00 2.7062799e+02
2.4396000e+05 5.2000000e+01 1.6100000e+01 0.0000000e+00 6.4164203e+02
2.4402000e+05 6.1000000e+01 1.4800000e+01 0.0000000e+00 1.8439400e+02
2.4408000e+05 6.1000000e+01 1.4450000e+01 0.0000000e+00 3.7873499e+02
2.4414000e+05 6.0000000e+01 1.4950000e+01 0.0000000e+00 3.3681201e+02
2.4420000e+05 5.8000000e+01 1.5400000e+01 0.0000000e+00 4.8031900e+02
2.4426000e+05 6.1000000e+01 1.5200000e+01 0.0000000e+00 2.8012900e+02
2.4432000e+05 6.5000000e+01 1.4500000e+01 0.0000000e+00 1.2271600e+02
2.4438000e+05 6.4000000e+01 1.4400000e+01 0.0000000e+00 1.8170200e+02
2.4444000e+05 6.4000000e+01 1.4450000e+01 0.0000000e+00 1.1107700e+02
2.4450000e+05 6.4000000e+01 1.4350000e+01 0.0000000e+00 5.5046001e+01
2.4456000e+05 6.7000000e+01 1.3850000e+01 0.0000000e+00 1.9650000e+01
2.4462000e+05 7.2000000e+01 1.3100000e+01 0.0000000e+00 0.0000000e+00
2.4468000e+05 7.9000000e+01 1.2300000e+01 0.0000000e+00 0.0000000e+00
2.4474000e+05 8.6000000e+01 1.1800000e+01 0.0000000e+00 0.0000000e+00
2.4480000e+05 9.2000000e+01 1.1250000e+01 0.0000000e+00 0.0000000e+00
2.4486000e+05 9.5000000e+01 1.0650000e+01 0.0000000e+00 0.0000000e+00
2.4492000e+05 9.5000000e+01 1.0250000e+01 0.0000000e+00 0.0000000e+00
2.4498000e+05 9.4000000e+01 1.0050000e+01 0.0000000e+00 0.0000000e+00
2.4504000e+05 9.2000000e+01 9.8499999e+00 0.0000000e+00 0.0000000e+00
2.4510000e+05 8.9000000e+01 1.0050000e+01 0.0000000e+00 1.1198000e+01
2.4516000e+05 8.6000000e+01 1.0400000e+01 0.0000000e+00 3.9139999e+01
2.4522000e+05 8.5000000e+01 1.0700000e+01 0.0000000e+00 3.5216000e+01
2.4528000e+05 9.3000000e+01 1.0500000e+01 0.0000000e+00 4.6682999e+01
2.4534000e+05 9.0000000e+01 1.0200000e+01 0.0000000e+00 6.6565002e+01
2.4540000e+05 8.4000000e+01 1.1000000e+01 0.0000000e+00 1.4672701e+02
2.4546000e+05 7.8000000e+01 1.1400000e+01 0.0000000e+00 1.2877800e+02
2.4552000e+05 7.2000000e+01 1.1900000e+01 0.0000000e+00 2.8877100e+02
2.4558000e+05 6.3000000e+01 1.3450000e+01 0.0000000e+00 6.4158600e+02
2.4564000e+05 7.0000000e+01 1.3100000e+01 0.0000000e+00 3.2960800e+02
2.4570000e+05 7.1000000e+01 1.2050000e+01 0.0000000e+00 2.8603400e+02
2.4576000e+05 6.8000000e+01 1.3000000e+01 0.0000000e+00 5.0453101e+02
2.4582000e+05 6.3000000e+01 1.3750000e+01 0.0000000e+00 5.3654700e+02
2.4588000e+05 7.4000000e+01 1.2600000e+01 0.0000000e+00 1.8261900e+02
2.4594000e+05 7.5000000e+01 1.2200000e+01 0.0000000e+00 1.4730000e+02
2.4600000e+05 8.5000000e+01 1.1400000e+01 0.0000000e+00 1.7621000e+01
2.4606000e+05 7.7000000e+01 1.1000000e+01 0.0000000e+00 2.9632000e+01
2.4612000e+05 8.5000000e+01 1.1000000e+01 0.0000000e+00 0.0000000e+00
2.4618000e+05 9.2000000e+01 1.0400000e+01 0.0000000e+00 0.0000000e+00
2.4624000e+05 9.4000000e+01 1.0100000e+01 0.0000000e+00 0.0000000e+00
2.4630000e+05 9.3000000e+01 1.0150000e+01 0.0000000e+00 0.0000000e+00
2.4636000e+05 9.1000000e+01 1.0300000e+01 0.0000000e+00 0.0000000e+00
2.4642000e+05 9.2000000e+01 1.0500000e+01 0.0000000e+00 0.0000000e+00
2.4648000e+05 9.4000000e+01 1.0450000e+01 0.0000000e+00 0.0000000e+00
2.4654000e+05 9.3000000e+01 1.0350000e+01 0.0000000e+00 1.0880000e+01
2.4660000e+05 9.4000000e+01 1.0400000e+01 0.0000000e+00 1.4271000e+01
2.4666000e+05 9.3000000e+01 1.0650000e+01 0.0000000e+00 1.6302000e+01
2.4672000e+05 9.4000000e+01 1.0450000e+01 0.0000000e+00 4.6348999e+01
2.4678000e+05 9.5000000e+01 1.0250000e+01 0.0000000e+00 8.4915001e+01
2.4684000e+05 9.5000000e+01 1.0650000e+01 0.0000000e+00 1.0986600e+02
2.4690000e+05 9.3000000e+01 1.0500000e+01 0.0000000e+00 1.4898700e+02
2.4696000e+05 9.0000000e+01 1.0450000e+01 0.0000000e+00 1.3789000e+02
2.4702000e+05 8.5000000e+01 1.0900000e+01 0.0000000e+00 1.4309100e+02
2.4708000e+05 8.9000000e+01 1.1400000e+01 0.0000000e+00 1.5049400e+02
2.4714000e+05 9.0000000e+01 1.1200000e+01 0.0000000e+00 1.6979601e+02
2.4720000e+05 8.6000000e+01 1.1750000e+01 0.0000000e+00 1.6955299e+02
2.4726000e+05 9.3000000e+01 1.1350000e+01 0.0000000e+00 1.3229300e+02
2.4732000e+05 9.3000000e+01 1.0550000e+01 0.0000000e+00 7.5764000e+01
2.4738000e+05 9.4000000e+01 1.0000000e+01 0.0000000e+00 2.1052999e+01
2.4744000e+05 9.4000000e+01 9.5499997e+00 0.0000000e+00 9.3540001e+00
2.4750000e+05 9.3000000e+01 9.4499998e+00 0.0000000e+00 3.8720000e+00
2.4756000e+05 9.2000000e+01 9.3499999e+00 0.0000000e+00 0.0000000e+00
2.4762000e+05 9.4000000e+01 9.2000003e+00 0.0000000e+00 0.0000000e+00
2.4768000e+05 9.0000000e+01 9.0000000e+00 0.0000000e+00 0.0000000e+00
2.4774000e+05 8.6000000e+01 8.5999999e+00 0.0000000e+00 0.0000000e+00
2.4780000e+05 8.3000000e+01 8.4000001e+00 0.0000000e+00 0.0000000e+00
2.4786000e+05 8.6000000e+01 8.1499999e+00 0.0000000e+00 0.0000000e+00
2.4792000e+05 8.4000000e+01 8.6499996e+00 0.0000000e+00 0.0000000e+00
2.4798000e+05 7.1000000e+01 9.4000001e+00 0.0000000e+00 2.1298000e+01
2.4804000e+05 7.9000000e+01 9.6999998e+00 0.0000000e+00 3.6193001e+01
2.4810000e+05 7.6000000e+01 1.0200000e+01 0.0000000e+00 1.0139900e+02
2.4816000e+05 6.4000000e+01 1.1450000e+01 0.0000000e+00 2.3168401e+02
2.4822000e+05 6.2000000e+01 1.2400000e+01 0.0000000e+00 4.6760901e+02
2.4828000e+05 5.5000000e+01 1.2850000e+01 0.0000000e+00 4.8171701e+02
2.4834000e+05 5.2000000e+01 1.3850000e+01 0.0000000e+00 5.0076901e+02
2.4840000e+05 4.5000000e+01 1.4850000e+01 0.0000000e+00 6.7597900e+02
2.4846000e+05 4.9000000e+01 1.5300000e+01 0.0000000e+00 3.8733701e+02
2.4852000e+05 5.1000000e+01 1.5300000e+01 0.0000000e+00 5.6451099e+02
2.4858000e+05 5.6000000e+01 1.5500000e+01 0.0000000e+00 4.7284000e+02
2.4864000e+05 5.4000000e+01 1.4800000e+01 0.0000000e+00 4.8740201e+02
2.4870000e+05 5.8000000e+01 1.5150000e+01 0.0000000e+00 5.0871600e+02
2.4876000e+05 6.3000000e+01 1.3900000e+01 0.0000000e+00 2.1096899e+02
2.4882000e+05 6.8000000e+01 1.2750000e+01 0.0000000e+00 1.2212900e+02
2.4888000e+05 7.2000000e+01 1.2100000e+01 0.0000000e+00 6.2891998e+01
2.4894000e+05 7.5000000e+01 1.1600000e+01 0.0000000e+00 4.3431000e+01
2.4900000e+05 8.2000000e+01 1.0900000e+01 0.0000000e+00 4.9800000e-01
2.4906000e+05 8.2000000e+01 1.0250000e+01 0.0000000e+00 0.0000000e+00
2.4912000e+05 8.4000000e+01 9.9000001e+00 0.0000000e+00 0.0000000e+00
2.4918000e+05 8.5000000e+01 9.5999999e+00 0.0000000e+00 0.0000000e+00
2.4924000e+05 8.1000000e+01 9.6999998e+00 0.0000000e+00 0.0000000e+00
2.4930000e+05 8.1000000e+01 1.0200000e+01 0.0000000e+00 0.0000000e+00
2.4936000e+05 7.8000000e+01 1.0500000e+01 0.0000000e+00 0.0000000e+00
2.4942000e+05 7.7000000e+01 1.1050000e+01 0.0000000e+00 1.4048000e+01
2.4948000e+05 7.6000000e+01 1.1450000e+01 0.0000000e+00 4.4907001e+01
2.4954000e+05 7.2000000e+01 1.2250000e+01 0.0000000e+00 5.8356998e+01
2.4960000e+05 7.3000000e+01 1.3250000e+01 0.0000000e+00 1.3847200e+02
2.4966000e+05 6.4000000e+01 1.5050000e+01 0.0000000e+00 3.3107901e+02
2.4972000e+05 5.4000000e+01 1.6350000e+01 0.0000000e+00 2.7335001e+02
2.4978000e+05 5.2000000e+01 1.7549999e+01 0.0000000e+00 6.0059900e+02
2.4984000e+05 4.9000000e+01 1.9150001e+01 0.0000000e+00 6.6176300e+02
2.4990000e+05 5.1000000e+01 1.8349999e+01 0.0000000e+00 3.0378900e+02
2.4996000e+05 5.1000000e+01 1.9250000e+01 0.0000000e+00 5.2207202e+02
2.5002000e+05 5.2000000e+01 1.9000000e+01 0.0000000e+00 3.6670001e+02
2.5008000e+05 5.2000000e+01 1.9350000e+01 0.0000000e+00 5.8594299e+02
2.5014000e+05 4.1000000e+01 2.0100000e+01 0.0000000e+00 5.8441400e+02
2.5020000e+05 5.5000000e+01 1.9800000e+01 0.0000000e+00 2.8307199e+02
2.5026000e+05 7.8000000e+01 1.6950000e+01 0.0000000e+00 6.5280998e+01
2.5032000e+05 7.1000000e+01 1.5300000e+01 0.0000000e+00 5.3591000e+01
2.5038000e+05 8.5000000e+01 1.4200000e+01 0.0000000e+00 7.9800000e+00
2.5044000e+05 8.7000000e+01 1.2450000e+01 0.0000000e+00 0.0000000e+00
2.5050000e+05 8.7000000e+01 1.1800000e+01 0.0000000e+00 0.0000000e+00
2.5056000e+05 9.0000000e+01 1.1100000e+01 0.0000000e+00 0.0000000e+00
2.5062000e+05 9.2000000e+01 1.0300000e+01 0.0000000e+00 0.0000000e+00
2.5068000e+05 9.4000000e+01 9.6999998e+00 0.0000000e+00 0.0000000e+00
2.5074000e+05 9.5000000e+01 9.1499996e+00 0.0000000e+00 0.0000000e+00
2.5080000e+05 9.6000000e+01 8.7999997e+00 0.0000000e+00 0.0000000e+00
2.5086000e+05 9.6000000e+01 8.7999997e+00 0.0000000e+00 1.1581000e+01
2.5092000e+05 9.6000000e+01 9.0000000e+00 0.0000000e+00 2.7158001e+01
2.5098000e+05 9.5000000e+01 9.1500001e+00 0.0000000e+00 4.4209000e+01
2.5104000e+05 9.3000000e+01 9.0999999e+00 0.0000000e+00 6.7494003e+01
2.5110000e+05 9.1000000e+01 9.0999999e+00 0.0000000e+00 9.8063004e+01
2.5116000e+05 9.2000000e+01 9.3000002e+00 0.0000000e+00 8.8841003e+01
2.5122000e+05 9.3000000e+01 8.9000001e+00 0.0000000e+00 7.7304001e+01
2.5128000e+05 9.3000000e+01 9.1499996e+00 0.0000000e+00 9.5325996e+01
2.5134000e+05 9.1000000e+01 9.3499999e+00 0.0000000e+00 8.2546997e+01
2.5140000e+05 9.1000000e+01 9.4000001e+00 0.0000000e+00 1.0227300e+02
2.5146000e+05 9.0000000e+01 9.8499999e+00 0.0000000e+00 9.7695000e+01
2.5152000e+05 9.3000000e+01 9.5499997e+00 0.0000000e+00 6.2710999e+01
2.5158000e+05 9.4000000e+01 9.1500001e+00 0.0000000e+00 4.1671001e+01
2.5164000e+05 9.4000000e+01 9.0999999e+00 0.0000000e+00 3.6741001e+01
2.5170000e+05 9.5000000e+01 8.7500000e+00 0.0000000e+00 8.6820002e+00
2.5176000e+05 9.5000000e+01 8.5000000e+00 0.0000000e+00 4.9829998e+00
2.5182000e+05 9.4000000e+01 8.4000001e+00 0.0000000e+00 0.0000000e+00
2.5188000e+05 9.6000000e+01 8.1500001e+00 0.0000000e+00 0.0000000e+00
2.5194000e+05 9.6000000e+01 7.9500000e+00 0.0000000e+00 0.0000000e+00
2.5200000e+05 9.6000000e+01 7.9000001e+00 0.0000000e+00 0.0000000e+00
2.5206000e+05 9.5000000e+01 8.5000002e+00 0.0000000e+00 0.0000000e+00
2.5212000e+05 9.7000000e+01 8.4500003e+00 0.0000000e+00 0.0000000e+00
2.5218000e+05 9.7000000e+01 8.6999998e+00 0.0000000e+00 0.0000000e+00
2.5224000e+05 9.7000000e+01 9.3499999e+00 0.0000000e+00 0.0000000e+00
2.5230000e+05 9.7000000e+01 9.9500003e+00 0.0000000e+00 0.0000000e+00
2.5236000e+05 9.7000000e+01 1.0100000e+01 0.0000000e+00 0.0000000e+00
2.5242000e+05 9.6000000e+01 1.0350000e+01 0.0000000e+00 5.2589998e+00
2.5248000e+05 9.6000000e+01 1.0300000e+01 0.0000000e+00 1.4670000e+01
2.5254000e+05 9.6000000e+01 9.9499998e+00 0.0000000e+00 1.0971000e+01
2.5260000e+05 9.7000000e+01 1.0100000e+01 0.0000000e+00 5.1527000e+01
2.5266000e+05 9.7000000e+01 1.0300000e+01 0.0000000e+00 7.4935997e+01
2.5272000e+05 9.6000000e+01 1.0650000e+01 0.0000000e+00 6.3345001e+01
2.5278000e+05 9.6000000e+01 1.1250000e+01 0.0000000e+00 1.2901401e+02
2.5284000e+05 9.4000000e+01 1.1600000e+01 0.0000000e+00 1.1495300e+02
2.5290000e+05 9.0000000e+01 1.1950000e+01 0.0000000e+00 1.7609599e+02
2.5296000e+05 8.9000000e+01 1.2250000e+01 0.0000000e+00 1.0465500e+02
2.5302000e+05 8.7000000e+01 1.2150000e+01 0.0000000e+00 1.0112500e+02
2.5308000e+05 8.8000000e+01 1.2200000e+01 0.0000000e+00 8.2569000e+01
2.5314000e+05 8.9000000e+01 1.2100000e+01 0.0000000e+00 6.7063004e+01
2.5320000e+05 9.4000000e+01 1.1900000e+01 0.0000000e+00 3.1903999e+01
2.5326000e+05 9.4000000e+01 1.1750000e+01 0.0000000e+00 3.2625000e+01
2.5332000e+05 9.2000000e+01 1.1450000e+01 0.0000000e+00 1.0175000e+01
2.5338000e+05 9.4000000e+01 1.0950000e+01 0.0000000e+00 0.0000000e+00
2.5344000e+05 9.5000000e+01 1.0500000e+01 0.0000000e+00 0.0000000e+00
2.5350000e+05 9.5000000e+01 1.0450000e+01 0.0000000e+00 0.0000000e+00
2.5356000e+05 9.5000000e+01 1.0450000e+01 0.0000000e+00 0.0000000e+00
2.5362000e+05 9.6000000e+01 1.0450000e+01 0.0000000e+00 0.0000000e+00
2.5368000e+05 9.5000000e+01 1.0450000e+01 0.0000000e+00 0.0000000e+00
2.5374000e+05 9.6000000e+01 1.0700000e+01 0.0000000e+00 1.0739000e+01
2.5380000e+05 9.5000000e+01 1.1050000e+01 0.0000000e+00 2.2579000e+01
2.5386000e+05 8.7000000e+01 1.1500000e+01 0.0000000e+00 7.1037003e+01
2.5392000e+05 8.4000000e+01 1.2000000e+01 0.0000000e+00 8.2075996e+01
2.5398000e+05 8.0000000e+01 1.3050000e+01 0.0000000e+00 2.5849200e+02
2.5404000e+05 8.0000000e+01 1.3150000e+01 0.0000000e+00 1.7202100e+02
2.5410000e+05 7.8000000e+01 1.3400000e+01 0.0000000e+00 2.8636401e+02
2.5416000e+05 8.2000000e+01 1.3500000e+01 0.0000000e+00 1.4945900e+02
2.5422000e+05 8.8000000e+01 1.2800000e+01 0.0000000e+00 5.4946999e+01
2.5428000e+05 9.1000000e+01 1.2400000e+01 0.0000000e+00 4.1688000e+01
2.5434000e+05 9.0000000e+01 1.2600000e+01 0.0000000e+00 6.1709999e+01
2.5440000e+05 9.0000000e+01 1.2200000e+01 0.0000000e+00 4.0821999e+01
2.5446000e+05 8.5000000e+01 1.2600000e+01 0.0000000e+00 1.7489301e+02
2.5452000e+05 8.4000000e+01 1.2800000e+01 0.0000000e+00 8.6685997e+01
2.5458000e+05 8.2000000e+01 1.2300000e+01 0.0000000e+00 2.8253000e+01
2.5464000e+05 8.3000000e+01 1.2150000e+01 0.0000000e+00 3.1292000e+01
2.5470000e+05 8.5000000e+01 1.1900000e+01 0.0000000e+00 5.6890001e+00
2.5476000e+05 8.7000000e+01 1.1600000e+01 0.0000000e+00 0.0000000e+00
2.5482000e+05 8.3000000e+01 1.1600000e+01 0.0000000e+00 0.0000000e+00
2.5488000e+05 8.7000000e+01 1.1650000e+01 0.0000000e+00 0.0000000e+00
2.5494000e+05 8.8000000e+01 1.1500000e+01 0.0000000e+00 0.0000000e+00
2.5500000e+05 8.9000000e+01 1.1350000e+01 0.0000000e+00 0.0000000e+00
2.5506000e+05 9.4000000e+01 1.1150000e+01 0.0000000e+00 0.0000000e+00
2.5512000e+05 9.6000000e+01 1.0800000e+01 0.0000000e+00 0.0000000e+00
2.5518000e+05 9.6000000e+01 1.0750000e+01 0.0000000e+00 1.8400000e-01
2.5524000e+05 9.7000000e+01 1.1100000e+01 0.0000000e+00 3.6925999e+01
2.5530000e+05 9.6000000e+01 1.1700000e+01 0.0000000e+00 6.9698997e+01
2.5536000e+05 9.6000000e+01 1.2250000e+01 0.0000000e+00 8.2670998e+01
2.5542000e+05 8.8000000e+01 1.2950000e+01 0.0000000e+00 1.8450999e+02
2.5548000e+05 7.9000000e+01 1.3600000e+01 0.0000000e+00 2.4005099e+02
2.5554000e+05 8.1000000e+01 1.4400000e+01 0.0000000e+00 3.1035101e+02
2.5560000e+05 7.3000000e+01 1.5000000e+01 0.0000000e+00 3.8367001e+02
2.5566000e+05 7.6000000e+01 1.5000000e+01 0.0000000e+00 2.4578999e+02
2.5572000e+05 8.1000000e+01 1.4550000e+01 0.0000000e+00 2.1798399e+02
2.5578000e+05 8.6000000e+01 1.4100000e+01 0.0000000e+00 2.6638101e+02
2.5584000e+05 8.4000000e+01 1.3400000e+01 0.0000000e+00 1.5085899e+02
2.5590000e+05 8.7000000e+01 1.3400000e+01 0.0000000e+00 1.2040100e+02
2.5596000e+05 8.8000000e+01 1.3000000e+01 0.0000000e+00 5.9893002e+01
2.5602000e+05 9.4000000e+01 1.2600000e+01 0.0000000e+00 1.9999001e+01
2.5608000e+05 9.4000000e+01 1.2300000e+01 0.0000000e+00 2.9396000e+01
2.5614000e+05 9.6000000e+01 1.2050000e+01 0.0000000e+00 0.0000000e+00
2.5620000e+05 9.6000000e+01 1.1900000e+01 0.0000000e+00 0.0000000e+00
2.5626000e+05 9.7000000e+01 1.1600000e+01 0.0000000e+00 0.0000000e+00
2.5632000e+05 9.7000000e+01 1.1300000e+01 0.0000000e+00 0.0000000e+00
2.5638000e+05 9.7000000e+01 1.1100000e+01 0.0000000e+00 0.0000000e+00
2.5644000e+05 9.7000000e+01 1.1000000e+01 0.0000000e+00 0.0000000e+00
2.5650000e+05 9.7000000e+01 1.0950000e+01 0.0000000e+00 0.0000000e+00
2.5656000e+05 9.7000000e+01 1.0900000e+01 0.0000000e+00 0.0000000e+00
2.5662000e+05 9.7000000e+01 1.1000000e+01 0.0000000e+00 1.1170000e+00
2.5668000e+05 9.7000000e+01 1.1300000e+01 0.0000000e+00 1.2138000e+01
2.5674000e+05 9.7000000e+01 1.1450000e+01 0.0000000e+00 5.7698002e+01
2.5680000e+05 9.3000000e+01 1.1700000e+01 0.0000000e+00 1.2833000e+02
2.5686000e+05 9.4000000e+01 1.1750000e+01 0.0000000e+00 8.8137001e+01
2.5692000e+05 9.1000000e+01 1.2050000e+01 0.0000000e+00 1.6062300e+02
2.5698000e+05 9.1000000e+01 1.2750000e+01 0.0000000e+00 2.2216000e+02
2.5704000e+05 8.1000000e+01 1.3850000e+01 0.0000000e+00 3.7359900e+02
2.5710000e+05 7.9000000e+01 1.4000000e+01 0.0000000e+00 3.5165900e+02
2.5716000e+05 7.8000000e+01 1.4500000e+01 0.0000000e+00 4.3245401e+02
2.5722000e+05 7.8000000e+01 1.4250000e+01 0.0000000e+00 3.5187299e+02
2.5728000e+05 7.5000000e+01 1.4250000e+01 0.0000000e+00 4.0707599e+02
2.5734000e+05 7.7000000e+01 1.4600000e+01 0.0000000e+00 3.1499500e+02
2.5740000e+05 7.8000000e+01 1.4350000e+01 0.0000000e+00 2.7159399e+02
2.5746000e+05 8.3000000e+01 1.3550000e+01 0.0000000e+00 1.9638200e+02
2.5752000e+05 8.5000000e+01 1.2550000e+01 0.0000000e+00 2.6860001e+01
2.5758000e+05 8.9000000e+01 1.1850000e+01 0.0000000e+00 1.4399000e+01
2.5764000e+05 9.1000000e+01 1.1200000e+01 0.0000000e+00 0.0000000e+00
2.5770000e+05 8.6000000e+01 1.1150000e+01 0.0000000e+00 0.0000000e+00
2.5776000e+05 8.6000000e+01 1.1300000e+01 0.0000000e+00 0.0000000e+00
2.5782000e+05 8.5000000e+01 1.1250000e+01 0.0000000e+00 0.0000000e+00
2.5788000e+05 8.6000000e+01 1.1150000e+01 0.0000000e+00 0.0000000e+00
2.5794000e+05 8.7000000e+01 1.0750000e+01 0.0000000e+00 0.0000000e+00
2.5800000e+05 8.8000000e+01 1.0650000e+01 0.0000000e+00 0.0000000e+00
2.5806000e+05 8.5000000e+01 1.0900000e+01 0.0000000e+00 5.0890002e+00
2.5812000e+05 7.6000000e+01 1.2150000e+01 0.0000000e+00 2.2135000e+01
2.5818000e+05 7.0000000e+01 1.4100000e+01 0.0000000e+00 2.2834100e+02
2.5824000e+05 6.3000000e+01 1.5650000e+01 0.0000000e+00 3.3570499e+02
2.5830000e+05 6.0000000e+01 1.7150000e+01 0.0000000e+00 4.2886600e+02
2.5836000e+05 6.5000000e+01 1.8150000e+01 0.0000000e+00 3.5146701e+02
2.5842000e+05 6.3000000e+01 1.8150000e+01 0.0000000e+00 2.3393201e+02
2.5848000e+05 5.6000000e+01 1.7700000e+01 0.0000000e+00 1.3842200e+02
2.5854000e+05 6.2000000e+01 1.6950000e+01 0.0000000e+00 1.3158900e+02
2.5860000e+05 6.6000000e+01 1.6450000e+01 0.0000000e+00 1.8303799e+02
2.5866000e+05 6.2000000e+01 1.7450000e+01 0.0000000e+00 3.7131699e+02
2.5872000e+05 7.1000000e+01 1.6550000e+01 0.0000000e+00 1.1549100e+02
2.5878000e+05 7.0000000e+01 1.6350000e+01 0.0000000e+00 1.4349899e+02
2.5884000e+05 7.0000000e+01 1.6800000e+01 0.0000000e+00 1.0231400e+02
2.5890000e+05 6.7000000e+01 1.7000000e+01 0.0000000e+00 7.9119003e+01
2.5896000e+05 7.1000000e+01 1.7099999e+01 0.0000000e+00 8.2986000e+01
2.5902000e+05 8.1000000e+01 1.6150000e+01 0.0000000e+00 1.3878000e+01
2.5908000e+05 8.5000000e+01 1.5150000e+01 0.0000000e+00 0.0000000e+00
2.5914000e+05 9.3000000e+01 1.4250000e+01 0.0000000e+00 0.0000000e+00
2.5920000e+05 9.5000000e+01 1.3450000e+01 0.0000000e+00 0.0000000e+00
2.5926000e+05 9.6000000e+01 1.3150000e+01 0.0000000e+00 0.0000000e+00
2.5932000e+05 9.7000000e+01 1.3050000e+01 0.0000000e+00 0.0000000e+00
2.5938000e+05 9.7000000e+01 1.3050000e+01 0.0000000e+00 0.0000000e+00
2.5944000e+05 9.7000000e+01 1.3050000e+01 0.0000000e+00 0.0000000e+00
2.5950000e+05 9.7000000e+01 1.3100000e+01 0.0000000e+00 0.0000000e+00
2.5956000e+05 9.7000000e+01 1.3300000e+01 0.0000000e+00 8.0900002e+00
2.5962000e+05 9.7000000e+01 1.3500000e+01 0.0000000e+00 4.4021999e+01
2.5968000e+05 9.6000000e+01 1.3800000e+01 0.0000000e+00 8.1088997e+01
2.5974000e+05 9.6000000e+01 1.3700000e+01 0.0000000e+00 1.0025100e+02
2.5980000e+05 9.6000000e+01 1.3300000e+01 0.0000000e+00 1.0010000e+02
2.5986000e+05 9.3000000e+01 1.3650000e+01 0.0000000e+00 1.6608501e+02
2.5992000e+05 8.9000000e+01 1.4350000e+01 0.0000000e+00 1.3639101e+02
2.5998000e+05 8.5000000e+01 1.4800000e+01 0.0000000e+00 1.9482700e+02
2.6004000e+05 7.7000000e+01 1.5600000e+01 0.0000000e+00 3.4856500e+02
2.6010000e+05 7.5000000e+01 1.6300000e+01 0.0000000e+00 4.3657300e+02
2.6016000e+05 8.1000000e+01 1.6250000e+01 0.0000000e+00 2.5412801e+02
2.6022000e+05 8.0000000e+01 1.6000000e+01 0.0000000e+00 2.7109201e+02
2.6028000e+05 8.1000000e+01 1.6000000e+01 0.0000000e+00 1.9214799e+02
2.6034000e+05 8.6000000e+01 1.5350000e+01 0.0000000e+00 4.5654999e+01
2.6040000e+05 8.7000000e+01 1.4500000e+01 0.0000000e+00 4.9175999e+01
2.6046000e+05 8.8000000e+01 1.3850000e+01 0.0000000e+00 2.9760001e+00
2.6052000e+05 8.7000000e+01 1.3500000e+01 0.0000000e+00 0.0000000e+00
2.6058000e+05 8.8000000e+01 1.3250000e+01 0.0000000e+00 0.0000000e+00
2.6064000e+05 8.9000000e+01 1.3100000e+01 0.0000000e+00 0.0000000e+00
2.6070000e+05 8.8000000e+01 1.3100000e+01 0.0000000e+00 0.0000000e+00
2.6076000e+05 9.1000000e+01 1.2950000e+01 0.0000000e+00 0.0000000e+00
2.6082000e+05 9.2000000e+01 1.2700000e+01 0.0000000e+00 0.0000000e+00
2.6088000e+05 9.1000000e+01 1.2650000e+01 0.0000000e+00 0.0000000e+00
2.6094000e+05 9.0000000e+01 1.2750000e+01 0.0000000e+00 3.0309999e+00
2.6100000e+05 8.9000000e+01 1.2900000e+01 0.0000000e+00 3.9049000e+01
2.6106000e+05 8.6000000e+01 1.3300000e+01 0.0000000e+00 8.6417000e+01
2.6112000e+05 8.3000000e+01 1.3950000e+01 0.0000000e+00 1.4516400e+02
2.6118000e+05 8.0000000e+01 1.4400000e+01 0.0000000e+00 1.9036600e+02
2.6124000e+05 7.7000000e+01 1.5200000e+01 0.0000000e+00 2.5556500e+02
2.6130000e+05 6.5000000e+01 1.6700000e+01 0.0000000e+00 6.2608698e+02
2.6136000e+05 6.9000000e+01 1.8150000e+01 0.0000000e+00 6.6801202e+02
2.6142000e+05 6.7000000e+01 1.8150000e+01 0.0000000e+00 8.1413800e+02
2.6148000e+05 6.6000000e+01 1.8700000e+01 0.0000000e+00 7.8983002e+02
2.6154000e+05 6.8000000e+01 1.8250000e+01 0.0000000e+00 6.9551703e+02
2.6160000e+05 7.3000000e+01 1.7950001e+01 0.0000000e+00 6.4670898e+02
2.6166000e+05 7.2000000e+01 1.7349999e+01 0.0000000e+00 5.3763702e+02
2.6172000e+05 7.6000000e+01 1.6350000e+01 0.0000000e+00 4.0665799e+02
2.6178000e+05 8.4000000e+01 1.5000000e+01 0.0000000e+00 2.2335699e+02
2.6184000e+05 8.7000000e+01 1.3900000e+01 0.0000000e+00 2.8452000e+01
2.6190000e+05 8.9000000e+01 1.3400000e+01 0.0000000e+00 1.4792000e+01
2.6196000e+05 9.1000000e+01 1.3450000e+01 0.0000000e+00 0.0000000e+00
2.6202000e+05 9.2000000e+01 1.3300000e+01 0.0000000e+00 0.0000000e+00
2.6208000e+05 9.3000000e+01 1.3200000e+01 0.0000000e+00 0.0000000e+00
2.6214000e+05 9.3000000e+01 1.3050000e+01 0.0000000e+00 0.0000000e+00
2.6220000e+05 9.4000000e+01 1.2950000e+01 0.0000000e+00 0.0000000e+00
2.6226000e+05 9.4000000e+01 1.2950000e+01 0.0000000e+00 0.0000000e+00
2.6232000e+05 9.5000000e+01 1.2800000e+01 0.0000000e+00 0.0000000e+00
2.6238000e+05 9.5000000e+01 1.2750000e+01 0.0000000e+00 1.2800000e+00
2.6244000e+05 9.6000000e+01 1.2750000e+01 0.0000000e+00 1.1833000e+01
2.6250000e+05 9.6000000e+01 1.2750000e+01 0.0000000e+00 3.1632999e+01
2.6256000e+05 9.5000000e+01 1.2950000e+01 0.0000000e+00 5.6101002e+01
2.6262000e+05 9.3000000e+01 1.3500000e+01 0.0000000e+00 9.2490997e+01
2.6268000e+05 9.0000000e+01 1.3950000e+01 0.0000000e+00 1.2568200e+02
2.6274000e+05 8.9000000e+01 1.4300000e+01 0.0000000e+00 1.5506599e+02
2.6280000e+05 9.0000000e+01 1.4450000e+01 0.0000000e+00 1.9131500e+02
2.6286000e+05 8.5000000e+01 1.5100000e+01 0.0000000e+00 3.0537799e+02
2.6292000e+05 8.0000000e+01 1.6150000e+01 0.0000000e+00 4.6026099e+02
2.6298000e+05 7.6000000e+01 1.7400000e+01 0.0000000e+00 6.8693799e+02
2.6304000e+05 8.2000000e+01 1.6650000e+01 0.0000000e+00 5.9301801e+02
2.6310000e+05 8.4000000e+01 1.5500000e+01 0.0000000e+00 2.4306100e+02
2.6316000e+05 8.5000000e+01 1.5250000e+01 0.0000000e+00 1.3095300e+02
2.6322000e+05 8.5000000e+01 1.5200000e+01 0.0000000e+00 8.6429001e+01
2.6328000e+05 8.7000000e+01 1.4800000e+01 0.0000000e+00 4.7473999e+01
2.6334000e+05 8.7000000e+01 1.4450000e+01 0.0000000e+00 1.8325001e+01
2.6340000e+05 9.0000000e+01 1.4100000e+01 0.0000000e+00 0.0000000e+00
2.6346000e+05 9.0000000e+01 1.3900000e+01 0.0000000e+00 0.0000000e+00
2.6352000e+05 9.2000000e+01 1.3500000e+01 0.0000000e+00 0.0000000e+00
2.6358000e+05 9.2000000e+01 1.3350000e+01 0.0000000e+00 0.0000000e+00
2.6364000e+05 9.3000000e+01 1.3250000e+01 0.0000000e+00 0.0000000e+00
2.6370000e+05 9.5000000e+01 1.3000000e+01 0.0000000e+00 0.0000000e+00
2.6376000e+05 9.5000000e+01 1.2850000e+01 0.0000000e+00 0.0000000e+00
2.6382000e+05 9.4000000e+01 1.3050000e+01 0.0000000e+00 1.0392000e+01
2.6388000e+05 9.2000000e+01 1.3250000e+01 0.0000000e+00 3.0219999e+01
2.6394000e+05 9.1000000e+01 1.3500000e+01 0.0000000e+00 7.4681000e+01
2.6400000e+05 9.0000000e+01 1.3900000e+01 0.0000000e+00 1.0463600e+02
2.6406000e+05 8.4000000e+01 1.4750000e+01 0.0000000e+00 2.0069200e+02
2.6412000e+05 7.8000000e+01 1.6600000e+01 0.0000000e+00 5.5911200e+02
2.6418000e+05 7.3000000e+01 1.8349999e+01 0.0000000e+00 6.3031201e+02
2.6424000e+05 6.8000000e+01 1.9150000e+01 0.0000000e+00 7.3913098e+02
2.6430000e+05 7.7000000e+01 1.8599999e+01 0.0000000e+00 4.0835800e+02
2.6436000e+05 7.3000000e+01 1.8400001e+01 0.0000000e+00 5.1709900e+02
2.6442000e+05 7.7000000e+01 1.8400001e+01 0.0000000e+00 3.9300000e+02
2.6448000e+05 7.6000000e+01 1.9150001e+01 0.0000000e+00 3.5456900e+02
2.6454000e+05 7.7000000e+01 1.9050000e+01 0.0000000e+00 1.6915601e+02
2.6460000e+05 7.8000000e+01 1.9250000e+01 0.0000000e+00 1.1125200e+02
2.6466000e+05 7.7000000e+01 1.8599999e+01 0.0000000e+00 7.0775002e+01
2.6472000e+05 7.9000000e+01 1.7400000e+01 0.0000000e+00 2.4235001e+01
2.6478000e+05 8.5000000e+01 1.6950000e+01 0.0000000e+00 0.0000000e+00
2.6484000e+05 8.0000000e+01 1.7000000e+01 0.0000000e+00 0.0000000e+00
2.6490000e+05 8.1000000e+01 1.7100000e+01 0.0000000e+00 0.0000000e+00
2.6496000e+05 8.4000000e+01 1.6950001e+01 0.0000000e+00 0.0000000e+00
2.6502000e+05 8.9000000e+01 1.6300000e+01 0.0000000e+00 0.0000000e+00
2.6508000e+05 9.1000000e+01 1.5750000e+01 0.0000000e+00 0.0000000e+00
2.6514000e+05 9.2000000e+01 1.5650000e+01 0.0000000e+00 0.0000000e+00
2.6520000e+05 9.3000000e+01 1.5300000e+01 0.0000000e+00 0.0000000e+00
2.6526000e+05 9.4000000e+01 1.4950000e+01 0.0000000e+00 8.6999997e-02
2.6532000e+05 9.3000000e+01 1.5150000e+01 0.0000000e+00 2.8040001e+01
2.6538000e+05 8.5000000e+01 1.6500000e+01 0.0000000e+00 2.1254500e+02
2.6544000e+05 8.4000000e+01 1.7400001e+01 0.0000000e+00 1.7933701e+02
2.6550000e+05 8.4000000e+01 1.7300000e+01 0.0000000e+00 1.6086600e+02
2.6556000e+05 8.6000000e+01 1.6850000e+01 0.0000000e+00 1.8239000e+02
2.6562000e+05 8.6000000e+01 1.6750000e+01 0.0000000e+00 2.5494400e+02
2.6568000e+05 8.7000000e+01 1.6650000e+01 0.0000000e+00 2.4174300e+02
2.6574000e+05 8.6000000e+01 1.6750000e+01 0.0000000e+00 1.5939600e+02
2.6580000e+05 8.9000000e+01 1.6750000e+01 0.0000000e+00 2.0607700e+02
2.6586000e+05 9.0000000e+01 1.6599999e+01 0.0000000e+00 1.4571400e+02
2.6592000e+05 9.3000000e+01 1.5950000e+01 0.0000000e+00 3.9625999e+01
2.6598000e+05 9.5000000e+01 1.5550000e+01 0.0000000e+00 4.8202000e+01
2.6604000e+05 9.3000000e+01 1.5850000e+01 0.0000000e+00 1.0099400e+02
2.6610000e+05 9.4000000e+01 1.5900001e+01 0.0000000e+00 1.2702100e+02
2.6616000e+05 9.4000000e+01 1.5850000e+01 0.0000000e+00 5.6293999e+01
2.6622000e+05 9.5000000e+01 1.5000000e+01 0.0000000e+00 1.3741000e+01
2.6628000e+05 9.6000000e+01 1.4250000e+01 0.0000000e+00 0.0000000e+00
2.6634000e+05 9.7000000e+01 1.4050000e+01 0.0000000e+00 0.0000000e+00
2.6640000e+05 9.7000000e+01 1.3750000e+01 0.0000000e+00 0.0000000e+00
2.6646000e+05 9.7000000e+01 1.3350000e+01 0.0000000e+00 0.0000000e+00
2.6652000e+05 9.8000000e+01 1.3350000e+01 0.0000000e+00 0.0000000e+00
2.6658000e+05 9.8000000e+01 1.3800000e+01 0.0000000e+00 0.0000000e+00
2.6664000e+05 9.8000000e+01 1.4000000e+01 0.0000000e+00 0.0000000e+00
2.6670000e+05 9.7000000e+01 1.4000000e+01 0.0000000e+00 0.0000000e+00
2.6676000e+05 9.7000000e+01 1.3900000e+01 0.0000000e+00 1.1636000e+01
2.6682000e+05 9.7000000e+01 1.4100000e+01 0.0000000e+00 1.9419001e+01
2.6688000e+05 9.7000000e+01 1.4300000e+01 0.0000000e+00 4.6650002e+01
2.6694000e+05 9.6000000e+01 1.4600000e+01 0.0000000e+00 8.6445999e+01
2.6700000e+05 9.4000000e+01 1.4900000e+01 0.0000000e+00 1.1020300e+02
2.6706000e+05 9.0000000e+01 1.5450000e+01 0.0000000e+00 1.9119400e+02
2.6712000e+05 8.6000000e+01 1.6400000e+01 0.0000000e+00 2.4840500e+02
2.6718000e+05 8.6000000e+01 1.7050000e+01 0.0000000e+00 2.3622501e+02
2.6724000e+05 8.1000000e+01 1.7450000e+01 0.0000000e+00 3.4135800e+02
2.6730000e+05 7.7000000e+01 1.8200000e+01 0.0000000e+00 4.5177600e+02
2.6736000e+05 7.2000000e+01 1.9150000e+01 0.0000000e+00 6.2113300e+02
2.6742000e+05 8.4000000e+01 1.8150001e+01 0.0000000e+00 2.2331000e+02
2.6748000e+05 9.2000000e+01 1.6100000e+01 0.0000000e+00 6.3537998e+01
2.6754000e+05 9.5000000e+01 1.5250000e+01 0.0000000e+00 4.2943001e+01
2.6760000e+05 9.5000000e+01 1.4900000e+01 0.0000000e+00 2.3900000e+01
2.6766000e+05 9.5000000e+01 1.4800000e+01 0.0000000e+00 4.1570001e+00
2.6772000e+05 9.5000000e+01 1.4600000e+01 0.0000000e+00 0.0000000e+00
2.6778000e+05 9.6000000e+01 1.4300000e+01 0.0000000e+00 0.0000000e+00
2.6784000e+05 9.6000000e+01 1.4000000e+01 0.0000000e+00 0.0000000e+00
2.6790000e+05 9.7000000e+01 1.3750000e+01 0.0000000e+00 0.0000000e+00
2.6796000e+05 9.7000000e+01 1.3550000e+01 0.0000000e+00 0.0000000e+00
2.6802000e+05 9.7000000e+01 1.3550000e+01 0.0000000e+00 0.0000000e+00
2.6808000e+05 9.7000000e+01 1.3600000e+01 0.0000000e+00 0.0000000e+00
2.6814000e+05 9.7000000e+01 1.3750000e+01 0.0000000e+00 9.4340000e+00
2.6820000e+05 9.7000000e+01 1.4150000e+01 0.0000000e+00 4.1632000e+01
2.6826000e+05 9.4000000e+01 1.4750000e+01 0.0000000e+00 1.4720000e+02
2.6832000e+05 9.2000000e+01 1.5200000e+01 0.0000000e+00 1.9569000e+02
2.6838000e+05 8.7000000e+01 1.5900001e+01 0.0000000e+00 2.7342300e+02
2.6844000e+05 8.1000000e+01 1.6150000e+01 0.0000000e+00 2.9698599e+02
2.6850000e+05 7.9000000e+01 1.6750000e+01 0.0000000e+00 4.4330200e+02
2.6856000e+05 7.8000000e+01 1.7550000e+01 0.0000000e+00 6.5914099e+02
2.6862000e+05 7.9000000e+01 1.6850000e+01 0.0000000e+00 3.3499100e+02
2.6868000e+05 8.2000000e+01 1.7000000e+01 0.0000000e+00 3.9408200e+02
2.6874000e+05 8.4000000e+01 1.6050000e+01 0.0000000e+00 1.5647600e+02
2.6880000e+05 9.1000000e+01 1.5250000e+01 0.0000000e+00 5.9941002e+01
2.6886000e+05 8.9000000e+01 1.4700000e+01 0.0000000e+00 7.5401001e+01
2.6892000e+05 9.1000000e+01 1.4650000e+01 0.0000000e+00 3.2117001e+01
2.6898000e+05 8.3000000e+01 1.4550000e+01 0.0000000e+00 4.7911999e+01
2.6904000e+05 8.5000000e+01 1.4350000e+01 0.0000000e+00 1.6694000e+01
2.6910000e+05 8.6000000e+01 1.4150000e+01 0.0000000e+00 6.1180000e+00
2.6916000e+05 8.7000000e+01 1.3950000e+01 0.0000000e+00 0.0000000e+00
2.6922000e+05 8.7000000e+01 1.3700000e+01 0.0000000e+00 0.0000000e+00
2.6928000e+05 8.8000000e+01 1.3500000e+01 0.0000000e+00 0.0000000e+00
2.6934000e+05 9.0000000e+01 1.3300000e+01 0.0000000e+00 0.0000000e+00
2.6940000e+05 9.2000000e+01 1.3000000e+01 0.0000000e+00 0.0000000e+00
2.6946000e+05 9.2000000e+01 1.2700000e+01 0.0000000e+00 0.0000000e+00
2.6952000e+05 9.4000000e+01 1.2550000e+01 0.0000000e+00 0.0000000e+00
2.6958000e+05 9.3000000e+01 1.2550000e+01 0.0000000e+00 0.0000000e+00
2.6964000e+05 9.2000000e+01 1.2550000e+01 0.0000000e+00 9.3400002e+00
2.6970000e+05 9.3000000e+01 1.2700000e+01 0.0000000e+00 3.0568001e+01
2.6976000e+05 8.8000000e+01 1.3150000e+01 0.0000000e+00 1.0527200e+02
2.6982000e+05 9.0000000e+01 1.3200000e+01 0.0000000e+00 8.5266998e+01
2.6988000e+05 8.9000000e+01 1.3000000e+01 0.0000000e+00 1.3485800e+02
2.6994000e+05 8.7000000e+01 1.3100000e+01 0.0000000e+00 1.2359200e+02
2.7000000e+05 7.7000000e+01 1.3600000e+01 0.0000000e+00 1.5545900e+02
2.7006000e+05 7.7000000e+01 1.4050000e+01 0.0000000e+00 1.9356700e+02
2.7012000e+05 7.1000000e+01 1.4350000e+01 0.0000000e+00 1.9621001e+02
2.7018000e+05 6.8000000e+01 1.5050000e+01 0.0000000e+00 2.8077200e+02
2.7024000e+05 6.7000000e+01 1.5600000e+01 0.0000000e+00 2.5556400e+02
2.7030000e+05 6.5000000e+01 1.6200000e+01 0.0000000e+00 4.4377899e+02
2.7036000e+05 6.9000000e+01 1.6250000e+01 0.0000000e+00 3.8193500e+02
2.7042000e+05 8.0000000e+01 1.5150000e+01 0.0000000e+00 1.6485201e+02
2.7048000e+05 8.5000000e+01 1.3850000e+01 0.0000000e+00 2.4972000e+01
2.7054000e+05 8.7000000e+01 1.2950000e+01 0.0000000e+00 1.2185000e+01
2.7060000e+05 8.8000000e+01 1.2500000e+01 0.0000000e+00 0.0000000e+00
2.7066000e+05 8.8000000e+01 1.2200000e+01 0.0000000e+00 0.0000000e+00
2.7072000e+05 9.1000000e+01 1.1800000e+01 0.0000000e+00 0.0000000e+00
2.7078000e+05 9.1000000e+01 1.1800000e+01 0.0000000e+00 0.0000000e+00
2.7084000e+05 8.4000000e+01 1.2750000e+01 0.0000000e+00 0.0000000e+00
2.7090000e+05 8.3000000e+01 1.3450000e+01 0.0000000e+00 0.0000000e+00
2.7096000e+05 8.2000000e+01 1.3550000e+01 0.0000000e+00 0.0000000e+00
2.7102000e+05 8.1000000e+01 1.3800000e+01 0.0000000e+00 6.0409999e+00
2.7108000e+05 7.8000000e+01 1.4250000e+01 0.0000000e+00 4.9282001e+01
2.7114000e+05 7.6000000e+01 1.5200000e+01 0.0000000e+00 1.3516600e+02
2.7120000e+05 7.2000000e+01 1.6550000e+01 0.0000000e+00 2.3557700e+02
2.7126000e+05 7.3000000e+01 1.7000000e+01 0.0000000e+00 2.1995900e+02
2.7132000e+05 6.7000000e+01 1.8099999e+01 0.0000000e+00 2.4517200e+02
2.7138000e+05 6.0000000e+01 1.9900001e+01 0.0000000e+00 5.3317401e+02
2.7144000e+05 5.6000000e+01 2.1450000e+01 0.0000000e+00 7.0104602e+02
2.7150000e+05 5.0000000e+01 2.1700000e+01 0.0000000e+00 6.4070203e+02
2.7156000e+05 5.8000000e+01 2.1900000e+01 0.0000000e+00 5.1596698e+02
2.7162000e+05 6.4000000e+01 2.0099999e+01 0.0000000e+00 1.9967500e+02
2.7168000e+05 6.5000000e+01 1.9400001e+01 0.0000000e+00 2.7148300e+02
2.7174000e+05 6.3000000e+01 1.9900001e+01 0.0000000e+00 3.0869699e+02
2.7180000e+05 6.5000000e+01 1.9650000e+01 0.0000000e+00 1.9890300e+02
2.7186000e+05 7.4000000e+01 1.9299999e+01 0.0000000e+00 1.3963800e+02
2.7192000e+05 7.7000000e+01 1.8650000e+01 0.0000000e+00 7.8584999e+01
2.7198000e+05 8.0000000e+01 1.7700000e+01 0.0000000e+00 2.7993000e+01
2.7204000e+05 8.3000000e+01 1.6650000e+01 0.0000000e+00 0.0000000e+00
2.7210000e+05 8.6000000e+01 1.6350000e+01 0.0000000e+00 0.0000000e+00
2.7216000e+05 8.3000000e+01 1.6250000e+01 0.0000000e+00 0.0000000e+00
2.7222000e+05 7.9000000e+01 1.6450001e+01 0.0000000e+00 0.0000000e+00
2.7228000e+05 7.3000000e+01 1.7250000e+01 0.0000000e+00 0.0000000e+00
2.7234000e+05 7.3000000e+01 1.7500000e+01 0.0000000e+00 0.0000000e+00
2.7240000e+05 7.5000000e+01 1.7500000e+01 0.0000000e+00 0.0000000e+00
2.7246000e+05 8.0000000e+01 1.6900001e+01 0.0000000e+00 1.2425000e+01
2.7252000e+05 8.1000000e+01 1.7450000e+01 0.0000000e+00 6.0248001e+01
2.7258000e+05 6.9000000e+01 1.8950000e+01 0.0000000e+00 1.6157001e+02
2.7264000e+05 7.6000000e+01 2.0400000e+01 0.0000000e+00 1.7625500e+02
2.7270000e+05 5.9000000e+01 2.1850000e+01 0.0000000e+00 4.6909900e+02
2.7276000e+05 5.5000000e+01 2.4150000e+01 0.0000000e+00 5.9268500e+02
2.7282000e+05 4.7000000e+01 2.5250000e+01 0.0000000e+00 5.7440100e+02
2.7288000e+05 4.4000000e+01 2.6300000e+01 0.0000000e+00 7.5261700e+02
2.7294000e+05 4.4000000e+01 2.6349999e+01 0.0000000e+00 6.7510699e+02
2.7300000e+05 4.2000000e+01 2.7100000e+01 0.0000000e+00 7.1468701e+02
2.7306000e+05 4.5000000e+01 2.7000000e+01 0.0000000e+00 6.4183197e+02
2.7312000e+05 4.4000000e+01 2.6900000e+01 0.0000000e+00 5.9958197e+02
2.7318000e+05 4.7000000e+01 2.6250000e+01 0.0000000e+00 5.1148499e+02
2.7324000e+05 5.1000000e+01 2.5599999e+01 0.0000000e+00 3.8313400e+02
2.7330000e+05 6.6000000e+01 2.3300000e+01 0.0000000e+00 1.8451700e+02
2.7336000e+05 7.4000000e+01 2.0800000e+01 0.0000000e+00 1.9104000e+01
2.7342000e+05 7.5000000e+01 1.9349999e+01 0.0000000e+00 7.0219998e+00
2.7348000e+05 7.5000000e+01 1.8400000e+01 0.0000000e+00 0.0000000e+00
2.7354000e+05 8.0000000e+01 1.7400000e+01 0.0000000e+00 0.0000000e+00
2.7360000e+05 8.1000000e+01 1.6549999e+01 0.0000000e+00 0.0000000e+00
2.7366000e+05 8.1000000e+01 1.6200000e+01 0.0000000e+00 0.0000000e+00
2.7372000e+05 8.4000000e+01 1.5900000e+01 0.0000000e+00 0.0000000e+00
2.7378000e+05 8.4000000e+01 1.5500000e+01 0.0000000e+00 0.0000000e+00
2.7384000e+05 8.6000000e+01 1.5250000e+01 0.0000000e+00 0.0000000e+00
2.7390000e+05 8.8000000e+01 1.5250000e+01 0.0000000e+00 3.6090000e+00
2.7396000e+05 8.2000000e+01 1.6349999e+01 0.0000000e+00 2.0892000e+01
2.7402000e+05 7.5000000e+01 1.8450000e+01 0.0000000e+00 2.2322800e+02
2.7408000e+05 7.4000000e+01 2.0150000e+01 0.0000000e+00 2.6163901e+02
2.7414000e+05 6.7000000e+01 2.1599999e+01 0.0000000e+00 3.5517801e+02
2.7420000e+05 7.6000000e+01 2.1400000e+01 0.0000000e+00 2.2196100e+02
2.7426000e+05 7.0000000e+01 2.2100000e+01 0.0000000e+00 3.9571701e+02
2.7432000e+05 5.6000000e+01 2.4850000e+01 0.0000000e+00 6.0189899e+02
2.7438000e+05 4.5000000e+01 2.6800000e+01 0.0000000e+00 5.3199799e+02
2.7444000e+05 3.6000000e+01 2.7350000e+01 0.0000000e+00 3.3093701e+02
2.7450000e+05 5.1000000e+01 2.5800000e+01 0.0000000e+00 1.7946899e+02
2.7456000e+05 6.4000000e+01 2.3150000e+01 0.0000000e+00 9.6188004e+01
2.7462000e+05 7.8000000e+01 1.9050000e+01 0.0000000e+00 4.9323002e+01
2.7468000e+05 7.7000000e+01 1.7700000e+01 0.0000000e+00 1.9237000e+01
2.7474000e+05 7.9000000e+01 1.7750000e+01 0.0000000e+00 3.8509998e+01
2.7480000e+05 8.3000000e+01 1.7599999e+01 0.0000000e+00 3.2441002e+01
2.7486000e+05 8.7000000e+01 1.6650000e+01 0.0000000e+00 0.0000000e+00
2.7492000e+05 9.3000000e+01 1.5350000e+01 0.0000000e+00 0.0000000e+00
2.7498000e+05 9.5000000e+01 1.4300000e+01 0.0000000e+00 0.0000000e+00
2.7504000e+05 9.4000000e+01 1.3450000e+01 0.0000000e+00 0.0000000e+00
2.7510000e+05 9.5000000e+01 1.2850000e+01 0.0000000e+00 0.0000000e+00
2.7516000e+05 9.5000000e+01 1.2600000e+01 0.0000000e+00 0.0000000e+00
2.7522000e+05 9.6000000e+01 1.2250000e+01 0.0000000e+00 0.0000000e+00
2.7528000e+05 9.6000000e+01 1.2100000e+01 0.0000000e+00 0.0000000e+00
2.7534000e+05 9.7000000e+01 1.2100000e+01 0.0000000e+00 4.8550000e+00
2.7540000e+05 9.7000000e+01 1.2200000e+01 0.0000000e+00 1.6247000e+01
2.7546000e+05 9.7000000e+01 1.2300000e+01 0.0000000e+00 1.0876000e+01
2.7552000e+05 9.6000000e+01 1.2450000e+01 0.0000000e+00 3.0441999e+01
2.7558000e+05 9.4000000e+01 1.3000000e+01 0.0000000e+00 8.6278999e+01
2.7564000e+05 9.3000000e+01 1.3200000e+01 0.0000000e+00 5.9400002e+01
2.7570000e+05 8.7000000e+01 1.3650000e+01 0.0000000e+00 1.0741700e+02
2.7576000e+05 7.9000000e+01 1.4200000e+01 0.0000000e+00 1.7933200e+02
2.7582000e+05 7.4000000e+01 1.4950000e+01 0.0000000e+00 2.6490399e+02
2.7588000e+05 7.6000000e+01 1.5750000e+01 0.0000000e+00 3.8039001e+02
2.7594000e+05 7.4000000e+01 1.5450000e+01 0.0000000e+00 2.0267700e+02
2.7600000e+05 7.6000000e+01 1.4900000e+01 0.0000000e+00 1.0277100e+02
2.7606000e+05 7.5000000e+01 1.4950000e+01 0.0000000e+00 1.3409000e+02
2.7612000e+05 7.3000000e+01 1.4900000e+01 0.0000000e+00 1.5215401e+02
2.7618000e+05 7.6000000e+01 1.4950000e+01 0.0000000e+00 1.2399200e+02
2.7624000e+05 8.2000000e+01 1.4500000e+01 0.0000000e+00 4.1006001e+01
2.7630000e+05 8.8000000e+01 1.3900000e+01 0.0000000e+00 1.3908000e+01
2.7636000e+05 8.8000000e+01 1.3350000e+01 0.0000000e+00 0.0000000e+00
2.7642000e+05 8.7000000e+01 1.2950000e+01 0.0000000e+00 0.0000000e+00
2.7648000e+05 8.8000000e+01 1.2650000e+01 0.0000000e+00 0.0000000e+00
2.7654000e+05 8.8000000e+01 1.2550000e+01 0.0000000e+00 0.0000000e+00
2.7660000e+05 8.7000000e+01 1.2500000e+01 0.0000000e+00 0.0000000e+00
2.7666000e+05 8.8000000e+01 1.2450000e+01 0.0000000e+00 0.0000000e+00
2.7672000e+05 9.1000000e+01 1.2600000e+01 0.0000000e+00 0.0000000e+00
2.7678000e+05 9.3000000e+01 1.2750000e+01 0.0000000e+00 0.0000000e+00
2.7684000e+05 9.4000000e+01 1.2600000e+01 0.0000000e+00 2.1750000e+00
2.7690000e+05 9.4000000e+01 1.2450000e+01 0.0000000e+00 2.4246000e+01
2.7696000e+05 9.4000000e+01 1.2450000e+01 0.0000000e+00 4.8763000e+01
2.7702000e+05 9.2000000e+01 1.2800000e+01 0.0000000e+00 1.1335700e+02
2.7708000e+05 8.8000000e+01 1.3350000e+01 0.0000000e+00 1.4530000e+02
2.7714000e+05 8.3000000e+01 1.4100000e+01 0.0000000e+00 2.8035101e+02
2.7720000e+05 7.5000000e+01 1.4950000e+01 0.0000000e+00 3.9575101e+02
2.7726000e+05 7.4000000e+01 1.5450000e+01 0.0000000e+00 4.0018799e+02
2.7732000e+05 6.9000000e+01 1.5950000e+01 0.0000000e+00 5.6389899e+02
2.7738000e+05 6.7000000e+01 1.5750000e+01 0.0000000e+00 3.9652399e+02
2.7744000e+05 6.3000000e+01 1.6300000e+01 0.0000000e+00 4.5966699e+02
2.7750000e+05 6.5000000e+01 1.6400000e+01 0.0000000e+00 5.5178900e+02
2.7756000e+05 7.0000000e+01 1.5500000e+01 0.0000000e+00 1.7379500e+02
2.7762000e+05 7.3000000e+01 1.4250000e+01 0.0000000e+00 6.8523003e+01
2.7768000e+05 8.3000000e+01 1.3450000e+01 0.0000000e+00 5.5070000e+01
2.7774000e+05 8.5000000e+01 1.2550000e+01 0.0000000e+00 2.1052999e+01
2.7780000e+05 8.9000000e+01 1.1600000e+01 0.0000000e+00 0.0000000e+00
2.7786000e+05 9.0000000e+01 1.0750000e+01 0.0000000e+00 0.0000000e+00
2.7792000e+05 9.1000000e+01 1.0300000e+01 0.0000000e+00 0.0000000e+00
2.7798000e+05 9.1000000e+01 1.0200000e+01 0.0000000e+00 0.0000000e+00
2.7804000e+05 9.2000000e+01 1.0000000e+01 0.0000000e+00 0.0000000e+00
2.7810000e+05 9.2000000e+01 9.5999999e+00 0.0000000e+00 0.0000000e+00
2.7816000e+05 9.2000000e+01 9.5999999e+00 0.0000000e+00 0.0000000e+00
2.7822000e+05 9.3000000e+01 9.5999999e+00 0.0000000e+00 9.4000000e-01
2.7828000e+05 8.8000000e+01 1.0550000e+01 0.0000000e+00 2.0441000e+01
2.7834000e+05 8.4000000e+01 1.2200000e+01 0.0000000e+00 1.3974100e+02
2.7840000e+05 8.0000000e+01 1.2750000e+01 0.0000000e+00 1.1129900e+02
2.7846000e+05 7.6000000e+01 1.3400000e+01 0.0000000e+00 1.4830200e+02
2.7852000e+05 6.7000000e+01 1.5150000e+01 0.0000000e+00 3.2847299e+02
2.7858000e+05 6.2000000e+01 1.6950000e+01 0.0000000e+00 6.6033698e+02
2.7864000e+05 5.7000000e+01 1.7650000e+01 0.0000000e+00 7.3247601e+02
2.7870000e+05 5.8000000e+01 1.8200000e+01 0.0000000e+00 7.0574103e+02
2.7876000e+05 6.1000000e+01 1.8250000e+01 0.0000000e+00 7.3166998e+02
2.7882000e+05 5.8000000e+01 1.8600000e+01 0.0000000e+00 7.0454700e+02
2.7888000e+05 5.8000000e+01 1.8900000e+01 0.0000000e+00 6.1366498e+02
2.7894000e+05 5.7000000e+01 1.9000000e+01 0.0000000e+00 5.0004199e+02
2.7900000e+05 6.1000000e+01 1.8450000e+01 0.0000000e+00 3.7507999e+02
2.7906000e+05 7.0000000e+01 1.7050000e+01 0.0000000e+00 1.7823801e+02
2.7912000e+05 6.9000000e+01 1.5950000e+01 0.0000000e+00 1.9003000e+01
2.7918000e+05 7.1000000e+01 1.5600000e+01 0.0000000e+00 5.8060002e+00
2.7924000e+05 7.7000000e+01 1.4600000e+01 0.0000000e+00 0.0000000e+00
2.7930000e+05 7.8000000e+01 1.3850000e+01 0.0000000e+00 0.0000000e+00
2.7936000e+05 7.4000000e+01 1.3850000e+01 0.0000000e+00 0.0000000e+00
2.7942000e+05 7.7000000e+01 1.3900000e+01 0.0000000e+00 0.0000000e+00
2.7948000e+05 7.7000000e+01 1.3600000e+01 0.0000000e+00 0.0000000e+00
2.7954000e+05 7.7000000e+01 1.3350000e+01 0.0000000e+00 0.0000000e+00
2.7960000e+05 7.9000000e+01 1.3250000e+01 0.0000000e+00 0.0000000e+00
2.7966000e+05 8.4000000e+01 1.2850000e+01 0.0000000e+00 1.7612000e+01
2.7972000e+05 7.4000000e+01 1.3850000e+01 0.0000000e+00 3.4713001e+01
2.7978000e+05 7.7000000e+01 1.5100000e+01 0.0000000e+00 2.1274100e+02
2.7984000e+05 7.4000000e+01 1.5849999e+01 0.0000000e+00 3.1497101e+02
2.7990000e+05 6.8000000e+01 1.6950000e+01 0.0000000e+00 4.4737299e+02
2.7996000e+05 6.6000000e+01 1.8100000e+01 0.0000000e+00 5.4111499e+02
2.8002000e+05 6.5000000e+01 1.8650001e+01 0.0000000e+00 6.6727502e+02
2.8008000e+05 7.0000000e+01 1.8500000e+01 0.0000000e+00 5.1325201e+02
2.8014000e+05 7.0000000e+01 1.8550000e+01 0.0000000e+00 5.6707202e+02
2.8020000e+05 6.9000000e+01 1.8049999e+01 0.0000000e+00 4.3123599e+02
2.8026000e+05 6.5000000e+01 1.9200000e+01 0.0000000e+00 6.4515100e+02
2.8032000e+05 6.7000000e+01 1.9700000e+01 0.0000000e+00 5.7284302e+02
2.8038000e+05 6.6000000e+01 1.9500000e+01 0.0000000e+00 4.4806900e+02
2.8044000e+05 7.2000000e+01 1.8450000e+01 0.0000000e+00 1.6731900e+02
2.8050000e+05 7.6000000e+01 1.7250000e+01 0.0000000e+00 1.0109400e+02
2.8056000e+05 8.0000000e+01 1.6300000e+01 0.0000000e+00 3.4280998e+01
2.8062000e+05 8.3000000e+01 1.5750000e+01 0.0000000e+00 2.3210001e+00
2.8068000e+05 8.5000000e+01 1.5350000e+01 0.0000000e+00 0.0000000e+00
2.8074000e+05 8.9000000e+01 1.5000000e+01 0.0000000e+00 0.0000000e+00
2.8080000e+05 8.9000000e+01 1.4750000e+01 0.0000000e+00 0.0000000e+00
2.8086000e+05 9.1000000e+01 1.4600000e+01 0.0000000e+00 0.0000000e+00
2.8092000e+05 9.2000000e+01 1.4450000e+01 0.0000000e+00 0.0000000e+00
2.8098000e+05 8.1000000e+01 1.5400001e+01 0.0000000e+00 0.0000000e+00
2.8104000e+05 8.0000000e+01 1.6000000e+01 0.0000000e+00 0.0000000e+00
2.8110000e+05 8.4000000e+01 1.5900001e+01 0.0000000e+00 0.0000000e+00
2.8116000e+05 8.9000000e+01 1.5500000e+01 0.0000000e+00 2.4349001e+01
2.8122000e+05 9.1000000e+01 1.5500000e+01 0.0000000e+00 2.0055000e+01
2.8128000e+05 9.3000000e+01 1.5550000e+01 0.0000000e+00 3.7668999e+01
2.8134000e+05 9.2000000e+01 1.5500000e+01 0.0000000e+00 6.1860001e+01
2.8140000e+05 8.9000000e+01 1.6000000e+01 0.0000000e+00 1.1778900e+02
2.8146000e+05 9.1000000e+01 1.6500000e+01 0.0000000e+00 1.2112200e+02
2.8152000e+05 8.3000000e+01 1.6599999e+01 0.0000000e+00 1.4086000e+02
2.8158000e+05 9.2000000e+01 1.5800000e+01 0.0000000e+00 7.8908997e+01
2.8164000e+05 7.9000000e+01 1.6550000e+01 0.0000000e+00 3.4491901e+02
2.8170000e+05 7.1000000e+01 1.8950000e+01 0.0000000e+00 5.4098297e+02
2.8176000e+05 7.1000000e+01 1.9450000e+01 0.0000000e+00 4.2624799e+02
2.8182000e+05 8.0000000e+01 1.7600000e+01 0.0000000e+00 1.8926300e+02
2.8188000e+05 9.4000000e+01 1.4850000e+01 0.0000000e+00 1.4439000e+01
2.8194000e+05 9.6000000e+01 1.3750000e+01 0.0000000e+00 1.9612000e+01
2.8200000e+05 9.6000000e+01 1.4250000e+01 0.0000000e+00 3.0260000e+01
2.8206000e+05 9.6000000e+01 1.3750000e+01 0.0000000e+00 8.7550001e+00
2.8212000e+05 9.7000000e+01 1.3250000e+01 0.0000000e+00 0.0000000e+00
2.8218000e+05 9.7000000e+01 1.3300000e+01 0.0000000e+00 0.0000000e+00
2.8224000e+05 9.7000000e+01 1.3350000e+01 0.0000000e+00 0.0000000e+00
2.8230000e+05 9.7000000e+01 1.3150000e+01 0.0000000e+00 0.0000000e+00
2.8236000e+05 9.7000000e+01 1.2750000e+01 0.0000000e+00 0.0000000e+00
2.8242000e+05 9.7000000e+01 1.2350000e+01 0.0000000e+00 0.0000000e+00
2.8248000e+05 9.7000000e+01 1.1850000e+01 0.0000000e+00 0.0000000e+00
2.8254000e+05 9.7000000e+01 1.1650000e+01 0.0000000e+00 2.1919999e+00
2.8260000e+05 9.7000000e+01 1.1700000e+01 0.0000000e+00 1.7728001e+01
2.8266000e+05 9.7000000e+01 1.2150000e+01 0.0000000e+00 5.8212002e+01
2.8272000e+05 9.3000000e+01 1.3650000e+01 0.0000000e+00 2.8363501e+02
2.8278000e+05 8.5000000e+01 1.5050000e+01 0.0000000e+00 2.1886501e+02
2.8284000e+05 7.9000000e+01 1.5550000e+01 0.0000000e+00 3.1131500e+02
2.8290000e+05 7.4000000e+01 1.5800000e+01 0.0000000e+00 3.7739401e+02
2.8296000e+05 6.9000000e+01 1.6750000e+01 0.0000000e+00 5.1151501e+02
2.8302000e+05 7.1000000e+01 1.6500000e+01 0.0000000e+00 3.8670099e+02
2.8308000e+05 7.1000000e+01 1.6550000e+01 0.0000000e+00 4.6369101e+02
2.8314000e+05 7.6000000e+01 1.5900000e+01 0.0000000e+00 2.7002499e+02
2.8320000e+05 7.2000000e+01 1.6400000e+01 0.0000000e+00 3.3860999e+02
2.8326000e+05 7.5000000e+01 1.6250000e+01 0.0000000e+00 2.6917499e+02
2.8332000e+05 8.2000000e+01 1.5350000e+01 0.0000000e+00 1.0710600e+02
2.8338000e+05 8.9000000e+01 1.4800000e+01 0.0000000e+00 5.6037998e+01
2.8344000e+05 9.1000000e+01 1.4400000e+01 0.0000000e+00 6.1430000e+01
2.8350000e+05 9.2000000e+01 1.3600000e+01 0.0000000e+00 1.1327000e+01
2.8356000e+05 9.3000000e+01 1.2450000e+01 0.0000000e+00 0.0000000e+00
2.8362000e+05 9.4000000e+01 1.1800000e+01 0.0000000e+00 0.0000000e+00
2.8368000e+05 9.4000000e+01 1.1350000e+01 0.0000000e+00 0.0000000e+00
2.8374000e+05 9.4000000e+01 1.1200000e+01 0.0000000e+00 0.0000000e+00
2.8380000e+05 9.4000000e+01 1.1150000e+01 0.0000000e+00 0.0000000e+00
2.8386000e+05 9.5000000e+01 1.1650000e+01 0.0000000e+00 0.0000000e+00
2.8392000e+05 9.5000000e+01 1.2050000e+01 0.0000000e+00 0.0000000e+00
2.8398000e+05 9.4000000e+01 1.2000000e+01 0.0000000e+00 0.0000000e+00
2.8404000e+05 9.4000000e+01 1.2300000e+01 0.0000000e+00 3.2692001e+01
2.8410000e+05 8.3000000e+01 1.4050000e+01 0.0000000e+00 2.1020599e+02
2.8416000e+05 7.0000000e+01 1.5350000e+01 0.0000000e+00 2.4282300e+02
2.8422000e+05 6.8000000e+01 1.5750000e+01 0.0000000e+00 2.3549500e+02
2.8428000e+05 7.9000000e+01 1.4800000e+01 0.0000000e+00 1.0800800e+02
2.8434000e+05 6.8000000e+01 1.5050000e+01 0.0000000e+00 3.0954999e+02
2.8440000e+05 7.3000000e+01 1.6450000e+01 0.0000000e+00 5.3142401e+02
2.8446000e+05 6.9000000e+01 1.6250000e+01 0.0000000e+00 4.9527899e+02
2.8452000e+05 8.1000000e+01 1.5800000e+01 0.0000000e+00 2.3593500e+02
2.8458000e+05 8.6000000e+01 1.4200000e+01 0.0000000e+00 1.6919400e+02
2.8464000e+05 7.4000000e+01 1.4200000e+01 0.0000000e+00 1.6156300e+02
2.8470000e+05 7.3000000e+01 1.5150000e+01 0.0000000e+00 1.7235300e+02
2.8476000e+05 7.0000000e+01 1.5000000e+01 0.0000000e+00 1.2418700e+02
2.8482000e+05 7.5000000e+01 1.4400000e+01 0.0000000e+00 5.4935001e+01
2.8488000e+05 7.6000000e+01 1.3950000e+01 0.0000000e+00 4.3987999e+01
2.8494000e+05 7.7000000e+01 1.3650000e+01 0.0000000e+00 7.5500002e+00
2.8500000e+05 8.0000000e+01 1.3400000e+01 0.0000000e+00 0.0000000e+00
2.8506000e+05 8.0000000e+01 1.3350000e+01 0.0000000e+00 0.0000000e+00
2.8512000e+05 8.2000000e+01 1.3100000e+01 0.0000000e+00 0.0000000e+00
2.8518000e+05 8.1000000e+01 1.3000000e+01 0.0000000e+00 0.0000000e+00
2.8524000e+05 8.2000000e+01 1.2900000e+01 0.0000000e+00 0.0000000e+00
2.8530000e+05 8.4000000e+01 1.2900000e+01 0.0000000e+00 0.0000000e+00
2.8536000e+05 8.3000000e+01 1.2750000e+01 0.0000000e+00 0.0000000e+00
2.8542000e+05 8.5000000e+01 1.2750000e+01 0.0000000e+00 2.7300000e+00
2.8548000e+05 8.4000000e+01 1.3100000e+01 0.0000000e+00 2.5865999e+01
2.8554000e+05 7.9000000e+01 1.3800000e+01 0.0000000e+00 7.6620003e+01
2.8560000e+05 8.0000000e+01 1.4400000e+01 0.0000000e+00 1.3941299e+02
2.8566000e+05 7.7000000e+01 1.5100000e+01 0.0000000e+00 1.8829201e+02
2.8572000e+05 7.5000000e+01 1.5650000e+01 0.0000000e+00 2.4921001e+02
2.8578000e+05 7.1000000e+01 1.6050000e+01 0.0000000e+00 2.4123599e+02
2.8584000e+05 6.6000000e+01 1.7000000e+01 0.0000000e+00 3.9682700e+02
2.8590000e+05 5.7000000e+01 1.8150000e+01 0.0000000e+00 5.8413000e+02
2.8596000e+05 5.2000000e+01 1.8700000e+01 0.0000000e+00 5.7843298e+02
2.8602000e+05 5.5000000e+01 1.9400000e+01 0.0000000e+00 7.0197498e+02
2.8608000e+05 5.9000000e+01 1.9350000e+01 0.0000000e+00 5.8816400e+02
2.8614000e+05 6.0000000e+01 1.8450000e+01 0.0000000e+00 4.4118799e+02
2.8620000e+05 6.5000000e+01 1.7950000e+01 0.0000000e+00 3.6737299e+02
2.8626000e+05 7.8000000e+01 1.6250000e+01 0.0000000e+00 1.5253400e+02
2.8632000e+05 8.0000000e+01 1.4750000e+01 0.0000000e+00 3.3751999e+01
2.8638000e+05 8.2000000e+01 1.4000000e+01 0.0000000e+00 7.9280000e+00
2.8644000e+05 8.3000000e+01 1.3300000e+01 0.0000000e+00 0.0000000e+00
2.8650000e+05 8.6000000e+01 1.2900000e+01 0.0000000e+00 0.0000000e+00
2.8656000e+05 8.4000000e+01 1.2800000e+01 0.0000000e+00 0.0000000e+00
2.8662000e+05 7.8000000e+01 1.3800000e+01 0.0000000e+00 0.0000000e+00
2.8668000e+05 8.0000000e+01 1.4000000e+01 0.0000000e+00 0.0000000e+00
2.8674000e+05 7.7000000e+01 1.3950000e+01 0.0000000e+00 0.0000000e+00
2.8680000e+05 7.5000000e+01 1.4100000e+01 0.0000000e+00 0.0000000e+00
2.8686000e+05 7.6000000e+01 1.4400000e+01 0.0000000e+00 4.6190000e+00
2.8692000e+05 7.4000000e+01 1.4800000e+01 0.0000000e+00 2.6363001e+01
2.8698000e+05 7.1000000e+01 1.5650001e+01 0.0000000e+00 6.6262001e+01
2.8704000e+05 7.5000000e+01 1.5900000e+01 0.0000000e+00 4.5365002e+01
2.8710000e+05 6.0000000e+01 1.7550000e+01 0.0000000e+00 4.2010901e+02
2.8716000e+05 6.3000000e+01 1.9500000e+01 0.0000000e+00 3.4849500e+02
2.8722000e+05 5.7000000e+01 2.0050000e+01 0.0000000e+00 4.3559000e+02
2.8728000e+05 5.5000000e+01 2.0800000e+01 0.0000000e+00 4.1531400e+02
2.8734000e+05 5.0000000e+01 2.0200000e+01 0.0000000e+00 1.9210201e+02
2.8740000e+05 5.3000000e+01 1.9250000e+01 0.0000000e+00 7.5612999e+01
2.8746000e+05 5.4000000e+01 1.8850000e+01 0.0000000e+00 5.0194000e+01
2.8752000e+05 8.9000000e+01 1.6450000e+01 0.0000000e+00 2.1497000e+01
2.8758000e+05 9.1000000e+01 1.3550000e+01 0.0000000e+00 2.2409000e+01
2.8764000e+05 9.3000000e+01 1.2750000e+01 0.0000000e+00 1.6360001e+01
2.8770000e+05 9.2000000e+01 1.2350000e+01 0.0000000e+00 1.7743999e+01
2.8776000e+05 9.5000000e+01 1.1950000e+01 0.0000000e+00 0.0000000e+00
2.8782000e+05 9.5000000e+01 1.1700000e+01 0.0000000e+00 3.5620000e+00
2.8788000e+05 9.3000000e+01 1.1250000e+01 0.0000000e+00 0.0000000e+00
2.8794000e+05 9.3000000e+01 1.1000000e+01 0.0000000e+00 0.0000000e+00
2.8800000e+05 9.1000000e+01 1.1150000e+01 0.0000000e+00 0.0000000e+00
2.8806000e+05 8.5000000e+01 1.1550000e+01 0.0000000e+00 0.0000000e+00
2.8812000e+05 7.9000000e+01 1.2200000e+01 0.0000000e+00 0.0000000e+00
2.8818000e+05 8.8000000e+01 1.2150000e+01 0.0000000e+00 0.0000000e+00
2.8824000e+05 8.7000000e+01 1.1800000e+01 0.0000000e+00 0.0000000e+00
2.8830000e+05 9.2000000e+01 1.1650000e+01 0.0000000e+00 0.0000000e+00
2.8836000e+05 8.8000000e+01 1.1650000e+01 0.0000000e+00 2.7004999e+01
2.8842000e+05 8.4000000e+01 1.2450000e+01 0.0000000e+00 1.0126300e+02
2.8848000e+05 7.8000000e+01 1.3350000e+01 0.0000000e+00 2.0959900e+02
2.8854000e+05 7.2000000e+01 1.4050000e+01 0.0000000e+00 2.9368399e+02
2.8860000e+05 7.1000000e+01 1.4550000e+01 0.0000000e+00 3.9972699e+02
2.8866000e+05 6.7000000e+01 1.5100000e+01 0.0000000e+00 4.2785199e+02
2.8872000e+05 6.8000000e+01 1.4450000e+01 0.0000000e+00 2.8405499e+02
2.8878000e+05 6.6000000e+01 1.4900000e+01 0.0000000e+00 4.3816800e+02
2.8884000e+05 6.1000000e+01 1.5700000e+01 0.0000000e+00 5.9072601e+02
2.8890000e+05 6.7000000e+01 1.5550000e+01 0.0000000e+00 4.3420001e+02
2.8896000e+05 6.5000000e+01 1.4850000e+01 0.0000000e+00 2.0816200e+02
2.8902000e+05 6.8000000e+01 1.4750000e+01 0.0000000e+00 2.0217900e+02
2.8908000e+05 7.1000000e+01 1.4550000e+01 0.0000000e+00 1.4270399e+02
2.8914000e+05 7.5000000e+01 1.3800000e+01 0.0000000e+00 7.0224998e+01
2.8920000e+05 7.5000000e+01 1.3800000e+01 0.0000000e+00 4.0721001e+01
2.8926000e+05 7.7000000e+01 1.3450000e+01 0.0000000e+00 0.0000000e+00
2.8932000e+05 7.5000000e+01 1.3050000e+01 0.0000000e+00 0.0000000e+00
2.8938000e+05 7.6000000e+01 1.2650000e+01 0.0000000e+00 0.0000000e+00
2.8944000e+05 7.5000000e+01 1.2400000e+01 0.0000000e+00 0.0000000e+00
2.8950000e+05 8.7000000e+01 1.0900000e+01 0.0000000e+00 0.0000000e+00
2.8956000e+05 8.4000000e+01 1.0750000e+01 0.0000000e+00 0.0000000e+00
2.8962000e+05 8.5000000e+01 1.0350000e+01 0.0000000e+00 0.0000000e+00
2.8968000e+05 8.1000000e+01 1.0350000e+01 0.0000000e+00 0.0000000e+00
2.8974000e+05 7.9000000e+01 1.0700000e+01 0.0000000e+00 1.6605270e+01
2.8980000e+05 7.7000000e+01 1.1200000e+01 0.0000000e+00 7.3358261e+01
2.8986000e+05 7.7000000e+01 1.1300000e+01 0.0000000e+00 9.8408890e+01
2.8992000e+05 7.3000000e+01 1.2000000e+01 0.0000000e+00 1.8101880e+02
2.8998000e+05 6.6000000e+01 1.2800000e+01 0.0000000e+00 2.8199020e+02
2.9004000e+05 7.2000000e+01 1.3300000e+01 0.0000000e+00 3.2219690e+02
2.9010000e+05 7.0000000e+01 1.4000000e+01 0.0000000e+00 3.5387961e+02
2.9016000e+05 6.1000000e+01 1.4000000e+01 0.0000000e+00 4.5955341e+02
2.9022000e+05 6.6000000e+01 1.4700000e+01 0.0000000e+00 5.0999039e+02
2.9028000e+05 6.9000000e+01 1.5000000e+01 0.0000000e+00 6.5236652e+02
2.9034000e+05 6.8000000e+01 1.3900000e+01 0.0000000e+00 5.7304272e+02
2.9040000e+05 7.3000000e+01 1.3400000e+01 0.0000000e+00 4.2817249e+02
2.9046000e+05 7.2000000e+01 1.2250000e+01 0.0000000e+00 1.7841141e+02
2.9052000e+05 6.8000000e+01 1.1800000e+01 0.0000000e+00 1.0311600e+02
2.9058000e+05 7.1000000e+01 1.1650000e+01 0.0000000e+00 4.4112610e+01
2.9064000e+05 7.5000000e+01 1.1150000e+01 0.0000000e+00 0.0000000e+00
2.9070000e+05 7.5000000e+01 1.0650000e+01 0.0000000e+00 0.0000000e+00
2.9076000e+05 7.8000000e+01 1.0350000e+01 0.0000000e+00 0.0000000e+00
2.9082000e+05 8.1000000e+01 1.0100000e+01 0.0000000e+00 0.0000000e+00
2.9088000e+05 7.6000000e+01 9.7500000e+00 0.0000000e+00 0.0000000e+00
2.9094000e+05 8.0000000e+01 9.4000001e+00 0.0000000e+00 0.0000000e+00
2.9100000e+05 8.0000000e+01 9.3499999e+00 0.0000000e+00 0.0000000e+00
2.9106000e+05 8.4000000e+01 9.0500002e+00 0.0000000e+00 0.0000000e+00
2.9112000e+05 8.4000000e+01 8.5999999e+00 0.0000000e+00 0.0000000e+00
2.9118000e+05 8.2000000e+01 9.2500000e+00 0.0000000e+00 2.7638590e+01
2.9124000e+05 7.8000000e+01 1.0000000e+01 0.0000000e+00 5.8590931e+01
2.9130000e+05 7.7000000e+01 1.0350000e+01 0.0000000e+00 1.0655990e+02
2.9136000e+05 7.0000000e+01 1.2050000e+01 0.0000000e+00 2.6596411e+02
2.9142000e+05 6.2000000e+01 1.2400000e+01 0.0000000e+00 2.8402371e+02
2.9148000e+05 6.6000000e+01 1.3150000e+01 0.0000000e+00 3.5433951e+02
2.9154000e+05 5.7000000e+01 1.4000000e+01 0.0000000e+00 6.5151239e+02
2.9160000e+05 5.3000000e+01 1.4900000e+01 0.0000000e+00 6.9148163e+02
2.9166000e+05 5.4000000e+01 1.5850000e+01 0.0000000e+00 7.0789398e+02
2.9172000e+05 5.6000000e+01 1.5599999e+01 0.0000000e+00 6.4041577e+02
2.9178000e+05 5.6000000e+01 1.5200000e+01 0.0000000e+00 6.1483160e+02
2.9184000e+05 5.7000000e+01 1.4750000e+01 0.0000000e+00 4.9141440e+02
2.9190000e+05 6.1000000e+01 1.4150000e+01 0.0000000e+00 3.7350909e+02
2.9196000e+05 6.7000000e+01 1.2850000e+01 0.0000000e+00 1.5091110e+02
2.9202000e+05 7.3000000e+01 1.1700000e+01 0.0000000e+00 2.4894159e+01
2.9208000e+05 8.0000000e+01 1.0650000e+01 0.0000000e+00 2.4154589e+00
2.9214000e+05 7.9000000e+01 1.0000000e+01 0.0000000e+00 0.0000000e+00
2.9220000e+05 8.2000000e+01 9.6000004e+00 0.0000000e+00 0.0000000e+00
2.9226000e+05 8.1000000e+01 9.7500000e+00 0.0000000e+00 0.0000000e+00
2.9232000e+05 8.3000000e+01 9.9000001e+00 0.0000000e+00 0.0000000e+00
2.9238000e+05 8.4000000e+01 9.5999999e+00 0.0000000e+00 0.0000000e+00
2.9244000e+05 8.6000000e+01 8.9499998e+00 0.0000000e+00 0.0000000e+00
2.9250000e+05 8.8000000e+01 8.2500000e+00 0.0000000e+00 0.0000000e+00
2.9256000e+05 8.8000000e+01 8.0000002e+00 0.0000000e+00 0.0000000e+00
2.9262000e+05 8.4000000e+01 9.0000000e+00 0.0000000e+00 1.5387940e+01
2.9268000e+05 7.5000000e+01 1.1050000e+01 0.0000000e+00 1.8818990e+02
2.9274000e+05 6.2000000e+01 1.2850000e+01 0.0000000e+00 3.1308801e+02
2.9280000e+05 5.4000000e+01 1.3950000e+01 0.0000000e+00 4.5232501e+02
2.9286000e+05 5.0000000e+01 1.4750000e+01 0.0000000e+00 5.9181152e+02
2.9292000e+05 5.1000000e+01 1.5400001e+01 0.0000000e+00 5.9416168e+02
2.9298000e+05 4.9000000e+01 1.6450000e+01 0.0000000e+00 7.3021808e+02
2.9304000e+05 4.9000000e+01 1.6650001e+01 0.0000000e+00 7.3886133e+02
2.9310000e+05 5.0000000e+01 1.6550000e+01 0.0000000e+00 7.1064948e+02
2.9316000e+05 5.3000000e+01 1.6450000e+01 0.0000000e+00 6.5441998e+02
2.9322000e+05 5.3000000e+01 1.6250000e+01 0.0000000e+00 5.6679242e+02
2.9328000e+05 5.5000000e+01 1.5800000e+01 0.0000000e+00 4.4913391e+02
2.9334000e+05 5.7000000e+01 1.5250000e+01 0.0000000e+00 3.4473691e+02
2.9340000e+05 6.5000000e+01 1.3850000e+01 0.0000000e+00 1.4454021e+02
2.9346000e+05 7.3000000e+01 1.2400000e+01 0.0000000e+00 2.1276350e+01
2.9352000e+05 7.7000000e+01 1.1350000e+01 0.0000000e+00 3.8088831e-01
2.9358000e+05 7.9000000e+01 1.0400000e+01 0.0000000e+00 0.0000000e+00
2.9364000e+05 8.0000000e+01 9.9000001e+00 0.0000000e+00 0.0000000e+00
2.9370000e+05 8.2000000e+01 9.5999999e+00 0.0000000e+00 0.0000000e+00
2.9376000e+05 8.3000000e+01 9.5000000e+00 0.0000000e+00 0.0000000e+00
2.9382000e+05 8.4000000e+01 1.0000000e+01 0.0000000e+00 0.0000000e+00
2.9388000e+05 8.4000000e+01 1.0700000e+01 0.0000000e+00 0.0000000e+00
2.9394000e+05 8.4000000e+01 1.0900000e+01 0.0000000e+00 0.0000000e+00
2.9400000e+05 8.4000000e+01 1.1100000e+01 0.0000000e+00 0.0000000e+00
2.9406000e+05 8.3000000e+01 1.1500000e+01 0.0000000e+00 1.2445440e+01
2.9412000e+05 7.8000000e+01 1.2050000e+01 0.0000000e+00 4.3311668e+01
2.9418000e+05 7.0000000e+01 1.3200000e+01 0.0000000e+00 1.7767230e+02
2.9424000e+05 6.8000000e+01 1.4200000e+01 0.0000000e+00 2.9316431e+02
2.9430000e+05 6.1000000e+01 1.5450000e+01 0.0000000e+00 4.6647021e+02
2.9436000e+05 5.9000000e+01 1.6350000e+01 0.0000000e+00 5.4759338e+02
2.9442000e+05 5.3000000e+01 1.7150000e+01 0.0000000e+00 5.9435962e+02
2.9448000e+05 5.5000000e+01 1.7250000e+01 0.0000000e+00 6.0982098e+02
2.9454000e+05 5.9000000e+01 1.7500000e+01 0.0000000e+00 6.8300098e+02
2.9460000e+05 5.9000000e+01 1.6500000e+01 0.0000000e+00 3.5594711e+02
2.9466000e+05 6.0000000e+01 1.6450001e+01 0.0000000e+00 3.6472629e+02
2.9472000e+05 5.5000000e+01 1.6550000e+01 0.0000000e+00 2.7779169e+02
2.9478000e+05 6.3000000e+01 1.6800000e+01 0.0000000e+00 3.6930789e+02
2.9484000e+05 7.3000000e+01 1.5300000e+01 0.0000000e+00 9.8529877e+01
2.9490000e+05 7.8000000e+01 1.4000000e+01 0.0000000e+00 3.7050751e+01
2.9496000e+05 8.2000000e+01 1.2950000e+01 0.0000000e+00 2.2927980e+00
2.9502000e+05 8.1000000e+01 1.2000000e+01 0.0000000e+00 0.0000000e+00
2.9508000e+05 8.1000000e+01 1.1850000e+01 0.0000000e+00 0.0000000e+00
2.9514000e+05 8.3000000e+01 1.1950000e+01 0.0000000e+00 0.0000000e+00
2.9520000e+05 8.4000000e+01 1.1600000e+01 0.0000000e+00 0.0000000e+00
2.9526000e+05 8.4000000e+01 1.1500000e+01 0.0000000e+00 0.0000000e+00
2.9532000e+05 8.5000000e+01 1.1450000e+01 0.0000000e+00 0.0000000e+00
2.9538000e+05 8.3000000e+01 1.1550000e+01 0.0000000e+00 0.0000000e+00
2.9544000e+05 8.1000000e+01 1.1950000e+01 0.0000000e+00 0.0000000e+00
2.9550000e+05 7.7000000e+01 1.2550000e+01 0.0000000e+00 2.5083500e+01
2.9556000e+05 7.4000000e+01 1.3200000e+01 0.0000000e+00 8.7238289e+01
2.9562000e+05 7.4000000e+01 1.4300000e+01 0.0000000e+00 2.1640700e+02
2.9568000e+05 6.5000000e+01 1.5850000e+01 0.0000000e+00 3.3330460e+02
2.9574000e+05 5.7000000e+01 1.7350000e+01 0.0000000e+00 4.4945209e+02
2.9580000e+05 5.5000000e+01 1.8650000e+01 0.0000000e+00 5.6738702e+02
2.9586000e+05 4.9000000e+01 2.0000000e+01 0.0000000e+00 6.9320471e+02
2.9592000e+05 4.6000000e+01 2.0950000e+01 0.0000000e+00 7.2096753e+02
2.9598000e+05 4.6000000e+01 2.0950000e+01 0.0000000e+00 6.9776440e+02
2.9604000e+05 5.2000000e+01 2.0400000e+01 0.0000000e+00 6.3745599e+02
2.9610000e+05 5.6000000e+01 1.9500000e+01 0.0000000e+00 5.1313318e+02
2.9616000e+05 6.1000000e+01 1.8200000e+01 0.0000000e+00 2.2389880e+02
2.9622000e+05 5.9000000e+01 1.7200000e+01 0.0000000e+00 1.6800439e+02
2.9628000e+05 6.6000000e+01 1.6350000e+01 0.0000000e+00 1.0435970e+02
2.9634000e+05 6.9000000e+01 1.4950000e+01 0.0000000e+00 1.7767620e+01
2.9640000e+05 7.3000000e+01 1.3950000e+01 0.0000000e+00 2.0021341e+00
2.9646000e+05 7.2000000e+01 1.3400000e+01 0.0000000e+00 0.0000000e+00
2.9652000e+05 7.5000000e+01 1.3050000e+01 0.0000000e+00 0.0000000e+00
2.9658000e+05 7.7000000e+01 1.2900000e+01 0.0000000e+00 0.0000000e+00
2.9664000e+05 7.7000000e+01 1.3150000e+01 0.0000000e+00 0.0000000e+00
2.9670000e+05 8.3000000e+01 1.2750000e+01 0.0000000e+00 0.0000000e+00
2.9676000e+05 8.5000000e+01 1.2300000e+01 0.0000000e+00 0.0000000e+00
2.9682000e+05 8.5000000e+01 1.2400000e+01 0.0000000e+00 0.0000000e+00
2.9688000e+05 8.4000000e+01 1.2950000e+01 0.0000000e+00 0.0000000e+00
2.9694000e+05 7.6000000e+01 1.4000000e+01 0.0000000e+00 2.6325430e+01
2.9700000e+05 6.9000000e+01 1.5400000e+01 0.0000000e+00 1.5763300e+02
2.9706000e+05 5.7000000e+01 1.7200000e+01 0.0000000e+00 3.0339240e+02
2.9712000e+05 5.3000000e+01 1.9350000e+01 0.0000000e+00 4.3612231e+02
2.9718000e+05 4.8000000e+01 2.0450000e+01 0.0000000e+00 3.7577850e+02
2.9724000e+05 4.2000000e+01 2.1450001e+01 0.0000000e+00 5.8490527e+02
2.9730000e+05 4.0000000e+01 2.2250000e+01 0.0000000e+00 5.9591919e+02
2.9736000e+05 3.1000000e+01 2.2900000e+01 0.0000000e+00 7.1257239e+02
2.9742000e+05 3.8000000e+01 2.3700000e+01 0.0000000e+00 6.9284900e+02
2.9748000e+05 4.0000000e+01 2.3350000e+01 0.0000000e+00 6.5506219e+02
2.9754000e+05 4.4000000e+01 2.2650000e+01 0.0000000e+00 5.4013550e+02
2.9760000e+05 4.7000000e+01 2.2050000e+01 0.0000000e+00 4.3481000e+02
2.9766000e+05 5.2000000e+01 2.1050000e+01 0.0000000e+00 3.0796219e+02
2.9772000e+05 6.0000000e+01 1.9950000e+01 0.0000000e+00 1.2933800e+02
2.9778000e+05 5.4000000e+01 1.9900000e+01 0.0000000e+00 3.4288738e+01
2.9784000e+05 5.3000000e+01 1.9349999e+01 0.0000000e+00 0.0000000e+00
2.9790000e+05 5.3000000e+01 1.9000000e+01 0.0000000e+00 0.0000000e+00
2.9796000e+05 5.4000000e+01 1.7750000e+01 0.0000000e+00 0.0000000e+00
2.9802000e+05 4.6000000e+01 1.8049999e+01 0.0000000e+00 0.0000000e+00
2.9808000e+05 4.6000000e+01 1.8500000e+01 0.0000000e+00 0.0000000e+00
2.9814000e+05 4.9000000e+01 1.7850000e+01 0.0000000e+00 0.0000000e+00
2.9820000e+05 4.8000000e+01 1.7350000e+01 0.0000000e+00 0.0000000e+00
2.9826000e+05 4.9000000e+01 1.7300000e+01 0.0000000e+00 0.0000000e+00
2.9832000e+05 5.0000000e+01 1.7000000e+01 0.0000000e+00 0.0000000e+00
2.9838000e+05 5.3000000e+01 1.6650000e+01 0.0000000e+00 1.6168480e+01
2.9844000e+05 4.4000000e+01 1.8150000e+01 0.0000000e+00 1.6213280e+02
2.9850000e+05 4.0000000e+01 1.9650000e+01 0.0000000e+00 2.4829770e+02
2.9856000e+05 4.4000000e+01 1.9750000e+01 0.0000000e+00 1.5407170e+02
2.9862000e+05 4.0000000e+01 1.9900000e+01 0.0000000e+00 2.1468781e+02
2.9868000e+05 3.4000000e+01 2.1950000e+01 0.0000000e+00 4.4114590e+02
2.9874000e+05 2.7000000e+01 2.3950000e+01 0.0000000e+00 6.4735382e+02
2.9880000e+05 3.1000000e+01 2.4650000e+01 0.0000000e+00 6.9086560e+02
2.9886000e+05 2.8000000e+01 2.4400001e+01 0.0000000e+00 6.5070618e+02
2.9892000e+05 2.7000000e+01 2.4700000e+01 0.0000000e+00 6.0441620e+02
2.9898000e+05 3.1000000e+01 2.4349999e+01 0.0000000e+00 5.6004169e+02
2.9904000e+05 3.3000000e+01 2.3400000e+01 0.0000000e+00 4.2049109e+02
2.9910000e+05 4.0000000e+01 2.1800000e+01 0.0000000e+00 1.4603670e+02
2.9916000e+05 4.8000000e+01 1.9950001e+01 0.0000000e+00 6.2867760e+01
2.9922000e+05 4.5000000e+01 1.9100000e+01 0.0000000e+00 2.4518230e+01
2.9928000e+05 5.0000000e+01 1.7850000e+01 0.0000000e+00 4.8048201e-01
2.9934000e+05 4.8000000e+01 1.7000000e+01 0.0000000e+00 0.0000000e+00
2.9940000e+05 5.2000000e+01 1.6849999e+01 0.0000000e+00 0.0000000e+00
2.9946000e+05 5.4000000e+01 1.6150000e+01 0.0000000e+00 0.0000000e+00
2.9952000e+05 4.8000000e+01 1.6650000e+01 0.0000000e+00 0.0000000e+00
2.9958000e+05 5.1000000e+01 1.7299999e+01 0.0000000e+00 0.0000000e+00
2.9964000e+05 5.7000000e+01 1.6650001e+01 0.0000000e+00 0.0000000e+00
2.9970000e+05 5.7000000e+01 1.5600000e+01 0.0000000e+00 0.0000000e+00
2.9976000e+05 6.4000000e+01 1.4950000e+01 0.0000000e+00 0.0000000e+00
2.9982000e+05 7.2000000e+01 1.4750000e+01 0.0000000e+00 2.2363800e+01
2.9988000e+05 7.7000000e+01 1.5200000e+01 0.0000000e+00 5.6673851e+01
2.9994000e+05 7.3000000e+01 1.5950000e+01 0.0000000e+00 1.2876820e+02
3.0000000e+05 6.0000000e+01 1.7750000e+01 0.0000000e+00 3.2448459e+02
3.0006000e+05 4.8000000e+01 1.9800000e+01 0.0000000e+00 5.2027252e+02
3.0012000e+05 4.2000000e+01 2.1049999e+01 0.0000000e+00 5.4312598e+02
3.0018000e+05 4.2000000e+01 2.1300000e+01 0.0000000e+00 5.5846869e+02
3.0024000e+05 4.8000000e+01 2.1650000e+01 0.0000000e+00 7.2489691e+02
3.0030000e+05 5.5000000e+01 2.0900001e+01 0.0000000e+00 4.3293930e+02
3.0036000e+05 5.6000000e+01 1.9700000e+01 0.0000000e+00 3.2489001e+02
3.0042000e+05 5.2000000e+01 2.0050000e+01 0.0000000e+00 4.6128381e+02
3.0048000e+05 5.3000000e+01 1.9849999e+01 0.0000000e+00 4.8835550e+02
3.0054000e+05 5.5000000e+01 1.8799999e+01 0.0000000e+00 1.9020821e+02
3.0060000e+05 6.0000000e+01 1.7750000e+01 0.0000000e+00 5.0770851e+01
3.0066000e+05 6.7000000e+01 1.6350000e+01 0.0000000e+00 1.1444590e+01
3.0072000e+05 6.8000000e+01 1.5950000e+01 0.0000000e+00 6.9547743e-01
3.0078000e+05 6.9000000e+01 1.5100000e+01 0.0000000e+00 0.0000000e+00
3.0084000e+05 7.3000000e+01 1.4050000e+01 0.0000000e+00 0.0000000e+00
3.0090000e+05 7.4000000e+01 1.3400000e+01 0.0000000e+00 0.0000000e+00
3.0096000e+05 7.5000000e+01 1.3100000e+01 0.0000000e+00 0.0000000e+00
3.0102000e+05 7.8000000e+01 1.2700000e+01 0.0000000e+00 0.0000000e+00
3.0108000e+05 7.8000000e+01 1.2600000e+01 0.0000000e+00 0.0000000e+00
3.0114000e+05 8.1000000e+01 1.2700000e+01 0.0000000e+00 0.0000000e+00
3.0120000e+05 8.1000000e+01 1.2750000e+01 0.0000000e+00 0.0000000e+00
3.0126000e+05 7.2000000e+01 1.4050000e+01 0.0000000e+00 1.5349930e+01
3.0132000e+05 6.7000000e+01 1.6000000e+01 0.0000000e+00 1.7282240e+02
3.0138000e+05 6.1000000e+01 1.7750000e+01 0.0000000e+00 2.9033530e+02
3.0144000e+05 6.0000000e+01 1.9050000e+01 0.0000000e+00 3.8996609e+02
3.0150000e+05 5.4000000e+01 2.0300000e+01 0.0000000e+00 5.2126648e+02
3.0156000e+05 5.2000000e+01 2.1700000e+01 0.0000000e+00 6.1077960e+02
3.0162000e+05 5.6000000e+01 2.1849999e+01 0.0000000e+00 6.7817810e+02
3.0168000e+05 5.1000000e+01 2.1950000e+01 0.0000000e+00 6.9908221e+02
3.0174000e+05 5.2000000e+01 2.2450000e+01 0.0000000e+00 6.8346692e+02
3.0180000e+05 5.7000000e+01 2.1349999e+01 0.0000000e+00 3.7753851e+02
3.0186000e+05 5.6000000e+01 2.0700000e+01 0.0000000e+00 3.8564490e+02
3.0192000e+05 5.2000000e+01 2.1000000e+01 0.0000000e+00 4.0960620e+02
3.0198000e+05 5.5000000e+01 2.0849999e+01 0.0000000e+00 2.6211691e+02
3.0204000e+05 6.2000000e+01 1.9150000e+01 0.0000000e+00 7.7992088e+01
3.0210000e+05 6.5000000e+01 1.7750000e+01 0.0000000e+00 2.0493320e+01
3.0216000e+05 6.9000000e+01 1.6750000e+01 0.0000000e+00 0.0000000e+00
3.0222000e+05 7.3000000e+01 1.6300000e+01 0.0000000e+00 0.0000000e+00
3.0228000e+05 9.0000000e+01 1.5600000e+01 0.0000000e+00 0.0000000e+00
3.0234000e+05 9.5000000e+01 1.4750000e+01 0.0000000e+00 0.0000000e+00
3.0240000e+05 9.6000000e+01 1.4300000e+01 0.0000000e+00 0.0000000e+00
3.0246000e+05 9.7000000e+01 1.4050000e+01 0.0000000e+00 0.0000000e+00
3.0252000e+05 9.7000000e+01 1.3850000e+01 0.0000000e+00 0.0000000e+00
3.0258000e+05 9.6000000e+01 1.3600000e+01 0.0000000e+00 0.0000000e+00
3.0264000e+05 9.7000000e+01 1.3350000e+01 0.0000000e+00 0.0000000e+00
3.0270000e+05 9.7000000e+01 1.3700000e+01 0.0000000e+00 2.6693260e+01
3.0276000e+05 9.7000000e+01 1.4250000e+01 0.0000000e+00 6.1322590e+01
3.0282000e+05 9.5000000e+01 1.4950000e+01 0.0000000e+00 9.1733162e+01
3.0288000e+05 9.0000000e+01 1.5500000e+01 0.0000000e+00 1.3510719e+02
3.0294000e+05 8.3000000e+01 1.6500000e+01 0.0000000e+00 2.5964600e+02
3.0300000e+05 8.2000000e+01 1.7200000e+01 0.0000000e+00 2.7689969e+02
3.0306000e+05 7.4000000e+01 1.8250000e+01 0.0000000e+00 5.8940363e+02
3.0312000e+05 7.7000000e+01 1.8349999e+01 0.0000000e+00 3.2749850e+02
3.0318000e+05 7.7000000e+01 1.8400000e+01 0.0000000e+00 2.6885999e+02
3.0324000e+05 8.0000000e+01 1.8050000e+01 0.0000000e+00 1.7293629e+02
3.0330000e+05 8.4000000e+01 1.6850000e+01 0.0000000e+00 5.6454578e+01
3.0336000e+05 9.1000000e+01 1.6400001e+01 0.0000000e+00 5.6267632e+01
3.0342000e+05 9.1000000e+01 1.6200000e+01 0.0000000e+00 9.9308228e+01
3.0348000e+05 9.1000000e+01 1.6250000e+01 0.0000000e+00 8.5048576e+01
3.0354000e+05 9.4000000e+01 1.5599999e+01 0.0000000e+00 4.2920399e+01
3.0360000e+05 9.6000000e+01 1.4550000e+01 0.0000000e+00 0.0000000e+00
3.0366000e+05 9.6000000e+01 1.4200000e+01 0.0000000e+00 0.0000000e+00
3.0372000e+05 9.6000000e+01 1.3650000e+01 0.0000000e+00 0.0000000e+00
3.0378000e+05 9.6000000e+01 1.3300000e+01 0.0000000e+00 0.0000000e+00
3.0384000e+05 9.7000000e+01 1.3150000e+01 0.0000000e+00 0.0000000e+00
3.0390000e+05 9.7000000e+01 1.3000000e+01 0.0000000e+00 0.0000000e+00
3.0396000e+05 9.7000000e+01 1.3050000e+01 0.0000000e+00 0.0000000e+00
3.0402000e+05 9.7000000e+01 1.3300000e+01 0.0000000e+00 0.0000000e+00
3.0408000e+05 9.7000000e+01 1.3200000e+01 0.0000000e+00 0.0000000e+00
3.0414000e+05 9.7000000e+01 1.3500000e+01 0.0000000e+00 1.5007250e+01
3.0420000e+05 9.7000000e+01 1.4200000e+01 0.0000000e+00 6.6964828e+01
3.0426000e+05 9.5000000e+01 1.5000000e+01 0.0000000e+00 1.2934500e+02
3.0432000e+05 8.7000000e+01 1.6050000e+01 0.0000000e+00 2.6503540e+02
3.0438000e+05 8.1000000e+01 1.7000000e+01 0.0000000e+00 2.5620859e+02
3.0444000e+05 7.6000000e+01 1.7600000e+01 0.0000000e+00 3.0216541e+02
3.0450000e+05 7.0000000e+01 1.8549999e+01 0.0000000e+00 4.0619281e+02
3.0456000e+05 6.7000000e+01 1.9100000e+01 0.0000000e+00 4.7990430e+02
3.0462000e+05 6.3000000e+01 1.9450000e+01 0.0000000e+00 4.3315311e+02
3.0468000e+05 6.6000000e+01 1.9650000e+01 0.0000000e+00 4.6136469e+02
3.0474000e+05 6.5000000e+01 1.9050000e+01 0.0000000e+00 3.1601929e+02
3.0480000e+05 6.6000000e+01 1.8650000e+01 0.0000000e+00 2.2924760e+02
3.0486000e+05 6.6000000e+01 1.8300000e+01 0.0000000e+00 1.5956480e+02
3.0492000e+05 7.1000000e+01 1.7850000e+01 0.0000000e+00 9.4674713e+01
3.0498000e+05 7.9000000e+01 1.7000000e+01 0.0000000e+00 2.4883711e+01
3.0504000e+05 8.2000000e+01 1.5950000e+01 0.0000000e+00 0.0000000e+00
3.0510000e+05 8.3000000e+01 1.5350000e+01 0.0000000e+00 0.0000000e+00
3.0516000e+05 8.6000000e+01 1.5050000e+01 0.0000000e+00 0.0000000e+00
3.0522000e+05 8.5000000e+01 1.4600000e+01 0.0000000e+00 0.0000000e+00
3.0528000e+05 8.7000000e+01 1.4400000e+01 0.0000000e+00 0.0000000e+00
3.0534000e+05 9.0000000e+01 1.4500000e+01 0.0000000e+00 0.0000000e+00
3.0540000e+05 9.3000000e+01 1.4350000e+01 0.0000000e+00 0.0000000e+00
3.0546000e+05 9.3000000e+01 1.4350000e+01 0.0000000e+00 0.0000000e+00
3.0552000e+05 9.2000000e+01 1.4450000e+01 0.0000000e+00 0.0000000e+00
3.0558000e+05 9.1000000e+01 1.4750000e+01 0.0000000e+00 3.3647011e+01
3.0564000e+05 8.8000000e+01 1.5300000e+01 0.0000000e+00 6.3177891e+01
3.0570000e+05 8.3000000e+01 1.5800000e+01 0.0000000e+00 9.9062141e+01
3.0576000e+05 7.0000000e+01 1.7350000e+01 0.0000000e+00 3.0728830e+02
3.0582000e+05 7.3000000e+01 1.7950000e+01 0.0000000e+00 3.4708450e+02
3.0588000e+05 6.8000000e+01 1.9150001e+01 0.0000000e+00 3.9575800e+02
3.0594000e+05 6.7000000e+01 1.9950000e+01 0.0000000e+00 4.7210770e+02
3.0600000e+05 6.9000000e+01 2.0000000e+01 0.0000000e+00 3.9256900e+02
3.0606000e+05 6.3000000e+01 2.0750000e+01 0.0000000e+00 4.0131149e+02
3.0612000e+05 8.2000000e+01 1.8849999e+01 0.0000000e+00 1.3129530e+02
3.0618000e+05 8.9000000e+01 1.6849999e+01 0.0000000e+00 1.2897110e+02
3.0624000e+05 8.2000000e+01 1.7900001e+01 0.0000000e+00 2.7938449e+02
3.0630000e+05 8.0000000e+01 1.8799999e+01 0.0000000e+00 1.9501871e+02
3.0636000e+05 8.3000000e+01 1.8150001e+01 0.0000000e+00 7.6742622e+01
3.0642000e+05 9.1000000e+01 1.6900001e+01 0.0000000e+00 5.0636560e-01
3.0648000e+05 9.5000000e+01 1.5850000e+01 0.0000000e+00 0.0000000e+00
3.0654000e+05 9.5000000e+01 1.5550000e+01 0.0000000e+00 0.0000000e+00
3.0660000e+05 9.5000000e+01 1.5250000e+01 0.0000000e+00 0.0000000e+00
3.0666000e+05 9.6000000e+01 1.4750000e+01 0.0000000e+00 0.0000000e+00
3.0672000e+05 9.7000000e+01 1.4500000e+01 0.0000000e+00 0.0000000e+00
3.0678000e+05 9.6000000e+01 1.4750000e+01 0.0000000e+00 0.0000000e+00
3.0684000e+05 9.6000000e+01 1.4700000e+01 0.0000000e+00 0.0000000e+00
3.0690000e+05 9.5000000e+01 1.4150000e+01 0.0000000e+00 0.0000000e+00
3.0696000e+05 9.6000000e+01 1.3450000e+01 0.0000000e+00 0.0000000e+00
3.0702000e+05 9.5000000e+01 1.3650000e+01 0.0000000e+00 1.3503090e+00
3.0708000e+05 8.3000000e+01 1.4700000e+01 0.0000000e+00 1.1779750e+02
3.0714000e+05 8.4000000e+01 1.5650000e+01 0.0000000e+00 1.4079289e+02
3.0720000e+05 7.8000000e+01 1.6250000e+01 0.0000000e+00 3.1372269e+02
3.0726000e+05 8.2000000e+01 1.6750000e+01 0.0000000e+00 3.1101001e+02
3.0732000e+05 7.7000000e+01 1.7150000e+01 0.0000000e+00 3.4614459e+02
3.0738000e+05 7.2000000e+01 1.8000000e+01 0.0000000e+00 5.1426959e+02
3.0744000e+05 6.9000000e+01 1.8650001e+01 0.0000000e+00 5.3566541e+02
3.0750000e+05 7.5000000e+01 1.7950000e+01 0.0000000e+00 2.3144930e+02
3.0756000e+05 6.8000000e+01 1.8200000e+01 0.0000000e+00 3.8785181e+02
3.0762000e+05 7.4000000e+01 1.8099999e+01 0.0000000e+00 2.6814340e+02
3.0768000e+05 8.8000000e+01 1.6150000e+01 0.0000000e+00 3.8989910e+01
3.0774000e+05 9.4000000e+01 1.4600000e+01 0.0000000e+00 1.3299120e+01
3.0780000e+05 9.5000000e+01 1.4300000e+01 0.0000000e+00 1.9880751e+01
3.0786000e+05 9.6000000e+01 1.4250000e+01 0.0000000e+00 1.7114479e+01
3.0792000e+05 9.6000000e+01 1.4000000e+01 0.0000000e+00 0.0000000e+00
3.0798000e+05 9.6000000e+01 1.3800000e+01 0.0000000e+00 0.0000000e+00
3.0804000e+05 9.6000000e+01 1.3650000e+01 0.0000000e+00 0.0000000e+00
3.0810000e+05 9.6000000e+01 1.3400000e+01 0.0000000e+00 0.0000000e+00
3.0816000e+05 9.7000000e+01 1.3150000e+01 0.0000000e+00 0.0000000e+00
3.0822000e+05 9.7000000e+01 1.2950000e+01 0.0000000e+00 0.0000000e+00
3.0828000e+05 9.6000000e+01 1.2600000e+01 0.0000000e+00 0.0000000e+00
3.0834000e+05 9.5000000e+01 1.2150000e+01 0.0000000e+00 0.0000000e+00
3.0840000e+05 9.5000000e+01 1.2200000e+01 0.0000000e+00 0.0000000e+00
3.0846000e+05 9.5000000e+01 1.2100000e+01 0.0000000e+00 6.4934750e+00
3.0852000e+05 9.6000000e+01 1.2200000e+01 0.0000000e+00 3.0972719e+01
3.0858000e+05 9.6000000e+01 1.2450000e+01 0.0000000e+00 4.3373852e+01
3.0864000e+05 9.5000000e+01 1.2550000e+01 0.0000000e+00 5.5217491e+01
3.0870000e+05 9.2000000e+01 1.2450000e+01 0.0000000e+00 8.2120697e+01
3.0876000e+05 9.4000000e+01 1.2500000e+01 0.0000000e+00 8.6682983e+01
3.0882000e+05 9.2000000e+01 1.3000000e+01 0.0000000e+00 1.2554560e+02
3.0888000e+05 9.1000000e+01 1.3350000e+01 0.0000000e+00 1.4820950e+02
3.0894000e+05 9.1000000e+01 1.3450000e+01 0.0000000e+00 1.1178570e+02
3.0900000e+05 9.5000000e+01 1.3300000e+01 0.0000000e+00 7.4793983e+01
3.0906000e+05 9.1000000e+01 1.3400000e+01 0.0000000e+00 1.2459940e+02
3.0912000e+05 9.0000000e+01 1.3750000e+01 0.0000000e+00 1.2737270e+02
3.0918000e+05 9.1000000e+01 1.3450000e+01 0.0000000e+00 6.1921661e+01
3.0924000e+05 9.4000000e+01 1.2650000e+01 0.0000000e+00 4.5195251e+01
3.0930000e+05 9.5000000e+01 1.2500000e+01 0.0000000e+00 7.7620330e+00
3.0936000e+05 9.5000000e+01 1.2550000e+01 0.0000000e+00 0.0000000e+00
3.0942000e+05 9.6000000e+01 1.2200000e+01 0.0000000e+00 0.0000000e+00
3.0948000e+05 9.7000000e+01 1.1750000e+01 0.0000000e+00 0.0000000e+00
3.0954000e+05 9.6000000e+01 1.1850000e+01 0.0000000e+00 0.0000000e+00
3.0960000e+05 9.4000000e+01 1.1900000e+01 0.0000000e+00 0.0000000e+00
3.0966000e+05 9.2000000e+01 1.1700000e+01 0.0000000e+00 0.0000000e+00
3.0972000e+05 9.5000000e+01 1.1500000e+01 0.0000000e+00 0.0000000e+00
3.0978000e+05 9.3000000e+01 1.1550000e+01 0.0000000e+00 0.0000000e+00
3.0984000e+05 9.6000000e+01 1.1150000e+01 0.0000000e+00 0.0000000e+00
3.0990000e+05 9.6000000e+01 1.0800000e+01 0.0000000e+00 4.9827290e+00
3.0996000e+05 9.2000000e+01 1.1550000e+01 0.0000000e+00 1.0454280e+02
3.1002000e+05 9.0000000e+01 1.3150000e+01 0.0000000e+00 1.3678590e+02
3.1008000e+05 8.6000000e+01 1.3300000e+01 0.0000000e+00 1.0952650e+02
3.1014000e+05 8.9000000e+01 1.3150000e+01 0.0000000e+00 1.0068740e+02
3.1020000e+05 7.7000000e+01 1.4350000e+01 0.0000000e+00 3.9357080e+02
3.1026000e+05 7.6000000e+01 1.5000000e+01 0.0000000e+00 1.9406810e+02
3.1032000e+05 6.3000000e+01 1.6350000e+01 0.0000000e+00 4.4359070e+02
3.1038000e+05 7.5000000e+01 1.6150001e+01 0.0000000e+00 2.4542590e+02
3.1044000e+05 7.8000000e+01 1.4900000e+01 0.0000000e+00 1.9914120e+02
3.1050000e+05 7.6000000e+01 1.4800000e+01 0.0000000e+00 1.9989690e+02
3.1056000e+05 8.5000000e+01 1.4050000e+01 0.0000000e+00 6.0098209e+01
3.1062000e+05 9.2000000e+01 1.3200000e+01 0.0000000e+00 2.9393061e+01
3.1068000e+05 9.3000000e+01 1.2700000e+01 0.0000000e+00 1.8105101e+01
3.1074000e+05 9.5000000e+01 1.2350000e+01 0.0000000e+00 8.9407396e+00
3.1080000e+05 9.6000000e+01 1.1950000e+01 0.0000000e+00 0.0000000e+00
3.1086000e+05 9.7000000e+01 1.1800000e+01 0.0000000e+00 0.0000000e+00
3.1092000e+05 9.7000000e+01 1.1850000e+01 0.0000000e+00 0.0000000e+00
3.1098000e+05 9.7000000e+01 1.1700000e+01 0.0000000e+00 0.0000000e+00
3.1104000e+05 9.7000000e+01 1.1350000e+01 0.0000000e+00 0.0000000e+00
3.1110000e+05 9.7000000e+01 1.1250000e+01 0.0000000e+00 0.0000000e+00
3.1116000e+05 9.7000000e+01 1.1150000e+01 0.0000000e+00 0.0000000e+00
3.1122000e+05 9.7000000e+01 1.1200000e+01 0.0000000e+00 0.0000000e+00
3.1128000e+05 9.7000000e+01 1.1300000e+01 0.0000000e+00 0.0000000e+00
3.1134000e+05 9.5000000e+01 1.1550000e+01 0.0000000e+00 0.0000000e+00
3.1140000e+05 9.4000000e+01 1.1850000e+01 0.0000000e+00 8.7934923e+00
3.1146000e+05 9.4000000e+01 1.2250000e+01 0.0000000e+00 3.8563549e+01
3.1152000e+05 8.5000000e+01 1.2450000e+01 0.0000000e+00 3.5436649e+01
3.1158000e+05 8.0000000e+01 1.2950000e+01 0.0000000e+00 1.0475080e+02
3.1164000e+05 7.6000000e+01 1.3900000e+01 0.0000000e+00 2.3526160e+02
3.1170000e+05 7.3000000e+01 1.5050000e+01 0.0000000e+00 2.8060031e+02
3.1176000e+05 7.1000000e+01 1.5300000e+01 0.0000000e+00 2.7994720e+02
3.1182000e+05 6.9000000e+01 1.5450000e+01 0.0000000e+00 2.7802719e+02
3.1188000e+05 6.9000000e+01 1.5600000e+01 0.0000000e+00 2.3552901e+02
3.1194000e+05 7.0000000e+01 1.5350000e+01 0.0000000e+00 1.8247490e+02
3.1200000e+05 7.3000000e+01 1.5150000e+01 0.0000000e+00 1.3281920e+02
3.1206000e+05 7.6000000e+01 1.4450000e+01 0.0000000e+00 6.6475571e+01
3.1212000e+05 7.7000000e+01 1.3850000e+01 0.0000000e+00 2.9212481e+01
3.1218000e+05 8.0000000e+01 1.3350000e+01 0.0000000e+00 5.0108290e+00
3.1224000e+05 8.4000000e+01 1.2800000e+01 0.0000000e+00 0.0000000e+00
3.1230000e+05 8.6000000e+01 1.2350000e+01 0.0000000e+00 0.0000000e+00
3.1236000e+05 8.4000000e+01 1.2250000e+01 0.0000000e+00 0.0000000e+00
3.1242000e+05 8.0000000e+01 1.2350000e+01 0.0000000e+00 0.0000000e+00
3.1248000e+05 7.7000000e+01 1.2350000e+01 0.0000000e+00 0.0000000e+00
3.1254000e+05 7.5000000e+01 1.2250000e+01 0.0000000e+00 0.0000000e+00
3.1260000e+05 7.9000000e+01 1.2000000e+01 0.0000000e+00 0.0000000e+00
3.1266000e+05 8.2000000e+01 1.1750000e+01 0.0000000e+00 0.0000000e+00
3.1272000e+05 8.5000000e+01 1.1450000e+01 0.0000000e+00 0.0000000e+00
3.1278000e+05 8.4000000e+01 1.1550000e+01 0.0000000e+00 1.8654230e+00
3.1284000e+05 7.8000000e+01 1.2150000e+01 0.0000000e+00 4.9977150e+01
3.1290000e+05 6.9000000e+01 1.3500000e+01 0.0000000e+00 1.9671060e+02
3.1296000e+05 6.6000000e+01 1.4400000e+01 0.0000000e+00 3.3116071e+02
3.1302000e+05 6.9000000e+01 1.5200000e+01 0.0000000e+00 3.0822980e+02
3.1308000e+05 6.6000000e+01 1.4800000e+01 0.0000000e+00 2.6587439e+02
3.1314000e+05 6.6000000e+01 1.5200000e+01 0.0000000e+00 3.5467361e+02
3.1320000e+05 6.2000000e+01 1.5800000e+01 0.0000000e+00 5.3267389e+02
3.1326000e+05 6.1000000e+01 1.6650000e+01 0.0000000e+00 5.7710352e+02
3.1332000e+05 6.4000000e+01 1.6250000e+01 0.0000000e+00 4.3669589e+02
3.1338000e+05 6.6000000e+01 1.5100000e+01 0.0000000e+00 2.4442740e+02
3.1344000e+05 6.9000000e+01 1.4900000e+01 0.0000000e+00 1.9882440e+02
3.1350000e+05 7.1000000e+01 1.4400000e+01 0.0000000e+00 1.2555060e+02
3.1356000e+05 7.2000000e+01 1.4000000e+01 0.0000000e+00 6.5463402e+01
3.1362000e+05 7.6000000e+01 1.3550000e+01 0.0000000e+00 1.1627310e+01
3.1368000e+05 7.8000000e+01 1.3150000e+01 0.0000000e+00 0.0000000e+00
3.1374000e+05 8.0000000e+01 1.2850000e+01 0.0000000e+00 0.0000000e+00
3.1380000e+05 8.1000000e+01 1.2600000e+01 0.0000000e+00 0.0000000e+00
3.1386000e+05 8.2000000e+01 1.2400000e+01 0.0000000e+00 0.0000000e+00
3.1392000e+05 8.1000000e+01 1.2200000e+01 0.0000000e+00 0.0000000e+00
3.1398000e+05 8.4000000e+01 1.2000000e+01 0.0000000e+00 0.0000000e+00
3.1404000e+05 8.3000000e+01 1.1700000e+01 0.0000000e+00 0.0000000e+00
3.1410000e+05 8.4000000e+01 1.1850000e+01 0.0000000e+00 0.0000000e+00
3.1416000e+05 8.5000000e+01 1.1750000e+01 0.0000000e+00 0.0000000e+00
3.1422000e+05 9.2000000e+01 1.1450000e+01 0.0000000e+00 0.0000000e+00
3.1428000e+05 9.4000000e+01 1.1150000e+01 0.0000000e+00 8.0934734e+00
3.1434000e+05 9.2000000e+01 1.1200000e+01 0.0000000e+00 3.9135891e+01
3.1440000e+05 9.0000000e+01 1.1650000e+01 0.0000000e+00 9.6536926e+01
3.1446000e+05 9.1000000e+01 1.2000000e+01 0.0000000e+00 1.0826060e+02
3.1452000e+05 9.1000000e+01 1.1850000e+01 0.0000000e+00 1.0670070e+02
3.1458000e+05 8.9000000e+01 1.2150000e+01 0.0000000e+00 1.5944290e+02
3.1464000e+05 8.6000000e+01 1.2600000e+01 0.0000000e+00 1.5026660e+02
3.1470000e+05 8.3000000e+01 1.2950000e+01 0.0000000e+00 2.1755000e+02
3.1476000e+05 7.9000000e+01 1.3450000e+01 0.0000000e+00 2.5712460e+02
3.1482000e+05 7.5000000e+01 1.3450000e+01 0.0000000e+00 2.1054750e+02
3.1488000e+05 8.6000000e+01 1.2650000e+01 0.0000000e+00 1.0471890e+02
3.1494000e+05 8.2000000e+01 1.1850000e+01 0.0000000e+00 3.0935419e+01
3.1500000e+05 9.0000000e+01 1.1150000e+01 0.0000000e+00 1.3163110e+01
3.1506000e+05 9.3000000e+01 1.0700000e+01 0.0000000e+00 2.5758340e+00
3.1512000e+05 9.5000000e+01 1.0250000e+01 0.0000000e+00 0.0000000e+00
3.1518000e+05 9.4000000e+01 1.0250000e+01 0.0000000e+00 0.0000000e+00
3.1524000e+05 9.5000000e+01 9.9499998e+00 0.0000000e+00 0.0000000e+00
3.1530000e+05 9.6000000e+01 1.0050000e+01 0.0000000e+00 0.0000000e+00
3.1536000e+05 9.5000000e+01 1.0000000e+01 0.0000000e+00 0.0000000e+00
3.1542000e+05 9.5000000e+01 1.0100000e+01 0.0000000e+00 0.0000000e+00
3.1548000e+05 9.6000000e+01 1.0300000e+01 0.0000000e+00 0.0000000e+00
3.1554000e+05 9.4000000e+01 1.0400000e+01 0.0000000e+00 0.0000000e+00
3.1560000e+05 9.5000000e+01 1.0250000e+01 0.0000000e+00 0.0000000e+00
3.1566000e+05 9.5000000e+01 1.0350000e+01 0.0000000e+00 0.0000000e+00
3.1572000e+05 9.6000000e+01 1.0550000e+01 0.0000000e+00 1.0524280e+01
3.1578000e+05 9.5000000e+01 1.0550000e+01 0.0000000e+00 3.0810200e+01
3.1584000e+05 9.0000000e+01 1.1250000e+01 0.0000000e+00 1.5453439e+02
3.1590000e+05 7.5000000e+01 1.2550000e+01 0.0000000e+00 3.1826981e+02
3.1596000e+05 8.7000000e+01 1.2800000e+01 0.0000000e+00 1.3761040e+02
3.1602000e+05 9.0000000e+01 1.1750000e+01 0.0000000e+00 1.3686670e+02
3.1608000e+05 9.1000000e+01 1.1400000e+01 0.0000000e+00 7.9054512e+01
3.1614000e+05 7.5000000e+01 1.2650000e+01 0.0000000e+00 3.6137021e+02
3.1620000e+05 8.9000000e+01 1.2650000e+01 0.0000000e+00 3.1994711e+02
3.1626000e+05 7.8000000e+01 1.2650000e+01 0.0000000e+00 3.8438541e+02
3.1632000e+05 8.3000000e+01 1.3300000e+01 0.0000000e+00 2.2824220e+02
3.1638000e+05 8.5000000e+01 1.2450000e+01 0.0000000e+00 1.0856550e+02
3.1644000e+05 8.9000000e+01 1.1550000e+01 0.0000000e+00 6.5048973e+01
3.1650000e+05 9.4000000e+01 1.0750000e+01 0.0000000e+00 4.5205221e+00
3.1656000e+05 9.5000000e+01 1.0250000e+01 0.0000000e+00 0.0000000e+00
3.1662000e+05 9.4000000e+01 9.9000001e+00 0.0000000e+00 0.0000000e+00
3.1668000e+05 9.5000000e+01 9.7500000e+00 0.0000000e+00 0.0000000e+00
3.1674000e+05 9.4000000e+01 9.4000001e+00 0.0000000e+00 0.0000000e+00
3.1680000e+05 9.3000000e+01 9.0999999e+00 0.0000000e+00 0.0000000e+00
3.1686000e+05 9.5000000e+01 9.0999999e+00 0.0000000e+00 0.0000000e+00
3.1692000e+05 9.3000000e+01 9.0500002e+00 0.0000000e+00 0.0000000e+00
3.1698000e+05 9.4000000e+01 9.2000003e+00 0.0000000e+00 0.0000000e+00
3.1704000e+05 9.5000000e+01 9.2500000e+00 0.0000000e+00 0.0000000e+00
3.1710000e+05 9.5000000e+01 9.3499999e+00 0.0000000e+00 0.0000000e+00
3.1716000e+05 9.4000000e+01 9.7000003e+00 0.0000000e+00 4.2188541e+01
3.1722000e+05 9.4000000e+01 1.0200000e+01 0.0000000e+00 5.9961288e+01
3.1728000e+05 9.2000000e+01 1.0550000e+01 0.0000000e+00 6.6503113e+01
3.1734000e+05 9.2000000e+01 1.0750000e+01 0.0000000e+00 6.6070084e+01
3.1740000e+05 9.1000000e+01 1.0950000e+01 0.0000000e+00 7.8550179e+01
3.1746000e+05 9.2000000e+01 1.1050000e+01 0.0000000e+00 8.2346603e+01
3.1752000e+05 9.2000000e+01 1.1400000e+01 0.0000000e+00 1.7504790e+02
3.1758000e+05 9.2000000e+01 1.1350000e+01 0.0000000e+00 1.5195020e+02
3.1764000e+05 9.4000000e+01 1.1150000e+01 0.0000000e+00 1.1915490e+02
3.1770000e+05 9.3000000e+01 1.1300000e+01 0.0000000e+00 1.2400950e+02
3.1776000e+05 9.4000000e+01 1.1200000e+01 0.0000000e+00 5.9395241e+01
3.1782000e+05 9.2000000e+01 1.1200000e+01 0.0000000e+00 7.0859756e+01
3.1788000e+05 9.4000000e+01 1.1100000e+01 0.0000000e+00 3.1304800e+01
3.1794000e+05 9.5000000e+01 1.0750000e+01 0.0000000e+00 2.3702741e+00
3.1800000e+05 9.6000000e+01 1.0700000e+01 0.0000000e+00 0.0000000e+00
3.1806000e+05 9.6000000e+01 1.0750000e+01 0.0000000e+00 0.0000000e+00
3.1812000e+05 9.6000000e+01 1.0600000e+01 0.0000000e+00 0.0000000e+00
3.1818000e+05 9.7000000e+01 1.0400000e+01 0.0000000e+00 0.0000000e+00
3.1824000e+05 9.7000000e+01 1.0300000e+01 0.0000000e+00 0.0000000e+00
3.1830000e+05 9.6000000e+01 1.0300000e+01 0.0000000e+00 0.0000000e+00
3.1836000e+05 9.7000000e+01 1.0000000e+01 0.0000000e+00 0.0000000e+00
3.1842000e+05 9.7000000e+01 9.6500001e+00 0.0000000e+00 0.0000000e+00
3.1848000e+05 9.7000000e+01 9.5500002e+00 0.0000000e+00 0.0000000e+00
3.1854000e+05 9.7000000e+01 9.7000003e+00 0.0000000e+00 0.0000000e+00
3.1860000e+05 9.7000000e+01 1.0250000e+01 0.0000000e+00 4.3650318e+01
3.1866000e+05 9.2000000e+01 1.1050000e+01 0.0000000e+00 1.4882820e+02
3.1872000e+05 9.1000000e+01 1.1900000e+01 0.0000000e+00 1.6447749e+02
3.1878000e+05 8.9000000e+01 1.2700000e+01 0.0000000e+00 2.3733910e+02
3.1884000e+05 8.3000000e+01 1.3050000e+01 0.0000000e+00 1.9466071e+02
3.1890000e+05 7.3000000e+01 1.3750000e+01 0.0000000e+00 3.5701349e+02
3.1896000e+05 6.7000000e+01 1.4950000e+01 0.0000000e+00 4.4851590e+02
3.1902000e+05 6.3000000e+01 1.5350000e+01 0.0000000e+00 4.1602359e+02
3.1908000e+05 6.4000000e+01 1.5900000e+01 0.0000000e+00 5.7199487e+02
3.1914000e+05 6.6000000e+01 1.5600000e+01 0.0000000e+00 4.7862051e+02
3.1920000e+05 6.7000000e+01 1.5000000e+01 0.0000000e+00 3.6901279e+02
3.1926000e+05 7.3000000e+01 1.3800000e+01 0.0000000e+00 2.6591089e+02
3.1932000e+05 8.5000000e+01 1.2200000e+01 0.0000000e+00 4.9505669e+01
3.1938000e+05 8.8000000e+01 1.0950000e+01 0.0000000e+00 9.0062866e+00
3.1944000e+05 9.0000000e+01 1.0100000e+01 0.0000000e+00 0.0000000e+00
3.1950000e+05 9.0000000e+01 9.5000000e+00 0.0000000e+00 0.0000000e+00
3.1956000e+05 9.1000000e+01 9.4000001e+00 0.0000000e+00 0.0000000e+00
3.1962000e+05 9.0000000e+01 9.5000000e+00 0.0000000e+00 0.0000000e+00
3.1968000e+05 9.3000000e+01 9.0000000e+00 0.0000000e+00 0.0000000e+00
3.1974000e+05 9.3000000e+01 8.5499997e+00 0.0000000e+00 0.0000000e+00
3.1980000e+05 9.3000000e+01 8.2500000e+00 0.0000000e+00 0.0000000e+00
3.1986000e+05 9.0000000e+01 8.4000001e+00 0.0000000e+00 0.0000000e+00
3.1992000e+05 8.9000000e+01 8.7500000e+00 0.0000000e+00 0.0000000e+00
3.1998000e+05 9.1000000e+01 8.5500002e+00 0.0000000e+00 1.8884230e+01
3.2004000e+05 7.8000000e+01 9.9500003e+00 0.0000000e+00 1.2350330e+02
3.2010000e+05 7.7000000e+01 1.1650000e+01 0.0000000e+00 2.3757111e+02
3.2016000e+05 7.5000000e+01 1.2900000e+01 0.0000000e+00 3.5805521e+02
3.2022000e+05 7.0000000e+01 1.4050000e+01 0.0000000e+00 4.6390060e+02
3.2028000e+05 6.4000000e+01 1.5000000e+01 0.0000000e+00 5.4893329e+02
3.2034000e+05 6.2000000e+01 1.5450000e+01 0.0000000e+00 6.2066718e+02
3.2040000e+05 6.2000000e+01 1.6450000e+01 0.0000000e+00 6.2993060e+02
3.2046000e+05 6.3000000e+01 1.6550000e+01 0.0000000e+00 6.0332288e+02
3.2052000e+05 5.9000000e+01 1.6799999e+01 0.0000000e+00 5.5126031e+02
3.2058000e+05 6.0000000e+01 1.6350000e+01 0.0000000e+00 4.6492181e+02
3.2064000e+05 6.3000000e+01 1.5900000e+01 0.0000000e+00 3.6183340e+02
3.2070000e+05 6.8000000e+01 1.4800000e+01 0.0000000e+00 2.5647131e+02
3.2076000e+05 7.9000000e+01 1.3150000e+01 0.0000000e+00 4.5767601e+01
3.2082000e+05 8.3000000e+01 1.1900000e+01 0.0000000e+00 6.9186168e+00
3.2088000e+05 8.7000000e+01 1.0950000e+01 0.0000000e+00 0.0000000e+00
3.2094000e+05 8.9000000e+01 1.0150000e+01 0.0000000e+00 0.0000000e+00
3.2100000e+05 9.0000000e+01 9.7500000e+00 0.0000000e+00 0.0000000e+00
3.2106000e+05 9.2000000e+01 9.4500003e+00 0.0000000e+00 0.0000000e+00
3.2112000e+05 9.2000000e+01 9.2500000e+00 0.0000000e+00 0.0000000e+00
3.2118000e+05 9.3000000e+01 9.0499997e+00 0.0000000e+00 0.0000000e+00
3.2124000e+05 9.2000000e+01 8.8500004e+00 0.0000000e+00 0.0000000e+00
3.2130000e+05 9.2000000e+01 8.5499997e+00 0.0000000e+00 0.0000000e+00
3.2136000e+05 9.2000000e+01 8.3000002e+00 0.0000000e+00 0.0000000e+00
3.2142000e+05 9.2000000e+01 8.4000001e+00 0.0000000e+00 1.1765170e+01
3.2148000e+05 8.5000000e+01 9.8499999e+00 0.0000000e+00 1.0917510e+02
3.2154000e+05 8.4000000e+01 1.1600000e+01 0.0000000e+00 2.1627521e+02
3.2160000e+05 7.5000000e+01 1.2900000e+01 0.0000000e+00 3.4835080e+02
3.2166000e+05 7.2000000e+01 1.3900000e+01 0.0000000e+00 3.1875180e+02
3.2172000e+05 7.3000000e+01 1.4150000e+01 0.0000000e+00 2.6013541e+02
3.2178000e+05 6.8000000e+01 1.5349999e+01 0.0000000e+00 4.6784811e+02
3.2184000e+05 6.7000000e+01 1.6050000e+01 0.0000000e+00 4.9435541e+02
3.2190000e+05 6.6000000e+01 1.6300000e+01 0.0000000e+00 4.0599600e+02
3.2196000e+05 6.4000000e+01 1.6100000e+01 0.0000000e+00 4.5744650e+02
3.2202000e+05 6.7000000e+01 1.6000000e+01 0.0000000e+00 3.0773911e+02
3.2208000e+05 6.9000000e+01 1.5349999e+01 0.0000000e+00 2.6004849e+02
3.2214000e+05 7.1000000e+01 1.4000000e+01 0.0000000e+00 1.4189841e+02
3.2220000e+05 7.3000000e+01 1.3100000e+01 0.0000000e+00 5.1824539e+01
3.2226000e+05 7.9000000e+01 1.2150000e+01 0.0000000e+00 8.0139284e+00
3.2232000e+05 8.5000000e+01 1.0850000e+01 0.0000000e+00 0.0000000e+00
3.2238000e+05 8.7000000e+01 9.8000002e+00 0.0000000e+00 0.0000000e+00
3.2244000e+05 8.8000000e+01 9.6500001e+00 0.0000000e+00 0.0000000e+00
3.2250000e+05 8.8000000e+01 9.8000002e+00 0.0000000e+00 0.0000000e+00
3.2256000e+05 8.9000000e+01 1.0150000e+01 0.0000000e+00 0.0000000e+00
3.2262000e+05 8.7000000e+01 1.0100000e+01 0.0000000e+00 0.0000000e+00
3.2268000e+05 8.9000000e+01 1.0350000e+01 0.0000000e+00 0.0000000e+00
3.2274000e+05 8.8000000e+01 1.0500000e+01 0.0000000e+00 0.0000000e+00
3.2280000e+05 9.0000000e+01 1.0600000e+01 0.0000000e+00 0.0000000e+00
3.2286000e+05 8.8000000e+01 1.0850000e+01 0.0000000e+00 0.0000000e+00
3.2292000e+05 9.1000000e+01 1.1200000e+01 0.0000000e+00 6.1626220e+00
3.2298000e+05 9.0000000e+01 1.1650000e+01 0.0000000e+00 2.2260740e+01
3.2304000e+05 8.8000000e+01 1.2300000e+01 0.0000000e+00 6.9915642e+01
3.2310000e+05 8.7000000e+01 1.2900000e+01 0.0000000e+00 6.2901562e+01
3.2316000e+05 8.4000000e+01 1.2800000e+01 0.0000000e+00 6.8771400e+01
3.2322000e+05 7.8000000e+01 1.3000000e+01 0.0000000e+00 6.2947460e+01
3.2328000e+05 7.0000000e+01 1.3950000e+01 0.0000000e+00 3.9121731e+01
3.2334000e+05 7.0000000e+01 1.5000000e+01 0.0000000e+00 2.1534941e+01
3.2340000e+05 7.3000000e+01 1.5800000e+01 0.0000000e+00 3.5728260e+01
3.2346000e+05 7.5000000e+01 1.6200000e+01 0.0000000e+00 3.7029282e+01
3.2352000e+05 7.7000000e+01 1.6500000e+01 0.0000000e+00 6.3726921e+01
3.2358000e+05 7.7000000e+01 1.6200000e+01 0.0000000e+00 3.3802490e+01
3.2364000e+05 8.2000000e+01 1.5800000e+01 0.0000000e+00 1.6231560e+00
3.2370000e+05 8.6000000e+01 1.5350000e+01 0.0000000e+00 0.0000000e+00
3.2376000e+05 9.4000000e+01 1.4400000e+01 0.0000000e+00 0.0000000e+00
3.2382000e+05 9.6000000e+01 1.3400000e+01 0.0000000e+00 0.0000000e+00
3.2388000e+05 9.6000000e+01 1.2950000e+01 0.0000000e+00 0.0000000e+00
3.2394000e+05 9.7000000e+01 1.2800000e+01 0.0000000e+00 0.0000000e+00
3.2400000e+05 9.7000000e+01 1.2800000e+01 0.0000000e+00 0.0000000e+00
3.2406000e+05 9.6000000e+01 1.2400000e+01 0.0000000e+00 0.0000000e+00
3.2412000e+05 9.5000000e+01 1.1800000e+01 0.0000000e+00 0.0000000e+00
3.2418000e+05 9.5000000e+01 1.1200000e+01 0.0000000e+00 0.0000000e+00
3.2424000e+05 9.6000000e+01 1.0900000e+01 0.0000000e+00 0.0000000e+00
3.2430000e+05 9.6000000e+01 1.0950000e+01 0.0000000e+00 0.0000000e+00
3.2436000e+05 9.6000000e+01 1.1050000e+01 0.0000000e+00 0.0000000e+00
3.2442000e+05 9.6000000e+01 1.1400000e+01 0.0000000e+00 7.4179010e+00
3.2448000e+05 9.5000000e+01 1.1600000e+01 0.0000000e+00 1.5387920e+01
3.2454000e+05 9.4000000e+01 1.1750000e+01 0.0000000e+00 5.3335781e+01
3.2460000e+05 9.2000000e+01 1.1850000e+01 0.0000000e+00 5.5580132e+01
3.2466000e+05 9.4000000e+01 1.1900000e+01 0.0000000e+00 7.4089073e+01
3.2472000e+05 9.4000000e+01 1.1800000e+01 0.0000000e+00 6.5402893e+01
3.2478000e+05 9.4000000e+01 1.1900000e+01 0.0000000e+00 1.2678070e+02
3.2484000e+05 9.3000000e+01 1.1750000e+01 0.0000000e+00 9.8445572e+01
3.2490000e+05 9.0000000e+01 1.2500000e+01 0.0000000e+00 1.5111819e+02
3.2496000e+05 9.3000000e+01 1.2100000e+01 0.0000000e+00 3.3685841e+01
3.2502000e+05 9.4000000e+01 1.1700000e+01 0.0000000e+00 1.6373871e+01
3.2508000e+05 9.2000000e+01 1.1500000e+01 0.0000000e+00 1.2048080e+01
3.2514000e+05 8.8000000e+01 1.1300000e+01 0.0000000e+00 0.0000000e+00
3.2520000e+05 9.1000000e+01 1.1100000e+01 0.0000000e+00 0.0000000e+00
3.2526000e+05 8.9000000e+01 1.1000000e+01 0.0000000e+00 0.0000000e+00
3.2532000e+05 9.3000000e+01 1.0800000e+01 0.0000000e+00 0.0000000e+00
3.2538000e+05 9.2000000e+01 1.0600000e+01 0.0000000e+00 0.0000000e+00
3.2544000e+05 9.3000000e+01 1.0500000e+01 0.0000000e+00 0.0000000e+00
3.2550000e+05 9.3000000e+01 1.0600000e+01 0.0000000e+00 0.0000000e+00
3.2556000e+05 9.5000000e+01 1.0550000e+01 0.0000000e+00 0.0000000e+00
3.2562000e+05 9.6000000e+01 1.0400000e+01 0.0000000e+00 0.0000000e+00
3.2568000e+05 9.5000000e+01 1.0000000e+01 0.0000000e+00 0.0000000e+00
3.2574000e+05 9.4000000e+01 9.8499999e+00 0.0000000e+00 5.3960090e+00
3.2580000e+05 8.6000000e+01 1.0750000e+01 0.0000000e+00 1.0909010e+02
3.2586000e+05 7.4000000e+01 1.2050000e+01 0.0000000e+00 2.2568359e+02
3.2592000e+05 6.8000000e+01 1.3000000e+01 0.0000000e+00 3.3978220e+02
3.2598000e+05 6.6000000e+01 1.4150000e+01 0.0000000e+00 4.6544711e+02
3.2604000e+05 6.2000000e+01 1.4900000e+01 0.0000000e+00 5.4888147e+02
3.2610000e+05 5.8000000e+01 1.5650000e+01 0.0000000e+00 6.2982269e+02
3.2616000e+05 5.5000000e+01 1.6350000e+01 0.0000000e+00 6.2505212e+02
3.2622000e+05 5.2000000e+01 1.6750000e+01 0.0000000e+00 5.9541632e+02
3.2628000e+05 5.2000000e+01 1.7250000e+01 0.0000000e+00 5.3711310e+02
3.2634000e+05 5.7000000e+01 1.6850000e+01 0.0000000e+00 4.4586661e+02
3.2640000e+05 6.3000000e+01 1.6200000e+01 0.0000000e+00 3.4436810e+02
3.2646000e+05 7.0000000e+01 1.5050000e+01 0.0000000e+00 2.2435440e+02
3.2652000e+05 7.8000000e+01 1.3450000e+01 0.0000000e+00 2.4565491e+01
3.2658000e+05 8.4000000e+01 1.2200000e+01 0.0000000e+00 7.6588398e-01
3.2664000e+05 7.7000000e+01 1.1450000e+01 0.0000000e+00 0.0000000e+00
3.2670000e+05 8.4000000e+01 1.1250000e+01 0.0000000e+00 0.0000000e+00
3.2676000e+05 7.7000000e+01 1.1000000e+01 0.0000000e+00 0.0000000e+00
3.2682000e+05 8.1000000e+01 1.1100000e+01 0.0000000e+00 0.0000000e+00
3.2688000e+05 8.4000000e+01 1.0700000e+01 0.0000000e+00 0.0000000e+00
3.2694000e+05 8.1000000e+01 1.0200000e+01 0.0000000e+00 0.0000000e+00
3.2700000e+05 8.7000000e+01 9.8999996e+00 0.0000000e+00 0.0000000e+00
3.2706000e+05 9.1000000e+01 9.5500002e+00 0.0000000e+00 0.0000000e+00
3.2712000e+05 8.8000000e+01 9.4000001e+00 0.0000000e+00 0.0000000e+00
3.2718000e+05 8.9000000e+01 9.2500000e+00 0.0000000e+00 3.3585701e+00
3.2724000e+05 8.4000000e+01 1.0700000e+01 0.0000000e+00 1.0932400e+02
3.2730000e+05 7.9000000e+01 1.2850000e+01 0.0000000e+00 2.3074120e+02
3.2736000e+05 7.2000000e+01 1.4200000e+01 0.0000000e+00 3.3263199e+02
3.2742000e+05 5.9000000e+01 1.6150000e+01 0.0000000e+00 4.3893689e+02
3.2748000e+05 5.4000000e+01 1.7750000e+01 0.0000000e+00 5.3461212e+02
3.2754000e+05 5.5000000e+01 1.8600000e+01 0.0000000e+00 6.2042023e+02
3.2760000e+05 5.4000000e+01 1.8800000e+01 0.0000000e+00 6.1266827e+02
3.2766000e+05 5.5000000e+01 1.8500000e+01 0.0000000e+00 5.8488037e+02
3.2772000e+05 5.3000000e+01 1.8400000e+01 0.0000000e+00 5.2606378e+02
3.2778000e+05 5.5000000e+01 1.8250000e+01 0.0000000e+00 4.3815479e+02
3.2784000e+05 5.8000000e+01 1.8150001e+01 0.0000000e+00 3.4095432e+02
3.2790000e+05 6.7000000e+01 1.6350000e+01 0.0000000e+00 2.2176711e+02
3.2796000e+05 7.0000000e+01 1.4300000e+01 0.0000000e+00 2.2328211e+01
3.2802000e+05 7.1000000e+01 1.3200000e+01 0.0000000e+00 0.0000000e+00
3.2808000e+05 7.3000000e+01 1.2300000e+01 0.0000000e+00 0.0000000e+00
3.2814000e+05 7.7000000e+01 1.1400000e+01 0.0000000e+00 0.0000000e+00
3.2820000e+05 8.0000000e+01 1.0900000e+01 0.0000000e+00 0.0000000e+00
3.2826000e+05 8.5000000e+01 1.0450000e+01 0.0000000e+00 0.0000000e+00
3.2832000e+05 8.6000000e+01 1.0400000e+01 0.0000000e+00 0.0000000e+00
3.2838000e+05 8.9000000e+01 1.0050000e+01 0.0000000e+00 0.0000000e+00
3.2844000e+05 9.4000000e+01 9.9500003e+00 0.0000000e+00 0.0000000e+00
3.2850000e+05 9.2000000e+01 9.9500003e+00 0.0000000e+00 0.0000000e+00
3.2856000e+05 9.1000000e+01 1.0050000e+01 0.0000000e+00 0.0000000e+00
3.2862000e+05 9.2000000e+01 1.0300000e+01 0.0000000e+00 1.3526940e+00
3.2868000e+05 8.8000000e+01 1.1300000e+01 0.0000000e+00 9.7498947e+01
3.2874000e+05 8.4000000e+01 1.2900000e+01 0.0000000e+00 2.0184470e+02
3.2880000e+05 8.0000000e+01 1.4100000e+01 0.0000000e+00 3.1814969e+02
3.2886000e+05 6.9000000e+01 1.5600000e+01 0.0000000e+00 4.2975620e+02
3.2892000e+05 6.8000000e+01 1.7000000e+01 0.0000000e+00 5.2577881e+02
3.2898000e+05 6.6000000e+01 1.8250000e+01 0.0000000e+00 6.1115558e+02
3.2904000e+05 6.3000000e+01 1.8599999e+01 0.0000000e+00 5.9722272e+02
3.2910000e+05 6.0000000e+01 1.8800000e+01 0.0000000e+00 5.7090088e+02
3.2916000e+05 6.4000000e+01 1.8850000e+01 0.0000000e+00 5.1346161e+02
3.2922000e+05 6.3000000e+01 1.8650000e+01 0.0000000e+00 4.2436661e+02
3.2928000e+05 6.4000000e+01 1.8400000e+01 0.0000000e+00 3.3112729e+02
3.2934000e+05 7.4000000e+01 1.6700000e+01 0.0000000e+00 2.1460510e+02
3.2940000e+05 8.2000000e+01 1.4750000e+01 0.0000000e+00 2.1501160e+01
3.2946000e+05 8.5000000e+01 1.3550000e+01 0.0000000e+00 0.0000000e+00
3.2952000e+05 8.7000000e+01 1.2500000e+01 0.0000000e+00 0.0000000e+00
3.2958000e+05 8.9000000e+01 1.1800000e+01 0.0000000e+00 0.0000000e+00
3.2964000e+05 9.1000000e+01 1.1300000e+01 0.0000000e+00 0.0000000e+00
3.2970000e+05 9.1000000e+01 1.1000000e+01 0.0000000e+00 0.0000000e+00
3.2976000e+05 9.0000000e+01 1.0650000e+01 0.0000000e+00 0.0000000e+00
3.2982000e+05 9.3000000e+01 1.0300000e+01 0.0000000e+00 0.0000000e+00
3.2988000e+05 9.3000000e+01 1.0400000e+01 0.0000000e+00 0.0000000e+00
3.2994000e+05 9.5000000e+01 1.0200000e+01 0.0000000e+00 0.0000000e+00
3.3000000e+05 9.5000000e+01 1.0150000e+01 0.0000000e+00 0.0000000e+00
3.3006000e+05 9.5000000e+01 1.0300000e+01 0.0000000e+00 4.2439609e+00
3.3012000e+05 9.6000000e+01 1.0450000e+01 0.0000000e+00 3.7547909e+01
3.3018000e+05 9.6000000e+01 1.1400000e+01 0.0000000e+00 7.2585907e+01
3.3024000e+05 9.2000000e+01 1.2400000e+01 0.0000000e+00 1.3276691e+02
3.3030000e+05 8.6000000e+01 1.3650000e+01 0.0000000e+00 2.6712909e+02
3.3036000e+05 8.2000000e+01 1.4050000e+01 0.0000000e+00 1.8055530e+02
3.3042000e+05 8.2000000e+01 1.4050000e+01 0.0000000e+00 1.1858260e+02
3.3048000e+05 8.0000000e+01 1.3900000e+01 0.0000000e+00 9.3350937e+01
3.3054000e+05 8.0000000e+01 1.3650000e+01 0.0000000e+00 8.5605713e+01
3.3060000e+05 8.0000000e+01 1.3650000e+01 0.0000000e+00 8.1791420e+01
3.3066000e+05 7.9000000e+01 1.3850000e+01 0.0000000e+00 8.4704178e+01
3.3072000e+05 7.8000000e+01 1.3600000e+01 0.0000000e+00 6.0087410e+01
3.3078000e+05 8.0000000e+01 1.3250000e+01 0.0000000e+00 2.6222380e+01
3.3084000e+05 8.3000000e+01 1.2950000e+01 0.0000000e+00 5.6044178e+00
3.3090000e+05 8.6000000e+01 1.2650000e+01 0.0000000e+00 0.0000000e+00
3.3096000e+05 8.6000000e+01 1.2450000e+01 0.0000000e+00 0.0000000e+00
3.3102000e+05 8.7000000e+01 1.2350000e+01 0.0000000e+00 0.0000000e+00
3.3108000e+05 8.8000000e+01 1.2250000e+01 0.0000000e+00 0.0000000e+00
3.3114000e+05 8.9000000e+01 1.2100000e+01 0.0000000e+00 0.0000000e+00
3.3120000e+05 8.7000000e+01 1.2050000e+01 0.0000000e+00 0.0000000e+00
3.3126000e+05 8.9000000e+01 1.2000000e+01 0.0000000e+00 0.0000000e+00
3.3132000e+05 8.9000000e+01 1.2000000e+01 0.0000000e+00 0.0000000e+00
3.3138000e+05 8.9000000e+01 1.1850000e+01 0.0000000e+00 0.0000000e+00
3.3144000e+05 8.9000000e+01 1.1850000e+01 0.0000000e+00 0.0000000e+00
3.3150000e+05 8.8000000e+01 1.1900000e+01 0.0000000e+00 0.0000000e+00
3.3156000e+05 8.6000000e+01 1.2150000e+01 0.0000000e+00 1.5425810e+00
3.3162000e+05 8.4000000e+01 1.2500000e+01 0.0000000e+00 3.1946951e+01
3.3168000e+05 8.2000000e+01 1.2700000e+01 0.0000000e+00 5.4823460e+01
3.3174000e+05 8.2000000e+01 1.2800000e+01 0.0000000e+00 8.6708366e+01
3.3180000e+05 8.1000000e+01 1.3100000e+01 0.0000000e+00 1.3159340e+02
3.3186000e+05 7.7000000e+01 1.3400000e+01 0.0000000e+00 1.4343559e+02
3.3192000e+05 7.1000000e+01 1.3800000e+01 0.0000000e+00 1.6050661e+02
3.3198000e+05 7.3000000e+01 1.4050000e+01 0.0000000e+00 1.5388660e+02
3.3204000e+05 7.4000000e+01 1.4050000e+01 0.0000000e+00 1.4916550e+02
3.3210000e+05 7.3000000e+01 1.4000000e+01 0.0000000e+00 1.2073570e+02
3.3216000e+05 7.4000000e+01 1.3600000e+01 0.0000000e+00 8.5376518e+01
3.3222000e+05 7.5000000e+01 1.3500000e+01 0.0000000e+00 4.8621880e+01
3.3228000e+05 7.9000000e+01 1.3150000e+01 0.0000000e+00 3.2108730e+01
3.3234000e+05 8.1000000e+01 1.2600000e+01 0.0000000e+00 0.0000000e+00
3.3240000e+05 8.4000000e+01 1.1950000e+01 0.0000000e+00 0.0000000e+00
3.3246000e+05 8.6000000e+01 1.1000000e+01 0.0000000e+00 0.0000000e+00
3.3252000e+05 8.9000000e+01 1.0050000e+01 0.0000000e+00 0.0000000e+00
3.3258000e+05 9.0000000e+01 9.5499997e+00 0.0000000e+00 0.0000000e+00
3.3264000e+05 9.2000000e+01 9.3999996e+00 0.0000000e+00 0.0000000e+00
3.3270000e+05 9.0000000e+01 9.8999996e+00 0.0000000e+00 0.0000000e+00
3.3276000e+05 9.1000000e+01 1.0400000e+01 0.0000000e+00 0.0000000e+00
3.3282000e+05 8.7000000e+01 1.0700000e+01 0.0000000e+00 0.0000000e+00
3.3288000e+05 8.9000000e+01 1.0950000e+01 0.0000000e+00 0.0000000e+00
3.3294000e+05 8.9000000e+01 1.1050000e+01 0.0000000e+00 0.0000000e+00
3.3300000e+05 8.6000000e+01 1.1450000e+01 0.0000000e+00 1.2312240e+01
3.3306000e+05 8.5000000e+01 1.1850000e+01 0.0000000e+00 2.9668110e+01
3.3312000e+05 8.9000000e+01 1.1900000e+01 0.0000000e+00 3.5986431e+01
3.3318000e+05 9.1000000e+01 1.2000000e+01 0.0000000e+00 4.6776340e+01
3.3324000e+05 9.1000000e+01 1.2200000e+01 0.0000000e+00 7.9503891e+01
3.3330000e+05 9.2000000e+01 1.2400000e+01 0.0000000e+00 1.0560950e+02
3.3336000e+05 9.2000000e+01 1.2850000e+01 0.0000000e+00 1.1486090e+02
3.3342000e+05 9.4000000e+01 1.2750000e+01 0.0000000e+00 1.0805570e+02
3.3348000e+05 8.7000000e+01 1.3200000e+01 0.0000000e+00 1.9660320e+02
3.3354000e+05 8.2000000e+01 1.3650000e+01 0.0000000e+00 1.5491090e+02
3.3360000e+05 7.9000000e+01 1.4250000e+01 0.0000000e+00 1.9700490e+02
3.3366000e+05 8.7000000e+01 1.3600000e+01 0.0000000e+00 1.1316750e+02
3.3372000e+05 9.0000000e+01 1.2450000e+01 0.0000000e+00 4.6496101e+01
3.3378000e+05 9.3000000e+01 1.1500000e+01 0.0000000e+00 3.7386829e-01
3.3384000e+05 9.3000000e+01 1.0950000e+01 0.0000000e+00 0.0000000e+00
3.3390000e+05 9.4000000e+01 1.1050000e+01 0.0000000e+00 0.0000000e+00
3.3396000e+05 9.4000000e+01 1.1150000e+01 0.0000000e+00 0.0000000e+00
3.3402000e+05 9.4000000e+01 1.1300000e+01 0.0000000e+00 0.0000000e+00
3.3408000e+05 9.4000000e+01 1.1500000e+01 0.0000000e+00 0.0000000e+00
3.3414000e+05 9.2000000e+01 1.1700000e+01 0.0000000e+00 0.0000000e+00
3.3420000e+05 9.1000000e+01 1.1800000e+01 0.0000000e+00 0.0000000e+00
3.3426000e+05 9.0000000e+01 1.1750000e+01 0.0000000e+00 0.0000000e+00
3.3432000e+05 9.0000000e+01 1.1700000e+01 0.0000000e+00 0.0000000e+00
3.3438000e+05 8.8000000e+01 1.1700000e+01 0.0000000e+00 0.0000000e+00
3.3444000e+05 8.7000000e+01 1.1950000e+01 0.0000000e+00 6.8431621e+00
3.3450000e+05 8.3000000e+01 1.2450000e+01 0.0000000e+00 4.1177670e+01
3.3456000e+05 8.9000000e+01 1.2550000e+01 0.0000000e+00 1.9117519e+01
3.3462000e+05 9.1000000e+01 1.2300000e+01 0.0000000e+00 1.9415590e+01
3.3468000e+05 9.4000000e+01 1.2200000e+01 0.0000000e+00 2.8974791e+01
3.3474000e+05 9.5000000e+01 1.2200000e+01 0.0000000e+00 4.5501541e+01
3.3480000e+05 9.6000000e+01 1.2100000e+01 0.0000000e+00 2.8275669e+01
3.3486000e+05 9.7000000e+01 1.2250000e+01 0.0000000e+00 7.4770060e+00
3.3492000e+05 9.5000000e+01 1.2650000e+01 0.0000000e+00 6.9003201e+00
3.3498000e+05 9.5000000e+01 1.2700000e+01 0.0000000e+00 3.0702479e+00
3.3504000e+05 9.5000000e+01 1.2650000e+01 0.0000000e+00 5.9531212e-01
3.3510000e+05 9.4000000e+01 1.2650000e+01 0.0000000e+00 0.0000000e+00
3.3516000e+05 9.5000000e+01 1.2550000e+01 0.0000000e+00 0.0000000e+00
3.3522000e+05 9.5000000e+01 1.2400000e+01 0.0000000e+00 0.0000000e+00
3.3528000e+05 9.6000000e+01 1.2250000e+01 0.0000000e+00 0.0000000e+00
3.3534000e+05 9.5000000e+01 1.2100000e+01 0.0000000e+00 0.0000000e+00
3.3540000e+05 9.4000000e+01 1.2200000e+01 0.0000000e+00 0.0000000e+00
3.3546000e+05 9.3000000e+01 1.2250000e+01 0.0000000e+00 0.0000000e+00
3.3552000e+05 9.3000000e+01 1.2150000e+01 0.0000000e+00 0.0000000e+00
3.3558000e+05 9.3000000e+01 1.1850000e+01 0.0000000e+00 0.0000000e+00
3.3564000e+05 9.1000000e+01 1.1600000e+01 0.0000000e+00 0.0000000e+00
3.3570000e+05 8.8000000e+01 1.1550000e+01 0.0000000e+00 0.0000000e+00
3.3576000e+05 8.8000000e+01 1.1700000e+01 0.0000000e+00 0.0000000e+00
3.3582000e+05 9.1000000e+01 1.1600000e+01 0.0000000e+00 0.0000000e+00
3.3588000e+05 8.8000000e+01 1.1650000e+01 0.0000000e+00 2.8242399e+01
3.3594000e+05 8.8000000e+01 1.1900000e+01 0.0000000e+00 5.1422409e+01
3.3600000e+05 8.8000000e+01 1.2100000e+01 0.0000000e+00 8.2906212e+01
3.3606000e+05 9.1000000e+01 1.2150000e+01 0.0000000e+00 1.1200080e+02
3.3612000e+05 9.3000000e+01 1.2100000e+01 0.0000000e+00 1.2758780e+02
3.3618000e+05 9.2000000e+01 1.2250000e+01 0.0000000e+00 1.4026140e+02
3.3624000e+05 9.0000000e+01 1.2300000e+01 0.0000000e+00 1.4373241e+02
3.3630000e+05 9.1000000e+01 1.2300000e+01 0.0000000e+00 1.3175760e+02
3.3636000e+05 8.6000000e+01 1.2500000e+01 0.0000000e+00 9.7643021e+01
3.3642000e+05 8.5000000e+01 1.2650000e+01 0.0000000e+00 1.0904530e+02
3.3648000e+05 9.1000000e+01 1.2400000e+01 0.0000000e+00 3.7757271e+01
3.3654000e+05 9.5000000e+01 1.1850000e+01 0.0000000e+00 1.9760750e+01
3.3660000e+05 9.5000000e+01 1.1450000e+01 0.0000000e+00 2.7109730e+00
3.3666000e+05 9.6000000e+01 1.1200000e+01 0.0000000e+00 0.0000000e+00
3.3672000e+05 9.6000000e+01 1.1050000e+01 0.0000000e+00 0.0000000e+00
3.3678000e+05 9.6000000e+01 1.1050000e+01 0.0000000e+00 0.0000000e+00
3.3684000e+05 9.6000000e+01 1.0950000e+01 0.0000000e+00 0.0000000e+00
3.3690000e+05 9.5000000e+01 1.0950000e+01 0.0000000e+00 0.0000000e+00
3.3696000e+05 9.5000000e+01 1.0950000e+01 0.0000000e+00 0.0000000e+00
3.3702000e+05 9.5000000e+01 1.1000000e+01 0.0000000e+00 0.0000000e+00
3.3708000e+05 9.5000000e+01 1.1150000e+01 0.0000000e+00 0.0000000e+00
3.3714000e+05 9.6000000e+01 1.1150000e+01 0.0000000e+00 0.0000000e+00
3.3720000e+05 9.6000000e+01 1.1250000e+01 0.0000000e+00 0.0000000e+00
3.3726000e+05 9.5000000e+01 1.0750000e+01 0.0000000e+00 0.0000000e+00
3.3732000e+05 9.5000000e+01 1.0150000e+01 0.0000000e+00 2.1503460e+00
3.3738000e+05 8.7000000e+01 1.0000000e+01 0.0000000e+00 2.7987169e+01
3.3744000e+05 8.7000000e+01 1.0400000e+01 0.0000000e+00 9.8758423e+01
3.3750000e+05 8.0000000e+01 1.1300000e+01 0.0000000e+00 1.9814250e+02
3.3756000e+05 7.1000000e+01 1.2850000e+01 0.0000000e+00 5.0963489e+02
3.3762000e+05 6.0000000e+01 1.3300000e+01 0.0000000e+00 5.3212708e+02
3.3768000e+05 5.9000000e+01 1.3650000e+01 0.0000000e+00 4.4077039e+02
3.3774000e+05 6.2000000e+01 1.3800000e+01 0.0000000e+00 4.3018121e+02
3.3780000e+05 4.9000000e+01 1.3650000e+01 0.0000000e+00 4.0492871e+02
3.3786000e+05 5.1000000e+01 1.3650000e+01 0.0000000e+00 4.0577661e+02
3.3792000e+05 5.7000000e+01 1.2950000e+01 0.0000000e+00 3.0534570e+02
3.3798000e+05 6.7000000e+01 1.1050000e+01 0.0000000e+00 1.6817230e+02
3.3804000e+05 8.1000000e+01 9.0499997e+00 0.0000000e+00 1.3462420e+01
3.3810000e+05 8.4000000e+01 7.7500000e+00 0.0000000e+00 0.0000000e+00
3.3816000e+05 8.7000000e+01 7.1000001e+00 0.0000000e+00 0.0000000e+00
3.3822000e+05 8.6000000e+01 6.9500000e+00 0.0000000e+00 0.0000000e+00
3.3828000e+05 8.8000000e+01 7.2000000e+00 0.0000000e+00 0.0000000e+00
3.3834000e+05 8.8000000e+01 6.7500000e+00 0.0000000e+00 0.0000000e+00
3.3840000e+05 8.8000000e+01 6.5000000e+00 0.0000000e+00 0.0000000e+00
3.3846000e+05 8.3000000e+01 6.7500000e+00 0.0000000e+00 0.0000000e+00
3.3852000e+05 8.2000000e+01 6.9500000e+00 0.0000000e+00 0.0000000e+00
3.3858000e+05 8.6000000e+01 6.9499998e+00 0.0000000e+00 0.0000000e+00
3.3864000e+05 8.7000000e+01 6.5000000e+00 0.0000000e+00 0.0000000e+00
3.3870000e+05 8.8000000e+01 6.2000000e+00 0.0000000e+00 0.0000000e+00
3.3876000e+05 7.8000000e+01 7.2000000e+00 0.0000000e+00 7.3391197e+01
3.3882000e+05 7.4000000e+01 8.9500003e+00 0.0000000e+00 1.8301500e+02
3.3888000e+05 6.7000000e+01 1.0500000e+01 0.0000000e+00 3.0001401e+02
3.3894000e+05 6.7000000e+01 1.2050000e+01 0.0000000e+00 4.0949469e+02
3.3900000e+05 6.3000000e+01 1.2950000e+01 0.0000000e+00 4.8882141e+02
3.3906000e+05 6.3000000e+01 1.3200000e+01 0.0000000e+00 5.3234583e+02
3.3912000e+05 6.1000000e+01 1.4050000e+01 0.0000000e+00 5.6123163e+02
3.3918000e+05 6.0000000e+01 1.5000000e+01 0.0000000e+00 5.3489539e+02
3.3924000e+05 5.9000000e+01 1.4700000e+01 0.0000000e+00 4.6426489e+02
3.3930000e+05 6.1000000e+01 1.4550000e+01 0.0000000e+00 3.8648239e+02
3.3936000e+05 6.7000000e+01 1.4000000e+01 0.0000000e+00 2.9413321e+02
3.3942000e+05 7.7000000e+01 1.2400000e+01 0.0000000e+00 1.5461501e+02
3.3948000e+05 8.2000000e+01 1.0750000e+01 0.0000000e+00 1.2423490e+01
3.3954000e+05 7.9000000e+01 9.6000004e+00 0.0000000e+00 0.0000000e+00
3.3960000e+05 8.3000000e+01 8.9000001e+00 0.0000000e+00 0.0000000e+00
3.3966000e+05 8.1000000e+01 8.3000000e+00 0.0000000e+00 0.0000000e+00
3.3972000e+05 8.5000000e+01 7.8000000e+00 0.0000000e+00 0.0000000e+00
3.3978000e+05 8.7000000e+01 7.5999999e+00 0.0000000e+00 0.0000000e+00
3.3984000e+05 8.9000000e+01 7.5000000e+00 0.0000000e+00 0.0000000e+00
3.3990000e+05 9.1000000e+01 7.3000000e+00 0.0000000e+00 0.0000000e+00
3.3996000e+05 9.3000000e+01 7.1499999e+00 0.0000000e+00 0.0000000e+00
3.4002000e+05 9.2000000e+01 7.3499999e+00 0.0000000e+00 0.0000000e+00
3.4008000e+05 9.4000000e+01 7.5999999e+00 0.0000000e+00 0.0000000e+00
3.4014000e+05 9.1000000e+01 7.9000001e+00 0.0000000e+00 0.0000000e+00
3.4020000e+05 9.0000000e+01 8.4500003e+00 0.0000000e+00 2.9366360e+01
3.4026000e+05 8.4000000e+01 9.5000000e+00 0.0000000e+00 8.6467621e+01
3.4032000e+05 7.1000000e+01 1.1200000e+01 0.0000000e+00 2.3424210e+02
3.4038000e+05 6.5000000e+01 1.2900000e+01 0.0000000e+00 3.7090051e+02
3.4044000e+05 6.1000000e+01 1.3600000e+01 0.0000000e+00 4.9365829e+02
3.4050000e+05 6.0000000e+01 1.4500000e+01 0.0000000e+00 5.3944202e+02
3.4056000e+05 5.9000000e+01 1.5350000e+01 0.0000000e+00 5.4881018e+02
3.4062000e+05 5.4000000e+01 1.6200000e+01 0.0000000e+00 5.4123248e+02
3.4068000e+05 5.8000000e+01 1.6350000e+01 0.0000000e+00 3.9502719e+02
3.4074000e+05 6.0000000e+01 1.5600000e+01 0.0000000e+00 2.2080730e+02
3.4080000e+05 6.2000000e+01 1.5350000e+01 0.0000000e+00 2.4540550e+02
3.4086000e+05 7.6000000e+01 1.4050000e+01 0.0000000e+00 8.5124878e+01
3.4092000e+05 7.9000000e+01 1.2800000e+01 0.0000000e+00 8.3267574e+00
3.4098000e+05 8.0000000e+01 1.2000000e+01 0.0000000e+00 0.0000000e+00
3.4104000e+05 7.9000000e+01 1.1600000e+01 0.0000000e+00 0.0000000e+00
3.4110000e+05 8.1000000e+01 1.1350000e+01 0.0000000e+00 0.0000000e+00
3.4116000e+05 8.5000000e+01 1.1350000e+01 0.0000000e+00 0.0000000e+00
3.4122000e+05 8.2000000e+01 1.1300000e+01 0.0000000e+00 0.0000000e+00
3.4128000e+05 8.1000000e+01 1.1550000e+01 0.0000000e+00 0.0000000e+00
3.4134000e+05 8.4000000e+01 1.2050000e+01 0.0000000e+00 0.0000000e+00
3.4140000e+05 8.5000000e+01 1.1750000e+01 0.0000000e+00 0.0000000e+00
3.4146000e+05 8.5000000e+01 1.1500000e+01 0.0000000e+00 0.0000000e+00
3.4152000e+05 8.5000000e+01 1.1700000e+01 0.0000000e+00 0.0000000e+00
3.4158000e+05 8.3000000e+01 1.1700000e+01 0.0000000e+00 0.0000000e+00
3.4164000e+05 8.5000000e+01 1.2000000e+01 0.0000000e+00 1.0551610e+01
3.4170000e+05 8.2000000e+01 1.2200000e+01 0.0000000e+00 1.4118010e+01
3.4176000e+05 8.5000000e+01 1.2750000e+01 0.0000000e+00 1.8277180e+01
3.4182000e+05 6.8000000e+01 1.3550000e+01 0.0000000e+00 3.6546051e+01
3.4188000e+05 7.5000000e+01 1.4300000e+01 0.0000000e+00 2.2855141e+01
3.4194000e+05 8.1000000e+01 1.3700000e+01 0.0000000e+00 1.3814370e+01
3.4200000e+05 7.8000000e+01 1.4100000e+01 0.0000000e+00 5.9841179e+01
3.4206000e+05 6.5000000e+01 1.5550000e+01 0.0000000e+00 1.3399890e+02
3.4212000e+05 6.1000000e+01 1.6500000e+01 0.0000000e+00 1.4477029e+02
3.4218000e+05 6.7000000e+01 1.6650001e+01 0.0000000e+00 1.6966420e+02
3.4224000e+05 6.6000000e+01 1.5950000e+01 0.0000000e+00 4.6757580e+01
3.4230000e+05 6.9000000e+01 1.5650000e+01 0.0000000e+00 1.7147341e+01
3.4236000e+05 7.1000000e+01 1.5450000e+01 0.0000000e+00 0.0000000e+00
3.4242000e+05 7.5000000e+01 1.4900000e+01 0.0000000e+00 0.0000000e+00
3.4248000e+05 8.0000000e+01 1.4350000e+01 0.0000000e+00 0.0000000e+00
3.4254000e+05 8.2000000e+01 1.4000000e+01 0.0000000e+00 0.0000000e+00
3.4260000e+05 8.0000000e+01 1.3950000e+01 0.0000000e+00 0.0000000e+00
3.4266000e+05 8.9000000e+01 1.3900000e+01 0.0000000e+00 0.0000000e+00
3.4272000e+05 8.4000000e+01 1.3950000e+01 0.0000000e+00 0.0000000e+00
3.4278000e+05 9.3000000e+01 1.3950000e+01 0.0000000e+00 0.0000000e+00
3.4284000e+05 8.6000000e+01 1.3950000e+01 0.0000000e+00 0.0000000e+00
3.4290000e+05 8.6000000e+01 1.4300000e+01 0.0000000e+00 0.0000000e+00
3.4296000e+05 9.0000000e+01 1.4250000e+01 0.0000000e+00 0.0000000e+00
3.4302000e+05 9.2000000e+01 1.4000000e+01 0.0000000e+00 0.0000000e+00
3.4308000e+05 9.4000000e+01 1.4000000e+01 0.0000000e+00 7.8533280e-01
3.4314000e+05 9.4000000e+01 1.4250000e+01 0.0000000e+00 1.8202360e+01
3.4320000e+05 8.8000000e+01 1.4850000e+01 0.0000000e+00 6.0927319e+01
3.4326000e+05 7.4000000e+01 1.6050000e+01 0.0000000e+00 1.3130521e+02
3.4332000e+05 6.9000000e+01 1.6350000e+01 0.0000000e+00 9.0225769e+01
3.4338000e+05 6.9000000e+01 1.6600000e+01 0.0000000e+00 6.2910412e+01
3.4344000e+05 7.3000000e+01 1.6550000e+01 0.0000000e+00 6.8523903e+01
3.4350000e+05 7.7000000e+01 1.6500000e+01 0.0000000e+00 7.1837692e+01
3.4356000e+05 7.7000000e+01 1.6300000e+01 0.0000000e+00 6.4955780e+01
3.4362000e+05 7.5000000e+01 1.6599999e+01 0.0000000e+00 1.1085620e+02
3.4368000e+05 7.4000000e+01 1.6550000e+01 0.0000000e+00 4.1744518e+01
3.4374000e+05 7.4000000e+01 1.6550000e+01 0.0000000e+00 1.5219850e+01
3.4380000e+05 7.5000000e+01 1.6500000e+01 0.0000000e+00 0.0000000e+00
3.4386000e+05 7.0000000e+01 1.6549999e+01 0.0000000e+00 0.0000000e+00
3.4392000e+05 6.9000000e+01 1.6750000e+01 0.0000000e+00 0.0000000e+00
3.4398000e+05 7.1000000e+01 1.6800000e+01 0.0000000e+00 0.0000000e+00
3.4404000e+05 7.4000000e+01 1.6650000e+01 0.0000000e+00 0.0000000e+00
3.4410000e+05 7.3000000e+01 1.6500000e+01 0.0000000e+00 0.0000000e+00
3.4416000e+05 7.3000000e+01 1.6550000e+01 0.0000000e+00 0.0000000e+00
3.4422000e+05 7.3000000e+01 1.6700000e+01 0.0000000e+00 0.0000000e+00
3.4428000e+05 6.8000000e+01 1.6850000e+01 0.0000000e+00 0.0000000e+00
3.4434000e+05 7.3000000e+01 1.6300000e+01 0.0000000e+00 0.0000000e+00
3.4440000e+05 7.1000000e+01 1.6200000e+01 0.0000000e+00 0.0000000e+00
3.4446000e+05 8.7000000e+01 1.5450000e+01 0.0000000e+00 0.0000000e+00
3.4452000e+05 8.9000000e+01 1.4550000e+01 0.0000000e+00 0.0000000e+00
3.4458000e+05 8.9000000e+01 1.4250000e+01 0.0000000e+00 1.4022360e+00
3.4464000e+05 8.9000000e+01 1.4150000e+01 0.0000000e+00 5.1505690e+00
3.4470000e+05 9.3000000e+01 1.4050000e+01 0.0000000e+00 1.6549980e+01
3.4476000e+05 9.4000000e+01 1.4150000e+01 0.0000000e+00 1.4313350e+01
3.4482000e+05 9.5000000e+01 1.4300000e+01 0.0000000e+00 2.8745630e+01
3.4488000e+05 9.5000000e+01 1.4250000e+01 0.0000000e+00 4.7555279e+01
3.4494000e+05 9.3000000e+01 1.4450000e+01 0.0000000e+00 3.3200729e+01
3.4500000e+05 9.5000000e+01 1.4700000e+01 0.0000000e+00 2.6859020e+01
3.4506000e+05 9.5000000e+01 1.4550000e+01 0.0000000e+00 8.6462650e+00
3.4512000e+05 9.4000000e+01 1.4700000e+01 0.0000000e+00 8.8590622e+00
3.4518000e+05 9.5000000e+01 1.4800000e+01 0.0000000e+00 7.5517621e+00
3.4524000e+05 9.7000000e+01 1.4500000e+01 0.0000000e+00 0.0000000e+00
3.4530000e+05 9.7000000e+01 1.4550000e+01 0.0000000e+00 0.0000000e+00
3.4536000e+05 9.7000000e+01 1.4600000e+01 0.0000000e+00 0.0000000e+00
3.4542000e+05 9.7000000e+01 1.4400000e+01 0.0000000e+00 0.0000000e+00
3.4548000e+05 9.7000000e+01 1.4350000e+01 0.0000000e+00 0.0000000e+00
3.4554000e+05 9.7000000e+01 1.4350000e+01 0.0000000e+00 0.0000000e+00
3.4560000e+05 9.8000000e+01 1.4250000e+01 0.0000000e+00 0.0000000e+00
3.4566000e+05 9.8000000e+01 1.4250000e+01 0.0000000e+00 0.0000000e+00
3.4572000e+05 9.7000000e+01 1.4550000e+01 0.0000000e+00 0.0000000e+00
3.4578000e+05 9.6000000e+01 1.4850000e+01 0.0000000e+00 0.0000000e+00
3.4584000e+05 9.7000000e+01 1.4650000e+01 0.0000000e+00 0.0000000e+00
3.4590000e+05 9.7000000e+01 1.4550000e+01 0.0000000e+00 0.0000000e+00
3.4596000e+05 9.6000000e+01 1.4350000e+01 0.0000000e+00 0.0000000e+00
3.4602000e+05 9.7000000e+01 1.4150000e+01 0.0000000e+00 1.2493620e+01
3.4608000e+05 9.6000000e+01 1.4100000e+01 0.0000000e+00 3.4075470e+01
3.4614000e+05 9.6000000e+01 1.3750000e+01 0.0000000e+00 2.9616341e+01
3.4620000e+05 9.6000000e+01 1.3600000e+01 0.0000000e+00 7.1454338e+01
3.4626000e+05 9.6000000e+01 1.3750000e+01 0.0000000e+00 7.9051613e+01
3.4632000e+05 9.2000000e+01 1.3850000e+01 0.0000000e+00 1.2197650e+02
3.4638000e+05 9.2000000e+01 1.4400000e+01 0.0000000e+00 1.8500510e+02
3.4644000e+05 8.9000000e+01 1.4800000e+01 0.0000000e+00 1.6978090e+02
3.4650000e+05 8.8000000e+01 1.4800000e+01 0.0000000e+00 1.0193330e+02
3.4656000e+05 8.8000000e+01 1.4700000e+01 0.0000000e+00 1.0090350e+02
3.4662000e+05 9.0000000e+01 1.4350000e+01 0.0000000e+00 3.9512329e+01
3.4668000e+05 9.2000000e+01 1.3800000e+01 0.0000000e+00 1.0381610e+01
3.4674000e+05 9.4000000e+01 1.3250000e+01 0.0000000e+00 0.0000000e+00
3.4680000e+05 9.5000000e+01 1.3000000e+01 0.0000000e+00 0.0000000e+00
3.4686000e+05 9.2000000e+01 1.3100000e+01 0.0000000e+00 0.0000000e+00
3.4692000e+05 9.3000000e+01 1.3150000e+01 0.0000000e+00 0.0000000e+00
3.4698000e+05 9.3000000e+01 1.3000000e+01 0.0000000e+00 0.0000000e+00
3.4704000e+05 9.4000000e+01 1.2800000e+01 0.0000000e+00 0.0000000e+00
3.4710000e+05 9.3000000e+01 1.2750000e+01 0.0000000e+00 0.0000000e+00
3.4716000e+05 9.3000000e+01 1.3000000e+01 0.0000000e+00 0.0000000e+00
3.4722000e+05 9.2000000e+01 1.2950000e+01 0.0000000e+00 0.0000000e+00
3.4728000e+05 9.4000000e+01 1.2800000e+01 0.0000000e+00 0.0000000e+00
3.4734000e+05 9.5000000e+01 1.2750000e+01 0.0000000e+00 0.0000000e+00
3.4740000e+05 9.6000000e+01 1.2750000e+01 0.0000000e+00 0.0000000e+00
3.4746000e+05 9.6000000e+01 1.2850000e+01 0.0000000e+00 2.6787069e+01
3.4752000e+05 9.6000000e+01 1.3050000e+01 0.0000000e+00 3.4571480e+01
3.4758000e+05 9.6000000e+01 1.3350000e+01 0.0000000e+00 5.8036491e+01
3.4764000e+05 9.5000000e+01 1.3550000e+01 0.0000000e+00 7.3724823e+01
3.4770000e+05 9.4000000e+01 1.3600000e+01 0.0000000e+00 7.4191269e+01
3.4776000e+05 9.5000000e+01 1.3600000e+01 0.0000000e+00 4.2055168e+01
3.4782000e+05 9.5000000e+01 1.3650000e+01 0.0000000e+00 7.1587402e+01
3.4788000e+05 9.5000000e+01 1.3700000e+01 0.0000000e+00 3.1060780e+01
3.4794000e+05 9.5000000e+01 1.3450000e+01 0.0000000e+00 2.9542271e+01
3.4800000e+05 9.5000000e+01 1.3150000e+01 0.0000000e+00 2.3811001e+01
3.4806000e+05 9.5000000e+01 1.2550000e+01 0.0000000e+00 6.5258579e+00
3.4812000e+05 9.5000000e+01 1.2100000e+01 0.0000000e+00 0.0000000e+00
3.4818000e+05 9.5000000e+01 1.1900000e+01 0.0000000e+00 0.0000000e+00
3.4824000e+05 9.5000000e+01 1.1750000e+01 0.0000000e+00 0.0000000e+00
3.4830000e+05 9.6000000e+01 1.1550000e+01 0.0000000e+00 0.0000000e+00
3.4836000e+05 9.6000000e+01 1.1600000e+01 0.0000000e+00 0.0000000e+00
3.4842000e+05 9.7000000e+01 1.1550000e+01 0.0000000e+00 0.0000000e+00
3.4848000e+05 9.7000000e+01 1.1500000e+01 0.0000000e+00 0.0000000e+00
3.4854000e+05 9.6000000e+01 1.1450000e+01 0.0000000e+00 0.0000000e+00
3.4860000e+05 9.6000000e+01 1.1550000e+01 0.0000000e+00 0.0000000e+00
3.4866000e+05 9.6000000e+01 1.1650000e+01 0.0000000e+00 0.0000000e+00
3.4872000e+05 9.7000000e+01 1.1750000e+01 0.0000000e+00 0.0000000e+00
3.4878000e+05 9.7000000e+01 1.1750000e+01 0.0000000e+00 0.0000000e+00
3.4884000e+05 9.7000000e+01 1.1750000e+01 0.0000000e+00 0.0000000e+00
3.4890000e+05 9.6000000e+01 1.1800000e+01 0.0000000e+00 1.1313650e+01
3.4896000e+05 9.5000000e+01 1.2000000e+01 0.0000000e+00 2.7587870e+01
3.4902000e+05 9.4000000e+01 1.2350000e+01 0.0000000e+00 6.6332787e+01
3.4908000e+05 9.1000000e+01 1.3050000e+01 0.0000000e+00 1.5015221e+02
3.4914000e+05 9.2000000e+01 1.3300000e+01 0.0000000e+00 1.2090720e+02
3.4920000e+05 8.8000000e+01 1.3700000e+01 0.0000000e+00 1.5404620e+02
3.4926000e+05 8.8000000e+01 1.3700000e+01 0.0000000e+00 8.9801872e+01
3.4932000e+05 8.8000000e+01 1.3600000e+01 0.0000000e+00 9.6456093e+01
3.4938000e+05 9.0000000e+01 1.3600000e+01 0.0000000e+00 5.8150612e+01
3.4944000e+05 9.1000000e+01 1.3300000e+01 0.0000000e+00 1.6040979e+01
3.4950000e+05 9.1000000e+01 1.3050000e+01 0.0000000e+00 1.2230420e+01
3.4956000e+05 9.2000000e+01 1.2950000e+01 0.0000000e+00 7.3308402e-01
3.4962000e+05 9.4000000e+01 1.2850000e+01 0.0000000e+00 0.0000000e+00
3.4968000e+05 9.4000000e+01 1.2650000e+01 0.0000000e+00 0.0000000e+00
3.4974000e+05 9.5000000e+01 1.2350000e+01 0.0000000e+00 0.0000000e+00
3.4980000e+05 9.4000000e+01 1.2150000e+01 0.0000000e+00 0.0000000e+00
3.4986000e+05 9.5000000e+01 1.2050000e+01 0.0000000e+00 0.0000000e+00
3.4992000e+05 9.4000000e+01 1.1900000e+01 0.0000000e+00 0.0000000e+00
3.4998000e+05 9.5000000e+01 1.1600000e+01 0.0000000e+00 0.0000000e+00
3.5004000e+05 9.5000000e+01 1.1200000e+01 0.0000000e+00 0.0000000e+00
3.5010000e+05 9.5000000e+01 1.0900000e+01 0.0000000e+00 0.0000000e+00
3.5016000e+05 9.5000000e+01 1.0600000e+01 0.0000000e+00 0.0000000e+00
3.5022000e+05 9.5000000e+01 1.0150000e+01 0.0000000e+00 0.0000000e+00
3.5028000e+05 9.4000000e+01 9.6999998e+00 0.0000000e+00 0.0000000e+00
3.5034000e+05 9.5000000e+01 9.4000001e+00 0.0000000e+00 6.1802950e+00
3.5040000e+05 9.5000000e+01 9.4000001e+00 0.0000000e+00 3.3653141e+01
3.5046000e+05 9.4000000e+01 9.6999998e+00 0.0000000e+00 5.9034939e+01
3.5052000e+05 9.0000000e+01 1.0200000e+01 0.0000000e+00 9.7256126e+01
3.5058000e+05 9.0000000e+01 1.0700000e+01 0.0000000e+00 1.0199680e+02
3.5064000e+05 8.3000000e+01 1.0800000e+01 0.0000000e+00 1.1374720e+02
3.5070000e+05 7.9000000e+01 1.1250000e+01 0.0000000e+00 1.6508200e+02
3.5076000e+05 7.8000000e+01 1.1550000e+01 0.0000000e+00 1.6203830e+02
3.5082000e+05 7.1000000e+01 1.1600000e+01 0.0000000e+00 1.5091721e+02
3.5088000e+05 8.3000000e+01 1.1500000e+01 0.0000000e+00 1.0441410e+02
3.5094000e+05 9.0000000e+01 9.9499998e+00 0.0000000e+00 6.3894260e+01
3.5100000e+05 9.0000000e+01 8.6999998e+00 0.0000000e+00 3.8651159e+00
3.5106000e+05 9.0000000e+01 8.4499998e+00 0.0000000e+00 0.0000000e+00
3.5112000e+05 9.0000000e+01 8.5499997e+00 0.0000000e+00 0.0000000e+00
3.5118000e+05 9.0000000e+01 8.5499997e+00 0.0000000e+00 0.0000000e+00
3.5124000e+05 9.0000000e+01 8.7000003e+00 0.0000000e+00 0.0000000e+00
3.5130000e+05 9.2000000e+01 8.6999998e+00 0.0000000e+00 0.0000000e+00
3.5136000e+05 9.1000000e+01 8.5499997e+00 0.0000000e+00 0.0000000e+00
3.5142000e+05 9.2000000e+01 8.4500003e+00 0.0000000e+00 0.0000000e+00
3.5148000e+05 9.4000000e+01 8.6500001e+00 0.0000000e+00 0.0000000e+00
3.5154000e+05 9.5000000e+01 8.5999999e+00 0.0000000e+00 0.0000000e+00
3.5160000e+05 9.7000000e+01 8.3000002e+00 0.0000000e+00 0.0000000e+00
3.5166000e+05 9.6000000e+01 8.6999998e+00 0.0000000e+00 0.0000000e+00
3.5172000e+05 9.7000000e+01 8.9000001e+00 0.0000000e+00 8.0402403e+00
3.5178000e+05 9.4000000e+01 9.5000000e+00 0.0000000e+00 6.3863701e+01
3.5184000e+05 9.2000000e+01 1.0050000e+01 0.0000000e+00 9.6136833e+01
3.5190000e+05 7.8000000e+01 1.1100000e+01 0.0000000e+00 2.3444510e+02
3.5196000e+05 7.8000000e+01 1.2300000e+01 0.0000000e+00 4.0653119e+02
3.5202000e+05 6.8000000e+01 1.2850000e+01 0.0000000e+00 4.1843289e+02
3.5208000e+05 6.7000000e+01 1.3300000e+01 0.0000000e+00 4.5894989e+02
3.5214000e+05 6.2000000e+01 1.3800000e+01 0.0000000e+00 4.0767371e+02
3.5220000e+05 6.3000000e+01 1.4050000e+01 0.0000000e+00 4.0276129e+02
3.5226000e+05 6.7000000e+01 1.3450000e+01 0.0000000e+00 2.5282950e+02
3.5232000e+05 7.2000000e+01 1.2150000e+01 0.0000000e+00 1.5505190e+02
3.5238000e+05 8.3000000e+01 1.1150000e+01 0.0000000e+00 7.8216797e+01
3.5244000e+05 8.8000000e+01 9.7000003e+00 0.0000000e+00 4.3264961e+00
3.5250000e+05 8.9000000e+01 8.8500004e+00 0.0000000e+00 0.0000000e+00
3.5256000e+05 8.8000000e+01 8.6499996e+00 0.0000000e+00 0.0000000e+00
3.5262000e+05 8.7000000e+01 9.0499997e+00 0.0000000e+00 0.0000000e+00
3.5268000e+05 8.7000000e+01 9.0999999e+00 0.0000000e+00 0.0000000e+00
3.5274000e+05 8.9000000e+01 8.6999998e+00 0.0000000e+00 0.0000000e+00
3.5280000e+05 9.2000000e+01 8.2500000e+00 0.0000000e+00 0.0000000e+00
3.5286000e+05 9.3000000e+01 7.9500003e+00 0.0000000e+00 0.0000000e+00
3.5292000e+05 9.4000000e+01 7.8500001e+00 0.0000000e+00 0.0000000e+00
3.5298000e+05 9.4000000e+01 8.2000000e+00 0.0000000e+00 0.0000000e+00
3.5304000e+05 9.3000000e+01 8.3000002e+00 0.0000000e+00 0.0000000e+00
3.5310000e+05 9.4000000e+01 7.8500001e+00 0.0000000e+00 0.0000000e+00
3.5316000e+05 9.6000000e+01 8.1999998e+00 0.0000000e+00 1.8704519e+01
3.5322000e+05 9.2000000e+01 9.4499998e+00 0.0000000e+00 8.6718552e+01
3.5328000e+05 8.3000000e+01 1.0900000e+01 0.0000000e+00 1.8793910e+02
3.5334000e+05 8.0000000e+01 1.2350000e+01 0.0000000e+00 2.9384280e+02
3.5340000e+05 6.6000000e+01 1.2900000e+01 0.0000000e+00 3.0734521e+02
3.5346000e+05 7.1000000e+01 1.3750000e+01 0.0000000e+00 3.5462399e+02
3.5352000e+05 6.6000000e+01 1.4550000e+01 0.0000000e+00 3.0773489e+02
3.5358000e+05 6.2000000e+01 1.4800000e+01 0.0000000e+00 2.9219101e+02
3.5364000e+05 6.7000000e+01 1.4950000e+01 0.0000000e+00 2.8610330e+02
3.5370000e+05 6.3000000e+01 1.4450000e+01 0.0000000e+00 1.8397360e+02
3.5376000e+05 7.1000000e+01 1.4100000e+01 0.0000000e+00 9.8327171e+01
3.5382000e+05 7.9000000e+01 1.3000000e+01 0.0000000e+00 5.6317760e+01
3.5388000e+05 8.5000000e+01 1.2100000e+01 0.0000000e+00 2.3237491e+00
3.5394000e+05 8.6000000e+01 1.1300000e+01 0.0000000e+00 0.0000000e+00
3.5400000e+05 8.7000000e+01 1.0700000e+01 0.0000000e+00 0.0000000e+00
3.5406000e+05 8.7000000e+01 1.0450000e+01 0.0000000e+00 0.0000000e+00
3.5412000e+05 8.7000000e+01 1.0050000e+01 0.0000000e+00 0.0000000e+00
3.5418000e+05 9.1000000e+01 9.4000001e+00 0.0000000e+00 0.0000000e+00
3.5424000e+05 9.1000000e+01 9.1999998e+00 0.0000000e+00 0.0000000e+00
3.5430000e+05 9.1000000e+01 9.4000001e+00 0.0000000e+00 0.0000000e+00
3.5436000e+05 9.2000000e+01 8.9499998e+00 0.0000000e+00 0.0000000e+00
3.5442000e+05 9.3000000e+01 8.6500001e+00 0.0000000e+00 0.0000000e+00
3.5448000e+05 9.2000000e+01 8.6500001e+00 0.0000000e+00 0.0000000e+00
3.5454000e+05 9.1000000e+01 8.7500000e+00 0.0000000e+00 0.0000000e+00
3.5460000e+05 8.7000000e+01 9.1999998e+00 0.0000000e+00 2.6456791e+01
3.5466000e+05 8.0000000e+01 1.0550000e+01 0.0000000e+00 1.2681830e+02
3.5472000e+05 7.4000000e+01 1.2050000e+01 0.0000000e+00 2.3980510e+02
3.5478000e+05 7.2000000e+01 1.3500000e+01 0.0000000e+00 3.9222699e+02
3.5484000e+05 6.4000000e+01 1.4700000e+01 0.0000000e+00 4.9713000e+02
3.5490000e+05 7.4000000e+01 1.4500000e+01 0.0000000e+00 3.6695459e+02
3.5496000e+05 7.1000000e+01 1.4450000e+01 0.0000000e+00 3.6968701e+02
3.5502000e+05 7.6000000e+01 1.4300000e+01 0.0000000e+00 3.2316599e+02
3.5508000e+05 7.4000000e+01 1.4050000e+01 0.0000000e+00 3.2535199e+02
3.5514000e+05 7.6000000e+01 1.4650000e+01 0.0000000e+00 1.9235580e+02
3.5520000e+05 7.6000000e+01 1.3700000e+01 0.0000000e+00 1.0412550e+02
3.5526000e+05 8.1000000e+01 1.3250000e+01 0.0000000e+00 3.4202209e+01
3.5532000e+05 8.2000000e+01 1.2400000e+01 0.0000000e+00 0.0000000e+00
3.5538000e+05 8.5000000e+01 1.1450000e+01 0.0000000e+00 0.0000000e+00
3.5544000e+05 8.2000000e+01 1.1050000e+01 0.0000000e+00 0.0000000e+00
3.5550000e+05 8.2000000e+01 1.0650000e+01 0.0000000e+00 0.0000000e+00
3.5556000e+05 8.4000000e+01 1.0200000e+01 0.0000000e+00 0.0000000e+00
3.5562000e+05 8.7000000e+01 1.0150000e+01 0.0000000e+00 0.0000000e+00
3.5568000e+05 9.0000000e+01 1.0350000e+01 0.0000000e+00 0.0000000e+00
3.5574000e+05 9.2000000e+01 1.0400000e+01 0.0000000e+00 0.0000000e+00
3.5580000e+05 9.5000000e+01 1.0500000e+01 0.0000000e+00 0.0000000e+00
3.5586000e+05 9.5000000e+01 1.0650000e+01 0.0000000e+00 0.0000000e+00
3.5592000e+05 9.6000000e+01 1.0600000e+01 0.0000000e+00 0.0000000e+00
3.5598000e+05 9.6000000e+01 1.0750000e+01 0.0000000e+00 0.0000000e+00
3.5604000e+05 9.6000000e+01 1.0950000e+01 0.0000000e+00 0.0000000e+00
3.5610000e+05 9.6000000e+01 1.1150000e+01 0.0000000e+00 1.6291580e+01
3.5616000e+05 9.5000000e+01 1.1550000e+01 0.0000000e+00 6.1150890e+01
3.5622000e+05 9.1000000e+01 1.1900000e+01 0.0000000e+00 5.1152939e+01
3.5628000e+05 8.9000000e+01 1.2550000e+01 0.0000000e+00 1.2710890e+02
3.5634000e+05 8.5000000e+01 1.3400000e+01 0.0000000e+00 1.7308839e+02
3.5640000e+05 8.6000000e+01 1.3950000e+01 0.0000000e+00 1.5413429e+02
3.5646000e+05 9.0000000e+01 1.3900000e+01 0.0000000e+00 6.2703869e+01
3.5652000e+05 9.2000000e+01 1.3650000e+01 0.0000000e+00 6.7405983e+01
3.5658000e+05 9.4000000e+01 1.3450000e+01 0.0000000e+00 4.2789982e+01
3.5664000e+05 9.4000000e+01 1.3250000e+01 0.0000000e+00 3.1139521e+01
3.5670000e+05 9.3000000e+01 1.2950000e+01 0.0000000e+00 1.6170380e+01
3.5676000e+05 9.4000000e+01 1.2650000e+01 0.0000000e+00 0.0000000e+00
3.5682000e+05 9.5000000e+01 1.2300000e+01 0.0000000e+00 0.0000000e+00
3.5688000e+05 9.6000000e+01 1.2000000e+01 0.0000000e+00 0.0000000e+00
3.5694000e+05 9.6000000e+01 1.1850000e+01 0.0000000e+00 0.0000000e+00
3.5700000e+05 9.6000000e+01 1.1650000e+01 0.0000000e+00 0.0000000e+00
3.5706000e+05 9.6000000e+01 1.1550000e+01 0.0000000e+00 0.0000000e+00
3.5712000e+05 9.6000000e+01 1.1550000e+01 0.0000000e+00 0.0000000e+00
3.5718000e+05 9.6000000e+01 1.1550000e+01 0.0000000e+00 0.0000000e+00
3.5724000e+05 9.6000000e+01 1.1600000e+01 0.0000000e+00 0.0000000e+00
3.5730000e+05 9.6000000e+01 1.1750000e+01 0.0000000e+00 0.0000000e+00
3.5736000e+05 9.6000000e+01 1.1850000e+01 0.0000000e+00 0.0000000e+00
3.5742000e+05 9.3000000e+01 1.1900000e+01 0.0000000e+00 0.0000000e+00
3.5748000e+05 9.1000000e+01 1.2150000e+01 0.0000000e+00 0.0000000e+00
3.5754000e+05 9.0000000e+01 1.2200000e+01 0.0000000e+00 1.7823990e+01
3.5760000e+05 9.0000000e+01 1.2750000e+01 0.0000000e+00 8.0362221e+01
3.5766000e+05 8.4000000e+01 1.3650000e+01 0.0000000e+00 1.4780960e+02
3.5772000e+05 7.4000000e+01 1.4500000e+01 0.0000000e+00 2.2131190e+02
3.5778000e+05 7.4000000e+01 1.5900001e+01 0.0000000e+00 2.9094489e+02
3.5784000e+05 6.6000000e+01 1.7200000e+01 0.0000000e+00 3.8054379e+02
3.5790000e+05 5.4000000e+01 1.7750000e+01 0.0000000e+00 3.8081989e+02
3.5796000e+05 5.6000000e+01 1.8500000e+01 0.0000000e+00 3.9434561e+02
3.5802000e+05 6.0000000e+01 1.8100000e+01 0.0000000e+00 2.6262640e+02
3.5808000e+05 7.2000000e+01 1.7450000e+01 0.0000000e+00 1.7933350e+02
3.5814000e+05 8.2000000e+01 1.5000000e+01 0.0000000e+00 3.1299271e+01
3.5820000e+05 8.7000000e+01 1.3000000e+01 0.0000000e+00 0.0000000e+00
3.5826000e+05 9.0000000e+01 1.1800000e+01 0.0000000e+00 0.0000000e+00
3.5832000e+05 9.2000000e+01 1.1000000e+01 0.0000000e+00 0.0000000e+00
3.5838000e+05 9.3000000e+01 1.0500000e+01 0.0000000e+00 0.0000000e+00
3.5844000e+05 9.4000000e+01 1.0350000e+01 0.0000000e+00 0.0000000e+00
3.5850000e+05 9.5000000e+01 1.0200000e+01 0.0000000e+00 0.0000000e+00
3.5856000e+05 8.7000000e+01 1.0000000e+01 0.0000000e+00 0.0000000e+00
3.5862000e+05 8.2000000e+01 9.6999998e+00 0.0000000e+00 0.0000000e+00
3.5868000e+05 8.1000000e+01 9.3499999e+00 0.0000000e+00 0.0000000e+00
3.5874000e+05 8.2000000e+01 9.3000002e+00 0.0000000e+00 0.0000000e+00
3.5880000e+05 8.0000000e+01 9.4000001e+00 0.0000000e+00 0.0000000e+00
3.5886000e+05 7.6000000e+01 9.8000002e+00 0.0000000e+00 0.0000000e+00
3.5892000e+05 6.4000000e+01 1.0600000e+01 0.0000000e+00 1.1700430e+00
3.5898000e+05 6.3000000e+01 1.1200000e+01 0.0000000e+00 3.3743229e+01
3.5904000e+05 6.1000000e+01 1.2150000e+01 0.0000000e+00 8.7525414e+01
3.5910000e+05 5.8000000e+01 1.3250000e+01 0.0000000e+00 1.2001430e+02
3.5916000e+05 5.7000000e+01 1.4250000e+01 0.0000000e+00 1.9334970e+02
3.5922000e+05 5.9000000e+01 1.4750000e+01 0.0000000e+00 1.3638770e+02
3.5928000e+05 6.1000000e+01 1.4550000e+01 0.0000000e+00 8.7002251e+01
3.5934000e+05 6.4000000e+01 1.4850000e+01 0.0000000e+00 1.3864760e+02
3.5940000e+05 6.4000000e+01 1.5100000e+01 0.0000000e+00 1.2862280e+02
3.5946000e+05 7.1000000e+01 1.4800000e+01 0.0000000e+00 9.0918289e+01
3.5952000e+05 7.1000000e+01 1.3800000e+01 0.0000000e+00 4.4351189e+01
3.5958000e+05 7.8000000e+01 1.3050000e+01 0.0000000e+00 3.0781549e+01
3.5964000e+05 7.8000000e+01 1.2400000e+01 0.0000000e+00 0.0000000e+00
3.5970000e+05 8.6000000e+01 1.1500000e+01 0.0000000e+00 0.0000000e+00
3.5976000e+05 8.3000000e+01 1.0950000e+01 0.0000000e+00 0.0000000e+00
3.5982000e+05 7.4000000e+01 1.1450000e+01 0.0000000e+00 0.0000000e+00
3.5988000e+05 7.1000000e+01 1.2350000e+01 0.0000000e+00 0.0000000e+00
3.5994000e+05 7.1000000e+01 1.2650000e+01 0.0000000e+00 0.0000000e+00
3.6000000e+05 7.5000000e+01 1.2400000e+01 0.0000000e+00 0.0000000e+00
3.6006000e+05 7.4000000e+01 1.2100000e+01 0.0000000e+00 0.0000000e+00
3.6012000e+05 7.2000000e+01 1.2300000e+01 0.0000000e+00 0.0000000e+00
3.6018000e+05 7.5000000e+01 1.2000000e+01 0.0000000e+00 0.0000000e+00
3.6024000e+05 7.4000000e+01 1.1700000e+01 0.0000000e+00 0.0000000e+00
3.6030000e+05 7.4000000e+01 1.1400000e+01 0.0000000e+00 0.0000000e+00
3.6036000e+05 6.7000000e+01 1.1800000e+01 0.0000000e+00 1.5102040e+01
3.6042000e+05 6.3000000e+01 1.2950000e+01 0.0000000e+00 7.2695068e+01
3.6048000e+05 5.8000000e+01 1.4450000e+01 0.0000000e+00 2.2834370e+02
3.6054000e+05 5.8000000e+01 1.5200000e+01 0.0000000e+00 2.8517590e+02
3.6060000e+05 5.6000000e+01 1.6150000e+01 0.0000000e+00 3.2054160e+02
3.6066000e+05 5.7000000e+01 1.7350000e+01 0.0000000e+00 4.3087320e+02
3.6072000e+05 5.5000000e+01 1.8100000e+01 0.0000000e+00 4.2121249e+02
3.6078000e+05 6.0000000e+01 1.7599999e+01 0.0000000e+00 2.6146780e+02
3.6084000e+05 6.6000000e+01 1.7500000e+01 0.0000000e+00 2.7589841e+02
3.6090000e+05 6.7000000e+01 1.6100000e+01 0.0000000e+00 7.6372063e+01
3.6096000e+05 7.1000000e+01 1.5150000e+01 0.0000000e+00 6.9373787e+01
3.6102000e+05 7.3000000e+01 1.4450000e+01 0.0000000e+00 1.2374370e+01
3.6108000e+05 7.7000000e+01 1.3600000e+01 0.0000000e+00 0.0000000e+00
3.6114000e+05 7.7000000e+01 1.3000000e+01 0.0000000e+00 0.0000000e+00
3.6120000e+05 7.9000000e+01 1.2800000e+01 0.0000000e+00 0.0000000e+00
3.6126000e+05 8.1000000e+01 1.2550000e+01 0.0000000e+00 0.0000000e+00
3.6132000e+05 8.3000000e+01 1.2250000e+01 0.0000000e+00 0.0000000e+00
3.6138000e+05 8.5000000e+01 1.1800000e+01 0.0000000e+00 0.0000000e+00
3.6144000e+05 8.6000000e+01 1.1500000e+01 0.0000000e+00 0.0000000e+00
3.6150000e+05 8.9000000e+01 1.1600000e+01 0.0000000e+00 0.0000000e+00
3.6156000e+05 9.0000000e+01 1.1450000e+01 0.0000000e+00 0.0000000e+00
3.6162000e+05 9.1000000e+01 1.1450000e+01 0.0000000e+00 0.0000000e+00
3.6168000e+05 9.4000000e+01 1.1450000e+01 0.0000000e+00 0.0000000e+00
3.6174000e+05 9.5000000e+01 1.1250000e+01 0.0000000e+00 0.0000000e+00
3.6180000e+05 9.5000000e+01 1.1300000e+01 0.0000000e+00 0.0000000e+00
3.6186000e+05 9.6000000e+01 1.1500000e+01 0.0000000e+00 1.9622850e+00
3.6192000e+05 9.6000000e+01 1.1550000e+01 0.0000000e+00 1.6653179e+01
3.6198000e+05 9.6000000e+01 1.1950000e+01 0.0000000e+00 7.0119453e+01
3.6204000e+05 9.5000000e+01 1.2600000e+01 0.0000000e+00 8.8725647e+01
3.6210000e+05 8.6000000e+01 1.3800000e+01 0.0000000e+00 2.3260010e+02
3.6216000e+05 8.1000000e+01 1.4450000e+01 0.0000000e+00 2.2451990e+02
3.6222000e+05 8.0000000e+01 1.4100000e+01 0.0000000e+00 1.6581461e+02
3.6228000e+05 7.9000000e+01 1.4350000e+01 0.0000000e+00 1.3641360e+02
3.6234000e+05 6.7000000e+01 1.4350000e+01 0.0000000e+00 1.1092080e+02
3.6240000e+05 7.1000000e+01 1.4100000e+01 0.0000000e+00 4.2804371e+01
3.6246000e+05 6.8000000e+01 1.3550000e+01 0.0000000e+00 2.4474279e+01
3.6252000e+05 6.7000000e+01 1.2750000e+01 0.0000000e+00 0.0000000e+00
3.6258000e+05 5.0000000e+01 1.4150000e+01 0.0000000e+00 0.0000000e+00
3.6264000e+05 5.2000000e+01 1.5200000e+01 0.0000000e+00 0.0000000e+00
3.6270000e+05 6.2000000e+01 1.4400000e+01 0.0000000e+00 0.0000000e+00
3.6276000e+05 5.6000000e+01 1.3850000e+01 0.0000000e+00 0.0000000e+00
3.6282000e+05 6.6000000e+01 1.3700000e+01 0.0000000e+00 0.0000000e+00
3.6288000e+05 8.7000000e+01 1.1650000e+01 0.0000000e+00 0.0000000e+00
3.6294000e+05 9.1000000e+01 9.9000001e+00 0.0000000e+00 0.0000000e+00
3.6300000e+05 8.9000000e+01 1.0100000e+01 0.0000000e+00 0.0000000e+00
3.6306000e+05 8.3000000e+01 1.0200000e+01 0.0000000e+00 0.0000000e+00
3.6312000e+05 8.3000000e+01 9.7500000e+00 0.0000000e+00 0.0000000e+00
3.6318000e+05 8.5000000e+01 9.5000000e+00 0.0000000e+00 0.0000000e+00
3.6324000e+05 8.4000000e+01 9.4499998e+00 0.0000000e+00 0.0000000e+00
3.6330000e+05 8.2000000e+01 1.0250000e+01 0.0000000e+00 3.2284321e+01
3.6336000e+05 8.6000000e+01 1.0800000e+01 0.0000000e+00 6.1013390e+01
3.6342000e+05 7.7000000e+01 1.0750000e+01 0.0000000e+00 7.9936813e+01
3.6348000e+05 8.2000000e+01 1.1300000e+01 0.0000000e+00 1.2559810e+02
3.6354000e+05 7.5000000e+01 1.1800000e+01 0.0000000e+00 1.7409750e+02
3.6360000e+05 6.7000000e+01 1.2450000e+01 0.0000000e+00 1.4642580e+02
3.6366000e+05 8.1000000e+01 1.1950000e+01 0.0000000e+00 9.7402992e+01
3.6372000e+05 8.0000000e+01 1.1650000e+01 0.0000000e+00 5.3349659e+01
3.6378000e+05 8.3000000e+01 1.0950000e+01 0.0000000e+00 3.5630428e+01
3.6384000e+05 9.1000000e+01 1.0250000e+01 0.0000000e+00 1.9892719e+01
3.6390000e+05 9.5000000e+01 9.8000002e+00 0.0000000e+00 5.5300450e+00
3.6396000e+05 9.5000000e+01 9.5500002e+00 0.0000000e+00 0.0000000e+00
3.6402000e+05 9.6000000e+01 9.6999998e+00 0.0000000e+00 0.0000000e+00
3.6408000e+05 6.9000000e+01 1.1450000e+01 0.0000000e+00 0.0000000e+00
3.6414000e+05 6.0000000e+01 1.3600000e+01 0.0000000e+00 0.0000000e+00
3.6420000e+05 6.0000000e+01 1.4500000e+01 0.0000000e+00 0.0000000e+00
3.6426000e+05 5.4000000e+01 1.5100000e+01 0.0000000e+00 0.0000000e+00
3.6432000e+05 5.6000000e+01 1.5600000e+01 0.0000000e+00 0.0000000e+00
3.6438000e+05 5.7000000e+01 1.6200000e+01 0.0000000e+00 0.0000000e+00
3.6444000e+05 5.6000000e+01 1.6500000e+01 0.0000000e+00 0.0000000e+00
3.6450000e+05 6.3000000e+01 1.6250000e+01 0.0000000e+00 0.0000000e+00
3.6456000e+05 5.5000000e+01 1.6500000e+01 0.0000000e+00 0.0000000e+00
3.6462000e+05 5.4000000e+01 1.6950000e+01 0.0000000e+00 0.0000000e+00
3.6468000e+05 5.0000000e+01 1.7200000e+01 0.0000000e+00 8.2286568e+00
3.6474000e+05 4.8000000e+01 1.7950000e+01 0.0000000e+00 1.0437860e+02
3.6480000e+05 6.6000000e+01 1.7000000e+01 0.0000000e+00 7.4466591e+01
3.6486000e+05 7.9000000e+01 1.4750000e+01 0.0000000e+00 3.4646301e+01
3.6492000e+05 8.5000000e+01 1.3950000e+01 0.0000000e+00 5.0011082e+01
3.6498000e+05 9.1000000e+01 1.2950000e+01 0.0000000e+00 3.0370831e+01
3.6504000e+05 9.4000000e+01 1.1600000e+01 0.0000000e+00 3.0177670e+01
3.6510000e+05 9.3000000e+01 1.0250000e+01 0.0000000e+00 3.5298340e+01
3.6516000e+05 8.9000000e+01 9.8000002e+00 0.0000000e+00 3.1180830e+01
3.6522000e+05 8.4000000e+01 1.0150000e+01 0.0000000e+00 5.8434101e+01
3.6528000e+05 7.9000000e+01 1.0800000e+01 0.0000000e+00 7.4916367e+01
3.6534000e+05 8.0000000e+01 1.0600000e+01 0.0000000e+00 2.3088770e+01
3.6540000e+05 8.5000000e+01 1.0500000e+01 0.0000000e+00 0.0000000e+00
3.6546000e+05 6.1000000e+01 1.0450000e+01 0.0000000e+00 0.0000000e+00
3.6552000e+05 6.6000000e+01 1.0750000e+01 0.0000000e+00 0.0000000e+00
3.6558000e+05 6.4000000e+01 1.1050000e+01 0.0000000e+00 0.0000000e+00
3.6564000e+05 6.1000000e+01 1.0950000e+01 0.0000000e+00 0.0000000e+00
3.6570000e+05 7.4000000e+01 1.0150000e+01 0.0000000e+00 0.0000000e+00
3.6576000e+05 6.6000000e+01 9.6499996e+00 0.0000000e+00 0.0000000e+00
3.6582000e+05 8.3000000e+01 9.6999998e+00 0.0000000e+00 0.0000000e+00
3.6588000e+05 9.5000000e+01 8.2500000e+00 0.0000000e+00 0.0000000e+00
3.6594000e+05 9.6000000e+01 7.8000002e+00 0.0000000e+00 0.0000000e+00
3.6600000e+05 9.5000000e+01 7.9500003e+00 0.0000000e+00 0.0000000e+00
3.6606000e+05 9.6000000e+01 7.9500003e+00 0.0000000e+00 0.0000000e+00
3.6612000e+05 9.6000000e+01 7.8000002e+00 0.0000000e+00 0.0000000e+00
3.6618000e+05 9.6000000e+01 7.7500000e+00 0.0000000e+00 2.5482340e+00
3.6624000e+05 9.7000000e+01 7.7500000e+00 0.0000000e+00 1.1293840e+01
3.6630000e+05 9.6000000e+01 8.4000001e+00 0.0000000e+00 7.3722969e+01
3.6636000e+05 8.4000000e+01 9.8000002e+00 0.0000000e+00 3.2723761e+02
3.6642000e+05 7.3000000e+01 1.1050000e+01 0.0000000e+00 3.3573480e+02
3.6648000e+05 8.5000000e+01 1.0600000e+01 0.0000000e+00 1.5807899e+02
3.6654000e+05 7.8000000e+01 1.0400000e+01 0.0000000e+00 2.0572020e+02
3.6660000e+05 8.9000000e+01 1.0200000e+01 0.0000000e+00 1.0577460e+02
3.6666000e+05 8.7000000e+01 9.6999998e+00 0.0000000e+00 1.0078690e+02
3.6672000e+05 8.8000000e+01 9.3499999e+00 0.0000000e+00 2.4135160e+01
3.6678000e+05 8.8000000e+01 8.4000001e+00 0.0000000e+00 9.6084785e+00
3.6684000e+05 8.5000000e+01 7.7000003e+00 0.0000000e+00 0.0000000e+00
3.6690000e+05 9.2000000e+01 7.0500000e+00 0.0000000e+00 0.0000000e+00
3.6696000e+05 9.1000000e+01 6.5999999e+00 0.0000000e+00 0.0000000e+00
3.6702000e+05 9.2000000e+01 6.6499999e+00 0.0000000e+00 0.0000000e+00
3.6708000e+05 9.3000000e+01 6.5999999e+00 0.0000000e+00 0.0000000e+00
3.6714000e+05 9.2000000e+01 6.5999999e+00 0.0000000e+00 0.0000000e+00
3.6720000e+05 9.3000000e+01 6.6500001e+00 0.0000000e+00 0.0000000e+00
3.6726000e+05 8.5000000e+01 6.9500000e+00 0.0000000e+00 0.0000000e+00
3.6732000e+05 9.2000000e+01 6.7500000e+00 0.0000000e+00 0.0000000e+00
3.6738000e+05 9.4000000e+01 6.3000000e+00 0.0000000e+00 0.0000000e+00
3.6744000e+05 9.4000000e+01 6.0999999e+00 0.0000000e+00 0.0000000e+00
3.6750000e+05 9.3000000e+01 6.2500000e+00 0.0000000e+00 0.0000000e+00
3.6756000e+05 9.2000000e+01 6.3499999e+00 0.0000000e+00 0.0000000e+00
3.6762000e+05 9.2000000e+01 6.5000000e+00 0.0000000e+00 0.0000000e+00
3.6768000e+05 9.3000000e+01 6.6500001e+00 0.0000000e+00 1.0147510e+00
3.6774000e+05 9.3000000e+01 7.2500000e+00 0.0000000e+00 5.3592882e+00
3.6780000e+05 9.4000000e+01 8.0000000e+00 0.0000000e+00 9.6420984e+00
3.6786000e+05 8.0000000e+01 1.0050000e+01 0.0000000e+00 1.0609460e+02
3.6792000e+05 8.8000000e+01 1.0600000e+01 0.0000000e+00 6.1668530e+01
3.6798000e+05 9.3000000e+01 1.0500000e+01 0.0000000e+00 3.5444130e+01
3.6804000e+05 9.0000000e+01 1.1150000e+01 0.0000000e+00 7.1379539e+01
3.6810000e+05 8.7000000e+01 1.1350000e+01 0.0000000e+00 6.6494949e+01
3.6816000e+05 8.3000000e+01 1.1100000e+01 0.0000000e+00 3.7271240e+01
3.6822000e+05 8.4000000e+01 1.0500000e+01 0.0000000e+00 5.8175740e+00
3.6828000e+05 8.1000000e+01 1.0450000e+01 0.0000000e+00 0.0000000e+00
3.6834000e+05 8.5000000e+01 1.0350000e+01 0.0000000e+00 0.0000000e+00
3.6840000e+05 8.7000000e+01 1.0050000e+01 0.0000000e+00 0.0000000e+00
3.6846000e+05 9.1000000e+01 9.8499999e+00 0.0000000e+00 0.0000000e+00
3.6852000e+05 9.3000000e+01 9.4500003e+00 0.0000000e+00 0.0000000e+00
3.6858000e+05 9.3000000e+01 9.5999999e+00 0.0000000e+00 0.0000000e+00
3.6864000e+05 9.2000000e+01 9.4499998e+00 0.0000000e+00 0.0000000e+00
3.6870000e+05 9.4000000e+01 9.2000003e+00 0.0000000e+00 0.0000000e+00
3.6876000e+05 9.4000000e+01 8.9499998e+00 0.0000000e+00 0.0000000e+00
3.6882000e+05 9.4000000e+01 8.7500000e+00 0.0000000e+00 0.0000000e+00
3.6888000e+05 9.4000000e+01 8.7000003e+00 0.0000000e+00 0.0000000e+00
3.6894000e+05 9.4000000e+01 8.4499998e+00 0.0000000e+00 0.0000000e+00
3.6900000e+05 9.5000000e+01 8.1500001e+00 0.0000000e+00 0.0000000e+00
3.6906000e+05 9.5000000e+01 8.0999999e+00 0.0000000e+00 8.6522322e+00
3.6912000e+05 9.6000000e+01 8.3000002e+00 0.0000000e+00 3.3585999e+01
3.6918000e+05 9.5000000e+01 8.5000000e+00 0.0000000e+00 8.0539864e+01
3.6924000e+05 9.2000000e+01 9.0499997e+00 0.0000000e+00 1.4753780e+02
3.6930000e+05 9.0000000e+01 9.2000003e+00 0.0000000e+00 1.9678419e+02
3.6936000e+05 8.1000000e+01 1.0000000e+01 0.0000000e+00 2.0189850e+02
3.6942000e+05 7.8000000e+01 1.0850000e+01 0.0000000e+00 1.7832080e+02
3.6948000e+05 7.5000000e+01 1.0500000e+01 0.0000000e+00 1.2881580e+02
3.6954000e+05 8.0000000e+01 1.0550000e+01 0.0000000e+00 8.0306137e+01
3.6960000e+05 8.6000000e+01 9.9499998e+00 0.0000000e+00 3.1423309e+01
3.6966000e+05 9.2000000e+01 9.3499999e+00 0.0000000e+00 4.5039458e+00
3.6972000e+05 9.3000000e+01 8.7500000e+00 0.0000000e+00 0.0000000e+00
3.6978000e+05 9.3000000e+01 8.5999999e+00 0.0000000e+00 0.0000000e+00
3.6984000e+05 9.3000000e+01 8.7500000e+00 0.0000000e+00 0.0000000e+00
3.6990000e+05 8.2000000e+01 1.0050000e+01 0.0000000e+00 0.0000000e+00
3.6996000e+05 8.1000000e+01 1.1000000e+01 0.0000000e+00 0.0000000e+00
3.7002000e+05 7.6000000e+01 1.1750000e+01 0.0000000e+00 0.0000000e+00
3.7008000e+05 7.9000000e+01 1.2700000e+01 0.0000000e+00 0.0000000e+00
3.7014000e+05 7.8000000e+01 1.2650000e+01 0.0000000e+00 0.0000000e+00
3.7020000e+05 8.4000000e+01 1.2750000e+01 0.0000000e+00 0.0000000e+00
3.7026000e+05 8.7000000e+01 1.2550000e+01 0.0000000e+00 0.0000000e+00
3.7032000e+05 8.7000000e+01 1.2250000e+01 0.0000000e+00 0.0000000e+00
3.7038000e+05 8.3000000e+01 1.2150000e+01 0.0000000e+00 0.0000000e+00
3.7044000e+05 8.1000000e+01 1.2700000e+01 0.0000000e+00 0.0000000e+00
3.7050000e+05 7.6000000e+01 1.3250000e+01 0.0000000e+00 1.9111420e+01
3.7056000e+05 7.7000000e+01 1.4050000e+01 0.0000000e+00 4.8659489e+01
3.7062000e+05 7.9000000e+01 1.4400000e+01 0.0000000e+00 7.3106194e+01
3.7068000e+05 8.0000000e+01 1.4500000e+01 0.0000000e+00 5.4245979e+01
3.7074000e+05 7.8000000e+01 1.5000000e+01 0.0000000e+00 9.2891273e+01
3.7080000e+05 7.9000000e+01 1.5600000e+01 0.0000000e+00 1.1514550e+02
3.7086000e+05 7.5000000e+01 1.6950000e+01 0.0000000e+00 1.7100670e+02
3.7092000e+05 6.8000000e+01 1.7900000e+01 0.0000000e+00 1.6371930e+02
3.7098000e+05 7.3000000e+01 1.6799999e+01 0.0000000e+00 9.9678886e+01
3.7104000e+05 7.4000000e+01 1.5900000e+01 0.0000000e+00 4.4999062e+01
3.7110000e+05 7.4000000e+01 1.5100000e+01 0.0000000e+00 1.0478410e+01
3.7116000e+05 7.8000000e+01 1.4350000e+01 0.0000000e+00 0.0000000e+00
3.7122000e+05 8.0000000e+01 1.3950000e+01 0.0000000e+00 0.0000000e+00
3.7128000e+05 8.5000000e+01 1.3800000e+01 0.0000000e+00 0.0000000e+00
3.7134000e+05 8.3000000e+01 1.3450000e+01 0.0000000e+00 0.0000000e+00
3.7140000e+05 7.0000000e+01 1.4600000e+01 0.0000000e+00 0.0000000e+00
3.7146000e+05 6.4000000e+01 1.5850000e+01 0.0000000e+00 0.0000000e+00
3.7152000e+05 6.0000000e+01 1.6550000e+01 0.0000000e+00 0.0000000e+00
3.7158000e+05 6.4000000e+01 1.6050000e+01 0.0000000e+00 0.0000000e+00
3.7164000e+05 5.8000000e+01 1.6700001e+01 0.0000000e+00 0.0000000e+00
3.7170000e+05 6.3000000e+01 1.6450000e+01 0.0000000e+00 0.0000000e+00
3.7176000e+05 6.1000000e+01 1.6750000e+01 0.0000000e+00 0.0000000e+00
3.7182000e+05 5.9000000e+01 1.6800000e+01 0.0000000e+00 0.0000000e+00
3.7188000e+05 5.9000000e+01 1.6800000e+01 0.0000000e+00 0.0000000e+00
3.7194000e+05 5.5000000e+01 1.7200000e+01 0.0000000e+00 2.7872589e+01
3.7200000e+05 5.4000000e+01 1.7550000e+01 0.0000000e+00 2.8734791e+01
3.7206000e+05 4.8000000e+01 1.8600000e+01 0.0000000e+00 6.9932800e+01
3.7212000e+05 4.8000000e+01 1.9650000e+01 0.0000000e+00 1.5775999e+02
3.7218000e+05 4.4000000e+01 2.1050000e+01 0.0000000e+00 2.8273141e+02
3.7224000e+05 4.3000000e+01 2.1750000e+01 0.0000000e+00 3.6522079e+02
3.7230000e+05 4.4000000e+01 2.2250000e+01 0.0000000e+00 4.1759091e+02
3.7236000e+05 4.5000000e+01 2.1500000e+01 0.0000000e+00 2.0713989e+02
3.7242000e+05 4.8000000e+01 2.0450000e+01 0.0000000e+00 6.8026718e+01
3.7248000e+05 4.7000000e+01 1.9900001e+01 0.0000000e+00 2.7710430e+01
3.7254000e+05 4.8000000e+01 1.9700000e+01 0.0000000e+00 1.4957950e+00
3.7260000e+05 4.8000000e+01 1.9500000e+01 0.0000000e+00 0.0000000e+00
3.7266000e+05 4.8000000e+01 1.9050000e+01 0.0000000e+00 0.0000000e+00
3.7272000e+05 4.7000000e+01 1.9200000e+01 0.0000000e+00 0.0000000e+00
3.7278000e+05 4.5000000e+01 1.9450000e+01 0.0000000e+00 0.0000000e+00
3.7284000e+05 4.7000000e+01 1.9150000e+01 0.0000000e+00 0.0000000e+00
3.7290000e+05 4.7000000e+01 1.8700000e+01 0.0000000e+00 0.0000000e+00
3.7296000e+05 7.2000000e+01 1.7750000e+01 0.0000000e+00 0.0000000e+00
3.7302000e+05 8.8000000e+01 1.4400000e+01 0.0000000e+00 0.0000000e+00
3.7308000e+05 7.5000000e+01 1.2750000e+01 0.0000000e+00 0.0000000e+00
3.7314000e+05 7.2000000e+01 1.3050000e+01 0.0000000e+00 0.0000000e+00
3.7320000e+05 7.0000000e+01 1.3100000e+01 0.0000000e+00 0.0000000e+00
3.7326000e+05 7.7000000e+01 1.2250000e+01 0.0000000e+00 0.0000000e+00
3.7332000e+05 6.2000000e+01 1.1900000e+01 0.0000000e+00 0.0000000e+00
3.7338000e+05 7.7000000e+01 1.2500000e+01 0.0000000e+00 1.6549480e+01
3.7344000e+05 7.2000000e+01 1.2850000e+01 0.0000000e+00 1.3422301e+02
3.7350000e+05 6.6000000e+01 1.4550000e+01 0.0000000e+00 2.7745160e+02
3.7356000e+05 5.7000000e+01 1.5750000e+01 0.0000000e+00 3.6620709e+02
3.7362000e+05 5.5000000e+01 1.6550000e+01 0.0000000e+00 4.0404050e+02
3.7368000e+05 4.9000000e+01 1.7400000e+01 0.0000000e+00 3.9890451e+02
3.7374000e+05 4.9000000e+01 1.7250000e+01 0.0000000e+00 3.7198010e+02
3.7380000e+05 5.0000000e+01 1.7150000e+01 0.0000000e+00 3.2055859e+02
3.7386000e+05 5.5000000e+01 1.6950001e+01 0.0000000e+00 2.3157710e+02
3.7392000e+05 6.5000000e+01 1.4950000e+01 0.0000000e+00 9.4273071e+01
3.7398000e+05 7.0000000e+01 1.2300000e+01 0.0000000e+00 9.5053539e+00
3.7404000e+05 7.2000000e+01 1.1250000e+01 0.0000000e+00 0.0000000e+00
3.7410000e+05 8.4000000e+01 1.0700000e+01 0.0000000e+00 0.0000000e+00
3.7416000e+05 7.7000000e+01 1.0250000e+01 0.0000000e+00 0.0000000e+00
3.7422000e+05 7.2000000e+01 1.0450000e+01 0.0000000e+00 0.0000000e+00
3.7428000e+05 6.7000000e+01 1.0450000e+01 0.0000000e+00 0.0000000e+00
3.7434000e+05 5.7000000e+01 1.1050000e+01 0.0000000e+00 0.0000000e+00
3.7440000e+05 5.3000000e+01 1.2100000e+01 0.0000000e+00 0.0000000e+00
3.7446000e+05 5.1000000e+01 1.2600000e+01 0.0000000e+00 0.0000000e+00
3.7452000e+05 5.1000000e+01 1.2800000e+01 0.0000000e+00 0.0000000e+00
3.7458000e+05 6.0000000e+01 1.1900000e+01 0.0000000e+00 0.0000000e+00
3.7464000e+05 5.2000000e+01 1.2150000e+01 0.0000000e+00 0.0000000e+00
3.7470000e+05 5.2000000e+01 1.2850000e+01 0.0000000e+00 0.0000000e+00
3.7476000e+05 5.1000000e+01 1.2950000e+01 0.0000000e+00 0.0000000e+00
3.7482000e+05 5.0000000e+01 1.3400000e+01 0.0000000e+00 4.0313878e+00
3.7488000e+05 5.2000000e+01 1.3350000e+01 0.0000000e+00 2.5724730e+01
3.7494000e+05 5.9000000e+01 1.3350000e+01 0.0000000e+00 5.6366661e+01
3.7500000e+05 5.2000000e+01 1.4300000e+01 0.0000000e+00 9.8516434e+01
3.7506000e+05 3.8000000e+01 1.6800000e+01 0.0000000e+00 2.7847150e+02
3.7512000e+05 4.2000000e+01 1.7750000e+01 0.0000000e+00 3.0891309e+02
3.7518000e+05 4.3000000e+01 1.7450001e+01 0.0000000e+00 1.8437880e+02
3.7524000e+05 4.4000000e+01 1.7500000e+01 0.0000000e+00 1.9074860e+02
3.7530000e+05 4.3000000e+01 1.7500000e+01 0.0000000e+00 1.6742419e+02
3.7536000e+05 4.5000000e+01 1.6850000e+01 0.0000000e+00 8.7158157e+01
3.7542000e+05 4.2000000e+01 1.5250000e+01 0.0000000e+00 1.1615360e+01
3.7548000e+05 4.4000000e+01 1.4950000e+01 0.0000000e+00 0.0000000e+00
3.7554000e+05 4.8000000e+01 1.4700000e+01 0.0000000e+00 0.0000000e+00
3.7560000e+05 6.4000000e+01 1.3450000e+01 0.0000000e+00 0.0000000e+00
3.7566000e+05 6.4000000e+01 1.2650000e+01 0.0000000e+00 0.0000000e+00
3.7572000e+05 7.3000000e+01 1.2100000e+01 0.0000000e+00 0.0000000e+00
3.7578000e+05 7.2000000e+01 1.1350000e+01 0.0000000e+00 0.0000000e+00
3.7584000e+05 7.0000000e+01 1.1350000e+01 0.0000000e+00 0.0000000e+00
3.7590000e+05 6.0000000e+01 1.2050000e+01 0.0000000e+00 0.0000000e+00
3.7596000e+05 5.9000000e+01 1.2700000e+01 0.0000000e+00 0.0000000e+00
3.7602000e+05 6.4000000e+01 1.2600000e+01 0.0000000e+00 0.0000000e+00
3.7608000e+05 6.2000000e+01 1.2950000e+01 0.0000000e+00 0.0000000e+00
3.7614000e+05 6.6000000e+01 1.3000000e+01 0.0000000e+00 0.0000000e+00
3.7620000e+05 7.3000000e+01 1.2300000e+01 0.0000000e+00 0.0000000e+00
3.7626000e+05 7.1000000e+01 1.2300000e+01 0.0000000e+00 1.6142920e+01
3.7632000e+05 6.7000000e+01 1.2800000e+01 0.0000000e+00 3.3063480e+01
3.7638000e+05 6.2000000e+01 1.3850000e+01 0.0000000e+00 1.0155830e+02
3.7644000e+05 4.8000000e+01 1.5900001e+01 0.0000000e+00 3.4709210e+02
3.7650000e+05 4.7000000e+01 1.7050000e+01 0.0000000e+00 2.3415990e+02
3.7656000e+05 4.7000000e+01 1.6850000e+01 0.0000000e+00 1.7742610e+02
3.7662000e+05 4.5000000e+01 1.6950000e+01 0.0000000e+00 1.6653380e+02
3.7668000e+05 5.0000000e+01 1.7800000e+01 0.0000000e+00 2.3524660e+02
3.7674000e+05 4.7000000e+01 1.8100000e+01 0.0000000e+00 2.0086070e+02
3.7680000e+05 5.2000000e+01 1.6650000e+01 0.0000000e+00 1.0438520e+02
3.7686000e+05 5.1000000e+01 1.5050000e+01 0.0000000e+00 6.2179551e+00
3.7692000e+05 5.0000000e+01 1.4750000e+01 0.0000000e+00 0.0000000e+00
3.7698000e+05 5.2000000e+01 1.4500000e+01 0.0000000e+00 0.0000000e+00
3.7704000e+05 5.1000000e+01 1.4050000e+01 0.0000000e+00 0.0000000e+00
3.7710000e+05 5.2000000e+01 1.3900000e+01 0.0000000e+00 0.0000000e+00
3.7716000e+05 5.2000000e+01 1.3600000e+01 0.0000000e+00 0.0000000e+00
3.7722000e+05 5.3000000e+01 1.3300000e+01 0.0000000e+00 0.0000000e+00
3.7728000e+05 5.4000000e+01 1.3200000e+01 0.0000000e+00 0.0000000e+00
3.7734000e+05 5.4000000e+01 1.2950000e+01 0.0000000e+00 0.0000000e+00
3.7740000e+05 5.3000000e+01 1.3400000e+01 0.0000000e+00 0.0000000e+00
3.7746000e+05 5.3000000e+01 1.3900000e+01 0.0000000e+00 0.0000000e+00
3.7752000e+05 5.4000000e+01 1.3300000e+01 0.0000000e+00 0.0000000e+00
3.7758000e+05 5.0000000e+01 1.3300000e+01 0.0000000e+00 0.0000000e+00
3.7764000e+05 4.9000000e+01 1.3050000e+01 0.0000000e+00 0.0000000e+00
3.7770000e+05 4.9000000e+01 1.3150000e+01 0.0000000e+00 1.1863580e+01
3.7776000e+05 4.3000000e+01 1.4600000e+01 0.0000000e+00 1.3158389e+02
3.7782000e+05 3.9000000e+01 1.6500000e+01 0.0000000e+00 3.0990530e+02
3.7788000e+05 3.8000000e+01 1.7600000e+01 0.0000000e+00 3.9576691e+02
3.7794000e+05 6.3000000e+01 1.5950000e+01 0.0000000e+00 1.0440930e+02
3.7800000e+05 6.8000000e+01 1.4400000e+01 0.0000000e+00 8.6876312e+01
3.7806000e+05 6.4000000e+01 1.3750000e+01 0.0000000e+00 1.0493220e+02
3.7812000e+05 6.2000000e+01 1.4400000e+01 0.0000000e+00 1.2962450e+02
3.7818000e+05 5.1000000e+01 1.4800000e+01 0.0000000e+00 9.3425232e+01
3.7824000e+05 5.2000000e+01 1.5050000e+01 0.0000000e+00 3.5297611e+01
3.7830000e+05 5.4000000e+01 1.4750000e+01 0.0000000e+00 0.0000000e+00
3.7836000e+05 7.2000000e+01 1.3500000e+01 0.0000000e+00 0.0000000e+00
3.7842000e+05 6.0000000e+01 1.3500000e+01 0.0000000e+00 0.0000000e+00
3.7848000e+05 6.5000000e+01 1.3500000e+01 0.0000000e+00 0.0000000e+00
3.7854000e+05 6.5000000e+01 1.3300000e+01 0.0000000e+00 0.0000000e+00
3.7860000e+05 7.6000000e+01 1.3200000e+01 0.0000000e+00 0.0000000e+00
3.7866000e+05 5.5000000e+01 1.3600000e+01 0.0000000e+00 0.0000000e+00
3.7872000e+05 4.5000000e+01 1.4050000e+01 0.0000000e+00 0.0000000e+00
3.7878000e+05 4.2000000e+01 1.4250000e+01 0.0000000e+00 0.0000000e+00
3.7884000e+05 3.9000000e+01 1.4000000e+01 0.0000000e+00 0.0000000e+00
3.7890000e+05 4.5000000e+01 1.3150000e+01 0.0000000e+00 0.0000000e+00
3.7896000e+05 4.0000000e+01 1.3250000e+01 0.0000000e+00 0.0000000e+00
3.7902000e+05 4.1000000e+01 1.2800000e+01 0.0000000e+00 0.0000000e+00
3.7908000e+05 4.8000000e+01 1.2450000e+01 0.0000000e+00 0.0000000e+00
3.7914000e+05 4.7000000e+01 1.2350000e+01 0.0000000e+00 5.2385559e+01
3.7920000e+05 3.8000000e+01 1.4200000e+01 0.0000000e+00 1.5402840e+02
3.7926000e+05 3.8000000e+01 1.5150000e+01 0.0000000e+00 2.0464909e+02
3.7932000e+05 3.4000000e+01 1.5350000e+01 0.0000000e+00 2.4760460e+02
3.7938000e+05 3.2000000e+01 1.6500000e+01 0.0000000e+00 3.5666779e+02
3.7944000e+05 3.0000000e+01 1.6550000e+01 0.0000000e+00 3.3323141e+02
3.7950000e+05 3.6000000e+01 1.6200000e+01 0.0000000e+00 2.4854800e+02
3.7956000e+05 4.7000000e+01 1.5250000e+01 0.0000000e+00 1.0584080e+02
3.7962000e+05 5.4000000e+01 1.4350000e+01 0.0000000e+00 9.1477112e+01
3.7968000e+05 6.2000000e+01 1.3450000e+01 0.0000000e+00 5.3663109e+01
3.7974000e+05 5.4000000e+01 1.2400000e+01 0.0000000e+00 1.1158270e+01
3.7980000e+05 5.8000000e+01 1.0850000e+01 0.0000000e+00 0.0000000e+00
3.7986000e+05 6.5000000e+01 9.5999999e+00 0.0000000e+00 0.0000000e+00
3.7992000e+05 6.8000000e+01 8.9000001e+00 0.0000000e+00 0.0000000e+00
3.7998000e+05 6.7000000e+01 8.6999998e+00 0.0000000e+00 0.0000000e+00
3.8004000e+05 6.6000000e+01 8.8500004e+00 0.0000000e+00 0.0000000e+00
3.8010000e+05 5.0000000e+01 9.9000001e+00 0.0000000e+00 0.0000000e+00
3.8016000e+05 4.7000000e+01 1.1400000e+01 0.0000000e+00 0.0000000e+00
3.8022000e+05 4.7000000e+01 1.1800000e+01 0.0000000e+00 0.0000000e+00
3.8028000e+05 4.6000000e+01 1.2250000e+01 0.0000000e+00 0.0000000e+00
3.8034000e+05 4.1000000e+01 1.3050000e+01 0.0000000e+00 0.0000000e+00
3.8040000e+05 4.1000000e+01 1.3500000e+01 0.0000000e+00 0.0000000e+00
3.8046000e+05 4.3000000e+01 1.3650000e+01 0.0000000e+00 0.0000000e+00
3.8052000e+05 4.5000000e+01 1.3600000e+01 0.0000000e+00 0.0000000e+00
3.8058000e+05 4.5000000e+01 1.4400000e+01 0.0000000e+00 0.0000000e+00
3.8064000e+05 5.0000000e+01 1.4650000e+01 0.0000000e+00 0.0000000e+00
3.8070000e+05 4.3000000e+01 1.5750000e+01 0.0000000e+00 1.9740370e+01
3.8076000e+05 4.3000000e+01 1.6900000e+01 0.0000000e+00 1.3249989e+02
3.8082000e+05 4.4000000e+01 1.7450000e+01 0.0000000e+00 1.2753460e+02
3.8088000e+05 4.9000000e+01 1.7150001e+01 0.0000000e+00 6.5400848e+01
3.8094000e+05 6.8000000e+01 1.5550000e+01 0.0000000e+00 4.2405750e+01
3.8100000e+05 6.3000000e+01 1.4250000e+01 0.0000000e+00 8.0226257e+01
3.8106000e+05 5.2000000e+01 1.5450000e+01 0.0000000e+00 2.5682239e+02
3.8112000e+05 6.6000000e+01 1.5600000e+01 0.0000000e+00 1.7096590e+02
3.8118000e+05 5.4000000e+01 1.5250000e+01 0.0000000e+00 1.9845190e+01
3.8124000e+05 4.4000000e+01 1.5100000e+01 0.0000000e+00 0.0000000e+00
3.8130000e+05 6.2000000e+01 1.4150000e+01 0.0000000e+00 0.0000000e+00
3.8136000e+05 5.0000000e+01 1.3250000e+01 0.0000000e+00 0.0000000e+00
3.8142000e+05 4.6000000e+01 1.2950000e+01 0.0000000e+00 0.0000000e+00
3.8148000e+05 6.0000000e+01 1.3150000e+01 0.0000000e+00 0.0000000e+00
3.8154000e+05 3.7000000e+01 1.2950000e+01 0.0000000e+00 0.0000000e+00
3.8160000e+05 3.9000000e+01 1.4350000e+01 0.0000000e+00 0.0000000e+00
3.8166000e+05 4.0000000e+01 1.4550000e+01 0.0000000e+00 0.0000000e+00
3.8172000e+05 4.8000000e+01 1.4250000e+01 0.0000000e+00 0.0000000e+00
3.8178000e+05 5.0000000e+01 1.3400000e+01 0.0000000e+00 0.0000000e+00
3.8184000e+05 6.0000000e+01 1.2900000e+01 0.0000000e+00 0.0000000e+00
3.8190000e+05 6.9000000e+01 1.1650000e+01 0.0000000e+00 0.0000000e+00
3.8196000e+05 7.5000000e+01 1.0800000e+01 0.0000000e+00 0.0000000e+00
3.8202000e+05 6.3000000e+01 1.1600000e+01 0.0000000e+00 3.0057380e+00
3.8208000e+05 6.5000000e+01 1.1950000e+01 0.0000000e+00 3.0058500e+01
3.8214000e+05 6.6000000e+01 1.1850000e+01 0.0000000e+00 9.1687134e+01
3.8220000e+05 6.6000000e+01 1.2750000e+01 0.0000000e+00 1.1832210e+02
3.8226000e+05 5.0000000e+01 1.3850000e+01 0.0000000e+00 1.6626801e+02
3.8232000e+05 5.4000000e+01 1.4650000e+01 0.0000000e+00 1.1611430e+02
3.8238000e+05 5.3000000e+01 1.4200000e+01 0.0000000e+00 8.8129646e+01
3.8244000e+05 5.3000000e+01 1.4250000e+01 0.0000000e+00 6.9427971e+01
3.8250000e+05 5.4000000e+01 1.3900000e+01 0.0000000e+00 6.0709942e+01
3.8256000e+05 5.5000000e+01 1.3750000e+01 0.0000000e+00 3.6253719e+01
3.8262000e+05 7.2000000e+01 1.2200000e+01 0.0000000e+00 0.0000000e+00
3.8268000e+05 6.0000000e+01 1.1750000e+01 0.0000000e+00 0.0000000e+00
3.8274000e+05 5.2000000e+01 1.2850000e+01 0.0000000e+00 0.0000000e+00
3.8280000e+05 5.1000000e+01 1.3150000e+01 0.0000000e+00 0.0000000e+00
3.8286000e+05 5.4000000e+01 1.3050000e+01 0.0000000e+00 0.0000000e+00
3.8292000e+05 5.6000000e+01 1.2650000e+01 0.0000000e+00 0.0000000e+00
3.8298000e+05 4.9000000e+01 1.2700000e+01 0.0000000e+00 0.0000000e+00
3.8304000e+05 5.6000000e+01 1.2950000e+01 0.0000000e+00 0.0000000e+00
3.8310000e+05 5.4000000e+01 1.2450000e+01 0.0000000e+00 0.0000000e+00
3.8316000e+05 6.3000000e+01 1.2050000e+01 0.0000000e+00 0.0000000e+00
3.8322000e+05 5.3000000e+01 1.2050000e+01 0.0000000e+00 0.0000000e+00
3.8328000e+05 5.8000000e+01 1.2600000e+01 0.0000000e+00 0.0000000e+00
3.8334000e+05 5.3000000e+01 1.2450000e+01 0.0000000e+00 0.0000000e+00
3.8340000e+05 5.7000000e+01 1.2650000e+01 0.0000000e+00 0.0000000e+00
3.8346000e+05 5.3000000e+01 1.2700000e+01 0.0000000e+00 4.4430571e+00
3.8352000e+05 5.3000000e+01 1.3500000e+01 0.0000000e+00 4.4461060e+01
3.8358000e+05 5.5000000e+01 1.3150000e+01 0.0000000e+00 2.8522301e+01
3.8364000e+05 5.0000000e+01 1.3600000e+01 0.0000000e+00 6.8076630e+01
3.8370000e+05 5.0000000e+01 1.4750000e+01 0.0000000e+00 1.8841451e+02
3.8376000e+05 4.7000000e+01 1.5200000e+01 0.0000000e+00 2.6215161e+02
3.8382000e+05 4.8000000e+01 1.5500000e+01 0.0000000e+00 2.4873720e+02
3.8388000e+05 5.1000000e+01 1.5000000e+01 0.0000000e+00 1.3332240e+02
3.8394000e+05 5.5000000e+01 1.4150000e+01 0.0000000e+00 5.5900650e+01
3.8400000e+05 5.8000000e+01 1.3550000e+01 0.0000000e+00 2.5854990e+01
3.8406000e+05 6.5000000e+01 1.2550000e+01 0.0000000e+00 0.0000000e+00
3.8412000e+05 6.9000000e+01 1.1800000e+01 0.0000000e+00 0.0000000e+00
3.8418000e+05 8.5000000e+01 1.1000000e+01 0.0000000e+00 0.0000000e+00
3.8424000e+05 9.0000000e+01 1.0200000e+01 0.0000000e+00 0.0000000e+00
3.8430000e+05 8.7000000e+01 9.9500003e+00 0.0000000e+00 0.0000000e+00
3.8436000e+05 8.9000000e+01 1.0000000e+01 0.0000000e+00 0.0000000e+00
3.8442000e+05 8.7000000e+01 9.9000001e+00 0.0000000e+00 0.0000000e+00
3.8448000e+05 8.4000000e+01 9.8000002e+00 0.0000000e+00 0.0000000e+00
3.8454000e+05 8.7000000e+01 9.3500004e+00 0.0000000e+00 0.0000000e+00
3.8460000e+05 8.6000000e+01 9.3000002e+00 0.0000000e+00 0.0000000e+00
3.8466000e+05 8.7000000e+01 8.8500004e+00 0.0000000e+00 0.0000000e+00
3.8472000e+05 8.7000000e+01 9.0999999e+00 0.0000000e+00 0.0000000e+00
3.8478000e+05 8.8000000e+01 9.1499996e+00 0.0000000e+00 0.0000000e+00
3.8484000e+05 8.8000000e+01 9.0999999e+00 0.0000000e+00 0.0000000e+00
3.8490000e+05 8.7000000e+01 9.3000002e+00 0.0000000e+00 3.5359149e+00
3.8496000e+05 8.6000000e+01 1.0200000e+01 0.0000000e+00 7.6549919e+01
3.8502000e+05 8.1000000e+01 1.1650000e+01 0.0000000e+00 1.5599719e+02
3.8508000e+05 7.8000000e+01 1.1500000e+01 0.0000000e+00 1.2939320e+02
3.8514000e+05 7.4000000e+01 1.2250000e+01 0.0000000e+00 1.9521370e+02
3.8520000e+05 7.3000000e+01 1.2950000e+01 0.0000000e+00 1.8775980e+02
3.8526000e+05 7.9000000e+01 1.2800000e+01 0.0000000e+00 1.2020260e+02
3.8532000e+05 7.6000000e+01 1.2750000e+01 0.0000000e+00 9.5111969e+01
3.8538000e+05 9.3000000e+01 1.1650000e+01 0.0000000e+00 2.2611851e+01
3.8544000e+05 9.4000000e+01 1.0800000e+01 0.0000000e+00 1.6722860e+01
3.8550000e+05 9.5000000e+01 1.0550000e+01 0.0000000e+00 0.0000000e+00
3.8556000e+05 9.5000000e+01 1.0450000e+01 0.0000000e+00 0.0000000e+00
3.8562000e+05 9.3000000e+01 9.8499999e+00 0.0000000e+00 0.0000000e+00
3.8568000e+05 9.3000000e+01 9.0000000e+00 0.0000000e+00 0.0000000e+00
3.8574000e+05 8.9000000e+01 8.4499998e+00 0.0000000e+00 0.0000000e+00
3.8580000e+05 8.5000000e+01 8.3499999e+00 0.0000000e+00 0.0000000e+00
3.8586000e+05 8.6000000e+01 8.4499998e+00 0.0000000e+00 0.0000000e+00
3.8592000e+05 8.7000000e+01 8.5999999e+00 0.0000000e+00 0.0000000e+00
3.8598000e+05 8.6000000e+01 8.6500001e+00 0.0000000e+00 0.0000000e+00
3.8604000e+05 8.6000000e+01 8.7000003e+00 0.0000000e+00 0.0000000e+00
3.8610000e+05 8.6000000e+01 8.7000003e+00 0.0000000e+00 0.0000000e+00
3.8616000e+05 8.8000000e+01 8.7000003e+00 0.0000000e+00 0.0000000e+00
3.8622000e+05 8.9000000e+01 8.6999998e+00 0.0000000e+00 0.0000000e+00
3.8628000e+05 9.2000000e+01 8.4500003e+00 0.0000000e+00 0.0000000e+00
3.8634000e+05 9.2000000e+01 8.4000001e+00 0.0000000e+00 5.0765891e+00
3.8640000e+05 9.0000000e+01 8.9499998e+00 0.0000000e+00 4.6897621e+01
3.8646000e+05 8.4000000e+01 9.8499999e+00 0.0000000e+00 1.0663050e+02
3.8652000e+05 7.6000000e+01 1.1000000e+01 0.0000000e+00 1.4662500e+02
3.8658000e+05 6.3000000e+01 1.2300000e+01 0.0000000e+00 2.4351140e+02
3.8664000e+05 7.0000000e+01 1.2900000e+01 0.0000000e+00 1.2724090e+02
3.8670000e+05 6.7000000e+01 1.2250000e+01 0.0000000e+00 6.5634132e+01
3.8676000e+05 6.1000000e+01 1.2300000e+01 0.0000000e+00 4.7864140e+01
3.8682000e+05 6.0000000e+01 1.2050000e+01 0.0000000e+00 2.8909929e+01
3.8688000e+05 6.1000000e+01 1.2050000e+01 0.0000000e+00 9.6897774e+00
3.8694000e+05 6.6000000e+01 1.1900000e+01 0.0000000e+00 0.0000000e+00
3.8700000e+05 7.9000000e+01 1.1150000e+01 0.0000000e+00 0.0000000e+00
3.8706000e+05 7.0000000e+01 1.1450000e+01 0.0000000e+00 0.0000000e+00
3.8712000e+05 7.0000000e+01 1.2550000e+01 0.0000000e+00 0.0000000e+00
3.8718000e+05 8.5000000e+01 1.2450000e+01 0.0000000e+00 0.0000000e+00
3.8724000e+05 8.8000000e+01 1.1700000e+01 0.0000000e+00 0.0000000e+00
3.8730000e+05 9.3000000e+01 1.2400000e+01 0.0000000e+00 0.0000000e+00
3.8736000e+05 9.5000000e+01 1.2650000e+01 0.0000000e+00 0.0000000e+00
3.8742000e+05 9.6000000e+01 1.2600000e+01 0.0000000e+00 0.0000000e+00
3.8748000e+05 9.7000000e+01 1.2450000e+01 0.0000000e+00 0.0000000e+00
3.8754000e+05 9.7000000e+01 1.2500000e+01 0.0000000e+00 0.0000000e+00
3.8760000e+05 9.7000000e+01 1.2450000e+01 0.0000000e+00 0.0000000e+00
3.8766000e+05 9.7000000e+01 1.2900000e+01 0.0000000e+00 0.0000000e+00
3.8772000e+05 9.7000000e+01 1.3150000e+01 0.0000000e+00 0.0000000e+00
3.8778000e+05 9.6000000e+01 1.3100000e+01 0.0000000e+00 0.0000000e+00
3.8784000e+05 9.7000000e+01 1.3150000e+01 0.0000000e+00 1.1872110e+00
3.8790000e+05 9.7000000e+01 1.3350000e+01 0.0000000e+00 2.3779631e+01
3.8796000e+05 9.7000000e+01 1.3900000e+01 0.0000000e+00 9.6969437e+01
3.8802000e+05 9.6000000e+01 1.4250000e+01 0.0000000e+00 7.4848152e+01
3.8808000e+05 9.6000000e+01 1.4300000e+01 0.0000000e+00 7.4195618e+01
3.8814000e+05 9.6000000e+01 1.4000000e+01 0.0000000e+00 5.0035461e+01
3.8820000e+05 9.6000000e+01 1.3900000e+01 0.0000000e+00 4.1995499e+01
3.8826000e+05 9.7000000e+01 1.3600000e+01 0.0000000e+00 2.0388611e+01
3.8832000e+05 9.6000000e+01 1.3400000e+01 0.0000000e+00 4.9271870e+00
3.8838000e+05 9.7000000e+01 1.3300000e+01 0.0000000e+00 0.0000000e+00
3.8844000e+05 9.7000000e+01 1.3050000e+01 0.0000000e+00 0.0000000e+00
3.8850000e+05 9.7000000e+01 1.2950000e+01 0.0000000e+00 0.0000000e+00
3.8856000e+05 9.7000000e+01 1.2700000e+01 0.0000000e+00 0.0000000e+00
3.8862000e+05 9.8000000e+01 1.2350000e+01 0.0000000e+00 0.0000000e+00
3.8868000e+05 9.8000000e+01 1.2200000e+01 0.0000000e+00 0.0000000e+00
3.8874000e+05 9.8000000e+01 1.2250000e+01 0.0000000e+00 0.0000000e+00
3.8880000e+05 9.8000000e+01 1.2450000e+01 0.0000000e+00 0.0000000e+00
3.8886000e+05 9.8000000e+01 1.2750000e+01 0.0000000e+00 0.0000000e+00
3.8892000e+05 9.8000000e+01 1.2800000e+01 0.0000000e+00 0.0000000e+00
3.8898000e+05 9.8000000e+01 1.3000000e+01 0.0000000e+00 0.0000000e+00
3.8904000e+05 9.8000000e+01 1.3000000e+01 0.0000000e+00 0.0000000e+00
3.8910000e+05 9.8000000e+01 1.3250000e+01 0.0000000e+00 0.0000000e+00
3.8916000e+05 9.8000000e+01 1.3300000e+01 0.0000000e+00 0.0000000e+00
3.8922000e+05 9.8000000e+01 1.3350000e+01 0.0000000e+00 0.0000000e+00
3.8928000e+05 9.8000000e+01 1.3450000e+01 0.0000000e+00 9.3846321e+00
3.8934000e+05 9.8000000e+01 1.3900000e+01 0.0000000e+00 6.8386993e+01
3.8940000e+05 9.6000000e+01 1.4500000e+01 0.0000000e+00 6.6975212e+01
3.8946000e+05 6.8000000e+01 1.6700000e+01 0.0000000e+00 1.1886250e+02
3.8952000e+05 6.7000000e+01 1.8750000e+01 0.0000000e+00 1.0578480e+02
3.8958000e+05 6.2000000e+01 1.8800000e+01 0.0000000e+00 1.0738630e+02
3.8964000e+05 5.9000000e+01 1.8750000e+01 0.0000000e+00 9.0423553e+01
3.8970000e+05 6.0000000e+01 1.8300000e+01 0.0000000e+00 4.0215988e+01
3.8976000e+05 6.0000000e+01 1.7799999e+01 0.0000000e+00 7.2008290e+00
3.8982000e+05 7.1000000e+01 1.6750000e+01 0.0000000e+00 0.0000000e+00
3.8988000e+05 6.5000000e+01 1.6050000e+01 0.0000000e+00 0.0000000e+00
3.8994000e+05 6.3000000e+01 1.5950000e+01 0.0000000e+00 0.0000000e+00
3.9000000e+05 6.6000000e+01 1.5950000e+01 0.0000000e+00 0.0000000e+00
3.9006000e+05 7.7000000e+01 1.5000000e+01 0.0000000e+00 0.0000000e+00
3.9012000e+05 6.8000000e+01 1.4450000e+01 0.0000000e+00 0.0000000e+00
3.9018000e+05 7.9000000e+01 1.4350000e+01 0.0000000e+00 0.0000000e+00
3.9024000e+05 6.1000000e+01 1.4750000e+01 0.0000000e+00 0.0000000e+00
3.9030000e+05 6.3000000e+01 1.5800000e+01 0.0000000e+00 0.0000000e+00
3.9036000e+05 7.5000000e+01 1.4600000e+01 0.0000000e+00 0.0000000e+00
3.9042000e+05 9.2000000e+01 1.2600000e+01 0.0000000e+00 0.0000000e+00
3.9048000e+05 9.6000000e+01 1.1200000e+01 0.0000000e+00 0.0000000e+00
3.9054000e+05 9.6000000e+01 1.0900000e+01 0.0000000e+00 0.0000000e+00
3.9060000e+05 9.6000000e+01 1.0600000e+01 0.0000000e+00 0.0000000e+00
3.9066000e+05 9.6000000e+01 1.0250000e+01 0.0000000e+00 0.0000000e+00
3.9072000e+05 9.3000000e+01 1.0000000e+01 0.0000000e+00 6.2263031e+00
3.9078000e+05 9.0000000e+01 1.0000000e+01 0.0000000e+00 1.9572130e+01
3.9084000e+05 9.1000000e+01 1.0350000e+01 0.0000000e+00 6.3998859e+01
3.9090000e+05 6.3000000e+01 1.2300000e+01 0.0000000e+00 2.7797540e+02
3.9096000e+05 6.8000000e+01 1.2950000e+01 0.0000000e+00 2.1165331e+02
3.9102000e+05 6.4000000e+01 1.2550000e+01 0.0000000e+00 2.7152301e+02
3.9108000e+05 5.7000000e+01 1.3100000e+01 0.0000000e+00 1.8073570e+02
3.9114000e+05 6.7000000e+01 1.2300000e+01 0.0000000e+00 4.2186050e+01
3.9120000e+05 7.7000000e+01 1.0600000e+01 0.0000000e+00 3.3954239e+00
3.9126000e+05 8.9000000e+01 9.3000002e+00 0.0000000e+00 0.0000000e+00
3.9132000e+05 8.7000000e+01 8.7000003e+00 0.0000000e+00 0.0000000e+00
3.9138000e+05 8.8000000e+01 8.5999999e+00 0.0000000e+00 0.0000000e+00
3.9144000e+05 9.0000000e+01 8.3000000e+00 0.0000000e+00 0.0000000e+00
3.9150000e+05 8.8000000e+01 8.0000002e+00 0.0000000e+00 0.0000000e+00
3.9156000e+05 9.4000000e+01 7.8000002e+00 0.0000000e+00 0.0000000e+00
3.9162000e+05 9.5000000e+01 7.4500000e+00 0.0000000e+00 0.0000000e+00
3.9168000e+05 8.5000000e+01 7.8000002e+00 0.0000000e+00 0.0000000e+00
3.9174000e+05 9.3000000e+01 7.5999999e+00 0.0000000e+00 0.0000000e+00
3.9180000e+05 9.4000000e+01 7.5999999e+00 0.0000000e+00 0.0000000e+00
3.9186000e+05 9.3000000e+01 8.0000002e+00 0.0000000e+00 0.0000000e+00
3.9192000e+05 9.2000000e+01 7.7500000e+00 0.0000000e+00 0.0000000e+00
3.9198000e+05 9.0000000e+01 7.2500000e+00 0.0000000e+00 0.0000000e+00
3.9204000e+05 9.1000000e+01 6.5000000e+00 0.0000000e+00 0.0000000e+00
3.9210000e+05 9.0000000e+01 6.1500001e+00 0.0000000e+00 0.0000000e+00
3.9216000e+05 8.7000000e+01 5.9500000e+00 0.0000000e+00 1.6260750e+01
3.9222000e+05 8.9000000e+01 5.8499999e+00 0.0000000e+00 3.2537971e+01
3.9228000e+05 8.1000000e+01 5.7500000e+00 0.0000000e+00 5.2595070e+01
3.9234000e+05 7.8000000e+01 6.2500000e+00 0.0000000e+00 9.3056541e+01
3.9240000e+05 7.7000000e+01 6.3499999e+00 0.0000000e+00 9.1127121e+01
3.9246000e+05 8.5000000e+01 5.7500000e+00 0.0000000e+00 6.2650040e+01
3.9252000e+05 8.2000000e+01 5.8000000e+00 0.0000000e+00 1.3174319e+02
3.9258000e+05 8.3000000e+01 5.7500000e+00 0.0000000e+00 4.7214050e+01
3.9264000e+05 8.4000000e+01 5.5500000e+00 0.0000000e+00 7.3511487e-01
3.9270000e+05 8.2000000e+01 5.3999999e+00 0.0000000e+00 0.0000000e+00
3.9276000e+05 8.4000000e+01 5.5500002e+00 0.0000000e+00 0.0000000e+00
3.9282000e+05 8.8000000e+01 5.5500000e+00 0.0000000e+00 0.0000000e+00
3.9288000e+05 8.8000000e+01 5.3000000e+00 0.0000000e+00 0.0000000e+00
3.9294000e+05 9.0000000e+01 5.4500000e+00 0.0000000e+00 0.0000000e+00
3.9300000e+05 9.4000000e+01 5.2000000e+00 0.0000000e+00 0.0000000e+00
3.9306000e+05 9.5000000e+01 5.0999999e+00 0.0000000e+00 0.0000000e+00
3.9312000e+05 9.5000000e+01 5.0999999e+00 0.0000000e+00 0.0000000e+00
3.9318000e+05 9.6000000e+01 5.0000000e+00 0.0000000e+00 0.0000000e+00
3.9324000e+05 9.6000000e+01 5.2000000e+00 0.0000000e+00 0.0000000e+00
3.9330000e+05 9.7000000e+01 5.2500000e+00 0.0000000e+00 0.0000000e+00
3.9336000e+05 9.7000000e+01 5.4000001e+00 0.0000000e+00 0.0000000e+00
3.9342000e+05 9.6000000e+01 5.5500000e+00 0.0000000e+00 0.0000000e+00
3.9348000e+05 9.6000000e+01 5.6500001e+00 0.0000000e+00 0.0000000e+00
3.9354000e+05 9.7000000e+01 5.8499999e+00 0.0000000e+00 0.0000000e+00
3.9360000e+05 9.6000000e+01 6.1500001e+00 0.0000000e+00 2.2350840e+01
3.9366000e+05 8.6000000e+01 7.2999997e+00 0.0000000e+00 1.2888040e+02
3.9372000e+05 8.3000000e+01 6.9000001e+00 0.0000000e+00 1.1285460e+02
3.9378000e+05 8.8000000e+01 7.4499998e+00 0.0000000e+00 1.2625490e+02
3.9384000e+05 8.6000000e+01 7.0500000e+00 0.0000000e+00 1.3857010e+02
3.9390000e+05 8.8000000e+01 7.1500001e+00 0.0000000e+00 1.2143900e+02
3.9396000e+05 9.1000000e+01 6.7500000e+00 0.0000000e+00 7.1210388e+01
3.9402000e+05 9.1000000e+01 6.0000000e+00 0.0000000e+00 3.6368969e+01
3.9408000e+05 9.4000000e+01 5.4499998e+00 0.0000000e+00 7.7259550e+00
3.9414000e+05 9.5000000e+01 5.1000001e+00 0.0000000e+00 0.0000000e+00
3.9420000e+05 9.3000000e+01 4.6500001e+00 0.0000000e+00 0.0000000e+00
3.9426000e+05 9.6000000e+01 4.3000000e+00 0.0000000e+00 0.0000000e+00
3.9432000e+05 9.6000000e+01 4.2500000e+00 0.0000000e+00 0.0000000e+00
3.9438000e+05 9.3000000e+01 4.3000000e+00 0.0000000e+00 0.0000000e+00
3.9444000e+05 9.1000000e+01 4.2500000e+00 0.0000000e+00 0.0000000e+00
3.9450000e+05 9.1000000e+01 4.2500000e+00 0.0000000e+00 0.0000000e+00
3.9456000e+05 8.8000000e+01 4.5000000e+00 0.0000000e+00 0.0000000e+00
3.9462000e+05 9.2000000e+01 4.3999999e+00 0.0000000e+00 0.0000000e+00
3.9468000e+05 9.2000000e+01 4.5000000e+00 0.0000000e+00 0.0000000e+00
3.9474000e+05 9.3000000e+01 4.1000000e+00 0.0000000e+00 0.0000000e+00
3.9480000e+05 9.1000000e+01 4.6500001e+00 0.0000000e+00 0.0000000e+00
3.9486000e+05 9.1000000e+01 4.5500000e+00 0.0000000e+00 0.0000000e+00
3.9492000e+05 9.4000000e+01 4.3000000e+00 0.0000000e+00 0.0000000e+00
3.9498000e+05 9.4000000e+01 4.1499999e+00 0.0000000e+00 0.0000000e+00
3.9504000e+05 9.2000000e+01 4.2000000e+00 0.0000000e+00 4.6839852e+00
3.9510000e+05 9.1000000e+01 4.5000000e+00 0.0000000e+00 2.1755529e+01
3.9516000e+05 9.0000000e+01 4.8999999e+00 0.0000000e+00 4.2669788e+01
3.9522000e+05 8.9000000e+01 5.6499999e+00 0.0000000e+00 3.8597389e+01
3.9528000e+05 8.7000000e+01 5.5500000e+00 0.0000000e+00 2.6004190e+01
3.9534000e+05 9.0000000e+01 5.2000000e+00 0.0000000e+00 2.2489550e+01
3.9540000e+05 9.0000000e+01 5.0999999e+00 0.0000000e+00 1.0102400e+01
3.9546000e+05 8.8000000e+01 5.5000000e+00 0.0000000e+00 1.6839649e+01
3.9552000e+05 9.4000000e+01 5.9500000e+00 0.0000000e+00 6.9142652e+00
3.9558000e+05 9.5000000e+01 6.0000000e+00 0.0000000e+00 0.0000000e+00
3.9564000e+05 9.1000000e+01 7.2500000e+00 0.0000000e+00 0.0000000e+00
3.9570000e+05 9.5000000e+01 8.7500000e+00 0.0000000e+00 0.0000000e+00
3.9576000e+05 9.5000000e+01 9.4000001e+00 0.0000000e+00 0.0000000e+00
3.9582000e+05 9.5000000e+01 1.0150000e+01 0.0000000e+00 0.0000000e+00
3.9588000e+05 9.5000000e+01 1.0600000e+01 0.0000000e+00 0.0000000e+00
3.9594000e+05 9.4000000e+01 1.0600000e+01 0.0000000e+00 0.0000000e+00
3.9600000e+05 9.6000000e+01 1.0500000e+01 0.0000000e+00 0.0000000e+00
3.9606000e+05 9.4000000e+01 1.0400000e+01 0.0000000e+00 0.0000000e+00
3.9612000e+05 9.4000000e+01 1.0400000e+01 0.0000000e+00 0.0000000e+00
3.9618000e+05 9.3000000e+01 1.0300000e+01 0.0000000e+00 0.0000000e+00
3.9624000e+05 9.1000000e+01 1.0200000e+01 0.0000000e+00 0.0000000e+00
3.9630000e+05 8.7000000e+01 1.0150000e+01 0.0000000e+00 0.0000000e+00
3.9636000e+05 8.2000000e+01 1.0400000e+01 0.0000000e+00 0.0000000e+00
3.9642000e+05 8.1000000e+01 1.0850000e+01 0.0000000e+00 0.0000000e+00
3.9648000e+05 9.1000000e+01 1.0700000e+01 0.0000000e+00 0.0000000e+00
3.9654000e+05 9.2000000e+01 1.0500000e+01 0.0000000e+00 1.3977799e+00
3.9660000e+05 9.3000000e+01 1.1000000e+01 0.0000000e+00 1.1210361e+00
3.9666000e+05 9.4000000e+01 1.1150000e+01 0.0000000e+00 9.8728409e+00
3.9672000e+05 9.4000000e+01 1.1250000e+01 0.0000000e+00 9.6276054e+00
3.9678000e+05 9.4000000e+01 1.1200000e+01 0.0000000e+00 6.4203048e+00
3.9684000e+05 9.2000000e+01 1.1050000e+01 0.0000000e+00 4.8547459e+00
3.9690000e+05 9.5000000e+01 1.0500000e+01 0.0000000e+00 3.6926930e+00
3.9696000e+05 9.4000000e+01 9.6499996e+00 0.0000000e+00 0.0000000e+00
3.9702000e+05 9.5000000e+01 8.5000000e+00 0.0000000e+00 0.0000000e+00
3.9708000e+05 9.5000000e+01 7.6500001e+00 0.0000000e+00 0.0000000e+00
3.9714000e+05 9.2000000e+01 6.8499999e+00 0.0000000e+00 0.0000000e+00
3.9720000e+05 9.5000000e+01 6.6500001e+00 0.0000000e+00 0.0000000e+00
3.9726000e+05 9.6000000e+01 6.7500000e+00 0.0000000e+00 0.0000000e+00
3.9732000e+05 9.3000000e+01 6.4000001e+00 0.0000000e+00 0.0000000e+00
3.9738000e+05 9.1000000e+01 6.3499999e+00 0.0000000e+00 0.0000000e+00
3.9744000e+05 9.0000000e+01 6.5000000e+00 0.0000000e+00 0.0000000e+00
3.9750000e+05 9.2000000e+01 6.5000000e+00 0.0000000e+00 0.0000000e+00
3.9756000e+05 9.4000000e+01 5.8000000e+00 0.0000000e+00 0.0000000e+00
3.9762000e+05 9.2000000e+01 5.3000000e+00 0.0000000e+00 0.0000000e+00
3.9768000e+05 9.4000000e+01 4.8499999e+00 0.0000000e+00 0.0000000e+00
3.9774000e+05 9.2000000e+01 4.9500000e+00 0.0000000e+00 0.0000000e+00
3.9780000e+05 9.4000000e+01 4.8000000e+00 0.0000000e+00 0.0000000e+00
3.9786000e+05 9.4000000e+01 4.4500000e+00 0.0000000e+00 6.4858689e+00
3.9792000e+05 8.6000000e+01 4.8000000e+00 0.0000000e+00 2.1424709e+01
3.9798000e+05 9.2000000e+01 4.4000000e+00 0.0000000e+00 1.4436780e+01
3.9804000e+05 9.4000000e+01 4.3000000e+00 0.0000000e+00 3.2911598e+01
3.9810000e+05 8.9000000e+01 5.1999998e+00 0.0000000e+00 5.6573700e+01
3.9816000e+05 9.1000000e+01 4.5000001e+00 0.0000000e+00 2.2212090e+01
3.9822000e+05 8.9000000e+01 3.5500001e+00 0.0000000e+00 2.0149300e+01
3.9828000e+05 8.8000000e+01 3.9500000e+00 0.0000000e+00 2.8642200e+01
3.9834000e+05 8.0000000e+01 5.0000000e+00 0.0000000e+00 2.2790371e+01
3.9840000e+05 8.5000000e+01 5.0500000e+00 0.0000000e+00 0.0000000e+00
3.9846000e+05 8.6000000e+01 4.3499999e+00 0.0000000e+00 0.0000000e+00
3.9852000e+05 8.8000000e+01 4.1500000e+00 0.0000000e+00 0.0000000e+00
3.9858000e+05 8.6000000e+01 4.8499999e+00 0.0000000e+00 0.0000000e+00
3.9864000e+05 8.9000000e+01 5.1499999e+00 0.0000000e+00 0.0000000e+00
3.9870000e+05 9.0000000e+01 4.8499999e+00 0.0000000e+00 0.0000000e+00
3.9876000e+05 8.9000000e+01 5.1499999e+00 0.0000000e+00 0.0000000e+00
3.9882000e+05 9.1000000e+01 4.9000001e+00 0.0000000e+00 0.0000000e+00
3.9888000e+05 9.0000000e+01 5.2500000e+00 0.0000000e+00 0.0000000e+00
3.9894000e+05 9.1000000e+01 5.0500000e+00 0.0000000e+00 0.0000000e+00
3.9900000e+05 9.2000000e+01 4.8000000e+00 0.0000000e+00 0.0000000e+00
3.9906000e+05 8.7000000e+01 5.0000000e+00 0.0000000e+00 0.0000000e+00
3.9912000e+05 7.7000000e+01 5.4499998e+00 0.0000000e+00 0.0000000e+00
3.9918000e+05 8.2000000e+01 5.5500000e+00 0.0000000e+00 0.0000000e+00
3.9924000e+05 8.8000000e+01 5.7000000e+00 0.0000000e+00 0.0000000e+00
3.9930000e+05 9.3000000e+01 4.6499999e+00 0.0000000e+00 0.0000000e+00
3.9936000e+05 9.4000000e+01 4.8999999e+00 0.0000000e+00 1.3009800e+01
3.9942000e+05 8.9000000e+01 5.1500001e+00 0.0000000e+00 3.5429111e+01
3.9948000e+05 9.1000000e+01 4.7500000e+00 0.0000000e+00 6.3856579e+01
3.9954000e+05 9.1000000e+01 4.7000000e+00 0.0000000e+00 6.2751690e+01
3.9960000e+05 8.8000000e+01 4.8499999e+00 0.0000000e+00 1.1120720e+02
3.9966000e+05 9.0000000e+01 5.0000000e+00 0.0000000e+00 7.7583778e+01
3.9972000e+05 8.8000000e+01 4.8500001e+00 0.0000000e+00 4.2460640e+01
3.9978000e+05 9.3000000e+01 4.1000001e+00 0.0000000e+00 3.0350809e+01
3.9984000e+05 9.3000000e+01 4.1500001e+00 0.0000000e+00 1.3708580e+01
3.9990000e+05 9.1000000e+01 3.8499999e+00 0.0000000e+00 0.0000000e+00
3.9996000e+05 9.5000000e+01 3.1500000e+00 0.0000000e+00 0.0000000e+00
4.0002000e+05 9.6000000e+01 2.8500000e+00 0.0000000e+00 0.0000000e+00
4.0008000e+05 9.6000000e+01 2.8000000e+00 0.0000000e+00 0.0000000e+00
4.0014000e+05 9.5000000e+01 2.9000000e+00 0.0000000e+00 0.0000000e+00
4.0020000e+05 9.5000000e+01 2.9000000e+00 0.0000000e+00 0.0000000e+00
4.0026000e+05 9.5000000e+01 2.6500001e+00 0.0000000e+00 0.0000000e+00
4.0032000e+05 9.5000000e+01 2.7000000e+00 0.0000000e+00 0.0000000e+00
4.0038000e+05 9.6000000e+01 2.7500000e+00 0.0000000e+00 0.0000000e+00
4.0044000e+05 9.5000000e+01 2.5000000e+00 0.0000000e+00 0.0000000e+00
4.0050000e+05 9.6000000e+01 2.1500000e+00 0.0000000e+00 0.0000000e+00
4.0056000e+05 9.6000000e+01 1.7000000e+00 0.0000000e+00 0.0000000e+00
4.0062000e+05 9.7000000e+01 1.9500000e+00 0.0000000e+00 0.0000000e+00
4.0068000e+05 9.7000000e+01 2.1999999e+00 0.0000000e+00 0.0000000e+00
4.0074000e+05 9.7000000e+01 2.1500000e+00 0.0000000e+00 0.0000000e+00
4.0080000e+05 9.5000000e+01 2.7000000e+00 0.0000000e+00 1.0477100e+01
4.0086000e+05 9.2000000e+01 2.7500000e+00 0.0000000e+00 6.0374882e+01
4.0092000e+05 8.9000000e+01 3.8499999e+00 0.0000000e+00 1.1393400e+02
4.0098000e+05 9.3000000e+01 3.3500000e+00 0.0000000e+00 2.6276039e+01
4.0104000e+05 9.5000000e+01 2.9000000e+00 0.0000000e+00 1.8077499e+01
4.0110000e+05 9.5000000e+01 2.8500000e+00 0.0000000e+00 4.9657269e+01
4.0116000e+05 8.8000000e+01 4.2000000e+00 0.0000000e+00 1.1746040e+02
4.0122000e+05 9.1000000e+01 4.5500001e+00 0.0000000e+00 1.6166889e+01
4.0128000e+05 9.4000000e+01 3.6500001e+00 0.0000000e+00 1.4246210e+01
4.0134000e+05 9.6000000e+01 3.2500000e+00 0.0000000e+00 0.0000000e+00
4.0140000e+05 9.5000000e+01 3.0500001e+00 0.0000000e+00 0.0000000e+00
4.0146000e+05 9.6000000e+01 2.6000000e+00 0.0000000e+00 0.0000000e+00
4.0152000e+05 9.7000000e+01 2.2000000e+00 0.0000000e+00 0.0000000e+00
4.0158000e+05 9.7000000e+01 2.4500000e+00 0.0000000e+00 0.0000000e+00
4.0164000e+05 9.7000000e+01 2.1500000e+00 0.0000000e+00 0.0000000e+00
4.0170000e+05 9.7000000e+01 2.0000000e+00 0.0000000e+00 0.0000000e+00
4.0176000e+05 9.7000000e+01 1.6500000e+00 0.0000000e+00 0.0000000e+00
4.0182000e+05 9.6000000e+01 1.5500000e+00 0.0000000e+00 0.0000000e+00
4.0188000e+05 9.6000000e+01 1.8500000e+00 0.0000000e+00 0.0000000e+00
4.0194000e+05 9.6000000e+01 1.7500000e+00 0.0000000e+00 0.0000000e+00
4.0200000e+05 9.3000000e+01 1.7000000e+00 0.0000000e+00 0.0000000e+00
4.0206000e+05 8.8000000e+01 1.9499999e+00 0.0000000e+00 0.0000000e+00
4.0212000e+05 8.8000000e+01 1.9000000e+00 0.0000000e+00 0.0000000e+00
4.0218000e+05 8.6000000e+01 1.7500000e+00 0.0000000e+00 0.0000000e+00
4.0224000e+05 7.9000000e+01 2.0500000e+00 0.0000000e+00 1.2449240e+01
4.0230000e+05 7.3000000e+01 3.4000001e+00 0.0000000e+00 9.1213516e+01
4.0236000e+05 6.6000000e+01 4.8000000e+00 0.0000000e+00 2.2155400e+02
4.0242000e+05 6.3000000e+01 5.8000000e+00 0.0000000e+00 2.6317569e+02
4.0248000e+05 6.0000000e+01 5.8499999e+00 0.0000000e+00 1.5459810e+02
4.0254000e+05 6.1000000e+01 5.7500000e+00 0.0000000e+00 1.4505450e+02
4.0260000e+05 6.3000000e+01 5.9000001e+00 0.0000000e+00 1.1371540e+02
4.0266000e+05 6.1000000e+01 5.5000000e+00 0.0000000e+00 5.2319771e+01
4.0272000e+05 6.2000000e+01 5.0000000e+00 0.0000000e+00 9.8391762e+00
4.0278000e+05 5.9000000e+01 4.8499999e+00 0.0000000e+00 0.0000000e+00
4.0284000e+05 5.8000000e+01 5.0000000e+00 0.0000000e+00 0.0000000e+00
4.0290000e+05 5.5000000e+01 5.1000001e+00 0.0000000e+00 0.0000000e+00
4.0296000e+05 5.0000000e+01 5.4000001e+00 0.0000000e+00 0.0000000e+00
4.0302000e+05 5.1000000e+01 5.5500000e+00 0.0000000e+00 0.0000000e+00
4.0308000e+05 5.1000000e+01 5.8999999e+00 0.0000000e+00 0.0000000e+00
4.0314000e+05 5.4000000e+01 6.1000001e+00 0.0000000e+00 0.0000000e+00
4.0320000e+05 4.9000000e+01 6.4000001e+00 0.0000000e+00 0.0000000e+00
4.0326000e+05 7.0000000e+01 6.5500000e+00 0.0000000e+00 0.0000000e+00
4.0332000e+05 8.1000000e+01 6.1000001e+00 0.0000000e+00 0.0000000e+00
4.0338000e+05 8.7000000e+01 5.8999999e+00 0.0000000e+00 0.0000000e+00
4.0344000e+05 8.8000000e+01 5.5999999e+00 0.0000000e+00 0.0000000e+00
4.0350000e+05 8.4000000e+01 6.0999999e+00 0.0000000e+00 0.0000000e+00
4.0356000e+05 8.2000000e+01 6.6500001e+00 0.0000000e+00 0.0000000e+00
4.0362000e+05 7.6000000e+01 7.2000000e+00 0.0000000e+00 0.0000000e+00
4.0368000e+05 8.0000000e+01 7.6500001e+00 0.0000000e+00 4.4390970e-01
4.0374000e+05 8.7000000e+01 7.9499998e+00 0.0000000e+00 6.1945829e+00
4.0380000e+05 8.8000000e+01 8.0500002e+00 0.0000000e+00 1.4987460e+01
4.0386000e+05 9.0000000e+01 8.5500002e+00 0.0000000e+00 2.2705179e+01
4.0392000e+05 8.7000000e+01 9.4000001e+00 0.0000000e+00 3.1704060e+01
4.0398000e+05 8.7000000e+01 9.7500000e+00 0.0000000e+00 4.1339649e+01
4.0404000e+05 9.4000000e+01 9.9500003e+00 0.0000000e+00 1.1067000e+01
4.0410000e+05 9.2000000e+01 9.8000002e+00 0.0000000e+00 2.8016540e-01
4.0416000e+05 9.2000000e+01 9.9000001e+00 0.0000000e+00 0.0000000e+00
4.0422000e+05 9.4000000e+01 9.7000003e+00 0.0000000e+00 0.0000000e+00
4.0428000e+05 9.3000000e+01 9.5500002e+00 0.0000000e+00 0.0000000e+00
4.0434000e+05 9.2000000e+01 9.5500002e+00 0.0000000e+00 0.0000000e+00
4.0440000e+05 9.3000000e+01 9.7000003e+00 0.0000000e+00 0.0000000e+00
4.0446000e+05 9.5000000e+01 9.7000003e+00 0.0000000e+00 0.0000000e+00
4.0452000e+05 9.3000000e+01 9.5999999e+00 0.0000000e+00 0.0000000e+00
4.0458000e+05 9.3000000e+01 9.4500003e+00 0.0000000e+00 0.0000000e+00
4.0464000e+05 9.1000000e+01 9.3499999e+00 0.0000000e+00 0.0000000e+00
4.0470000e+05 9.2000000e+01 9.0999999e+00 0.0000000e+00 0.0000000e+00
4.0476000e+05 9.3000000e+01 9.0500002e+00 0.0000000e+00 0.0000000e+00
4.0482000e+05 9.6000000e+01 8.8499999e+00 0.0000000e+00 0.0000000e+00
4.0488000e+05 9.6000000e+01 8.7500000e+00 0.0000000e+00 0.0000000e+00
4.0494000e+05 9.7000000e+01 8.7500000e+00 0.0000000e+00 0.0000000e+00
4.0500000e+05 9.6000000e+01 9.4499998e+00 0.0000000e+00 0.0000000e+00
4.0506000e+05 9.7000000e+01 9.5999999e+00 0.0000000e+00 0.0000000e+00
4.0512000e+05 9.7000000e+01 9.2500000e+00 0.0000000e+00 2.8100181e+00
4.0518000e+05 9.6000000e+01 9.5000000e+00 0.0000000e+00 1.9907660e+01
4.0524000e+05 8.8000000e+01 9.8499999e+00 0.0000000e+00 1.0126240e+01
4.0530000e+05 9.2000000e+01 9.9000001e+00 0.0000000e+00 2.7247101e+01
4.0536000e+05 9.4000000e+01 9.7000003e+00 0.0000000e+00 2.1602030e+01
4.0542000e+05 9.5000000e+01 9.0999999e+00 0.0000000e+00 2.4856440e+01
4.0548000e+05 9.6000000e+01 7.9999998e+00 0.0000000e+00 7.8962851e+00
4.0554000e+05 9.2000000e+01 7.2000000e+00 0.0000000e+00 6.0767260e+00
4.0560000e+05 9.5000000e+01 6.5000000e+00 0.0000000e+00 0.0000000e+00
4.0566000e+05 9.4000000e+01 5.9000001e+00 0.0000000e+00 0.0000000e+00
4.0572000e+05 9.4000000e+01 5.4000001e+00 0.0000000e+00 0.0000000e+00
4.0578000e+05 9.0000000e+01 5.2500000e+00 0.0000000e+00 0.0000000e+00
4.0584000e+05 8.4000000e+01 5.5500002e+00 0.0000000e+00 0.0000000e+00
4.0590000e+05 8.3000000e+01 5.8499999e+00 0.0000000e+00 0.0000000e+00
4.0596000e+05 8.3000000e+01 5.8499999e+00 0.0000000e+00 0.0000000e+00
4.0602000e+05 8.0000000e+01 5.3500001e+00 0.0000000e+00 0.0000000e+00
4.0608000e+05 8.3000000e+01 5.0000000e+00 0.0000000e+00 0.0000000e+00
4.0614000e+05 9.0000000e+01 4.8000000e+00 0.0000000e+00 0.0000000e+00
4.0620000e+05 9.3000000e+01 4.3999999e+00 0.0000000e+00 0.0000000e+00
4.0626000e+05 8.9000000e+01 4.4500000e+00 0.0000000e+00 0.0000000e+00
4.0632000e+05 8.9000000e+01 4.3499999e+00 0.0000000e+00 0.0000000e+00
4.0638000e+05 9.0000000e+01 4.4500000e+00 0.0000000e+00 0.0000000e+00
4.0644000e+05 8.9000000e+01 4.0500000e+00 0.0000000e+00 0.0000000e+00
4.0650000e+05 8.9000000e+01 4.0500001e+00 0.0000000e+00 0.0000000e+00
4.0656000e+05 8.7000000e+01 4.1500000e+00 0.0000000e+00 0.0000000e+00
4.0662000e+05 8.8000000e+01 4.6000001e+00 0.0000000e+00 6.8912520e+00
4.0668000e+05 8.8000000e+01 4.1999999e+00 0.0000000e+00 9.5610275e+00
4.0674000e+05 7.7000000e+01 4.6000000e+00 0.0000000e+00 3.7293259e+01
4.0680000e+05 8.6000000e+01 4.2500000e+00 0.0000000e+00 5.2675018e+01
4.0686000e+05 8.5000000e+01 3.4000000e+00 0.0000000e+00 1.7177931e+01
4.0692000e+05 6.9000000e+01 4.3500001e+00 0.0000000e+00 4.0124828e+01
4.0698000e+05 7.8000000e+01 4.4499999e+00 0.0000000e+00 8.4430285e+00
4.0704000e+05 7.6000000e+01 3.9500000e+00 0.0000000e+00 0.0000000e+00
4.0710000e+05 8.5000000e+01 3.6000000e+00 0.0000000e+00 0.0000000e+00
4.0716000e+05 7.6000000e+01 3.2000000e+00 0.0000000e+00 0.0000000e+00
4.0722000e+05 8.4000000e+01 3.0999999e+00 0.0000000e+00 0.0000000e+00
4.0728000e+05 8.7000000e+01 2.8500000e+00 0.0000000e+00 0.0000000e+00
4.0734000e+05 7.6000000e+01 3.4999999e+00 0.0000000e+00 0.0000000e+00
4.0740000e+05 8.6000000e+01 2.8500000e+00 0.0000000e+00 0.0000000e+00
4.0746000e+05 7.3000000e+01 3.7500000e+00 0.0000000e+00 0.0000000e+00
4.0752000e+05 7.9000000e+01 3.8500000e+00 0.0000000e+00 0.0000000e+00
4.0758000e+05 7.5000000e+01 3.6500000e+00 0.0000000e+00 0.0000000e+00
4.0764000e+05 7.7000000e+01 4.6000001e+00 0.0000000e+00 0.0000000e+00
4.0770000e+05 8.5000000e+01 4.2000000e+00 0.0000000e+00 0.0000000e+00
4.0776000e+05 9.1000000e+01 3.8000000e+00 0.0000000e+00 0.0000000e+00
4.0782000e+05 9.2000000e+01 3.4500000e+00 0.0000000e+00 0.0000000e+00
4.0788000e+05 8.9000000e+01 4.1000001e+00 0.0000000e+00 0.0000000e+00
4.0794000e+05 8.8000000e+01 4.8000000e+00 0.0000000e+00 0.0000000e+00
4.0800000e+05 9.1000000e+01 4.4000001e+00 0.0000000e+00 0.0000000e+00
4.0806000e+05 9.0000000e+01 4.7000000e+00 0.0000000e+00 7.6834941e+00
4.0812000e+05 8.9000000e+01 4.9500000e+00 0.0000000e+00 6.7725649e+00
4.0818000e+05 8.6000000e+01 5.1000001e+00 0.0000000e+00 1.4175510e+01
4.0824000e+05 8.7000000e+01 5.3500001e+00 0.0000000e+00 1.4638700e+01
4.0830000e+05 8.7000000e+01 5.4000001e+00 0.0000000e+00 2.6613899e+01
4.0836000e+05 9.2000000e+01 4.8500001e+00 0.0000000e+00 1.2790980e+01
4.0842000e+05 8.9000000e+01 5.0500000e+00 0.0000000e+00 3.4795959e+00
4.0848000e+05 8.2000000e+01 5.8499999e+00 0.0000000e+00 0.0000000e+00
4.0854000e+05 8.5000000e+01 5.8000000e+00 0.0000000e+00 0.0000000e+00
4.0860000e+05 8.1000000e+01 5.6000001e+00 0.0000000e+00 0.0000000e+00
4.0866000e+05 7.6000000e+01 5.9500000e+00 0.0000000e+00 0.0000000e+00
4.0872000e+05 9.3000000e+01 5.7000000e+00 0.0000000e+00 0.0000000e+00
4.0878000e+05 9.2000000e+01 4.7000000e+00 0.0000000e+00 0.0000000e+00
4.0884000e+05 9.5000000e+01 4.0500001e+00 0.0000000e+00 0.0000000e+00
4.0890000e+05 9.5000000e+01 4.0000000e+00 0.0000000e+00 0.0000000e+00
4.0896000e+05 9.3000000e+01 4.1000001e+00 0.0000000e+00 0.0000000e+00
4.0902000e+05 9.4000000e+01 4.0500001e+00 0.0000000e+00 0.0000000e+00
4.0908000e+05 9.5000000e+01 3.6500000e+00 0.0000000e+00 0.0000000e+00
4.0914000e+05 9.6000000e+01 3.5500001e+00 0.0000000e+00 0.0000000e+00
4.0920000e+05 9.5000000e+01 3.4499999e+00 0.0000000e+00 0.0000000e+00
4.0926000e+05 9.7000000e+01 3.1500001e+00 0.0000000e+00 0.0000000e+00
4.0932000e+05 9.6000000e+01 3.3000001e+00 0.0000000e+00 0.0000000e+00
4.0938000e+05 9.6000000e+01 3.3000001e+00 0.0000000e+00 0.0000000e+00
4.0944000e+05 9.7000000e+01 3.3000000e+00 0.0000000e+00 2.4242720e+01
4.0950000e+05 9.5000000e+01 3.7500000e+00 0.0000000e+00 4.7175209e+01
4.0956000e+05 9.1000000e+01 4.5500000e+00 0.0000000e+00 9.9825417e+01
4.0962000e+05 8.9000000e+01 5.2500000e+00 0.0000000e+00 1.0477860e+02
4.0968000e+05 8.6000000e+01 5.5000000e+00 0.0000000e+00 6.8891144e+01
4.0974000e+05 8.6000000e+01 5.6500001e+00 0.0000000e+00 6.1803711e+01
4.0980000e+05 8.5000000e+01 5.4000001e+00 0.0000000e+00 3.2370022e+01
4.0986000e+05 8.1000000e+01 5.3499999e+00 0.0000000e+00 3.1300350e+01
4.0992000e+05 8.2000000e+01 5.0000000e+00 0.0000000e+00 0.0000000e+00
4.0998000e+05 8.0000000e+01 4.8999999e+00 0.0000000e+00 0.0000000e+00
4.1004000e+05 6.6000000e+01 5.5000000e+00 0.0000000e+00 0.0000000e+00
4.1010000e+05 7.2000000e+01 5.8500001e+00 0.0000000e+00 0.0000000e+00
4.1016000e+05 7.6000000e+01 5.5000000e+00 0.0000000e+00 0.0000000e+00
4.1022000e+05 8.4000000e+01 5.6000001e+00 0.0000000e+00 0.0000000e+00
4.1028000e+05 8.5000000e+01 5.1000001e+00 0.0000000e+00 0.0000000e+00
4.1034000e+05 9.2000000e+01 5.3999999e+00 0.0000000e+00 0.0000000e+00
4.1040000e+05 7.3000000e+01 7.2000003e+00 0.0000000e+00 0.0000000e+00
4.1046000e+05 6.3000000e+01 9.5999999e+00 0.0000000e+00 0.0000000e+00
4.1052000e+05 6.1000000e+01 1.0500000e+01 0.0000000e+00 0.0000000e+00
4.1058000e+05 6.3000000e+01 1.1150000e+01 0.0000000e+00 0.0000000e+00
4.1064000e+05 6.0000000e+01 1.1050000e+01 0.0000000e+00 0.0000000e+00
4.1070000e+05 6.1000000e+01 1.1450000e+01 0.0000000e+00 0.0000000e+00
4.1076000e+05 5.9000000e+01 1.1800000e+01 0.0000000e+00 0.0000000e+00
4.1082000e+05 5.8000000e+01 1.1500000e+01 0.0000000e+00 0.0000000e+00
4.1088000e+05 5.5000000e+01 1.2000000e+01 0.0000000e+00 5.5209789e+00
4.1094000e+05 5.2000000e+01 1.2900000e+01 0.0000000e+00 2.3167850e+01
4.1100000e+05 5.2000000e+01 1.3250000e+01 0.0000000e+00 3.2952419e+01
4.1106000e+05 5.2000000e+01 1.3150000e+01 0.0000000e+00 3.3258492e+01
4.1112000e+05 5.2000000e+01 1.3150000e+01 0.0000000e+00 1.3578570e+01
4.1118000e+05 4.8000000e+01 1.3250000e+01 0.0000000e+00 3.3287590e+01
4.1124000e+05 4.9000000e+01 1.3200000e+01 0.0000000e+00 2.8255899e+01
4.1130000e+05 5.0000000e+01 1.3150000e+01 0.0000000e+00 1.1977740e+01
4.1136000e+05 5.2000000e+01 1.2900000e+01 0.0000000e+00 0.0000000e+00
4.1142000e+05 5.6000000e+01 1.2850000e+01 0.0000000e+00 0.0000000e+00
4.1148000e+05 6.0000000e+01 1.2800000e+01 0.0000000e+00 0.0000000e+00
4.1154000e+05 5.9000000e+01 1.2600000e+01 0.0000000e+00 0.0000000e+00
4.1160000e+05 8.5000000e+01 1.1300000e+01 0.0000000e+00 0.0000000e+00
4.1166000e+05 8.4000000e+01 9.5999999e+00 0.0000000e+00 0.0000000e+00
4.1172000e+05 6.3000000e+01 1.0900000e+01 0.0000000e+00 0.0000000e+00
4.1178000e+05 7.1000000e+01 1.1650000e+01 0.0000000e+00 0.0000000e+00
4.1184000e+05 7.4000000e+01 1.1200000e+01 0.0000000e+00 0.0000000e+00
4.1190000e+05 8.7000000e+01 1.0100000e+01 0.0000000e+00 0.0000000e+00
4.1196000e+05 8.2000000e+01 9.5500002e+00 0.0000000e+00 0.0000000e+00
4.1202000e+05 9.1000000e+01 9.6500001e+00 0.0000000e+00 0.0000000e+00
4.1208000e+05 9.2000000e+01 8.9000001e+00 0.0000000e+00 0.0000000e+00
4.1214000e+05 9.4000000e+01 8.8000002e+00 0.0000000e+00 0.0000000e+00
4.1220000e+05 9.4000000e+01 8.5500002e+00 0.0000000e+00 0.0000000e+00
4.1226000e+05 8.4000000e+01 8.5500002e+00 0.0000000e+00 0.0000000e+00
4.1232000e+05 7.3000000e+01 9.5999999e+00 0.0000000e+00 2.0544340e+01
4.1238000e+05 7.1000000e+01 1.1100000e+01 0.0000000e+00 3.1436420e+01
4.1244000e+05 7.1000000e+01 1.2050000e+01 0.0000000e+00 1.0581150e+02
4.1250000e+05 6.3000000e+01 1.2450000e+01 0.0000000e+00 5.5430450e+01
4.1256000e+05 8.4000000e+01 1.1300000e+01 0.0000000e+00 3.0747530e+01
4.1262000e+05 8.0000000e+01 1.0000000e+01 0.0000000e+00 7.0545929e+01
4.1268000e+05 8.3000000e+01 9.8000002e+00 0.0000000e+00 3.6282860e+01
4.1274000e+05 8.4000000e+01 9.6499996e+00 0.0000000e+00 1.9099939e+01
4.1280000e+05 9.2000000e+01 8.9500003e+00 0.0000000e+00 0.0000000e+00
4.1286000e+05 9.2000000e+01 7.9500000e+00 0.0000000e+00 0.0000000e+00
4.1292000e+05 8.9000000e+01 7.8000000e+00 0.0000000e+00 0.0000000e+00
4.1298000e+05 9.0000000e+01 8.4500000e+00 0.0000000e+00 0.0000000e+00
4.1304000e+05 9.0000000e+01 7.6000001e+00 0.0000000e+00 0.0000000e+00
4.1310000e+05 8.5000000e+01 7.6500001e+00 0.0000000e+00 0.0000000e+00
4.1316000e+05 8.5000000e+01 7.5500000e+00 0.0000000e+00 0.0000000e+00
4.1322000e+05 8.4000000e+01 7.5000000e+00 0.0000000e+00 0.0000000e+00
4.1328000e+05 8.8000000e+01 7.6500001e+00 0.0000000e+00 0.0000000e+00
4.1334000e+05 8.9000000e+01 7.3999999e+00 0.0000000e+00 0.0000000e+00
4.1340000e+05 9.0000000e+01 6.7500000e+00 0.0000000e+00 0.0000000e+00
4.1346000e+05 8.4000000e+01 6.3999999e+00 0.0000000e+00 0.0000000e+00
4.1352000e+05 8.7000000e+01 6.8000000e+00 0.0000000e+00 0.0000000e+00
4.1358000e+05 9.3000000e+01 6.8000000e+00 0.0000000e+00 0.0000000e+00
4.1364000e+05 9.3000000e+01 6.6000001e+00 0.0000000e+00 0.0000000e+00
4.1370000e+05 8.8000000e+01 6.9000001e+00 0.0000000e+00 0.0000000e+00
4.1376000e+05 8.8000000e+01 7.2000000e+00 0.0000000e+00 1.1906400e+00
4.1382000e+05 8.8000000e+01 7.3499999e+00 0.0000000e+00 2.6118750e+01
4.1388000e+05 7.3000000e+01 8.5500000e+00 0.0000000e+00 1.5258890e+02
4.1394000e+05 7.0000000e+01 9.1500001e+00 0.0000000e+00 1.1690190e+02
4.1400000e+05 6.8000000e+01 9.1499996e+00 0.0000000e+00 8.7006042e+01
4.1406000e+05 6.3000000e+01 9.5999999e+00 0.0000000e+00 8.1267639e+01
4.1412000e+05 8.1000000e+01 8.9000001e+00 0.0000000e+00 2.5742270e+01
4.1418000e+05 8.3000000e+01 7.5500000e+00 0.0000000e+00 9.0567026e+00
4.1424000e+05 8.6000000e+01 7.5000000e+00 0.0000000e+00 0.0000000e+00
4.1430000e+05 8.5000000e+01 6.8000002e+00 0.0000000e+00 0.0000000e+00
4.1436000e+05 8.1000000e+01 6.5500000e+00 0.0000000e+00 0.0000000e+00
4.1442000e+05 7.9000000e+01 6.7500000e+00 0.0000000e+00 0.0000000e+00
4.1448000e+05 7.3000000e+01 6.8999999e+00 0.0000000e+00 0.0000000e+00
4.1454000e+05 6.3000000e+01 7.9499998e+00 0.0000000e+00 0.0000000e+00
4.1460000e+05 6.2000000e+01 8.5500002e+00 0.0000000e+00 0.0000000e+00
4.1466000e+05 7.6000000e+01 8.7999997e+00 0.0000000e+00 0.0000000e+00
4.1472000e+05 7.8000000e+01 8.0000000e+00 0.0000000e+00 0.0000000e+00
4.1478000e+05 8.4000000e+01 8.3500004e+00 0.0000000e+00 0.0000000e+00
4.1484000e+05 9.3000000e+01 8.1499999e+00 0.0000000e+00 0.0000000e+00
4.1490000e+05 8.6000000e+01 9.1000004e+00 0.0000000e+00 0.0000000e+00
4.1496000e+05 9.3000000e+01 1.0200000e+01 0.0000000e+00 0.0000000e+00
4.1502000e+05 9.0000000e+01 9.9000001e+00 0.0000000e+00 0.0000000e+00
4.1508000e+05 8.5000000e+01 9.9000001e+00 0.0000000e+00 0.0000000e+00
4.1514000e+05 8.4000000e+01 1.0400000e+01 0.0000000e+00 0.0000000e+00
4.1520000e+05 9.2000000e+01 9.7500000e+00 0.0000000e+00 0.0000000e+00
4.1526000e+05 9.0000000e+01 9.6999998e+00 0.0000000e+00 3.4236900e+01
4.1532000e+05 8.2000000e+01 1.0750000e+01 0.0000000e+00 7.9317543e+01
4.1538000e+05 7.1000000e+01 1.0850000e+01 0.0000000e+00 7.4355003e+01
4.1544000e+05 7.3000000e+01 1.1000000e+01 0.0000000e+00 5.5356392e+01
4.1550000e+05 7.2000000e+01 1.1250000e+01 0.0000000e+00 3.9563961e+01
4.1556000e+05 8.0000000e+01 1.1050000e+01 0.0000000e+00 2.6573099e+01
4.1562000e+05 7.5000000e+01 1.0800000e+01 0.0000000e+00 1.5137090e+01
4.1568000e+05 6.7000000e+01 1.1400000e+01 0.0000000e+00 0.0000000e+00
4.1574000e+05 6.3000000e+01 1.2350000e+01 0.0000000e+00 0.0000000e+00
4.1580000e+05 6.2000000e+01 1.2750000e+01 0.0000000e+00 0.0000000e+00
4.1586000e+05 6.1000000e+01 1.3250000e+01 0.0000000e+00 0.0000000e+00
4.1592000e+05 6.5000000e+01 1.2950000e+01 0.0000000e+00 0.0000000e+00
4.1598000e+05 6.0000000e+01 1.3450000e+01 0.0000000e+00 0.0000000e+00
4.1604000e+05 7.4000000e+01 1.3300000e+01 0.0000000e+00 0.0000000e+00
4.1610000e+05 8.3000000e+01 1.1850000e+01 0.0000000e+00 0.0000000e+00
4.1616000e+05 8.3000000e+01 1.1500000e+01 0.0000000e+00 0.0000000e+00
4.1622000e+05 8.9000000e+01 1.1200000e+01 0.0000000e+00 0.0000000e+00
4.1628000e+05 9.2000000e+01 1.0450000e+01 0.0000000e+00 0.0000000e+00
4.1634000e+05 9.4000000e+01 1.0000000e+01 0.0000000e+00 0.0000000e+00
4.1640000e+05 9.5000000e+01 9.9000001e+00 0.0000000e+00 0.0000000e+00
4.1646000e+05 9.6000000e+01 9.7500000e+00 0.0000000e+00 0.0000000e+00
4.1652000e+05 9.5000000e+01 9.9499998e+00 0.0000000e+00 0.0000000e+00
4.1658000e+05 9.5000000e+01 9.6999998e+00 0.0000000e+00 0.0000000e+00
4.1664000e+05 8.9000000e+01 1.0150000e+01 0.0000000e+00 0.0000000e+00
4.1670000e+05 9.0000000e+01 1.0750000e+01 0.0000000e+00 1.1836160e+00
4.1676000e+05 9.4000000e+01 1.0500000e+01 0.0000000e+00 2.3330530e+01
4.1682000e+05 9.2000000e+01 1.0900000e+01 0.0000000e+00 6.0640430e+01
4.1688000e+05 9.2000000e+01 1.1000000e+01 0.0000000e+00 6.9728401e+01
4.1694000e+05 9.3000000e+01 1.0950000e+01 0.0000000e+00 5.9853649e+01
4.1700000e+05 9.3000000e+01 1.1300000e+01 0.0000000e+00 2.8881741e+01
4.1706000e+05 9.3000000e+01 1.1050000e+01 0.0000000e+00 1.9079649e+00
4.1712000e+05 9.4000000e+01 1.0700000e+01 0.0000000e+00 0.0000000e+00
4.1718000e+05 9.6000000e+01 1.0350000e+01 0.0000000e+00 0.0000000e+00
4.1724000e+05 9.6000000e+01 1.0200000e+01 0.0000000e+00 0.0000000e+00
4.1730000e+05 9.6000000e+01 1.0000000e+01 0.0000000e+00 0.0000000e+00
4.1736000e+05 9.6000000e+01 1.0000000e+01 0.0000000e+00 0.0000000e+00
4.1742000e+05 9.5000000e+01 1.0050000e+01 0.0000000e+00 0.0000000e+00
4.1748000e+05 9.6000000e+01 9.8499999e+00 0.0000000e+00 0.0000000e+00
4.1754000e+05 9.6000000e+01 9.8499999e+00 0.0000000e+00 0.0000000e+00
4.1760000e+05 9.6000000e+01 9.7500000e+00 0.0000000e+00 0.0000000e+00
4.1766000e+05 9.6000000e+01 9.7000003e+00 0.0000000e+00 0.0000000e+00
4.1772000e+05 9.6000000e+01 9.6000004e+00 0.0000000e+00 0.0000000e+00
4.1778000e+05 9.6000000e+01 9.6500001e+00 0.0000000e+00 0.0000000e+00
4.1784000e+05 9.6000000e+01 9.5999999e+00 0.0000000e+00 0.0000000e+00
4.1790000e+05 9.6000000e+01 9.5999999e+00 0.0000000e+00 0.0000000e+00
4.1796000e+05 9.4000000e+01 9.7500000e+00 0.0000000e+00 0.0000000e+00
4.1802000e+05 9.1000000e+01 1.0100000e+01 0.0000000e+00 0.0000000e+00
4.1808000e+05 9.0000000e+01 1.0300000e+01 0.0000000e+00 0.0000000e+00
4.1814000e+05 8.9000000e+01 1.0550000e+01 0.0000000e+00 7.2556920e+00
4.1820000e+05 8.6000000e+01 1.0700000e+01 0.0000000e+00 1.4554010e+01
4.1826000e+05 8.5000000e+01 1.1000000e+01 0.0000000e+00 2.7759340e+01
4.1832000e+05 8.7000000e+01 1.1200000e+01 0.0000000e+00 2.7987030e+01
4.1838000e+05 8.5000000e+01 1.1200000e+01 0.0000000e+00 1.1420200e+01
4.1844000e+05 8.0000000e+01 1.1550000e+01 0.0000000e+00 7.6363449e+00
4.1850000e+05 9.0000000e+01 1.1350000e+01 0.0000000e+00 0.0000000e+00
4.1856000e+05 8.4000000e+01 1.1150000e+01 0.0000000e+00 0.0000000e+00
4.1862000e+05 7.6000000e+01 1.1100000e+01 0.0000000e+00 0.0000000e+00
4.1868000e+05 6.6000000e+01 1.1600000e+01 0.0000000e+00 0.0000000e+00
4.1874000e+05 6.5000000e+01 1.1500000e+01 0.0000000e+00 0.0000000e+00
4.1880000e+05 6.8000000e+01 1.1550000e+01 0.0000000e+00 0.0000000e+00
4.1886000e+05 6.0000000e+01 1.2550000e+01 0.0000000e+00 0.0000000e+00
4.1892000e+05 4.9000000e+01 1.2200000e+01 0.0000000e+00 0.0000000e+00
4.1898000e+05 5.2000000e+01 1.3450000e+01 0.0000000e+00 0.0000000e+00
4.1904000e+05 4.7000000e+01 1.3850000e+01 0.0000000e+00 0.0000000e+00
4.1910000e+05 4.7000000e+01 1.4450000e+01 0.0000000e+00 0.0000000e+00
4.1916000e+05 4.3000000e+01 1.5150000e+01 0.0000000e+00 0.0000000e+00
4.1922000e+05 4.7000000e+01 1.5400000e+01 0.0000000e+00 0.0000000e+00
4.1928000e+05 5.3000000e+01 1.4500000e+01 0.0000000e+00 0.0000000e+00
4.1934000e+05 4.4000000e+01 1.5100000e+01 0.0000000e+00 0.0000000e+00
4.1940000e+05 4.2000000e+01 1.5450000e+01 0.0000000e+00 0.0000000e+00
4.1946000e+05 4.7000000e+01 1.4750000e+01 0.0000000e+00 0.0000000e+00
4.1952000e+05 8.3000000e+01 1.1850000e+01 0.0000000e+00 0.0000000e+00
4.1958000e+05 6.6000000e+01 9.9500003e+00 0.0000000e+00 3.8329910e+01
4.1964000e+05 5.7000000e+01 1.1500000e+01 0.0000000e+00 7.5771347e+01
4.1970000e+05 4.8000000e+01 1.2700000e+01 0.0000000e+00 1.3362981e+02
4.1976000e+05 4.5000000e+01 1.3600000e+01 0.0000000e+00 2.1184010e+02
4.1982000e+05 4.3000000e+01 1.4050000e+01 0.0000000e+00 1.8023610e+02
4.1988000e+05 5.7000000e+01 1.2700000e+01 0.0000000e+00 7.5681633e+01
4.1994000e+05 6.2000000e+01 1.0750000e+01 0.0000000e+00 1.4877740e+01
4.2000000e+05 6.2000000e+01 9.4500003e+00 0.0000000e+00 0.0000000e+00
4.2006000e+05 5.1000000e+01 9.9500003e+00 0.0000000e+00 0.0000000e+00
4.2012000e+05 4.8000000e+01 1.1150000e+01 0.0000000e+00 0.0000000e+00
4.2018000e+05 4.4000000e+01 1.1100000e+01 0.0000000e+00 0.0000000e+00
4.2024000e+05 4.2000000e+01 1.1550000e+01 0.0000000e+00 0.0000000e+00
4.2030000e+05 3.7000000e+01 1.1950000e+01 0.0000000e+00 0.0000000e+00
4.2036000e+05 3.6000000e+01 1.2800000e+01 0.0000000e+00 0.0000000e+00
4.2042000e+05 4.6000000e+01 1.3150000e+01 0.0000000e+00 0.0000000e+00
4.2048000e+05 4.8000000e+01 1.3050000e+01 0.0000000e+00 0.0000000e+00
4.2054000e+05 4.8000000e+01 1.3250000e+01 0.0000000e+00 0.0000000e+00
4.2060000e+05 4.8000000e+01 1.3700000e+01 0.0000000e+00 0.0000000e+00
4.2066000e+05 5.9000000e+01 1.3100000e+01 0.0000000e+00 0.0000000e+00
4.2072000e+05 5.9000000e+01 1.2000000e+01 0.0000000e+00 0.0000000e+00
4.2078000e+05 5.0000000e+01 1.2450000e+01 0.0000000e+00 0.0000000e+00
4.2084000e+05 4.5000000e+01 1.4100000e+01 0.0000000e+00 0.0000000e+00
4.2090000e+05 5.5000000e+01 1.3850000e+01 0.0000000e+00 0.0000000e+00
4.2096000e+05 7.9000000e+01 1.1600000e+01 0.0000000e+00 0.0000000e+00
4.2102000e+05 7.2000000e+01 9.8000002e+00 0.0000000e+00 1.4779890e+01
4.2108000e+05 6.6000000e+01 1.0500000e+01 0.0000000e+00 5.1252560e+01
4.2114000e+05 5.6000000e+01 1.1350000e+01 0.0000000e+00 9.2548813e+01
4.2120000e+05 5.0000000e+01 1.3150000e+01 0.0000000e+00 2.5486450e+02
4.2126000e+05 4.8000000e+01 1.3450000e+01 0.0000000e+00 1.9754401e+02
4.2132000e+05 5.3000000e+01 1.2550000e+01 0.0000000e+00 8.7577332e+01
4.2138000e+05 5.6000000e+01 1.1850000e+01 0.0000000e+00 5.0896992e+01
4.2144000e+05 5.6000000e+01 1.0750000e+01 0.0000000e+00 0.0000000e+00
4.2150000e+05 6.3000000e+01 9.4000001e+00 0.0000000e+00 0.0000000e+00
4.2156000e+05 6.7000000e+01 7.9000001e+00 0.0000000e+00 0.0000000e+00
4.2162000e+05 6.7000000e+01 7.4000001e+00 0.0000000e+00 0.0000000e+00
4.2168000e+05 5.4000000e+01 8.3500001e+00 0.0000000e+00 0.0000000e+00
4.2174000e+05 5.0000000e+01 9.6500001e+00 0.0000000e+00 0.0000000e+00
4.2180000e+05 5.0000000e+01 9.7000003e+00 0.0000000e+00 0.0000000e+00
4.2186000e+05 5.2000000e+01 8.8999996e+00 0.0000000e+00 0.0000000e+00
4.2192000e+05 4.6000000e+01 8.9499998e+00 0.0000000e+00 0.0000000e+00
4.2198000e+05 3.7000000e+01 1.0350000e+01 0.0000000e+00 0.0000000e+00
4.2204000e+05 4.0000000e+01 1.1150000e+01 0.0000000e+00 0.0000000e+00
4.2210000e+05 4.1000000e+01 1.1050000e+01 0.0000000e+00 0.0000000e+00
4.2216000e+05 4.2000000e+01 1.1400000e+01 0.0000000e+00 0.0000000e+00
4.2222000e+05 4.9000000e+01 1.2000000e+01 0.0000000e+00 0.0000000e+00
4.2228000e+05 7.2000000e+01 1.0450000e+01 0.0000000e+00 0.0000000e+00
4.2234000e+05 5.9000000e+01 9.9000001e+00 0.0000000e+00 0.0000000e+00
4.2240000e+05 7.1000000e+01 9.5500002e+00 0.0000000e+00 0.0000000e+00
4.2246000e+05 7.5000000e+01 8.8499999e+00 0.0000000e+00 1.2994160e+01
4.2252000e+05 6.9000000e+01 9.5499997e+00 0.0000000e+00 9.3009033e+01
4.2258000e+05 5.4000000e+01 1.2150000e+01 0.0000000e+00 2.0778030e+02
4.2264000e+05 5.7000000e+01 1.3650000e+01 0.0000000e+00 2.0593440e+02
4.2270000e+05 3.6000000e+01 1.4300000e+01 0.0000000e+00 1.6802400e+02
4.2276000e+05 3.5000000e+01 1.3800000e+01 0.0000000e+00 8.2662109e+01
4.2282000e+05 3.9000000e+01 1.3550000e+01 0.0000000e+00 3.2976841e+01
4.2288000e+05 3.7000000e+01 1.2850000e+01 0.0000000e+00 0.0000000e+00
4.2294000e+05 4.1000000e+01 1.2550000e+01 0.0000000e+00 0.0000000e+00
4.2300000e+05 4.1000000e+01 1.2800000e+01 0.0000000e+00 0.0000000e+00
4.2306000e+05 4.3000000e+01 1.3050000e+01 0.0000000e+00 0.0000000e+00
4.2312000e+05 4.7000000e+01 1.2250000e+01 0.0000000e+00 0.0000000e+00
4.2318000e+05 4.5000000e+01 1.1750000e+01 0.0000000e+00 0.0000000e+00
4.2324000e+05 4.6000000e+01 1.1550000e+01 0.0000000e+00 0.0000000e+00
4.2330000e+05 4.0000000e+01 1.2550000e+01 0.0000000e+00 0.0000000e+00
4.2336000e+05 3.8000000e+01 1.3450000e+01 0.0000000e+00 0.0000000e+00
4.2342000e+05 3.8000000e+01 1.3500000e+01 0.0000000e+00 0.0000000e+00
4.2348000e+05 3.9000000e+01 1.3400000e+01 0.0000000e+00 0.0000000e+00
4.2354000e+05 3.9000000e+01 1.3400000e+01 0.0000000e+00 0.0000000e+00
4.2360000e+05 4.0000000e+01 1.3100000e+01 0.0000000e+00 0.0000000e+00
4.2366000e+05 4.2000000e+01 1.2800000e+01 0.0000000e+00 0.0000000e+00
4.2372000e+05 4.3000000e+01 1.3050000e+01 0.0000000e+00 0.0000000e+00
4.2378000e+05 4.2000000e+01 1.2950000e+01 0.0000000e+00 0.0000000e+00
4.2384000e+05 4.2000000e+01 1.3150000e+01 0.0000000e+00 0.0000000e+00
4.2390000e+05 4.0000000e+01 1.3500000e+01 0.0000000e+00 1.6100590e+01
4.2396000e+05 4.1000000e+01 1.3550000e+01 0.0000000e+00 2.7032820e+01
4.2402000e+05 3.8000000e+01 1.4150000e+01 0.0000000e+00 6.5548927e+01
4.2408000e+05 4.0000000e+01 1.4300000e+01 0.0000000e+00 7.1401573e+01
4.2414000e+05 4.2000000e+01 1.3900000e+01 0.0000000e+00 6.4063873e+01
4.2420000e+05 4.1000000e+01 1.4450000e+01 0.0000000e+00 9.2069252e+01
4.2426000e+05 4.9000000e+01 1.3200000e+01 0.0000000e+00 2.0315010e+01
4.2432000e+05 5.2000000e+01 1.2000000e+01 0.0000000e+00 0.0000000e+00
4.2438000e+05 6.3000000e+01 1.0550000e+01 0.0000000e+00 0.0000000e+00
4.2444000e+05 6.7000000e+01 9.2500000e+00 0.0000000e+00 0.0000000e+00
4.2450000e+05 6.8000000e+01 8.8000002e+00 0.0000000e+00 0.0000000e+00
4.2456000e+05 7.1000000e+01 8.0500000e+00 0.0000000e+00 0.0000000e+00
4.2462000e+05 7.6000000e+01 7.6499999e+00 0.0000000e+00 0.0000000e+00
4.2468000e+05 7.3000000e+01 7.5500000e+00 0.0000000e+00 0.0000000e+00
4.2474000e+05 6.8000000e+01 8.1500001e+00 0.0000000e+00 0.0000000e+00
4.2480000e+05 7.5000000e+01 7.7000000e+00 0.0000000e+00 0.0000000e+00
4.2486000e+05 7.4000000e+01 6.7000000e+00 0.0000000e+00 0.0000000e+00
4.2492000e+05 7.1000000e+01 6.2500000e+00 0.0000000e+00 0.0000000e+00
4.2498000e+05 7.8000000e+01 6.0000000e+00 0.0000000e+00 0.0000000e+00
4.2504000e+05 8.1000000e+01 5.6499999e+00 0.0000000e+00 0.0000000e+00
4.2510000e+05 8.3000000e+01 5.3499999e+00 0.0000000e+00 0.0000000e+00
4.2516000e+05 7.9000000e+01 5.1499999e+00 0.0000000e+00 0.0000000e+00
4.2522000e+05 7.7000000e+01 5.2000000e+00 0.0000000e+00 0.0000000e+00
4.2528000e+05 7.8000000e+01 5.7500000e+00 0.0000000e+00 0.0000000e+00
4.2534000e+05 8.4000000e+01 5.9500000e+00 0.0000000e+00 5.4620380e+00
4.2540000e+05 7.6000000e+01 6.8499999e+00 0.0000000e+00 6.9822487e+01
4.2546000e+05 6.9000000e+01 9.0000000e+00 0.0000000e+00 1.8064841e+02
4.2552000e+05 7.6000000e+01 9.4500003e+00 0.0000000e+00 1.2842030e+02
4.2558000e+05 7.6000000e+01 8.5499997e+00 0.0000000e+00 6.0920879e+01
4.2564000e+05 7.5000000e+01 8.5999999e+00 0.0000000e+00 2.9316690e+01
4.2570000e+05 6.4000000e+01 8.5000000e+00 0.0000000e+00 6.3058300e+00
4.2576000e+05 7.0000000e+01 7.7500000e+00 0.0000000e+00 0.0000000e+00
4.2582000e+05 7.2000000e+01 6.3500001e+00 0.0000000e+00 0.0000000e+00
4.2588000e+05 7.3000000e+01 5.8499999e+00 0.0000000e+00 0.0000000e+00
4.2594000e+05 7.4000000e+01 5.2500000e+00 0.0000000e+00 0.0000000e+00
4.2600000e+05 7.7000000e+01 4.6000001e+00 0.0000000e+00 0.0000000e+00
4.2606000e+05 8.3000000e+01 3.8500000e+00 0.0000000e+00 0.0000000e+00
4.2612000e+05 8.0000000e+01 3.7499999e+00 0.0000000e+00 0.0000000e+00
4.2618000e+05 7.8000000e+01 3.6000000e+00 0.0000000e+00 0.0000000e+00
4.2624000e+05 8.1000000e+01 3.6000000e+00 0.0000000e+00 0.0000000e+00
4.2630000e+05 7.9000000e+01 3.6000000e+00 0.0000000e+00 0.0000000e+00
4.2636000e+05 8.7000000e+01 3.7000000e+00 0.0000000e+00 0.0000000e+00
4.2642000e+05 8.2000000e+01 3.8000000e+00 0.0000000e+00 0.0000000e+00
4.2648000e+05 8.2000000e+01 4.1500001e+00 0.0000000e+00 0.0000000e+00
4.2654000e+05 8.5000000e+01 4.1500001e+00 0.0000000e+00 0.0000000e+00
4.2660000e+05 8.5000000e+01 4.2500000e+00 0.0000000e+00 0.0000000e+00
4.2666000e+05 8.4000000e+01 3.9000000e+00 0.0000000e+00 0.0000000e+00
4.2672000e+05 8.3000000e+01 3.5500000e+00 0.0000000e+00 0.0000000e+00
4.2678000e+05 8.7000000e+01 3.2000000e+00 0.0000000e+00 6.9695148e+00
4.2684000e+05 7.9000000e+01 4.2500000e+00 0.0000000e+00 5.9944698e+01
4.2690000e+05 7.6000000e+01 6.7500000e+00 0.0000000e+00 1.8423579e+02
4.2696000e+05 7.2000000e+01 7.3500001e+00 0.0000000e+00 1.8297450e+02
4.2702000e+05 7.4000000e+01 7.6999998e+00 0.0000000e+00 1.5781799e+02
4.2708000e+05 8.0000000e+01 6.7500000e+00 0.0000000e+00 8.5157341e+01
4.2714000e+05 8.2000000e+01 5.2500000e+00 0.0000000e+00 3.7230339e+00
4.2720000e+05 8.7000000e+01 4.6499999e+00 0.0000000e+00 0.0000000e+00
4.2726000e+05 8.7000000e+01 4.1500000e+00 0.0000000e+00 0.0000000e+00
4.2732000e+05 8.3000000e+01 4.8499999e+00 0.0000000e+00 0.0000000e+00
4.2738000e+05 8.6000000e+01 5.2500000e+00 0.0000000e+00 0.0000000e+00
4.2744000e+05 9.3000000e+01 5.3999999e+00 0.0000000e+00 0.0000000e+00
4.2750000e+05 9.5000000e+01 5.3499999e+00 0.0000000e+00 0.0000000e+00
4.2756000e+05 9.4000000e+01 5.6000001e+00 0.0000000e+00 0.0000000e+00
4.2762000e+05 9.4000000e+01 5.7000000e+00 0.0000000e+00 0.0000000e+00
4.2768000e+05 9.4000000e+01 5.7000000e+00 0.0000000e+00 0.0000000e+00
4.2774000e+05 7.9000000e+01 6.5000000e+00 0.0000000e+00 0.0000000e+00
4.2780000e+05 6.7000000e+01 7.3000000e+00 0.0000000e+00 0.0000000e+00
4.2786000e+05 8.3000000e+01 6.8499999e+00 0.0000000e+00 0.0000000e+00
4.2792000e+05 9.2000000e+01 5.7500000e+00 0.0000000e+00 0.0000000e+00
4.2798000e+05 9.2000000e+01 5.5500000e+00 0.0000000e+00 0.0000000e+00
4.2804000e+05 9.2000000e+01 5.6500001e+00 0.0000000e+00 0.0000000e+00
4.2810000e+05 9.1000000e+01 5.2500000e+00 0.0000000e+00 0.0000000e+00
4.2816000e+05 9.2000000e+01 4.8999999e+00 0.0000000e+00 0.0000000e+00
4.2822000e+05 9.2000000e+01 4.9000001e+00 0.0000000e+00 8.3118696e+00
4.2828000e+05 9.3000000e+01 4.7500000e+00 0.0000000e+00 1.5579390e+01
4.2834000e+05 8.5000000e+01 5.0000000e+00 0.0000000e+00 6.2499149e+01
4.2840000e+05 8.4000000e+01 5.6500001e+00 0.0000000e+00 5.5475471e+01
4.2846000e+05 9.1000000e+01 4.8999999e+00 0.0000000e+00 1.1972850e+01
4.2852000e+05 8.9000000e+01 4.6000001e+00 0.0000000e+00 3.3985021e+00
4.2858000e+05 9.0000000e+01 4.3500000e+00 0.0000000e+00 0.0000000e+00
4.2864000e+05 9.0000000e+01 5.2000000e+00 0.0000000e+00 0.0000000e+00
4.2870000e+05 9.1000000e+01 4.9500000e+00 0.0000000e+00 0.0000000e+00
4.2876000e+05 9.1000000e+01 5.4500000e+00 0.0000000e+00 0.0000000e+00
4.2882000e+05 8.7000000e+01 5.1000001e+00 0.0000000e+00 0.0000000e+00
4.2888000e+05 8.9000000e+01 4.8499999e+00 0.0000000e+00 0.0000000e+00
4.2894000e+05 8.3000000e+01 5.0500000e+00 0.0000000e+00 0.0000000e+00
4.2900000e+05 9.0000000e+01 4.9000001e+00 0.0000000e+00 0.0000000e+00
4.2906000e+05 8.2000000e+01 5.0000000e+00 0.0000000e+00 0.0000000e+00
4.2912000e+05 8.6000000e+01 4.6500001e+00 0.0000000e+00 0.0000000e+00
4.2918000e+05 8.3000000e+01 4.2000000e+00 0.0000000e+00 0.0000000e+00
4.2924000e+05 8.2000000e+01 4.2500000e+00 0.0000000e+00 0.0000000e+00
4.2930000e+05 8.4000000e+01 3.8000000e+00 0.0000000e+00 0.0000000e+00
4.2936000e+05 8.6000000e+01 3.6500000e+00 0.0000000e+00 0.0000000e+00
4.2942000e+05 9.0000000e+01 3.5500000e+00 0.0000000e+00 0.0000000e+00
4.2948000e+05 9.2000000e+01 3.1500000e+00 0.0000000e+00 0.0000000e+00
4.2954000e+05 9.0000000e+01 3.5500001e+00 0.0000000e+00 0.0000000e+00
4.2960000e+05 9.2000000e+01 3.4499999e+00 0.0000000e+00 0.0000000e+00
4.2966000e+05 8.9000000e+01 3.9999999e+00 0.0000000e+00 3.8381310e+01
4.2972000e+05 8.2000000e+01 4.5999999e+00 0.0000000e+00 7.6947350e+01
4.2978000e+05 8.3000000e+01 4.9500000e+00 0.0000000e+00 1.0650330e+02
4.2984000e+05 7.7000000e+01 4.8499999e+00 0.0000000e+00 9.3693024e+01
4.2990000e+05 7.8000000e+01 4.7000000e+00 0.0000000e+00 6.3184780e+01
4.2996000e+05 7.7000000e+01 4.2500000e+00 0.0000000e+00 3.3624378e+01
4.3002000e+05 7.5000000e+01 4.0500000e+00 0.0000000e+00 4.0823579e+00
4.3008000e+05 7.1000000e+01 3.7500000e+00 0.0000000e+00 0.0000000e+00
4.3014000e+05 6.7000000e+01 3.6500000e+00 0.0000000e+00 0.0000000e+00
4.3020000e+05 6.1000000e+01 3.9499999e+00 0.0000000e+00 0.0000000e+00
4.3026000e+05 5.9000000e+01 3.9499999e+00 0.0000000e+00 0.0000000e+00
4.3032000e+05 5.7000000e+01 3.8000000e+00 0.0000000e+00 0.0000000e+00
4.3038000e+05 5.4000000e+01 3.7500000e+00 0.0000000e+00 0.0000000e+00
4.3044000e+05 5.2000000e+01 4.5000000e+00 0.0000000e+00 0.0000000e+00
4.3050000e+05 5.4000000e+01 5.3000000e+00 0.0000000e+00 0.0000000e+00
4.3056000e+05 6.0000000e+01 4.8000000e+00 0.0000000e+00 0.0000000e+00
4.3062000e+05 5.5000000e+01 5.0000000e+00 0.0000000e+00 0.0000000e+00
4.3068000e+05 5.8000000e+01 5.4500000e+00 0.0000000e+00 0.0000000e+00
4.3074000e+05 6.5000000e+01 5.3000000e+00 0.0000000e+00 0.0000000e+00
4.3080000e+05 6.8000000e+01 4.3499999e+00 0.0000000e+00 0.0000000e+00
4.3086000e+05 6.9000000e+01 3.9499999e+00 0.0000000e+00 0.0000000e+00
4.3092000e+05 7.0000000e+01 4.0000000e+00 0.0000000e+00 0.0000000e+00
4.3098000e+05 6.8000000e+01 3.9000001e+00 0.0000000e+00 0.0000000e+00
4.3104000e+05 6.8000000e+01 3.8499999e+00 0.0000000e+00 0.0000000e+00
4.3110000e+05 6.7000000e+01 4.1000001e+00 0.0000000e+00 6.9928222e+00
4.3116000e+05 7.0000000e+01 4.2000000e+00 0.0000000e+00 3.6006351e+01
4.3122000e+05 5.8000000e+01 5.9500000e+00 0.0000000e+00 1.8435670e+02
4.3128000e+05 5.7000000e+01 7.1500001e+00 0.0000000e+00 1.9322681e+02
4.3134000e+05 5.8000000e+01 6.6500001e+00 0.0000000e+00 1.5407539e+02
4.3140000e+05 6.3000000e+01 5.5999999e+00 0.0000000e+00 7.1688293e+01
4.3146000e+05 6.6000000e+01 4.5500002e+00 0.0000000e+00 1.0217740e+01
4.3152000e+05 7.0000000e+01 3.9000001e+00 0.0000000e+00 0.0000000e+00
4.3158000e+05 7.3000000e+01 3.4000000e+00 0.0000000e+00 0.0000000e+00
4.3164000e+05 7.2000000e+01 3.2500000e+00 0.0000000e+00 0.0000000e+00
4.3170000e+05 7.6000000e+01 2.9499999e+00 0.0000000e+00 0.0000000e+00
4.3176000e+05 7.6000000e+01 3.0500001e+00 0.0000000e+00 0.0000000e+00
4.3182000e+05 7.8000000e+01 2.7000000e+00 0.0000000e+00 0.0000000e+00
4.3188000e+05 8.1000000e+01 2.2000000e+00 0.0000000e+00 0.0000000e+00
4.3194000e+05 8.3000000e+01 1.9499999e+00 0.0000000e+00 0.0000000e+00
4.3200000e+05 8.3000000e+01 2.2499999e+00 0.0000000e+00 0.0000000e+00
4.3206000e+05 7.7000000e+01 2.5000000e+00 0.0000000e+00 0.0000000e+00
4.3212000e+05 7.7000000e+01 2.5500001e+00 0.0000000e+00 0.0000000e+00
4.3218000e+05 8.4000000e+01 1.6500000e+00 0.0000000e+00 0.0000000e+00
4.3224000e+05 8.3000000e+01 1.0000000e+00 0.0000000e+00 0.0000000e+00
4.3230000e+05 8.6000000e+01 7.0000000e-01 0.0000000e+00 0.0000000e+00
4.3236000e+05 8.5000000e+01 1.1000000e+00 0.0000000e+00 0.0000000e+00
4.3242000e+05 7.9000000e+01 1.0500000e+00 0.0000000e+00 0.0000000e+00
4.3248000e+05 7.3000000e+01 1.8000000e+00 0.0000000e+00 0.0000000e+00
4.3254000e+05 7.1000000e+01 2.3499999e+00 0.0000000e+00 4.2406311e+00
4.3260000e+05 6.6000000e+01 2.8000000e+00 0.0000000e+00 2.8789520e+01
4.3266000e+05 6.2000000e+01 4.7000000e+00 0.0000000e+00 1.6791071e+02
4.3272000e+05 6.0000000e+01 5.2500000e+00 0.0000000e+00 1.1232400e+02
4.3278000e+05 5.7000000e+01 4.9500000e+00 0.0000000e+00 8.1002243e+01
4.3284000e+05 5.5000000e+01 5.1500001e+00 0.0000000e+00 5.4395882e+01
4.3290000e+05 5.9000000e+01 4.5500000e+00 0.0000000e+00 3.1534541e+00
4.3296000e+05 5.4000000e+01 4.7000000e+00 0.0000000e+00 0.0000000e+00
4.3302000e+05 5.4000000e+01 5.2000000e+00 0.0000000e+00 0.0000000e+00
4.3308000e+05 5.2000000e+01 5.7000000e+00 0.0000000e+00 0.0000000e+00
4.3314000e+05 5.3000000e+01 5.9499998e+00 0.0000000e+00 0.0000000e+00
4.3320000e+05 6.1000000e+01 6.0500000e+00 0.0000000e+00 0.0000000e+00
4.3326000e+05 6.7000000e+01 6.5000000e+00 0.0000000e+00 0.0000000e+00
4.3332000e+05 8.5000000e+01 6.0500000e+00 0.0000000e+00 0.0000000e+00
4.3338000e+05 9.1000000e+01 5.8000000e+00 0.0000000e+00 0.0000000e+00
4.3344000e+05 9.3000000e+01 5.5500000e+00 0.0000000e+00 0.0000000e+00
4.3350000e+05 6.6000000e+01 7.3500001e+00 0.0000000e+00 0.0000000e+00
4.3356000e+05 7.2000000e+01 8.9499998e+00 0.0000000e+00 0.0000000e+00
4.3362000e+05 7.0000000e+01 8.3999999e+00 0.0000000e+00 0.0000000e+00
4.3368000e+05 6.2000000e+01 9.4499998e+00 0.0000000e+00 0.0000000e+00
4.3374000e+05 5.7000000e+01 1.0650000e+01 0.0000000e+00 0.0000000e+00
4.3380000e+05 6.2000000e+01 1.1200000e+01 0.0000000e+00 0.0000000e+00
4.3386000e+05 7.8000000e+01 9.8499999e+00 0.0000000e+00 0.0000000e+00
4.3392000e+05 9.3000000e+01 8.1999998e+00 0.0000000e+00 0.0000000e+00
4.3398000e+05 8.3000000e+01 8.3000002e+00 0.0000000e+00 8.8074760e+00
4.3404000e+05 7.6000000e+01 8.6999998e+00 0.0000000e+00 2.8479790e+01
4.3410000e+05 7.0000000e+01 9.3499999e+00 0.0000000e+00 2.2577419e+01
4.3416000e+05 5.4000000e+01 1.0450000e+01 0.0000000e+00 9.8645187e+01
4.3422000e+05 4.8000000e+01 1.1050000e+01 0.0000000e+00 8.1687927e+01
4.3428000e+05 4.9000000e+01 1.1300000e+01 0.0000000e+00 4.8786098e+01
4.3434000e+05 4.8000000e+01 1.0950000e+01 0.0000000e+00 1.0092740e+00
4.3440000e+05 5.2000000e+01 1.0750000e+01 0.0000000e+00 0.0000000e+00
4.3446000e+05 4.8000000e+01 1.0850000e+01 0.0000000e+00 0.0000000e+00
4.3452000e+05 6.4000000e+01 1.0350000e+01 0.0000000e+00 0.0000000e+00
4.3458000e+05 7.7000000e+01 8.7999997e+00 0.0000000e+00 0.0000000e+00
4.3464000e+05 9.2000000e+01 7.4499998e+00 0.0000000e+00 0.0000000e+00
4.3470000e+05 8.4000000e+01 7.0500000e+00 0.0000000e+00 0.0000000e+00
4.3476000e+05 8.5000000e+01 7.4000001e+00 0.0000000e+00 0.0000000e+00
4.3482000e+05 9.1000000e+01 6.5999999e+00 0.0000000e+00 0.0000000e+00
4.3488000e+05 9.0000000e+01 6.5500002e+00 0.0000000e+00 0.0000000e+00
4.3494000e+05 8.7000000e+01 6.7500000e+00 0.0000000e+00 0.0000000e+00
4.3500000e+05 9.3000000e+01 6.8500001e+00 0.0000000e+00 0.0000000e+00
4.3506000e+05 7.0000000e+01 7.4500003e+00 0.0000000e+00 0.0000000e+00
4.3512000e+05 8.6000000e+01 7.8499999e+00 0.0000000e+00 0.0000000e+00
4.3518000e+05 8.9000000e+01 6.3499999e+00 0.0000000e+00 0.0000000e+00
4.3524000e+05 9.1000000e+01 6.0000000e+00 0.0000000e+00 0.0000000e+00
4.3530000e+05 8.5000000e+01 5.7500000e+00 0.0000000e+00 0.0000000e+00
4.3536000e+05 8.8000000e+01 6.0500000e+00 0.0000000e+00 0.0000000e+00
4.3542000e+05 7.3000000e+01 6.3000000e+00 0.0000000e+00 1.2069000e+01
4.3548000e+05 7.3000000e+01 6.5500000e+00 0.0000000e+00 1.7352470e+01
4.3554000e+05 8.1000000e+01 6.2000000e+00 0.0000000e+00 5.1133869e+01
4.3560000e+05 8.2000000e+01 5.5999999e+00 0.0000000e+00 1.9515511e+01
4.3566000e+05 7.9000000e+01 5.7500000e+00 0.0000000e+00 2.6827780e+01
4.3572000e+05 7.4000000e+01 5.9500000e+00 0.0000000e+00 2.0014910e+01
4.3578000e+05 8.6000000e+01 4.8000000e+00 0.0000000e+00 0.0000000e+00
4.3584000e+05 8.2000000e+01 5.3000000e+00 0.0000000e+00 0.0000000e+00
4.3590000e+05 7.2000000e+01 6.3499999e+00 0.0000000e+00 0.0000000e+00
4.3596000e+05 8.4000000e+01 6.6500001e+00 0.0000000e+00 0.0000000e+00
4.3602000e+05 7.3000000e+01 6.5999999e+00 0.0000000e+00 0.0000000e+00
4.3608000e+05 6.6000000e+01 7.0500000e+00 0.0000000e+00 0.0000000e+00
4.3614000e+05 6.6000000e+01 7.3999999e+00 0.0000000e+00 0.0000000e+00
4.3620000e+05 6.8000000e+01 7.7500000e+00 0.0000000e+00 0.0000000e+00
4.3626000e+05 6.1000000e+01 7.5000002e+00 0.0000000e+00 0.0000000e+00
4.3632000e+05 5.9000000e+01 8.3000002e+00 0.0000000e+00 0.0000000e+00
4.3638000e+05 5.4000000e+01 8.2000003e+00 0.0000000e+00 0.0000000e+00
4.3644000e+05 5.2000000e+01 8.7500000e+00 0.0000000e+00 0.0000000e+00
4.3650000e+05 5.3000000e+01 9.0000000e+00 0.0000000e+00 0.0000000e+00
4.3656000e+05 5.0000000e+01 9.4499998e+00 0.0000000e+00 0.0000000e+00
4.3662000e+05 8.1000000e+01 8.2499998e+00 0.0000000e+00 0.0000000e+00
4.3668000e+05 8.0000000e+01 6.0500000e+00 0.0000000e+00 0.0000000e+00
4.3674000e+05 7.9000000e+01 5.8499999e+00 0.0000000e+00 0.0000000e+00
4.3680000e+05 9.3000000e+01 5.1499999e+00 0.0000000e+00 0.0000000e+00
4.3686000e+05 9.2000000e+01 4.3999999e+00 0.0000000e+00 0.0000000e+00
4.3692000e+05 8.5000000e+01 4.8000000e+00 0.0000000e+00 7.1015182e+00
4.3698000e+05 8.5000000e+01 5.0500000e+00 0.0000000e+00 3.2867802e+01
4.3704000e+05 9.2000000e+01 5.2500000e+00 0.0000000e+00 2.9123541e+01
4.3710000e+05 8.9000000e+01 5.5000000e+00 0.0000000e+00 2.4668641e+00
4.3716000e+05 8.7000000e+01 5.9500000e+00 0.0000000e+00 5.6828842e+00
4.3722000e+05 8.6000000e+01 6.3999999e+00 0.0000000e+00 0.0000000e+00
4.3728000e+05 8.9000000e+01 6.0500000e+00 0.0000000e+00 0.0000000e+00
4.3734000e+05 9.1000000e+01 5.5000000e+00 0.0000000e+00 0.0000000e+00
4.3740000e+05 8.9000000e+01 5.1500001e+00 0.0000000e+00 0.0000000e+00
4.3746000e+05 9.2000000e+01 4.8499999e+00 0.0000000e+00 0.0000000e+00
4.3752000e+05 9.2000000e+01 4.8499999e+00 0.0000000e+00 0.0000000e+00
4.3758000e+05 9.2000000e+01 4.6500001e+00 0.0000000e+00 0.0000000e+00
4.3764000e+05 9.3000000e+01 4.4000001e+00 0.0000000e+00 0.0000000e+00
4.3770000e+05 9.1000000e+01 4.4000001e+00 0.0000000e+00 0.0000000e+00
4.3776000e+05 9.2000000e+01 4.3499999e+00 0.0000000e+00 0.0000000e+00
4.3782000e+05 9.2000000e+01 4.1000001e+00 0.0000000e+00 0.0000000e+00
4.3788000e+05 9.4000000e+01 3.8500000e+00 0.0000000e+00 0.0000000e+00
4.3794000e+05 9.4000000e+01 3.9000000e+00 0.0000000e+00 0.0000000e+00
4.3800000e+05 9.5000000e+01 3.6500000e+00 0.0000000e+00 0.0000000e+00
4.3806000e+05 9.6000000e+01 3.1999999e+00 0.0000000e+00 0.0000000e+00
4.3812000e+05 9.5000000e+01 3.0000000e+00 0.0000000e+00 0.0000000e+00
4.3818000e+05 9.5000000e+01 2.9000000e+00 0.0000000e+00 0.0000000e+00
4.3824000e+05 9.4000000e+01 2.8000001e+00 0.0000000e+00 0.0000000e+00
4.3830000e+05 9.1000000e+01 2.9000000e+00 0.0000000e+00 5.6319289e+00
4.3836000e+05 8.7000000e+01 3.4000000e+00 0.0000000e+00 2.5277840e+01
4.3842000e+05 8.3000000e+01 3.9499999e+00 0.0000000e+00 5.7033649e+01
4.3848000e+05 8.1000000e+01 3.9499999e+00 0.0000000e+00 4.7029781e+01
4.3854000e+05 8.0000000e+01 3.9000000e+00 0.0000000e+00 3.7960449e+01
4.3860000e+05 7.5000000e+01 3.6500000e+00 0.0000000e+00 2.0184860e+01
4.3866000e+05 7.2000000e+01 3.7000000e+00 0.0000000e+00 0.0000000e+00
4.3872000e+05 7.0000000e+01 3.6500000e+00 0.0000000e+00 0.0000000e+00
4.3878000e+05 6.8000000e+01 3.4000000e+00 0.0000000e+00 0.0000000e+00
4.3884000e+05 6.4000000e+01 3.7500000e+00 0.0000000e+00 0.0000000e+00
4.3890000e+05 5.8000000e+01 4.3000000e+00 0.0000000e+00 0.0000000e+00
4.3896000e+05 5.5000000e+01 4.8000000e+00 0.0000000e+00 0.0000000e+00
4.3902000e+05 5.5000000e+01 5.2000000e+00 0.0000000e+00 0.0000000e+00
4.3908000e+05 5.5000000e+01 5.3999999e+00 0.0000000e+00 0.0000000e+00
4.3914000e+05 5.9000000e+01 5.0000000e+00 0.0000000e+00 0.0000000e+00
4.3920000e+05 6.9000000e+01 4.3500001e+00 0.0000000e+00 0.0000000e+00
4.3926000e+05 7.3000000e+01 3.9500000e+00 0.0000000e+00 0.0000000e+00
4.3932000e+05 7.2000000e+01 3.8000000e+00 0.0000000e+00 0.0000000e+00
4.3938000e+05 7.7000000e+01 4.0000000e+00 0.0000000e+00 0.0000000e+00
4.3944000e+05 7.8000000e+01 3.5500001e+00 0.0000000e+00 0.0000000e+00
4.3950000e+05 6.5000000e+01 4.1500000e+00 0.0000000e+00 0.0000000e+00
4.3956000e+05 6.8000000e+01 4.9500000e+00 0.0000000e+00 0.0000000e+00
4.3962000e+05 6.6000000e+01 5.0500000e+00 0.0000000e+00 0.0000000e+00
4.3968000e+05 6.5000000e+01 5.5000000e+00 0.0000000e+00 0.0000000e+00
4.3974000e+05 7.4000000e+01 6.0000000e+00 0.0000000e+00 0.0000000e+00
4.3980000e+05 7.2000000e+01 6.2000000e+00 0.0000000e+00 8.4359207e+00
4.3986000e+05 6.5000000e+01 7.0500000e+00 0.0000000e+00 2.4900160e+01
4.3992000e+05 6.6000000e+01 7.6000001e+00 0.0000000e+00 5.4822731e+01
4.3998000e+05 7.5000000e+01 7.8500001e+00 0.0000000e+00 7.1467461e+01
4.4004000e+05 7.8000000e+01 7.0500000e+00 0.0000000e+00 3.3079521e+01
4.4010000e+05 7.5000000e+01 6.0000000e+00 0.0000000e+00 0.0000000e+00
4.4016000e+05 7.7000000e+01 5.6000001e+00 0.0000000e+00 0.0000000e+00
4.4022000e+05 7.7000000e+01 5.6000001e+00 0.0000000e+00 0.0000000e+00
4.4028000e+05 7.6000000e+01 5.1500001e+00 0.0000000e+00 0.0000000e+00
4.4034000e+05 8.0000000e+01 4.6000001e+00 0.0000000e+00 0.0000000e+00
4.4040000e+05 7.9000000e+01 4.3999999e+00 0.0000000e+00 0.0000000e+00
4.4046000e+05 8.3000000e+01 4.1000000e+00 0.0000000e+00 0.0000000e+00
4.4052000e+05 8.6000000e+01 3.6000000e+00 0.0000000e+00 0.0000000e+00
4.4058000e+05 7.6000000e+01 4.1500000e+00 0.0000000e+00 0.0000000e+00
4.4064000e+05 7.3000000e+01 5.3000000e+00 0.0000000e+00 0.0000000e+00
4.4070000e+05 7.2000000e+01 5.4499998e+00 0.0000000e+00 0.0000000e+00
4.4076000e+05 7.8000000e+01 5.2000000e+00 0.0000000e+00 0.0000000e+00
4.4082000e+05 8.4000000e+01 4.1000000e+00 0.0000000e+00 0.0000000e+00
4.4088000e+05 8.7000000e+01 3.6999999e+00 0.0000000e+00 0.0000000e+00
4.4094000e+05 9.1000000e+01 3.0500000e+00 0.0000000e+00 0.0000000e+00
4.4100000e+05 9.0000000e+01 2.9500000e+00 0.0000000e+00 0.0000000e+00
4.4106000e+05 8.8000000e+01 3.1500001e+00 0.0000000e+00 0.0000000e+00
4.4112000e+05 8.3000000e+01 3.5500000e+00 0.0000000e+00 0.0000000e+00
4.4118000e+05 9.1000000e+01 3.5000000e+00 0.0000000e+00 8.3758125e+00
4.4124000e+05 8.8000000e+01 3.7500000e+00 0.0000000e+00 4.6789879e+01
4.4130000e+05 8.7000000e+01 4.5500000e+00 0.0000000e+00 7.3941002e+01
4.4136000e+05 8.1000000e+01 5.5500000e+00 0.0000000e+00 7.3592247e+01
4.4142000e+05 8.0000000e+01 6.2000000e+00 0.0000000e+00 5.3364441e+01
4.4148000e+05 7.8000000e+01 6.3000000e+00 0.0000000e+00 2.1251560e+01
4.4154000e+05 7.5000000e+01 6.1500001e+00 0.0000000e+00 0.0000000e+00
4.4160000e+05 7.7000000e+01 6.0000000e+00 0.0000000e+00 0.0000000e+00
4.4166000e+05 7.6000000e+01 5.7000000e+00 0.0000000e+00 0.0000000e+00
4.4172000e+05 8.1000000e+01 5.4499998e+00 0.0000000e+00 0.0000000e+00
4.4178000e+05 7.9000000e+01 5.0000000e+00 0.0000000e+00 0.0000000e+00
4.4184000e+05 7.4000000e+01 5.4499998e+00 0.0000000e+00 0.0000000e+00
4.4190000e+05 6.3000000e+01 6.7000000e+00 0.0000000e+00 0.0000000e+00
4.4196000e+05 5.3000000e+01 8.9499998e+00 0.0000000e+00 0.0000000e+00
4.4202000e+05 4.6000000e+01 9.9000001e+00 0.0000000e+00 0.0000000e+00
4.4208000e+05 5.0000000e+01 1.0250000e+01 0.0000000e+00 0.0000000e+00
4.4214000e+05 5.3000000e+01 9.8999996e+00 0.0000000e+00 0.0000000e+00
4.4220000e+05 5.2000000e+01 9.6500001e+00 0.0000000e+00 0.0000000e+00
4.4226000e+05 5.2000000e+01 9.7500000e+00 0.0000000e+00 0.0000000e+00
4.4232000e+05 5.2000000e+01 9.7999997e+00 0.0000000e+00 0.0000000e+00
4.4238000e+05 5.3000000e+01 1.0100000e+01 0.0000000e+00 0.0000000e+00
4.4244000e+05 5.1000000e+01 1.0450000e+01 0.0000000e+00 0.0000000e+00
4.4250000e+05 5.3000000e+01 1.0600000e+01 0.0000000e+00 0.0000000e+00
4.4256000e+05 5.1000000e+01 1.1050000e+01 0.0000000e+00 0.0000000e+00
4.4262000e+05 5.2000000e+01 1.1050000e+01 0.0000000e+00 6.7419410e+00
4.4268000e+05 6.3000000e+01 1.0750000e+01 0.0000000e+00 1.5372340e+01
4.4274000e+05 6.7000000e+01 1.0000000e+01 0.0000000e+00 7.6222038e+00
4.4280000e+05 7.1000000e+01 9.3499999e+00 0.0000000e+00 9.4691353e+00
4.4286000e+05 6.2000000e+01 9.6999998e+00 0.0000000e+00 1.4923760e+01
4.4292000e+05 5.9000000e+01 1.0350000e+01 0.0000000e+00 1.5054270e+01
4.4298000e+05 6.4000000e+01 1.0350000e+01 0.0000000e+00 0.0000000e+00
4.4304000e+05 6.2000000e+01 1.0400000e+01 0.0000000e+00 0.0000000e+00
4.4310000e+05 6.4000000e+01 1.0650000e+01 0.0000000e+00 0.0000000e+00
4.4316000e+05 7.8000000e+01 9.5999999e+00 0.0000000e+00 0.0000000e+00
4.4322000e+05 8.1000000e+01 9.3000002e+00 0.0000000e+00 0.0000000e+00
4.4328000e+05 8.7000000e+01 8.6000004e+00 0.0000000e+00 0.0000000e+00
4.4334000e+05 9.3000000e+01 7.9000001e+00 0.0000000e+00 0.0000000e+00
4.4340000e+05 9.4000000e+01 7.8000000e+00 0.0000000e+00 0.0000000e+00
4.4346000e+05 9.5000000e+01 7.5500002e+00 0.0000000e+00 0.0000000e+00
4.4352000e+05 9.5000000e+01 7.4500000e+00 0.0000000e+00 0.0000000e+00
4.4358000e+05 8.9000000e+01 7.8500001e+00 0.0000000e+00 0.0000000e+00
4.4364000e+05 6.4000000e+01 9.4499998e+00 0.0000000e+00 0.0000000e+00
4.4370000e+05 6.0000000e+01 1.0750000e+01 0.0000000e+00 0.0000000e+00
4.4376000e+05 6.6000000e+01 1.0700000e+01 0.0000000e+00 0.0000000e+00
4.4382000e+05 6.2000000e+01 1.0900000e+01 0.0000000e+00 0.0000000e+00
4.4388000e+05 5.7000000e+01 1.1400000e+01 0.0000000e+00 0.0000000e+00
4.4394000e+05 5.5000000e+01 1.1750000e+01 0.0000000e+00 0.0000000e+00
4.4400000e+05 5.9000000e+01 1.1800000e+01 0.0000000e+00 0.0000000e+00
4.4406000e+05 5.9000000e+01 1.1700000e+01 0.0000000e+00 0.0000000e+00
4.4412000e+05 5.4000000e+01 1.2000000e+01 0.0000000e+00 7.6985569e+00
4.4418000e+05 5.1000000e+01 1.2350000e+01 0.0000000e+00 2.2275440e+01
4.4424000e+05 4.9000000e+01 1.2500000e+01 0.0000000e+00 2.6515400e+01
4.4430000e+05 4.7000000e+01 1.2550000e+01 0.0000000e+00 1.6287760e+01
4.4436000e+05 4.6000000e+01 1.2500000e+01 0.0000000e+00 1.0182780e+01
4.4442000e+05 4.9000000e+01 1.2500000e+01 0.0000000e+00 0.0000000e+00
4.4448000e+05 5.0000000e+01 1.2500000e+01 0.0000000e+00 0.0000000e+00
4.4454000e+05 4.7000000e+01 1.2650000e+01 0.0000000e+00 0.0000000e+00
4.4460000e+05 4.7000000e+01 1.2950000e+01 0.0000000e+00 0.0000000e+00
4.4466000e+05 4.6000000e+01 1.2800000e+01 0.0000000e+00 0.0000000e+00
4.4472000e+05 4.7000000e+01 1.2800000e+01 0.0000000e+00 0.0000000e+00
4.4478000e+05 5.0000000e+01 1.2400000e+01 0.0000000e+00 0.0000000e+00
4.4484000e+05 5.2000000e+01 1.1900000e+01 0.0000000e+00 0.0000000e+00
4.4490000e+05 5.5000000e+01 1.1350000e+01 0.0000000e+00 0.0000000e+00
4.4496000e+05 6.2000000e+01 1.0750000e+01 0.0000000e+00 0.0000000e+00
4.4502000e+05 8.7000000e+01 8.5999999e+00 0.0000000e+00 0.0000000e+00
4.4508000e+05 8.9000000e+01 6.5999999e+00 0.0000000e+00 0.0000000e+00
4.4514000e+05 9.1000000e+01 5.6999998e+00 0.0000000e+00 0.0000000e+00
4.4520000e+05 7.3000000e+01 6.0000000e+00 0.0000000e+00 0.0000000e+00
4.4526000e+05 8.0000000e+01 6.4000001e+00 0.0000000e+00 0.0000000e+00
4.4532000e+05 7.3000000e+01 6.1500001e+00 0.0000000e+00 0.0000000e+00
4.4538000e+05 8.2000000e+01 6.0000000e+00 0.0000000e+00 0.0000000e+00
4.4544000e+05 8.2000000e+01 4.9000001e+00 0.0000000e+00 0.0000000e+00
4.4550000e+05 7.0000000e+01 5.5000000e+00 0.0000000e+00 7.9347229e+00
4.4556000e+05 6.3000000e+01 6.3499999e+00 0.0000000e+00 2.6224279e+01
4.4562000e+05 7.1000000e+01 6.0500000e+00 0.0000000e+00 3.2676460e+01
4.4568000e+05 6.3000000e+01 6.2000000e+00 0.0000000e+00 4.1137589e+01
4.4574000e+05 8.6000000e+01 5.0999999e+00 0.0000000e+00 2.6517050e+00
4.4580000e+05 9.0000000e+01 3.9499999e+00 0.0000000e+00 3.6628139e-03
4.4586000e+05 8.5000000e+01 3.5500000e+00 0.0000000e+00 0.0000000e+00
4.4592000e+05 9.1000000e+01 3.8000001e+00 0.0000000e+00 0.0000000e+00
4.4598000e+05 8.6000000e+01 3.9500000e+00 0.0000000e+00 0.0000000e+00
4.4604000e+05 8.7000000e+01 3.9000001e+00 0.0000000e+00 0.0000000e+00
4.4610000e+05 8.5000000e+01 3.7500001e+00 0.0000000e+00 0.0000000e+00
4.4616000e+05 8.2000000e+01 4.0500001e+00 0.0000000e+00 0.0000000e+00
4.4622000e+05 8.4000000e+01 4.0999999e+00 0.0000000e+00 0.0000000e+00
4.4628000e+05 9.0000000e+01 3.6000001e+00 0.0000000e+00 0.0000000e+00
4.4634000e+05 8.8000000e+01 3.5500000e+00 0.0000000e+00 0.0000000e+00
4.4640000e+05 8.6000000e+01 3.3500000e+00 0.0000000e+00 0.0000000e+00
4.4646000e+05 8.7000000e+01 3.6000001e+00 0.0000000e+00 0.0000000e+00
4.4652000e+05 7.8000000e+01 3.4500000e+00 0.0000000e+00 0.0000000e+00
4.4658000e+05 8.1000000e+01 4.2000000e+00 0.0000000e+00 0.0000000e+00
4.4664000e+05 7.9000000e+01 4.1000000e+00 0.0000000e+00 0.0000000e+00
4.4670000e+05 7.0000000e+01 4.2499999e+00 0.0000000e+00 0.0000000e+00
4.4676000e+05 6.2000000e+01 5.2500000e+00 0.0000000e+00 0.0000000e+00
4.4682000e+05 7.2000000e+01 4.9500000e+00 0.0000000e+00 0.0000000e+00
4.4688000e+05 8.7000000e+01 4.6499999e+00 0.0000000e+00 0.0000000e+00
4.4694000e+05 8.8000000e+01 3.9000000e+00 0.0000000e+00 0.0000000e+00
4.4700000e+05 9.2000000e+01 3.6500000e+00 0.0000000e+00 0.0000000e+00
4.4706000e+05 9.1000000e+01 3.8000000e+00 0.0000000e+00 7.2883549e+00
4.4712000e+05 9.2000000e+01 3.9500000e+00 0.0000000e+00 8.7994480e+00
4.4718000e+05 9.4000000e+01 3.9000000e+00 0.0000000e+00 8.7057400e+00
4.4724000e+05 9.5000000e+01 3.8500000e+00 0.0000000e+00 1.8363400e+00
4.4730000e+05 9.6000000e+01 3.9500000e+00 0.0000000e+00 0.0000000e+00
4.4736000e+05 9.5000000e+01 4.0500000e+00 0.0000000e+00 0.0000000e+00
4.4742000e+05 9.6000000e+01 3.9000000e+00 0.0000000e+00 0.0000000e+00
4.4748000e+05 9.7000000e+01 4.3000000e+00 0.0000000e+00 0.0000000e+00
4.4754000e+05 9.6000000e+01 5.0000000e+00 0.0000000e+00 0.0000000e+00
4.4760000e+05 9.6000000e+01 5.4500000e+00 0.0000000e+00 0.0000000e+00
4.4766000e+05 9.5000000e+01 5.6499999e+00 0.0000000e+00 0.0000000e+00
4.4772000e+05 9.5000000e+01 5.5500000e+00 0.0000000e+00 0.0000000e+00
4.4778000e+05 9.6000000e+01 5.2500000e+00 0.0000000e+00 0.0000000e+00
4.4784000e+05 9.6000000e+01 5.1500001e+00 0.0000000e+00 0.0000000e+00
4.4790000e+05 9.7000000e+01 5.2000000e+00 0.0000000e+00 0.0000000e+00
4.4796000e+05 9.6000000e+01 5.3500001e+00 0.0000000e+00 0.0000000e+00
4.4802000e+05 9.6000000e+01 5.4500000e+00 0.0000000e+00 0.0000000e+00
4.4808000e+05 9.8000000e+01 6.5000000e+00 0.0000000e+00 0.0000000e+00
4.4814000e+05 9.5000000e+01 8.7499998e+00 0.0000000e+00 0.0000000e+00
4.4820000e+05 8.4000000e+01 9.8500004e+00 0.0000000e+00 0.0000000e+00
4.4826000e+05 8.3000000e+01 9.4000001e+00 0.0000000e+00 0.0000000e+00
4.4832000e+05 9.1000000e+01 8.5500002e+00 0.0000000e+00 0.0000000e+00
4.4838000e+05 8.7000000e+01 8.1999998e+00 0.0000000e+00 0.0000000e+00
4.4844000e+05 8.2000000e+01 8.5000000e+00 0.0000000e+00 0.0000000e+00
4.4850000e+05 8.2000000e+01 8.6500001e+00 0.0000000e+00 1.2390680e+01
4.4856000e+05 7.6000000e+01 8.3000002e+00 0.0000000e+00 1.2737410e+01
4.4862000e+05 8.1000000e+01 8.1499999e+00 0.0000000e+00 1.0223210e+01
4.4868000e+05 9.1000000e+01 7.0999999e+00 0.0000000e+00 5.5519462e-01
4.4874000e+05 8.6000000e+01 6.8000000e+00 0.0000000e+00 0.0000000e+00
4.4880000e+05 8.7000000e+01 5.5500000e+00 0.0000000e+00 0.0000000e+00
4.4886000e+05 8.4000000e+01 4.9500000e+00 0.0000000e+00 0.0000000e+00
4.4892000e+05 7.9000000e+01 4.8499999e+00 0.0000000e+00 0.0000000e+00
4.4898000e+05 8.0000000e+01 4.5000000e+00 0.0000000e+00 0.0000000e+00
4.4904000e+05 8.5000000e+01 4.2500000e+00 0.0000000e+00 0.0000000e+00
4.4910000e+05 9.0000000e+01 4.1000001e+00 0.0000000e+00 0.0000000e+00
4.4916000e+05 9.1000000e+01 4.0000001e+00 0.0000000e+00 0.0000000e+00
4.4922000e+05 9.2000000e+01 4.1500001e+00 0.0000000e+00 0.0000000e+00
4.4928000e+05 9.2000000e+01 4.3999999e+00 0.0000000e+00 0.0000000e+00
4.4934000e+05 9.0000000e+01 4.7000000e+00 0.0000000e+00 0.0000000e+00
4.4940000e+05 7.4000000e+01 5.4000001e+00 0.0000000e+00 0.0000000e+00
4.4946000e+05 7.6000000e+01 5.7000000e+00 0.0000000e+00 0.0000000e+00
4.4952000e+05 8.7000000e+01 5.4500000e+00 0.0000000e+00 0.0000000e+00
4.4958000e+05 8.8000000e+01 6.3499999e+00 0.0000000e+00 0.0000000e+00
4.4964000e+05 8.9000000e+01 6.4499998e+00 0.0000000e+00 0.0000000e+00
4.4970000e+05 7.7000000e+01 6.3000000e+00 0.0000000e+00 0.0000000e+00
4.4976000e+05 8.8000000e+01 5.8000000e+00 0.0000000e+00 0.0000000e+00
4.4982000e+05 8.9000000e+01 5.3499999e+00 0.0000000e+00 0.0000000e+00
4.4988000e+05 8.9000000e+01 5.3000000e+00 0.0000000e+00 7.2551260e+00
4.4994000e+05 9.0000000e+01 5.4000001e+00 0.0000000e+00 1.6719231e+01
4.5000000e+05 9.3000000e+01 5.2000000e+00 0.0000000e+00 7.7438960e+00
4.5006000e+05 9.4000000e+01 5.1499999e+00 0.0000000e+00 1.3496920e+01
4.5012000e+05 9.4000000e+01 5.0000000e+00 0.0000000e+00 1.0090980e+01
4.5018000e+05 9.4000000e+01 4.4000001e+00 0.0000000e+00 0.0000000e+00
4.5024000e+05 9.5000000e+01 3.6500000e+00 0.0000000e+00 0.0000000e+00
4.5030000e+05 9.2000000e+01 3.1500000e+00 0.0000000e+00 0.0000000e+00
4.5036000e+05 9.4000000e+01 3.2500000e+00 0.0000000e+00 0.0000000e+00
4.5042000e+05 9.5000000e+01 2.8000000e+00 0.0000000e+00 0.0000000e+00
4.5048000e+05 9.4000000e+01 2.6500000e+00 0.0000000e+00 0.0000000e+00
4.5054000e+05 9.5000000e+01 2.4000000e+00 0.0000000e+00 0.0000000e+00
4.5060000e+05 9.4000000e+01 2.2000000e+00 0.0000000e+00 0.0000000e+00
4.5066000e+05 9.6000000e+01 1.6500000e+00 0.0000000e+00 0.0000000e+00
4.5072000e+05 9.5000000e+01 1.6500000e+00 0.0000000e+00 0.0000000e+00
4.5078000e+05 9.6000000e+01 1.6000000e+00 0.0000000e+00 0.0000000e+00
4.5084000e+05 9.6000000e+01 1.4000000e+00 0.0000000e+00 0.0000000e+00
4.5090000e+05 9.6000000e+01 1.7000000e+00 0.0000000e+00 0.0000000e+00
4.5096000e+05 9.6000000e+01 1.5500000e+00 0.0000000e+00 0.0000000e+00
4.5102000e+05 9.7000000e+01 1.2000000e+00 0.0000000e+00 0.0000000e+00
4.5108000e+05 9.6000000e+01 1.4500000e+00 0.0000000e+00 0.0000000e+00
4.5114000e+05 9.6000000e+01 1.0000000e+00 0.0000000e+00 0.0000000e+00
4.5120000e+05 9.7000000e+01 1.0500000e+00 0.0000000e+00 0.0000000e+00
4.5126000e+05 9.7000000e+01 1.2500000e+00 0.0000000e+00 0.0000000e+00
4.5132000e+05 9.7000000e+01 1.4500000e+00 0.0000000e+00 2.6858829e+01
4.5138000e+05 9.6000000e+01 1.6500000e+00 0.0000000e+00 2.3844660e+01
4.5144000e+05 9.5000000e+01 1.4000000e+00 0.0000000e+00 2.2194000e+01
4.5150000e+05 9.6000000e+01 1.1000000e+00 0.0000000e+00 2.1932680e+01
4.5156000e+05 9.6000000e+01 1.3000000e+00 0.0000000e+00 8.0230732e+00
4.5162000e+05 9.6000000e+01 1.1500000e+00 0.0000000e+00 0.0000000e+00
4.5168000e+05 9.6000000e+01 8.0000001e-01 0.0000000e+00 0.0000000e+00
4.5174000e+05 9.6000000e+01 7.5000000e-01 0.0000000e+00 0.0000000e+00
4.5180000e+05 9.6000000e+01 9.0000001e-01 0.0000000e+00 0.0000000e+00
4.5186000e+05 9.6000000e+01 9.5000002e-01 0.0000000e+00 0.0000000e+00
4.5192000e+05 9.6000000e+01 1.1000000e+00 0.0000000e+00 0.0000000e+00
4.5198000e+05 9.2000000e+01 1.9000000e+00 0.0000000e+00 0.0000000e+00
4.5204000e+05 8.9000000e+01 2.4499999e+00 0.0000000e+00 0.0000000e+00
4.5210000e+05 9.4000000e+01 1.9500000e+00 0.0000000e+00 0.0000000e+00
4.5216000e+05 9.3000000e+01 2.1000000e+00 0.0000000e+00 0.0000000e+00
4.5222000e+05 9.2000000e+01 1.6500000e+00 0.0000000e+00 0.0000000e+00
4.5228000e+05 9.3000000e+01 1.8000000e+00 0.0000000e+00 0.0000000e+00
4.5234000e+05 9.2000000e+01 2.1500000e+00 0.0000000e+00 0.0000000e+00
4.5240000e+05 9.2000000e+01 2.5500001e+00 0.0000000e+00 0.0000000e+00
4.5246000e+05 8.6000000e+01 2.8000000e+00 0.0000000e+00 0.0000000e+00
4.5252000e+05 8.7000000e+01 3.0500000e+00 0.0000000e+00 0.0000000e+00
4.5258000e+05 8.6000000e+01 3.7499999e+00 0.0000000e+00 0.0000000e+00
4.5264000e+05 9.0000000e+01 4.8499999e+00 0.0000000e+00 0.0000000e+00
4.5270000e+05 9.2000000e+01 5.0500002e+00 0.0000000e+00 0.0000000e+00
4.5276000e+05 9.0000000e+01 6.1000001e+00 0.0000000e+00 0.0000000e+00
4.5282000e+05 9.2000000e+01 6.9500000e+00 0.0000000e+00 0.0000000e+00
4.5288000e+05 8.8000000e+01 6.6000001e+00 0.0000000e+00 8.7112612e-01
4.5294000e+05 8.8000000e+01 6.3499999e+00 0.0000000e+00 0.0000000e+00
4.5300000e+05 9.0000000e+01 5.8999999e+00 0.0000000e+00 0.0000000e+00
4.5306000e+05 8.9000000e+01 5.3999999e+00 0.0000000e+00 0.0000000e+00
4.5312000e+05 8.9000000e+01 5.3000000e+00 0.0000000e+00 0.0000000e+00
4.5318000e+05 9.1000000e+01 5.1000001e+00 0.0000000e+00 0.0000000e+00
4.5324000e+05 9.4000000e+01 4.6500001e+00 0.0000000e+00 0.0000000e+00
4.5330000e+05 9.4000000e+01 4.6500001e+00 0.0000000e+00 0.0000000e+00
4.5336000e+05 9.5000000e+01 4.6500001e+00 0.0000000e+00 0.0000000e+00
4.5342000e+05 9.4000000e+01 4.7000000e+00 0.0000000e+00 0.0000000e+00
4.5348000e+05 9.1000000e+01 4.5000000e+00 0.0000000e+00 0.0000000e+00
4.5354000e+05 9.3000000e+01 4.7000000e+00 0.0000000e+00 0.0000000e+00
4.5360000e+05 8.9000000e+01 5.0500002e+00 0.0000000e+00 0.0000000e+00
4.5366000e+05 9.1000000e+01 5.1500001e+00 0.0000000e+00 0.0000000e+00
4.5372000e+05 9.1000000e+01 5.1500001e+00 0.0000000e+00 0.0000000e+00
4.5378000e+05 9.1000000e+01 5.1500001e+00 0.0000000e+00 0.0000000e+00
4.5384000e+05 8.9000000e+01 5.5000000e+00 0.0000000e+00 0.0000000e+00
4.5390000e+05 8.0000000e+01 6.0000000e+00 0.0000000e+00 0.0000000e+00
4.5396000e+05 8.9000000e+01 6.2000000e+00 0.0000000e+00 0.0000000e+00
4.5402000e+05 9.2000000e+01 5.9000001e+00 0.0000000e+00 0.0000000e+00
4.5408000e+05 8.8000000e+01 6.3499999e+00 0.0000000e+00 0.0000000e+00
4.5414000e+05 9.4000000e+01 6.5000000e+00 0.0000000e+00 0.0000000e+00
4.5420000e+05 9.4000000e+01 6.5500000e+00 0.0000000e+00 2.4415209e+00
4.5426000e+05 9.4000000e+01 6.7500000e+00 0.0000000e+00 4.6237898e+00
4.5432000e+05 9.4000000e+01 7.0500000e+00 0.0000000e+00 3.9185939e+00
4.5438000e+05 9.4000000e+01 7.3499999e+00 0.0000000e+00 1.7447890e+00
4.5444000e+05 9.4000000e+01 7.5999999e+00 0.0000000e+00 0.0000000e+00
4.5450000e+05 9.3000000e+01 7.8000000e+00 0.0000000e+00 0.0000000e+00
4.5456000e+05 9.5000000e+01 7.9500000e+00 0.0000000e+00 0.0000000e+00
4.5462000e+05 9.5000000e+01 7.9000001e+00 0.0000000e+00 0.0000000e+00
4.5468000e+05 9.6000000e+01 7.6500001e+00 0.0000000e+00 0.0000000e+00
4.5474000e+05 9.6000000e+01 7.4000001e+00 0.0000000e+00 0.0000000e+00
4.5480000e+05 9.4000000e+01 7.3500001e+00 0.0000000e+00 0.0000000e+00
4.5486000e+05 9.3000000e+01 7.4500000e+00 0.0000000e+00 0.0000000e+00
4.5492000e+05 9.1000000e+01 7.5000000e+00 0.0000000e+00 0.0000000e+00
4.5498000e+05 9.1000000e+01 7.4500000e+00 0.0000000e+00 0.0000000e+00
4.5504000e+05 9.4000000e+01 7.2000000e+00 0.0000000e+00 0.0000000e+00
4.5510000e+05 9.1000000e+01 7.4500000e+00 0.0000000e+00 0.0000000e+00
4.5516000e+05 8.9000000e+01 7.2500000e+00 0.0000000e+00 0.0000000e+00
4.5522000e+05 9.0000000e+01 7.0500000e+00 0.0000000e+00 0.0000000e+00
4.5528000e+05 8.9000000e+01 7.3000000e+00 0.0000000e+00 0.0000000e+00
4.5534000e+05 8.3000000e+01 7.6999998e+00 0.0000000e+00 0.0000000e+00
4.5540000e+05 7.7000000e+01 8.0999999e+00 0.0000000e+00 0.0000000e+00
4.5546000e+05 8.1000000e+01 8.5500002e+00 0.0000000e+00 0.0000000e+00
4.5552000e+05 9.1000000e+01 7.3000002e+00 0.0000000e+00 0.0000000e+00
4.5558000e+05 9.2000000e+01 6.0500000e+00 0.0000000e+00 0.0000000e+00
4.5564000e+05 9.1000000e+01 5.3999999e+00 0.0000000e+00 0.0000000e+00
4.5570000e+05 8.6000000e+01 5.1500001e+00 0.0000000e+00 3.5665131e+00
4.5576000e+05 9.0000000e+01 5.0500000e+00 0.0000000e+00 1.0410760e+01
4.5582000e+05 8.4000000e+01 4.8499999e+00 0.0000000e+00 1.2920480e+01
4.5588000e+05 7.2000000e+01 4.9500000e+00 0.0000000e+00 5.0104671e+00
4.5594000e+05 8.2000000e+01 5.0000000e+00 0.0000000e+00 0.0000000e+00
4.5600000e+05 8.9000000e+01 4.1000000e+00 0.0000000e+00 0.0000000e+00
4.5606000e+05 9.2000000e+01 3.6500000e+00 0.0000000e+00 0.0000000e+00
4.5612000e+05 9.5000000e+01 2.1500000e+00 0.0000000e+00 0.0000000e+00
4.5618000e+05 9.6000000e+01 1.4000000e+00 0.0000000e+00 0.0000000e+00
4.5624000e+05 9.4000000e+01 1.9000000e+00 0.0000000e+00 0.0000000e+00
4.5630000e+05 9.5000000e+01 1.8000000e+00 0.0000000e+00 0.0000000e+00
4.5636000e+05 9.5000000e+01 1.3000000e+00 0.0000000e+00 0.0000000e+00
4.5642000e+05 9.7000000e+01 9.0000001e-01 0.0000000e+00 0.0000000e+00
4.5648000e+05 9.7000000e+01 1.3500000e+00 0.0000000e+00 0.0000000e+00
4.5654000e+05 9.6000000e+01 1.5500000e+00 0.0000000e+00 0.0000000e+00
4.5660000e+05 9.6000000e+01 1.1000000e+00 0.0000000e+00 0.0000000e+00
4.5666000e+05 9.7000000e+01 5.0000000e-01 0.0000000e+00 0.0000000e+00
4.5672000e+05 9.6000000e+01 5.9999999e-01 0.0000000e+00 0.0000000e+00
4.5678000e+05 9.6000000e+01 6.5000001e-01 0.0000000e+00 0.0000000e+00
4.5684000e+05 9.6000000e+01 5.5000001e-01 0.0000000e+00 0.0000000e+00
4.5690000e+05 9.6000000e+01 4.5000000e-01 0.0000000e+00 0.0000000e+00
4.5696000e+05 9.7000000e+01 3.5000001e-01 0.0000000e+00 0.0000000e+00
4.5702000e+05 9.7000000e+01 4.0000001e-01 0.0000000e+00 0.0000000e+00
4.5708000e+05 9.7000000e+01 5.0000001e-01 0.0000000e+00 1.1117930e+01
4.5714000e+05 9.6000000e+01 4.5000000e-01 0.0000000e+00 1.1359750e+01
4.5720000e+05 9.6000000e+01 1.5000001e-01 0.0000000e+00 6.4004922e+00
4.5726000e+05 9.6000000e+01 1.0000000e-01 0.0000000e+00 1.9233580e+01
4.5732000e+05 9.5000000e+01 -5.0000004e-02 0.0000000e+00 0.0000000e+00
4.5738000e+05 9.6000000e+01 -4.0000001e-01 0.0000000e+00 0.0000000e+00
4.5744000e+05 9.6000000e+01 -4.0000001e-01 0.0000000e+00 0.0000000e+00
4.5750000e+05 9.6000000e+01 -4.0000001e-01 0.0000000e+00 0.0000000e+00
4.5756000e+05 9.5000000e+01 -6.5000001e-01 0.0000000e+00 0.0000000e+00
4.5762000e+05 9.5000000e+01 -6.9999999e-01 0.0000000e+00 0.0000000e+00
4.5768000e+05 9.6000000e+01 -7.9999998e-01 0.0000000e+00 0.0000000e+00
4.5774000e+05 9.5000000e+01 -7.5000000e-01 0.0000000e+00 0.0000000e+00
4.5780000e+05 9.5000000e+01 -7.5000000e-01 0.0000000e+00 0.0000000e+00
4.5786000e+05 9.3000000e+01 -9.5000002e-01 0.0000000e+00 0.0000000e+00
4.5792000e+05 9.3000000e+01 -1.2000000e+00 0.0000000e+00 0.0000000e+00
4.5798000e+05 9.4000000e+01 -1.2500000e+00 0.0000000e+00 0.0000000e+00
4.5804000e+05 9.4000000e+01 -1.3000000e+00 0.0000000e+00 0.0000000e+00
4.5810000e+05 9.1000000e+01 -1.2000000e+00 0.0000000e+00 0.0000000e+00
4.5816000e+05 9.1000000e+01 -1.3500000e+00 0.0000000e+00 0.0000000e+00
4.5822000e+05 9.2000000e+01 -1.6500000e+00 0.0000000e+00 0.0000000e+00
4.5828000e+05 9.1000000e+01 -1.8000000e+00 0.0000000e+00 0.0000000e+00
4.5834000e+05 9.1000000e+01 -2.1000000e+00 0.0000000e+00 0.0000000e+00
4.5840000e+05 9.0000000e+01 -2.3500000e+00 0.0000000e+00 0.0000000e+00
4.5846000e+05 8.9000000e+01 -2.4000000e+00 0.0000000e+00 0.0000000e+00
4.5852000e+05 8.8000000e+01 -2.5000000e+00 0.0000000e+00 0.0000000e+00
4.5858000e+05 8.0000000e+01 -2.2499999e+00 0.0000000e+00 5.2507229e+00
4.5864000e+05 8.3000000e+01 -1.7500000e+00 0.0000000e+00 1.2326410e+01
4.5870000e+05 8.6000000e+01 -2.0500000e+00 0.0000000e+00 3.0115840e+00
4.5876000e+05 8.9000000e+01 -2.9000000e+00 0.0000000e+00 0.0000000e+00
4.5882000e+05 9.0000000e+01 -3.4000000e+00 0.0000000e+00 0.0000000e+00
4.5888000e+05 9.0000000e+01 -3.4499999e+00 0.0000000e+00 0.0000000e+00
4.5894000e+05 9.0000000e+01 -3.5500001e+00 0.0000000e+00 0.0000000e+00
4.5900000e+05 8.8000000e+01 -3.6000000e+00 0.0000000e+00 0.0000000e+00
4.5906000e+05 8.9000000e+01 -3.6000000e+00 0.0000000e+00 0.0000000e+00
4.5912000e+05 8.6000000e+01 -3.8499999e+00 0.0000000e+00 0.0000000e+00
4.5918000e+05 8.5000000e+01 -3.6500001e+00 0.0000000e+00 0.0000000e+00
4.5924000e+05 8.4000000e+01 -3.7500000e+00 0.0000000e+00 0.0000000e+00
4.5930000e+05 8.4000000e+01 -3.9499999e+00 0.0000000e+00 0.0000000e+00
4.5936000e+05 8.2000000e+01 -3.6500000e+00 0.0000000e+00 0.0000000e+00
4.5942000e+05 8.0000000e+01 -3.6999999e+00 0.0000000e+00 0.0000000e+00
4.5948000e+05 8.7000000e+01 -4.1000000e+00 0.0000000e+00 0.0000000e+00
4.5954000e+05 8.2000000e+01 -4.3499999e+00 0.0000000e+00 0.0000000e+00
4.5960000e+05 8.0000000e+01 -4.1500001e+00 0.0000000e+00 0.0000000e+00
4.5966000e+05 8.0000000e+01 -4.0999999e+00 0.0000000e+00 0.0000000e+00
4.5972000e+05 8.2000000e+01 -4.1000001e+00 0.0000000e+00 0.0000000e+00
4.5978000e+05 7.8000000e+01 -4.0500001e+00 0.0000000e+00 0.0000000e+00
4.5984000e+05 7.6000000e+01 -3.9000000e+00 0.0000000e+00 0.0000000e+00
4.5990000e+05 8.2000000e+01 -3.9499999e+00 0.0000000e+00 0.0000000e+00
4.5996000e+05 7.8000000e+01 -4.1500000e+00 0.0000000e+00 0.0000000e+00
4.6002000e+05 8.1000000e+01 -3.9499999e+00 0.0000000e+00 1.0711360e+00
4.6008000e+05 7.1000000e+01 -3.0500001e+00 0.0000000e+00 1.3290440e+01
4.6014000e+05 7.6000000e+01 -3.1000000e+00 0.0000000e+00 1.3376600e+00
4.6020000e+05 7.8000000e+01 -3.6500000e+00 0.0000000e+00 0.0000000e+00
4.6026000e+05 7.8000000e+01 -3.9000000e+00 0.0000000e+00 0.0000000e+00
4.6032000e+05 8.3000000e+01 -4.2500000e+00 0.0000000e+00 0.0000000e+00
4.6038000e+05 8.1000000e+01 -4.2500000e+00 0.0000000e+00 0.0000000e+00
4.6044000e+05 8.4000000e+01 -4.5000000e+00 0.0000000e+00 0.0000000e+00
4.6050000e+05 7.8000000e+01 -4.5500000e+00 0.0000000e+00 0.0000000e+00
4.6056000e+05 7.6000000e+01 -4.5000000e+00 0.0000000e+00 0.0000000e+00
4.6062000e+05 7.2000000e+01 -4.0500000e+00 0.0000000e+00 0.0000000e+00
4.6068000e+05 7.6000000e+01 -4.2500000e+00 0.0000000e+00 0.0000000e+00
4.6074000e+05 7.6000000e+01 -4.6500001e+00 0.0000000e+00 0.0000000e+00
4.6080000e+05 7.6000000e+01 -4.8000000e+00 0.0000000e+00 0.0000000e+00
4.6086000e+05 7.4000000e+01 -4.6000001e+00 0.0000000e+00 0.0000000e+00
4.6092000e+05 7.9000000e+01 -4.9000001e+00 0.0000000e+00 0.0000000e+00
4.6098000e+05 7.8000000e+01 -5.3000000e+00 0.0000000e+00 0.0000000e+00
4.6104000e+05 7.3000000e+01 -4.9500000e+00 0.0000000e+00 0.0000000e+00
4.6110000e+05 7.7000000e+01 -5.1000001e+00 0.0000000e+00 0.0000000e+00
4.6116000e+05 6.9000000e+01 -5.0500000e+00 0.0000000e+00 0.0000000e+00
4.6122000e+05 7.1000000e+01 -4.9500000e+00 0.0000000e+00 0.0000000e+00
4.6128000e+05 6.6000000e+01 -4.7500000e+00 0.0000000e+00 0.0000000e+00
4.6134000e+05 6.7000000e+01 -4.7000000e+00 0.0000000e+00 0.0000000e+00
4.6140000e+05 7.2000000e+01 -4.6500001e+00 0.0000000e+00 4.0403900e+00
4.6146000e+05 6.6000000e+01 -4.3500001e+00 0.0000000e+00 8.6361113e+00
4.6152000e+05 6.5000000e+01 -3.4500000e+00 0.0000000e+00 1.7253941e+01
4.6158000e+05 6.9000000e+01 -3.5000000e+00 0.0000000e+00 6.7247949e+00
4.6164000e+05 6.9000000e+01 -4.0500000e+00 0.0000000e+00 0.0000000e+00
4.6170000e+05 7.5000000e+01 -4.3499999e+00 0.0000000e+00 0.0000000e+00
4.6176000e+05 8.0000000e+01 -4.8500001e+00 0.0000000e+00 0.0000000e+00
4.6182000e+05 7.2000000e+01 -4.9500000e+00 0.0000000e+00 0.0000000e+00
4.6188000e+05 7.2000000e+01 -4.8999999e+00 0.0000000e+00 0.0000000e+00
4.6194000e+05 6.9000000e+01 -4.4500000e+00 0.0000000e+00 0.0000000e+00
4.6200000e+05 7.4000000e+01 -4.6000001e+00 0.0000000e+00 0.0000000e+00
4.6206000e+05 8.2000000e+01 -5.2000000e+00 0.0000000e+00 0.0000000e+00
4.6212000e+05 7.7000000e+01 -5.3499999e+00 0.0000000e+00 0.0000000e+00
4.6218000e+05 7.7000000e+01 -5.1500001e+00 0.0000000e+00 0.0000000e+00
4.6224000e+05 7.5000000e+01 -4.8999999e+00 0.0000000e+00 0.0000000e+00
4.6230000e+05 7.8000000e+01 -4.8999999e+00 0.0000000e+00 0.0000000e+00
4.6236000e+05 7.9000000e+01 -5.0000000e+00 0.0000000e+00 0.0000000e+00
4.6242000e+05 7.9000000e+01 -5.0000000e+00 0.0000000e+00 0.0000000e+00
4.6248000e+05 7.9000000e+01 -4.4500000e+00 0.0000000e+00 0.0000000e+00
4.6254000e+05 7.9000000e+01 -3.6999999e+00 0.0000000e+00 0.0000000e+00
4.6260000e+05 7.8000000e+01 -3.6500001e+00 0.0000000e+00 0.0000000e+00
4.6266000e+05 8.1000000e+01 -3.4000000e+00 0.0000000e+00 0.0000000e+00
4.6272000e+05 7.7000000e+01 -3.4000000e+00 0.0000000e+00 0.0000000e+00
4.6278000e+05 7.6000000e+01 -3.0000000e+00 0.0000000e+00 0.0000000e+00
4.6284000e+05 7.6000000e+01 -2.5500001e+00 0.0000000e+00 3.6699181e+00
4.6290000e+05 7.8000000e+01 -2.2500000e+00 0.0000000e+00 5.6965342e+00
4.6296000e+05 7.8000000e+01 -1.7499999e+00 0.0000000e+00 2.5335770e+01
4.6302000e+05 7.1000000e+01 -1.2000000e+00 0.0000000e+00 1.1057400e+01
4.6308000e+05 6.6000000e+01 -7.5000000e-01 0.0000000e+00 3.7644150e+00
4.6314000e+05 6.8000000e+01 -2.5000000e-01 0.0000000e+00 0.0000000e+00
4.6320000e+05 7.5000000e+01 -2.4999999e-01 0.0000000e+00 0.0000000e+00
4.6326000e+05 7.1000000e+01 8.5000000e-01 0.0000000e+00 0.0000000e+00
4.6332000e+05 6.9000000e+01 1.3000000e+00 0.0000000e+00 0.0000000e+00
4.6338000e+05 6.3000000e+01 1.9000000e+00 0.0000000e+00 0.0000000e+00
4.6344000e+05 7.0000000e+01 1.8000000e+00 0.0000000e+00 0.0000000e+00
4.6350000e+05 7.2000000e+01 2.0500000e+00 0.0000000e+00 0.0000000e+00
4.6356000e+05 7.1000000e+01 1.9999999e+00 0.0000000e+00 0.0000000e+00
4.6362000e+05 9.0000000e+01 1.1500000e+00 0.0000000e+00 0.0000000e+00
4.6368000e+05 9.4000000e+01 3.0000000e-01 0.0000000e+00 0.0000000e+00
4.6374000e+05 9.4000000e+01 1.0000000e-01 0.0000000e+00 0.0000000e+00
4.6380000e+05 9.4000000e+01 -5.0000001e-02 0.0000000e+00 0.0000000e+00
4.6386000e+05 9.2000000e+01 1.0000000e-01 0.0000000e+00 0.0000000e+00
4.6392000e+05 9.2000000e+01 -5.0000004e-02 0.0000000e+00 0.0000000e+00
4.6398000e+05 9.3000000e+01 -3.5000001e-01 0.0000000e+00 0.0000000e+00
4.6404000e+05 9.5000000e+01 -5.0000001e-01 0.0000000e+00 0.0000000e+00
4.6410000e+05 9.5000000e+01 -1.0000000e-01 0.0000000e+00 0.0000000e+00
4.6416000e+05 9.4000000e+01 -1.0000001e-01 0.0000000e+00 0.0000000e+00
4.6422000e+05 9.5000000e+01 -4.0000001e-01 0.0000000e+00 0.0000000e+00
4.6428000e+05 9.5000000e+01 -5.5000001e-01 0.0000000e+00 0.0000000e+00
4.6434000e+05 9.5000000e+01 -5.0000000e-01 0.0000000e+00 0.0000000e+00
4.6440000e+05 9.4000000e+01 -3.5000000e-01 0.0000000e+00 2.2634611e+00
4.6446000e+05 9.4000000e+01 -5.0000000e-01 0.0000000e+00 2.8761830e+00
4.6452000e+05 9.4000000e+01 -9.0000001e-01 0.0000000e+00 0.0000000e+00
4.6458000e+05 9.4000000e+01 -9.0000004e-01 0.0000000e+00 0.0000000e+00
4.6464000e+05 9.4000000e+01 -1.1000000e+00 0.0000000e+00 0.0000000e+00
4.6470000e+05 9.4000000e+01 -8.0000001e-01 0.0000000e+00 0.0000000e+00
4.6476000e+05 9.4000000e+01 -9.0000001e-01 0.0000000e+00 0.0000000e+00
4.6482000e+05 9.2000000e+01 -8.5000002e-01 0.0000000e+00 0.0000000e+00
4.6488000e+05 9.1000000e+01 -4.4999999e-01 0.0000000e+00 0.0000000e+00
4.6494000e+05 9.1000000e+01 -2.5000000e-01 0.0000000e+00 0.0000000e+00
4.6500000e+05 8.9000000e+01 -1.0000001e-01 0.0000000e+00 0.0000000e+00
4.6506000e+05 8.8000000e+01 -1.5000000e-01 0.0000000e+00 0.0000000e+00
4.6512000e+05 8.4000000e+01 -1.5000000e-01 0.0000000e+00 0.0000000e+00
4.6518000e+05 9.0000000e+01 -3.4999999e-01 0.0000000e+00 0.0000000e+00
4.6524000e+05 9.1000000e+01 -9.0000001e-01 0.0000000e+00 0.0000000e+00
4.6530000e+05 9.3000000e+01 -1.6000000e+00 0.0000000e+00 0.0000000e+00
4.6536000e+05 9.3000000e+01 -2.2500000e+00 0.0000000e+00 0.0000000e+00
4.6542000e+05 9.2000000e+01 -2.5000000e+00 0.0000000e+00 0.0000000e+00
4.6548000e+05 9.2000000e+01 -2.7500000e+00 0.0000000e+00 0.0000000e+00
4.6554000e+05 9.0000000e+01 -2.8500000e+00 0.0000000e+00 0.0000000e+00
4.6560000e+05 9.0000000e+01 -2.8499999e+00 0.0000000e+00 0.0000000e+00
4.6566000e+05 9.0000000e+01 -3.0000000e+00 0.0000000e+00 0.0000000e+00
4.6572000e+05 8.8000000e+01 -2.8000000e+00 0.0000000e+00 0.0000000e+00
4.6578000e+05 8.8000000e+01 -2.5500001e+00 0.0000000e+00 5.6529860e+00
4.6584000e+05 8.8000000e+01 -2.4499999e+00 0.0000000e+00 8.7415400e+00
4.6590000e+05 8.9000000e+01 -2.6999999e+00 0.0000000e+00 3.6440790e+00
4.6596000e+05 9.1000000e+01 -3.0000000e+00 0.0000000e+00 0.0000000e+00
4.6602000e+05 9.2000000e+01 -3.1000000e+00 0.0000000e+00 0.0000000e+00
4.6608000e+05 9.1000000e+01 -2.9499999e+00 0.0000000e+00 0.0000000e+00
4.6614000e+05 9.3000000e+01 -3.1500000e+00 0.0000000e+00 0.0000000e+00
4.6620000e+05 9.4000000e+01 -2.7000000e+00 0.0000000e+00 0.0000000e+00
4.6626000e+05 9.5000000e+01 -2.3500000e+00 0.0000000e+00 0.0000000e+00
4.6632000e+05 9.5000000e+01 -2.1500000e+00 0.0000000e+00 0.0000000e+00
4.6638000e+05 9.4000000e+01 -2.0000000e+00 0.0000000e+00 0.0000000e+00
4.6644000e+05 9.5000000e+01 -2.0000000e+00 0.0000000e+00 0.0000000e+00
4.6650000e+05 9.5000000e+01 -2.0500000e+00 0.0000000e+00 0.0000000e+00
4.6656000e+05 9.5000000e+01 -1.9000000e+00 0.0000000e+00 0.0000000e+00
4.6662000e+05 9.6000000e+01 -1.6000000e+00 0.0000000e+00 0.0000000e+00
4.6668000e+05 9.5000000e+01 -1.2000000e+00 0.0000000e+00 0.0000000e+00
4.6674000e+05 9.5000000e+01 -1.0500000e+00 0.0000000e+00 0.0000000e+00
4.6680000e+05 9.4000000e+01 -7.0000000e-01 0.0000000e+00 0.0000000e+00
4.6686000e+05 8.7000000e+01 9.9999994e-02 0.0000000e+00 0.0000000e+00
4.6692000e+05 8.1000000e+01 3.4999999e-01 0.0000000e+00 0.0000000e+00
4.6698000e+05 9.1000000e+01 -5.0000012e-02 0.0000000e+00 0.0000000e+00
4.6704000e+05 8.9000000e+01 -3.9999999e-01 0.0000000e+00 0.0000000e+00
4.6710000e+05 8.8000000e+01 -2.0000001e-01 0.0000000e+00 0.0000000e+00
4.6716000e+05 9.1000000e+01 -6.5000001e-01 0.0000000e+00 0.0000000e+00
4.6722000e+05 9.2000000e+01 -7.0000002e-01 0.0000000e+00 0.0000000e+00
4.6728000e+05 9.2000000e+01 -5.0000000e-01 0.0000000e+00 7.3230587e-02
4.6734000e+05 8.7000000e+01 -7.5000000e-01 0.0000000e+00 0.0000000e+00
4.6740000e+05 8.7000000e+01 -1.2000000e+00 0.0000000e+00 0.0000000e+00
4.6746000e+05 9.0000000e+01 -1.7500000e+00 0.0000000e+00 0.0000000e+00
4.6752000e+05 9.3000000e+01 -2.2500000e+00 0.0000000e+00 0.0000000e+00
4.6758000e+05 9.2000000e+01 -2.5000000e+00 0.0000000e+00 0.0000000e+00
4.6764000e+05 9.3000000e+01 -3.3000000e+00 0.0000000e+00 0.0000000e+00
4.6770000e+05 9.1000000e+01 -3.5500000e+00 0.0000000e+00 0.0000000e+00
4.6776000e+05 9.2000000e+01 -3.7500000e+00 0.0000000e+00 0.0000000e+00
4.6782000e+05 9.0000000e+01 -3.9500000e+00 0.0000000e+00 0.0000000e+00
4.6788000e+05 8.7000000e+01 -4.6000001e+00 0.0000000e+00 0.0000000e+00
4.6794000e+05 8.7000000e+01 -5.5500000e+00 0.0000000e+00 0.0000000e+00
4.6800000e+05 8.8000000e+01 -6.4499998e+00 0.0000000e+00 0.0000000e+00
4.6806000e+05 8.7000000e+01 -6.7500000e+00 0.0000000e+00 0.0000000e+00
4.6812000e+05 8.1000000e+01 -6.6500001e+00 0.0000000e+00 0.0000000e+00
4.6818000e+05 8.3000000e+01 -6.6500001e+00 0.0000000e+00 0.0000000e+00
4.6824000e+05 8.2000000e+01 -6.5500000e+00 0.0000000e+00 0.0000000e+00
4.6830000e+05 8.2000000e+01 -6.8000000e+00 0.0000000e+00 0.0000000e+00
4.6836000e+05 8.0000000e+01 -6.9500000e+00 0.0000000e+00 0.0000000e+00
4.6842000e+05 7.8000000e+01 -7.1000001e+00 0.0000000e+00 0.0000000e+00
4.6848000e+05 7.9000000e+01 -7.0500002e+00 0.0000000e+00 0.0000000e+00
4.6854000e+05 7.5000000e+01 -6.7500000e+00 0.0000000e+00 0.0000000e+00
4.6860000e+05 7.4000000e+01 -6.5500000e+00 0.0000000e+00 0.0000000e+00
4.6866000e+05 7.5000000e+01 -6.6000001e+00 0.0000000e+00 1.2980560e+00
4.6872000e+05 7.1000000e+01 -6.3000002e+00 0.0000000e+00 3.3673799e+00
4.6878000e+05 6.6000000e+01 -5.9499998e+00 0.0000000e+00 4.2101340e+00
4.6884000e+05 7.5000000e+01 -6.3500001e+00 0.0000000e+00 0.0000000e+00
4.6890000e+05 7.5000000e+01 -6.3999999e+00 0.0000000e+00 0.0000000e+00
4.6896000e+05 7.3000000e+01 -5.8000000e+00 0.0000000e+00 0.0000000e+00
4.6902000e+05 6.9000000e+01 -4.8500001e+00 0.0000000e+00 0.0000000e+00
4.6908000e+05 7.3000000e+01 -4.1500001e+00 0.0000000e+00 0.0000000e+00
4.6914000e+05 7.5000000e+01 -3.7000000e+00 0.0000000e+00 0.0000000e+00
4.6920000e+05 7.5000000e+01 -3.2500000e+00 0.0000000e+00 0.0000000e+00
4.6926000e+05 7.7000000e+01 -2.8000000e+00 0.0000000e+00 0.0000000e+00
4.6932000e+05 7.4000000e+01 -2.5000000e+00 0.0000000e+00 0.0000000e+00
4.6938000e+05 7.7000000e+01 -2.0500000e+00 0.0000000e+00 0.0000000e+00
4.6944000e+05 7.7000000e+01 -1.7000000e+00 0.0000000e+00 0.0000000e+00
4.6950000e+05 7.2000000e+01 -1.5000000e+00 0.0000000e+00 0.0000000e+00
4.6956000e+05 7.0000000e+01 -7.9999998e-01 0.0000000e+00 0.0000000e+00
4.6962000e+05 8.7000000e+01 -5.9999999e-01 0.0000000e+00 0.0000000e+00
4.6968000e+05 7.7000000e+01 -2.9999998e-01 0.0000000e+00 0.0000000e+00
4.6974000e+05 7.0000000e+01 9.9999994e-02 0.0000000e+00 0.0000000e+00
4.6980000e+05 6.6000000e+01 8.5000002e-01 0.0000000e+00 0.0000000e+00
4.6986000e+05 6.9000000e+01 8.0000001e-01 0.0000000e+00 0.0000000e+00
4.6992000e+05 6.1000000e+01 4.5000000e-01 0.0000000e+00 0.0000000e+00
4.6998000e+05 6.1000000e+01 7.0000002e-01 0.0000000e+00 0.0000000e+00
4.7004000e+05 5.8000000e+01 8.0000001e-01 0.0000000e+00 8.5889139e+00
4.7010000e+05 6.0000000e+01 1.1000000e+00 0.0000000e+00 1.2559500e+01
4.7016000e+05 5.9000000e+01 1.9500000e+00 0.0000000e+00 2.3596550e+01
4.7022000e+05 5.6000000e+01 2.6500000e+00 0.0000000e+00 5.7502999e+00
4.7028000e+05 5.9000000e+01 2.4500000e+00 0.0000000e+00 0.0000000e+00
4.7034000e+05 6.3000000e+01 2.7000000e+00 0.0000000e+00 0.0000000e+00
4.7040000e+05 7.0000000e+01 2.2000000e+00 0.0000000e+00 0.0000000e+00
4.7046000e+05 7.0000000e+01 2.2000000e+00 0.0000000e+00 0.0000000e+00
4.7052000e+05 6.3000000e+01 1.8500000e+00 0.0000000e+00 0.0000000e+00
4.7058000e+05 6.9000000e+01 1.7000000e+00 0.0000000e+00 0.0000000e+00
4.7064000e+05 6.3000000e+01 1.9000000e+00 0.0000000e+00 0.0000000e+00
4.7070000e+05 7.2000000e+01 1.2500000e+00 0.0000000e+00 0.0000000e+00
4.7076000e+05 6.3000000e+01 9.9999997e-01 0.0000000e+00 0.0000000e+00
4.7082000e+05 6.6000000e+01 1.2500000e+00 0.0000000e+00 0.0000000e+00
4.7088000e+05 7.7000000e+01 8.5000002e-01 0.0000000e+00 0.0000000e+00
4.7094000e+05 7.3000000e+01 5.0000001e-01 0.0000000e+00 0.0000000e+00
4.7100000e+05 6.1000000e+01 8.9999998e-01 0.0000000e+00 0.0000000e+00
4.7106000e+05 6.0000000e+01 1.1000000e+00 0.0000000e+00 0.0000000e+00
4.7112000e+05 6.8000000e+01 6.5000001e-01 0.0000000e+00 0.0000000e+00
4.7118000e+05 6.6000000e+01 1.0000001e-01 0.0000000e+00 0.0000000e+00
4.7124000e+05 7.1000000e+01 -2.0000000e-01 0.0000000e+00 0.0000000e+00
4.7130000e+05 7.2000000e+01 -2.0000001e-01 0.0000000e+00 0.0000000e+00
4.7136000e+05 7.5000000e+01 -3.5000001e-01 0.0000000e+00 0.0000000e+00
4.7142000e+05 7.1000000e+01 -4.0000001e-01 0.0000000e+00 0.0000000e+00
4.7148000e+05 7.2000000e+01 -2.5000000e-01 0.0000000e+00 0.0000000e+00
4.7154000e+05 7.1000000e+01 5.0000000e-01 0.0000000e+00 5.5894680e+00
4.7160000e+05 7.1000000e+01 1.0500000e+00 0.0000000e+00 1.0226630e+01
4.7166000e+05 7.4000000e+01 9.0000001e-01 0.0000000e+00 4.8136230e+00
4.7172000e+05 8.3000000e+01 4.5000001e-01 0.0000000e+00 0.0000000e+00
4.7178000e+05 7.4000000e+01 1.5000001e-01 0.0000000e+00 0.0000000e+00
4.7184000e+05 6.9000000e+01 4.0000001e-01 0.0000000e+00 0.0000000e+00
4.7190000e+05 6.6000000e+01 5.9999999e-01 0.0000000e+00 0.0000000e+00
4.7196000e+05 6.7000000e+01 5.5000000e-01 0.0000000e+00 0.0000000e+00
4.7202000e+05 6.3000000e+01 5.5000000e-01 0.0000000e+00 0.0000000e+00
4.7208000e+05 6.3000000e+01 5.0000001e-01 0.0000000e+00 0.0000000e+00
4.7214000e+05 6.3000000e+01 1.0000000e-01 0.0000000e+00 0.0000000e+00
4.7220000e+05 6.4000000e+01 -5.0000001e-01 0.0000000e+00 0.0000000e+00
4.7226000e+05 6.5000000e+01 -1.0000000e+00 0.0000000e+00 0.0000000e+00
4.7232000e+05 6.5000000e+01 -1.1000000e+00 0.0000000e+00 0.0000000e+00
4.7238000e+05 6.5000000e+01 -1.6000000e+00 0.0000000e+00 0.0000000e+00
4.7244000e+05 6.2000000e+01 -1.4000000e+00 0.0000000e+00 0.0000000e+00
4.7250000e+05 6.2000000e+01 -1.0500000e+00 0.0000000e+00 0.0000000e+00
4.7256000e+05 6.2000000e+01 -9.0000001e-01 0.0000000e+00 0.0000000e+00
4.7262000e+05 6.3000000e+01 -7.5000000e-01 0.0000000e+00 0.0000000e+00
4.7268000e+05 6.2000000e+01 -5.5000000e-01 0.0000000e+00 0.0000000e+00
4.7274000e+05 6.3000000e+01 -4.0000001e-01 0.0000000e+00 0.0000000e+00
4.7280000e+05 6.3000000e+01 -5.5000001e-01 0.0000000e+00 0.0000000e+00
4.7286000e+05 6.3000000e+01 -8.0000001e-01 0.0000000e+00 0.0000000e+00
4.7292000e+05 6.2000000e+01 -9.5000002e-01 0.0000000e+00 1.2405280e+00
4.7298000e+05 5.9000000e+01 -9.0000001e-01 0.0000000e+00 6.9856672e+00
4.7304000e+05 5.7000000e+01 -5.5000001e-01 0.0000000e+00 8.6918821e+00
4.7310000e+05 6.2000000e+01 -7.4999998e-01 0.0000000e+00 2.6436570e+00
4.7316000e+05 5.7000000e+01 -1.0000000e+00 0.0000000e+00 0.0000000e+00
4.7322000e+05 5.7000000e+01 -1.0500000e+00 0.0000000e+00 0.0000000e+00
4.7328000e+05 6.0000000e+01 -1.4000000e+00 0.0000000e+00 0.0000000e+00
4.7334000e+05 5.9000000e+01 -1.1500000e+00 0.0000000e+00 0.0000000e+00
4.7340000e+05 5.5000000e+01 -1.0500000e+00 0.0000000e+00 0.0000000e+00
4.7346000e+05 5.2000000e+01 -9.0000001e-01 0.0000000e+00 0.0000000e+00
4.7352000e+05 5.4000000e+01 -9.5000002e-01 0.0000000e+00 0.0000000e+00
4.7358000e+05 5.3000000e+01 -8.5000002e-01 0.0000000e+00 0.0000000e+00
4.7364000e+05 5.4000000e+01 -1.1000000e+00 0.0000000e+00 0.0000000e+00
4.7370000e+05 4.9000000e+01 -6.5000001e-01 0.0000000e+00 0.0000000e+00
4.7376000e+05 5.2000000e+01 -5.5000001e-01 0.0000000e+00 0.0000000e+00
4.7382000e+05 5.2000000e+01 -8.0000001e-01 0.0000000e+00 0.0000000e+00
4.7388000e+05 5.1000000e+01 -5.5000001e-01 0.0000000e+00 0.0000000e+00
4.7394000e+05 5.0000000e+01 -3.0000000e-01 0.0000000e+00 0.0000000e+00
4.7400000e+05 4.7000000e+01 -3.0000000e-01 0.0000000e+00 0.0000000e+00
4.7406000e+05 4.7000000e+01 -1.0000001e-01 0.0000000e+00 0.0000000e+00
4.7412000e+05 4.8000000e+01 -1.0000000e-01 0.0000000e+00 0.0000000e+00
4.7418000e+05 6.0000000e+01 3.0000000e-01 0.0000000e+00 0.0000000e+00
4.7424000e+05 5.5000000e+01 3.5000001e-01 0.0000000e+00 0.0000000e+00
4.7430000e+05 5.5000000e+01 8.0000001e-01 0.0000000e+00 0.0000000e+00
4.7436000e+05 5.6000000e+01 1.1500000e+00 0.0000000e+00 0.0000000e+00
4.7442000e+05 8.2000000e+01 5.4999997e-01 0.0000000e+00 0.0000000e+00
4.7448000e+05 6.8000000e+01 9.9999994e-02 0.0000000e+00 1.5188560e+00
4.7454000e+05 6.5000000e+01 8.0000001e-01 0.0000000e+00 4.2369738e+00
4.7460000e+05 5.7000000e+01 1.4500000e+00 0.0000000e+00 4.0376978e+00
4.7466000e+05 5.3000000e+01 1.9000000e+00 0.0000000e+00 0.0000000e+00
4.7472000e+05 5.2000000e+01 2.0000000e+00 0.0000000e+00 0.0000000e+00
4.7478000e+05 5.0000000e+01 2.1000000e+00 0.0000000e+00 0.0000000e+00
4.7484000e+05 5.0000000e+01 2.4000000e+00 0.0000000e+00 0.0000000e+00
4.7490000e+05 4.8000000e+01 2.2500000e+00 0.0000000e+00 0.0000000e+00
4.7496000e+05 4.7000000e+01 2.4499999e+00 0.0000000e+00 0.0000000e+00
4.7502000e+05 5.0000000e+01 2.1500000e+00 0.0000000e+00 0.0000000e+00
4.7508000e+05 5.4000000e+01 1.5000000e+00 0.0000000e+00 0.0000000e+00
4.7514000e+05 5.0000000e+01 1.2500000e+00 0.0000000e+00 0.0000000e+00
4.7520000e+05 4.8000000e+01 1.3000000e+00 0.0000000e+00 0.0000000e+00
4.7526000e+05 4.8000000e+01 1.2000000e+00 0.0000000e+00 0.0000000e+00
4.7532000e+05 5.2000000e+01 9.4999999e-01 0.0000000e+00 0.0000000e+00
4.7538000e+05 4.8000000e+01 6.9999999e-01 0.0000000e+00 0.0000000e+00
4.7544000e+05 4.8000000e+01 6.0000001e-01 0.0000000e+00 0.0000000e+00
4.7550000e+05 4.6000000e+01 3.0000001e-01 0.0000000e+00 0.0000000e+00
4.7556000e+05 4.7000000e+01 3.4999999e-01 0.0000000e+00 0.0000000e+00
4.7562000e+05 4.5000000e+01 5.5000001e-01 0.0000000e+00 0.0000000e+00
4.7568000e+05 4.7000000e+01 8.0000001e-01 0.0000000e+00 0.0000000e+00
4.7574000e+05 4.7000000e+01 9.4999999e-01 0.0000000e+00 0.0000000e+00
4.7580000e+05 4.7000000e+01 1.5500000e+00 0.0000000e+00 2.8834730e-01
4.7586000e+05 4.3000000e+01 1.4500000e+00 0.0000000e+00 1.8127840e+01
4.7592000e+05 4.6000000e+01 1.5000000e+00 0.0000000e+00 2.2161020e+01
4.7598000e+05 4.4000000e+01 1.3000000e+00 0.0000000e+00 1.0552790e+01
4.7604000e+05 3.9000000e+01 1.5500000e+00 0.0000000e+00 0.0000000e+00
4.7610000e+05 4.8000000e+01 1.4999999e+00 0.0000000e+00 0.0000000e+00
4.7616000e+05 4.1000000e+01 1.0500000e+00 0.0000000e+00 0.0000000e+00
4.7622000e+05 4.4000000e+01 1.4000000e+00 0.0000000e+00 0.0000000e+00
4.7628000e+05 4.2000000e+01 1.4000000e+00 0.0000000e+00 0.0000000e+00
4.7634000e+05 4.4000000e+01 1.4000000e+00 0.0000000e+00 0.0000000e+00
4.7640000e+05 5.4000000e+01 1.3000000e+00 0.0000000e+00 0.0000000e+00
4.7646000e+05 5.2000000e+01 1.1500000e+00 0.0000000e+00 0.0000000e+00
4.7652000e+05 5.9000000e+01 7.5000001e-01 0.0000000e+00 0.0000000e+00
4.7658000e+05 4.7000000e+01 1.7000000e+00 0.0000000e+00 0.0000000e+00
4.7664000e+05 4.7000000e+01 1.8500001e+00 0.0000000e+00 0.0000000e+00
4.7670000e+05 4.4000000e+01 2.1000000e+00 0.0000000e+00 0.0000000e+00
4.7676000e+05 4.7000000e+01 2.5500000e+00 0.0000000e+00 0.0000000e+00
4.7682000e+05 4.8000000e+01 2.7500000e+00 0.0000000e+00 0.0000000e+00
4.7688000e+05 5.5000000e+01 2.9000000e+00 0.0000000e+00 0.0000000e+00
4.7694000e+05 5.8000000e+01 2.1500000e+00 0.0000000e+00 0.0000000e+00
4.7700000e+05 5.0000000e+01 1.7000000e+00 0.0000000e+00 0.0000000e+00
4.7706000e+05 5.2000000e+01 1.9500000e+00 0.0000000e+00 0.0000000e+00
4.7712000e+05 5.2000000e+01 2.1000000e+00 0.0000000e+00 0.0000000e+00
4.7718000e+05 4.8000000e+01 2.3000000e+00 0.0000000e+00 0.0000000e+00
4.7724000e+05 4.5000000e+01 2.8000001e+00 0.0000000e+00 7.8078002e-01
4.7730000e+05 4.7000000e+01 2.6999999e+00 0.0000000e+00 1.7853100e+01
4.7736000e+05 5.1000000e+01 2.4499999e+00 0.0000000e+00 1.9877760e+01
4.7742000e+05 5.5000000e+01 2.8500000e+00 0.0000000e+00 1.3712390e+01
4.7748000e+05 4.3000000e+01 3.3499999e+00 0.0000000e+00 7.1875519e-01
4.7754000e+05 5.2000000e+01 3.4999999e+00 0.0000000e+00 0.0000000e+00
4.7760000e+05 5.0000000e+01 3.0500000e+00 0.0000000e+00 0.0000000e+00
4.7766000e+05 4.7000000e+01 3.1500000e+00 0.0000000e+00 0.0000000e+00
4.7772000e+05 5.3000000e+01 3.0000000e+00 0.0000000e+00 0.0000000e+00
4.7778000e+05 5.1000000e+01 2.7000000e+00 0.0000000e+00 0.0000000e+00
4.7784000e+05 5.3000000e+01 2.6000000e+00 0.0000000e+00 0.0000000e+00
4.7790000e+05 5.3000000e+01 2.3000000e+00 0.0000000e+00 0.0000000e+00
4.7796000e+05 5.1000000e+01 1.7500000e+00 0.0000000e+00 0.0000000e+00
4.7802000e+05 4.6000000e+01 2.0500001e+00 0.0000000e+00 0.0000000e+00
4.7808000e+05 5.3000000e+01 2.9500000e+00 0.0000000e+00 0.0000000e+00
4.7814000e+05 4.2000000e+01 2.8000001e+00 0.0000000e+00 0.0000000e+00
4.7820000e+05 4.1000000e+01 3.3000001e+00 0.0000000e+00 0.0000000e+00
4.7826000e+05 4.1000000e+01 3.8499999e+00 0.0000000e+00 0.0000000e+00
4.7832000e+05 5.0000000e+01 2.9999999e+00 0.0000000e+00 0.0000000e+00
4.7838000e+05 5.9000000e+01 1.9000000e+00 0.0000000e+00 0.0000000e+00
4.7844000e+05 5.8000000e+01 1.4500000e+00 0.0000000e+00 0.0000000e+00
4.7850000e+05 5.7000000e+01 7.0000000e-01 0.0000000e+00 0.0000000e+00
4.7856000e+05 5.8000000e+01 8.9999999e-01 0.0000000e+00 0.0000000e+00
4.7862000e+05 5.7000000e+01 7.9999998e-01 0.0000000e+00 0.0000000e+00
4.7868000e+05 5.4000000e+01 1.4500000e+00 0.0000000e+00 0.0000000e+00
4.7874000e+05 5.9000000e+01 1.4500000e+00 0.0000000e+00 4.4919081e+00
4.7880000e+05 5.7000000e+01 1.7000000e+00 0.0000000e+00 5.1268582e+00
4.7886000e+05 5.7000000e+01 1.1500000e+00 0.0000000e+00 2.2742100e+00
4.7892000e+05 5.6000000e+01 1.4500000e+00 0.0000000e+00 0.0000000e+00
4.7898000e+05 5.4000000e+01 1.1500000e+00 0.0000000e+00 0.0000000e+00
4.7904000e+05 5.8000000e+01 1.0500000e+00 0.0000000e+00 0.0000000e+00
4.7910000e+05 5.6000000e+01 9.0000004e-01 0.0000000e+00 0.0000000e+00
4.7916000e+05 5.3000000e+01 9.0000001e-01 0.0000000e+00 0.0000000e+00
4.7922000e+05 5.4000000e+01 8.0000001e-01 0.0000000e+00 0.0000000e+00
4.7928000e+05 5.7000000e+01 1.9999999e-01 0.0000000e+00 0.0000000e+00
4.7934000e+05 5.5000000e+01 -2.5000000e-01 0.0000000e+00 0.0000000e+00
4.7940000e+05 5.4000000e+01 -4.9999997e-02 0.0000000e+00 0.0000000e+00
4.7946000e+05 5.9000000e+01 -5.0000000e-01 0.0000000e+00 0.0000000e+00
4.7952000e+05 6.5000000e+01 -1.3500000e+00 0.0000000e+00 0.0000000e+00
4.7958000e+05 6.8000000e+01 -1.9000000e+00 0.0000000e+00 0.0000000e+00
4.7964000e+05 7.0000000e+01 -2.0000000e+00 0.0000000e+00 0.0000000e+00
4.7970000e+05 7.3000000e+01 -2.2000000e+00 0.0000000e+00 0.0000000e+00
4.7976000e+05 7.2000000e+01 -2.1000000e+00 0.0000000e+00 0.0000000e+00
4.7982000e+05 7.1000000e+01 -1.1500000e+00 0.0000000e+00 0.0000000e+00
4.7988000e+05 6.9000000e+01 -1.1000000e+00 0.0000000e+00 0.0000000e+00
4.7994000e+05 7.0000000e+01 -1.6000000e+00 0.0000000e+00 0.0000000e+00
4.8000000e+05 7.8000000e+01 -1.8500000e+00 0.0000000e+00 0.0000000e+00
4.8006000e+05 7.8000000e+01 -2.0500000e+00 0.0000000e+00 0.0000000e+00
4.8012000e+05 7.3000000e+01 -2.0500000e+00 0.0000000e+00 0.0000000e+00
4.8018000e+05 7.3000000e+01 -1.5500000e+00 0.0000000e+00 4.4050279e+00
4.8024000e+05 7.8000000e+01 -1.2000000e+00 0.0000000e+00 6.0927281e+00
4.8030000e+05 7.8000000e+01 -1.0500000e+00 0.0000000e+00 3.7073660e+00
4.8036000e+05 8.1000000e+01 -9.4999999e-01 0.0000000e+00 0.0000000e+00
4.8042000e+05 8.4000000e+01 -1.3000000e+00 0.0000000e+00 0.0000000e+00
4.8048000e+05 8.0000000e+01 -1.1500000e+00 0.0000000e+00 0.0000000e+00
4.8054000e+05 8.1000000e+01 -1.1500000e+00 0.0000000e+00 0.0000000e+00
4.8060000e+05 7.8000000e+01 -1.1000000e+00 0.0000000e+00 0.0000000e+00
4.8066000e+05 6.6000000e+01 1.5000004e-01 0.0000000e+00 0.0000000e+00
4.8072000e+05 6.0000000e+01 1.7000000e+00 0.0000000e+00 0.0000000e+00
4.8078000e+05 5.7000000e+01 2.4000000e+00 0.0000000e+00 0.0000000e+00
4.8084000e+05 5.5000000e+01 3.1999999e+00 0.0000000e+00 0.0000000e+00
4.8090000e+05 5.5000000e+01 3.7000000e+00 0.0000000e+00 0.0000000e+00
4.8096000e+05 6.7000000e+01 3.3500000e+00 0.0000000e+00 0.0000000e+00
4.8102000e+05 7.2000000e+01 2.7500000e+00 0.0000000e+00 0.0000000e+00
4.8108000e+05 7.6000000e+01 2.5500001e+00 0.0000000e+00 0.0000000e+00
4.8114000e+05 7.7000000e+01 2.7000000e+00 0.0000000e+00 0.0000000e+00
4.8120000e+05 7.4000000e+01 3.5500000e+00 0.0000000e+00 0.0000000e+00
4.8126000e+05 7.6000000e+01 4.1999999e+00 0.0000000e+00 0.0000000e+00
4.8132000e+05 8.1000000e+01 3.8500001e+00 0.0000000e+00 0.0000000e+00
4.8138000e+05 9.0000000e+01 3.4500000e+00 0.0000000e+00 0.0000000e+00
4.8144000e+05 8.9000000e+01 3.0000000e+00 0.0000000e+00 0.0000000e+00
4.8150000e+05 8.5000000e+01 2.9000000e+00 0.0000000e+00 0.0000000e+00
4.8156000e+05 8.2000000e+01 3.1000000e+00 0.0000000e+00 0.0000000e+00
4.8162000e+05 7.6000000e+01 4.3999999e+00 0.0000000e+00 2.8215790e+00
4.8168000e+05 6.7000000e+01 5.3000002e+00 0.0000000e+00 5.4150319e+00
4.8174000e+05 6.9000000e+01 6.3000000e+00 0.0000000e+00 3.5151801e+00
4.8180000e+05 7.4000000e+01 5.7000000e+00 0.0000000e+00 0.0000000e+00
4.8186000e+05 7.4000000e+01 4.8000000e+00 0.0000000e+00 0.0000000e+00
4.8192000e+05 6.9000000e+01 5.4500000e+00 0.0000000e+00 0.0000000e+00
4.8198000e+05 7.3000000e+01 4.8499999e+00 0.0000000e+00 0.0000000e+00
4.8204000e+05 7.2000000e+01 4.8499999e+00 0.0000000e+00 0.0000000e+00
4.8210000e+05 7.4000000e+01 4.9000001e+00 0.0000000e+00 0.0000000e+00
4.8216000e+05 7.2000000e+01 4.5999999e+00 0.0000000e+00 0.0000000e+00
4.8222000e+05 7.6000000e+01 4.3000000e+00 0.0000000e+00 0.0000000e+00
4.8228000e+05 8.3000000e+01 3.8500000e+00 0.0000000e+00 0.0000000e+00
4.8234000e+05 7.7000000e+01 3.8000000e+00 0.0000000e+00 0.0000000e+00
4.8240000e+05 7.4000000e+01 4.2000000e+00 0.0000000e+00 0.0000000e+00
4.8246000e+05 7.1000000e+01 4.1999999e+00 0.0000000e+00 0.0000000e+00
4.8252000e+05 7.1000000e+01 4.9500000e+00 0.0000000e+00 0.0000000e+00
4.8258000e+05 6.8000000e+01 5.2000000e+00 0.0000000e+00 0.0000000e+00
4.8264000e+05 6.0000000e+01 5.4000001e+00 0.0000000e+00 0.0000000e+00
4.8270000e+05 6.2000000e+01 5.5500000e+00 0.0000000e+00 0.0000000e+00
4.8276000e+05 5.8000000e+01 6.5500000e+00 0.0000000e+00 0.0000000e+00
4.8282000e+05 5.6000000e+01 7.0999999e+00 0.0000000e+00 0.0000000e+00
4.8288000e+05 5.7000000e+01 7.8499999e+00 0.0000000e+00 0.0000000e+00
4.8294000e+05 6.5000000e+01 7.6499999e+00 0.0000000e+00 0.0000000e+00
4.8300000e+05 5.7000000e+01 9.4999998e+00 0.0000000e+00 0.0000000e+00
4.8306000e+05 8.6000000e+01 9.1500001e+00 0.0000000e+00 3.0969081e+00
4.8312000e+05 6.2000000e+01 7.5500002e+00 0.0000000e+00 6.4975262e+00
4.8318000e+05 6.0000000e+01 8.4500000e+00 0.0000000e+00 4.4852171e+00
4.8324000e+05 6.0000000e+01 7.5500000e+00 0.0000000e+00 0.0000000e+00
4.8330000e+05 6.4000000e+01 7.3500001e+00 0.0000000e+00 0.0000000e+00
4.8336000e+05 6.0000000e+01 7.1000001e+00 0.0000000e+00 0.0000000e+00
4.8342000e+05 7.4000000e+01 6.3500001e+00 0.0000000e+00 0.0000000e+00
4.8348000e+05 8.0000000e+01 5.3999999e+00 0.0000000e+00 0.0000000e+00
4.8354000e+05 8.6000000e+01 4.8999999e+00 0.0000000e+00 0.0000000e+00
4.8360000e+05 7.9000000e+01 4.6500001e+00 0.0000000e+00 0.0000000e+00
4.8366000e+05 6.3000000e+01 5.4500000e+00 0.0000000e+00 0.0000000e+00
4.8372000e+05 6.6000000e+01 6.0500000e+00 0.0000000e+00 0.0000000e+00
4.8378000e+05 8.2000000e+01 4.7000000e+00 0.0000000e+00 0.0000000e+00
4.8384000e+05 8.4000000e+01 4.1500000e+00 0.0000000e+00 0.0000000e+00
4.8390000e+05 7.6000000e+01 4.3500000e+00 0.0000000e+00 0.0000000e+00
4.8396000e+05 7.8000000e+01 4.3499999e+00 0.0000000e+00 0.0000000e+00
4.8402000e+05 7.9000000e+01 4.4500000e+00 0.0000000e+00 0.0000000e+00
4.8408000e+05 7.4000000e+01 4.5999999e+00 0.0000000e+00 0.0000000e+00
4.8414000e+05 7.4000000e+01 4.5999999e+00 0.0000000e+00 0.0000000e+00
4.8420000e+05 7.2000000e+01 5.2000000e+00 0.0000000e+00 0.0000000e+00
4.8426000e+05 6.3000000e+01 5.4000001e+00 0.0000000e+00 0.0000000e+00
4.8432000e+05 6.5000000e+01 5.8499999e+00 0.0000000e+00 0.0000000e+00
4.8438000e+05 6.4000000e+01 5.8000000e+00 0.0000000e+00 0.0000000e+00
4.8444000e+05 6.1000000e+01 6.0500000e+00 0.0000000e+00 0.0000000e+00
4.8450000e+05 5.8000000e+01 6.4500000e+00 0.0000000e+00 8.7976891e-01
4.8456000e+05 5.5000000e+01 6.9500000e+00 0.0000000e+00 2.8838170e+00
4.8462000e+05 5.4000000e+01 7.0000000e+00 0.0000000e+00 1.7185400e+00
4.8468000e+05 5.5000000e+01 7.3999999e+00 0.0000000e+00 0.0000000e+00
4.8474000e+05 6.4000000e+01 6.9500000e+00 0.0000000e+00 0.0000000e+00
4.8480000e+05 6.7000000e+01 6.5500002e+00 0.0000000e+00 0.0000000e+00
4.8486000e+05 6.7000000e+01 7.0500000e+00 0.0000000e+00 0.0000000e+00
4.8492000e+05 7.3000000e+01 7.0000000e+00 0.0000000e+00 0.0000000e+00
4.8498000e+05 7.0000000e+01 7.1499999e+00 0.0000000e+00 0.0000000e+00
4.8504000e+05 7.6000000e+01 7.0999999e+00 0.0000000e+00 0.0000000e+00
4.8510000e+05 8.0000000e+01 6.8999999e+00 0.0000000e+00 0.0000000e+00
4.8516000e+05 8.5000000e+01 6.9500000e+00 0.0000000e+00 0.0000000e+00
4.8522000e+05 8.5000000e+01 7.7000000e+00 0.0000000e+00 0.0000000e+00
4.8528000e+05 8.1000000e+01 7.9500003e+00 0.0000000e+00 0.0000000e+00
4.8534000e+05 7.3000000e+01 8.1000001e+00 0.0000000e+00 0.0000000e+00
4.8540000e+05 7.0000000e+01 8.0000000e+00 0.0000000e+00 0.0000000e+00
4.8546000e+05 7.0000000e+01 8.0500002e+00 0.0000000e+00 0.0000000e+00
4.8552000e+05 7.6000000e+01 8.1000001e+00 0.0000000e+00 0.0000000e+00
4.8558000e+05 7.2000000e+01 8.1500001e+00 0.0000000e+00 0.0000000e+00
4.8564000e+05 9.0000000e+01 7.4500000e+00 0.0000000e+00 0.0000000e+00
4.8570000e+05 8.7000000e+01 6.5000000e+00 0.0000000e+00 0.0000000e+00
4.8576000e+05 8.1000000e+01 6.9499998e+00 0.0000000e+00 0.0000000e+00
4.8582000e+05 7.7000000e+01 7.4499998e+00 0.0000000e+00 0.0000000e+00
4.8588000e+05 8.4000000e+01 7.3999999e+00 0.0000000e+00 0.0000000e+00
4.8594000e+05 7.4000000e+01 7.0500000e+00 0.0000000e+00 6.5589728e+00
4.8600000e+05 7.9000000e+01 6.9000001e+00 0.0000000e+00 9.9093666e+00
4.8606000e+05 8.2000000e+01 6.4500000e+00 0.0000000e+00 0.0000000e+00
4.8612000e+05 7.3000000e+01 6.7000000e+00 0.0000000e+00 0.0000000e+00
4.8618000e+05 7.4000000e+01 7.1500001e+00 0.0000000e+00 0.0000000e+00
4.8624000e+05 9.0000000e+01 6.1500001e+00 0.0000000e+00 0.0000000e+00
4.8630000e+05 7.4000000e+01 6.8000000e+00 0.0000000e+00 0.0000000e+00
4.8636000e+05 7.2000000e+01 6.9500000e+00 0.0000000e+00 0.0000000e+00
4.8642000e+05 7.8000000e+01 6.8499999e+00 0.0000000e+00 0.0000000e+00
4.8648000e+05 7.8000000e+01 6.3500001e+00 0.0000000e+00 0.0000000e+00
4.8654000e+05 7.7000000e+01 6.8000000e+00 0.0000000e+00 0.0000000e+00
4.8660000e+05 7.1000000e+01 7.3000000e+00 0.0000000e+00 0.0000000e+00
