release,index1,index2,SingleBlast,SingleBlast,SingleBlast,SingleBlast,SingleBlast,SingleBlast,SingleBlast,SingleBlast,SingleBlast,SingleBlast
model,index1,index2,Eutroph,Eutroph,Eutroph,Eutroph,Eutroph,Eutroph,Eutroph,Eutroph,Eutroph,Eutroph
species,index1,index2,NH4,NH4,NH4,NH4,NH4,NO3,NO3,NO3,NO3,NO3
location,Time [yyyy.MM.dd HH:mm:ss],days_past,Blast Site,Spjelkavikelva,Vasstrandlia Pump Intake,Profiler,Nørebotnen,Blast Site,Spjelkavikelva,Vasstrandlia Pump Intake,Profiler,Nørebotnen
0,2024-08-01 00:00:00,0.0,0.0,0.0,0.0,0.0,0.0,0.0,0.0,0.0,0.0,0.0
1,2024-08-01 01:00:00,0.041666666666666664,0.0,0.0,0.0,0.0,0.0,0.0,0.0,0.0,0.0,0.0
2,2024-08-01 02:00:00,0.08333333333333333,0.0,0.0,0.0,0.0,0.0,0.0,0.0,0.0,0.0,0.0
3,2024-08-01 03:00:00,0.125,0.0,0.0,0.0,0.0,0.0,0.0,0.0,0.0,0.0,0.0
4,2024-08-01 04:00:00,0.16666666666666666,0.0,0.0,0.0,0.0,0.0,0.0,0.0,0.0,0.0,0.0
5,2024-08-01 05:00:00,0.20833333333333334,1.19251012802,0.000149721425259,0.0,8.18486320386e-11,1.59146012341e-11,1.19251012802,0.000149721425259,0.0,8.18486320386e-11,1.59146012341e-11
6,2024-08-01 06:00:00,0.25,0.0876560658216,0.000403484911658,4.79749129312e-10,1.1842934966e-10,1.73639210649e-11,0.0880088955164,0.000405131781008,4.81925055418e-10,1.18953805139e-10,1.74432135402e-11
7,2024-08-01 07:00:00,0.2916666666666667,0.0177284125239,0.000665509083774,6.05443029045e-10,1.29143279404e-10,1.70169885128e-11,0.0178719479591,0.00067094899714,6.10732742157e-10,1.30234684148e-10,1.71686189571e-11
8,2024-08-01 08:00:00,0.3333333333333333,0.00736544700339,0.000849817181006,6.70184407969e-10,1.272626865e-10,1.63148071441e-11,0.00745528982952,0.000860250496771,6.78807565713e-10,1.28839661162e-10,1.65295849924e-11
9,2024-08-01 09:00:00,0.375,0.00384091748856,0.000930461683311,6.95269619655e-10,1.18208359767e-10,1.55078293956e-11,0.00390366278589,0.000945724139456,7.07055580751e-10,1.20133694659e-10,1.57787723859e-11
10,2024-08-01 10:00:00,0.4166666666666667,0.00243136566132,0.00109302345663,6.88747336941e-10,1.04672791268e-10,1.44941419977e-11,0.00248124659993,0.00111545599066,7.03206604058e-10,1.06801741062e-10,1.48148767559e-11
11,2024-08-01 11:00:00,0.4583333333333333,0.00173112261109,0.00116167846136,6.70395183811e-10,9.09393185755e-11,1.36966653297e-11,0.00177394307684,0.00119037181139,6.87211620942e-10,9.3165697379e-11,1.40630337236e-11
12,2024-08-01 12:00:00,0.5,0.0014185148757,0.00123118516058,6.78419542766e-10,7.87530735069e-11,1.27335225697e-11,0.00145962508395,0.00126676622313,6.98273050492e-10,8.10278233399e-11,1.31355360616e-11
13,2024-08-01 13:00:00,0.5416666666666666,0.00133995816577,0.00118721101899,8.86511253295e-10,6.93403875984e-11,1.16665427319e-11,0.001384468982,0.00122659828048,9.16274833784e-10,7.16464318429e-11,1.20923479563e-11
14,2024-08-01 14:00:00,0.5833333333333334,0.0012452644296,0.00112121307757,2.42505993064e-09,6.15337225618e-11,1.04202072318e-11,0.00129201915115,0.00116323761176,2.51717868771e-09,6.387267798e-11,1.08560582399e-11
15,2024-08-01 15:00:00,0.625,0.00123215222266,0.00109621684533,1.59694266699e-08,5.64130235581e-11,9.604207186490001e-12,0.00128367624711,0.00114199018572,1.6647469181e-08,5.88085483089e-11,1.00360718e-11
16,2024-08-01 16:00:00,0.6666666666666666,0.00119230151176,0.00101128628012,9.3735920359e-08,5.33471218589e-11,8.681994359550001e-12,0.00124725757632,0.00105792551767,9.81390400057e-08,5.58536099315e-11,9.10975028051e-12
17,2024-08-01 17:00:00,0.7083333333333334,0.00111287704203,0.000894945405889,2.46976185281e-07,5.15367644394e-11,8.07190512347e-12,0.00116903788876,0.000940242083743,2.59703398342e-07,5.41914187135e-11,8.515812187360001e-12
18,2024-08-01 18:00:00,0.75,0.0010324169416,0.00083366560284,3.70699780206e-07,5.03191897872e-11,7.86660406954e-12,0.0010890243575,0.000879526487552,3.91498360841e-07,5.31333588238e-11,8.33011090662e-12
19,2024-08-01 19:00:00,0.7916666666666666,0.000964928534813,0.00082746334374,4.22476432504e-07,4.93707262572e-11,7.380118217940001e-12,0.00102198298555,0.000876432168297,4.48114008123e-07,5.23491840154e-11,7.857995504290001e-12
20,2024-08-01 20:00:00,0.8333333333333334,0.000900034152437,0.000819891691208,4.29139817015e-07,4.89468118814e-11,6.943394210280001e-12,0.000957112642936,0.000871815369464,4.57145688415e-07,5.2099439346e-11,7.434302305710001e-12
21,2024-08-01 21:00:00,0.875,0.000844512775075,0.000797261542175,4.36050555663e-07,4.90512977458e-11,6.6303529507e-12,0.000901650579181,0.000851126911584,4.66497766638e-07,5.23858491308e-11,7.132741879770001e-12
22,2024-08-01 22:00:00,0.9166666666666666,0.000801998772658,0.000771532126237,4.47859889618e-07,4.87537267502e-11,6.340907399840001e-12,0.000859597756062,0.000826942152344,4.81163738186e-07,5.22850616969e-11,6.85366607217e-12
23,2024-08-01 23:00:00,0.9583333333333334,0.000752026913688,0.000742195290513,4.74579394449e-07,4.82785061928e-11,6.015174903310001e-12,0.000809259130619,0.000798662716988,5.12005669862e-07,5.20228790601e-11,6.5372802657300005e-12
24,2024-08-02 00:00:00,1.0,0.000714515103027,0.00072379980702,5.22395964708e-07,4.83134053597e-11,5.656465747180001e-12,0.00077189761214,0.000781887152698,5.65932054997e-07,5.2283517793e-11,6.188485921630001e-12
25,2024-08-02 01:00:00,1.0416666666666667,0.000685342587531,0.0006997041055,5.89642354498e-07,4.86673652766e-11,5.327207425190001e-12,0.000743233948015,0.000758827838581,6.41414430902e-07,5.28784169229e-11,5.86757985949e-12
26,2024-08-02 02:00:00,1.0833333333333333,0.000654064002447,0.000670687237289,6.74218767927e-07,4.91129290014e-11,5.01281568338e-12,0.000712083827239,0.000730246363673,7.36431502446e-07,5.35768963916e-11,5.559619171290001e-12
27,2024-08-02 03:00:00,1.125,0.000627280038316,0.000649460067507,7.52955770622e-07,4.95596272354e-11,4.72353623229e-12,0.000685559294652,0.000709872459993,8.25779750357e-07,5.4280170636e-11,5.27664500635e-12
28,2024-08-02 04:00:00,1.1666666666666667,0.0006008092314,0.000622614170425,8.39910853756e-07,5.0050855821e-11,4.36915737964e-12,0.000659183773678,0.000683215155732,9.24810933611e-07,5.50402987076e-11,4.9272933823300004e-12
29,2024-08-02 05:00:00,1.2083333333333333,0.000578548642807,0.000601393810939,9.40637733038e-07,5.0646143529e-11,4.0349160644600005e-12,0.000637200952042,0.000662480480969,1.03980130461e-06,5.59162820213e-11,4.59780911261e-12
30,2024-08-02 06:00:00,1.25,0.00055161153432,0.000574651814532,1.02362662346e-06,5.1312589594e-11,3.85577507422e-12,0.000609900278505,0.000635525851976,1.13597104701e-06,5.68520855393e-11,4.1643212316e-12
31,2024-08-02 07:00:00,1.2916666666666667,0.000521725334693,0.000542888068594,1.04854120764e-06,5.23540585884e-11,3.95351936952e-12,0.000579117157031,0.000602811633144,1.16811008866e-06,5.81622458529e-11,4.299440144180001e-12
32,2024-08-02 08:00:00,1.3333333333333333,0.000490705249831,0.000508148863446,1.0264662933e-06,5.32827358624e-11,4.0179465657400005e-12,0.00054682593327,0.000566509785131,1.14777901672e-06,5.98415483832e-11,3.88811942711e-12
33,2024-08-02 09:00:00,1.375,0.00045520500862,0.000475555541925,1.01060788893e-06,5.38610510359e-11,3.97521468867e-12,0.000509334844537,0.000532297359314,1.13408657398e-06,6.04857344766e-11,3.951914750310001e-12
34,2024-08-02 10:00:00,1.4166666666666667,0.000406169798225,0.000450179679319,1.02419357972e-06,5.64208645082e-11,4.124104269890001e-12,0.000456382433185,0.000505891861394,1.15323950922e-06,6.33485972013e-11,4.18403289446e-12
35,2024-08-02 11:00:00,1.4583333333333333,0.000373115442926,0.000446799822384,1.07086623302e-06,5.93253154935e-11,4.26110622481e-12,0.000420933298301,0.000503971648868,1.20980178053e-06,6.67951319255e-11,4.41319680453e-12
36,2024-08-02 12:00:00,1.5,0.00033295940375,0.000432368891779,1.12915006412e-06,6.22444110143e-11,4.362190730160001e-12,0.000377233838663,0.000489651923999,1.28017234147e-06,7.03643185385e-11,4.58587551613e-12
37,2024-08-02 13:00:00,1.5416666666666667,0.000298716302495,0.000409759202739,1.09335780962e-06,6.54416243417e-11,4.59064643937e-12,0.000339862133842,0.000465983845061,1.24425469039e-06,7.42993097602e-11,4.8963606606700006e-12
38,2024-08-02 14:00:00,1.5833333333333333,0.000283511151792,0.000398442236474,1.00016029592e-06,6.87224582796e-11,4.8908229896600005e-12,0.000323827640386,0.000454923720099,1.14260319606e-06,7.83752784894e-11,5.2878305033300005e-12
39,2024-08-02 15:00:00,1.625,0.000278446881566,0.000387114996556,9.83457653092e-07,7.139344671e-11,5.02920838655e-12,0.000319334096275,0.000443787284894,1.12808720587e-06,8.17619721927e-11,5.48670614151e-12
40,2024-08-02 16:00:00,1.6666666666666667,0.000292136624921,0.000370160414604,1.13050441541e-06,7.30186258679e-11,5.10489090236e-12,0.000336324883392,0.000426150247222,1.30253897623e-06,8.40667674362e-11,5.61265010163e-12
41,2024-08-02 17:00:00,1.7083333333333333,0.000309427181492,0.000352812203346,1.49220375079e-06,7.3595338157e-11,5.318890727160001e-12,0.00035752801341,0.000407900690334,1.72757540895e-06,8.50744752423e-11,5.90275744949e-12
42,2024-08-02 18:00:00,1.75,0.000315190525725,0.000336413679179,1.90803211808e-06,7.33991062374e-11,5.492510526260001e-12,0.000365605286788,0.000390604458516,2.21937602873e-06,8.51964956916e-11,6.150410042370001e-12
43,2024-08-02 19:00:00,1.7916666666666667,0.00031548543484,0.000324971653754,2.11699807551e-06,7.31153332323e-11,5.6765386662e-12,0.000367387401639,0.000378887460101,2.47331581704e-06,8.5205890954e-11,6.3987638972100005e-12
44,2024-08-02 20:00:00,1.8333333333333333,0.00031213692273,0.000322539068293,2.1731277684e-06,7.32963412187e-11,5.943719908610001e-12,0.000364915700629,0.0003774415527,2.54963993029e-06,8.57232410056e-11,6.73295186965e-12
45,2024-08-02 21:00:00,1.875,0.000306261325022,0.000318676407915,2.19626531361e-06,7.40874306349e-11,6.2381718714300005e-12,0.000359437981388,0.000374311726773,2.58737850345e-06,8.66466343119e-11,7.1456803148200006e-12
46,2024-08-02 22:00:00,1.9166666666666667,0.000300095940474,0.000309934839606,2.25171970669e-06,7.52081244504e-11,6.534147788810001e-12,0.00035355030559,0.000365423387848,2.66291885964e-06,8.83704082133e-11,7.51250884418e-12
47,2024-08-02 23:00:00,1.9583333333333333,0.000293885357678,0.000297623570077,2.34697608903e-06,7.69889083041e-11,6.83734969684e-12,0.000347565161064,0.000352204253431,2.78611059912e-06,9.08389266585e-11,7.89989254568e-12
48,2024-08-03 00:00:00,2.0,0.000288413080852,0.00028644973645,2.48610786002e-06,7.9140048681e-11,7.12150217269e-12,0.000342364102835,0.000340258062351,2.96240045827e-06,9.3824559233e-11,8.273771424930001e-12
49,2024-08-03 01:00:00,2.0416666666666665,0.000281228654785,0.000279057625448,2.67248037744e-06,8.27927865155e-11,7.46769659998e-12,0.00033510706271,0.000332813215209,3.19629361911e-06,9.85688752841e-11,8.719375915730001e-12
50,2024-08-03 02:00:00,2.0833333333333335,0.000274264719337,0.000278176506981,2.91011428999e-06,8.984942651e-11,7.799371391780001e-12,0.000328041700413,0.000333011761541,3.49330821336e-06,1.07328944343e-10,9.150629039220001e-12
51,2024-08-03 03:00:00,2.125,0.000268087955192,0.000276989885606,3.17669309879e-06,1.01147291931e-10,8.19434190641e-12,0.000321857107338,0.000332823256031,3.82746929972e-06,1.21253576624e-10,9.646274230780001e-12
52,2024-08-03 04:00:00,2.1666666666666665,0.000262278481387,0.000272198172752,3.41440090779e-06,1.17822251955e-10,8.528988279520001e-12,0.0003160504275,0.000328253110638,4.12972440245e-06,1.41659919906e-10,1.00828061178e-11
53,2024-08-03 05:00:00,2.2083333333333335,0.00025644528796,0.00026718020672,3.63206072507e-06,1.40866429632e-10,8.83988975769e-12,0.000310168194119,0.000323383603245,4.41053634859e-06,1.69741373734e-10,1.04990183214e-11
54,2024-08-03 06:00:00,2.25,0.000250401906669,0.000262349669356,3.88509124605e-06,1.70909425501e-10,9.148666199610002e-12,0.000303987617372,0.000318695150781,4.73616637464e-06,2.06143879744e-10,1.09114583688e-11
55,2024-08-03 07:00:00,2.2916666666666665,0.000241998641286,0.000254242302617,4.17146884502e-06,2.08180639394e-10,9.431276939980001e-12,0.00029502477264,0.000310095230816,5.10428981215e-06,2.510049113e-10,1.12723120768e-11
56,2024-08-03 08:00:00,2.3333333333333335,0.000232096586842,0.000245398288826,4.4299486035e-06,2.53337989475e-10,9.703080353090002e-12,0.000284211884718,0.000300543586491,5.4397319218e-06,3.06537045747e-10,1.16532660258e-11
57,2024-08-03 09:00:00,2.375,0.000223965835175,0.000237992629991,4.50959760201e-06,3.07319364401e-10,9.974201152510001e-12,0.000275332626188,0.000292596640065,5.5570862969e-06,3.7331876479e-10,1.20319622321e-11
58,2024-08-03 10:00:00,2.4166666666666665,0.000214441359276,0.000229101351579,4.41922475147e-06,3.64608149228e-10,1.02510352637e-11,0.000264712667558,0.000282820430584,5.46580895389e-06,4.44666747867e-10,1.24158790887e-11
59,2024-08-03 11:00:00,2.4583333333333335,0.000204615411349,0.000222376897,4.28790190199e-06,4.24842050428e-10,1.05587700042e-11,0.000253664446063,0.000275619764579,5.32323656444e-06,5.20190612807e-10,1.2769830332e-11
60,2024-08-03 12:00:00,2.5,0.000194018764887,0.00021527656645,4.14608757637e-06,4.9213649822e-10,1.07687669545e-11,0.000241613655817,0.00026796120801,5.16684076501e-06,6.04972016927e-10,1.30818637173e-11
61,2024-08-03 13:00:00,2.5416666666666665,0.000187455312698,0.00021032638324,4.00688077207e-06,5.70982261472e-10,1.09295680145e-11,0.000234413193539,0.000262878515059,5.01286604049e-06,7.04678537744e-10,1.32510053277e-11
62,2024-08-03 14:00:00,2.5833333333333335,0.000180848655873,0.000202811672352,3.88215948988e-06,6.62915777827e-10,1.1238472826e-11,0.00022710399935,0.000254644139204,4.87655461257e-06,8.21274603879e-10,1.36777577112e-11
63,2024-08-03 15:00:00,2.625,0.000179309296072,0.00020075046632,3.82528969567e-06,7.64890428773e-10,1.14611879015e-11,0.000226035248488,0.000252994475886,4.82515451949e-06,9.51148049211e-10,1.40175319269e-11
64,2024-08-03 16:00:00,2.6666666666666665,0.000179763097549,0.000195825909032,3.91134062738e-06,8.80430561789e-10,1.16701700387e-11,0.000227457188885,0.00024788590963,4.95466656503e-06,1.09894471301e-09,1.4328838463e-11
65,2024-08-03 17:00:00,2.7083333333333335,0.000180373506737,0.000192226827494,4.24235668106e-06,1.02263952861e-09,1.18266065344e-11,0.000229053679504,0.00024432799546,5.39790062248e-06,1.28070243299e-09,1.46655847189e-11
66,2024-08-03 18:00:00,2.75,0.000180249902769,0.000188021920621,4.81154529552e-06,1.20572019036e-09,1.20199293227e-11,0.000229703466175,0.000239995031734,6.15026465312e-06,1.51523904535e-09,1.51103921042e-11
67,2024-08-03 19:00:00,2.7916666666666665,0.000179706301424,0.000185263445019,5.39232269148e-06,1.43192335766e-09,1.22604001604e-11,0.000229798606597,0.000237327054492,6.92372259437e-06,1.806023886e-09,1.54699274224e-11
68,2024-08-03 20:00:00,2.8333333333333335,0.000176862668013,0.000180456758244,5.87422618992e-06,1.69046021625e-09,1.24714240671e-11,0.000227097058087,0.00023199156567,7.57491034165e-06,2.13915374303e-09,1.58049406895e-11
69,2024-08-03 21:00:00,2.875,0.000174379558302,0.000172496758751,6.18195554125e-06,1.95611749021e-09,1.26648257853e-11,0.000224733579671,0.000222533068154,8.00551788416e-06,2.4840538515e-09,1.61330185322e-11
70,2024-08-03 22:00:00,2.9166666666666665,0.00017219138681,0.000170232378878,6.48904551781e-06,2.20856288813e-09,1.28706255723e-11,0.000222627291805,0.000220339294174,8.43781162985e-06,2.81481771225e-09,1.64682555787e-11
71,2024-08-03 23:00:00,2.9583333333333335,0.000168744765688,0.000164696481079,6.89585976943e-06,2.46572917639e-09,1.31208620358e-11,0.000218945351662,0.000213925115531,9.00210761756e-06,3.15442916232e-09,1.68887109159e-11
72,2024-08-04 00:00:00,3.0,0.000164967961609,0.000160541545483,7.33050728741e-06,2.81176548711e-09,1.33614308853e-11,0.000214784900891,0.0002093079529,9.60670968198e-06,3.60995278115e-09,1.72640669122e-11
73,2024-08-04 01:00:00,3.0416666666666665,0.000160731899086,0.000159125367645,7.77775403549e-06,3.28556959417e-09,1.36115294383e-11,0.000210039754165,0.000208192956052,1.02319800135e-05,4.23332524591e-09,1.76558021675e-11
74,2024-08-04 02:00:00,3.0833333333333335,0.000156655936735,0.000157606904395,8.1673006207e-06,3.91325905014e-09,1.38270957184e-11,0.000205455144169,0.000206933327718,1.07849828055e-05,5.06031394565e-09,1.80072953077e-11
75,2024-08-04 03:00:00,3.125,0.000152564229211,0.0001563886035,8.46003149491e-06,4.71087213683e-09,1.4053373916e-11,0.000200813738047,0.000206101321965,1.12139841804e-05,6.11524297867e-09,1.83574891399e-11
76,2024-08-04 04:00:00,3.1666666666666665,0.000148628780153,0.000153544067871,8.71434986038e-06,5.65844615608e-09,1.42626995284e-11,0.00019634734781,0.000203081581276,1.15942793855e-05,7.37205718693e-09,1.87126546897e-11
77,2024-08-04 05:00:00,3.2083333333333335,0.000144651261508,0.000150034582475,9.01995190361e-06,6.78979805713e-09,1.44915928216e-11,0.000191801140318,0.000199155736482,1.20453169075e-05,8.87995366128e-09,1.90866870919e-11
78,2024-08-04 06:00:00,3.25,0.000140706717502,0.000146382502862,9.35380376177e-06,8.21218471003e-09,1.47064287831e-11,0.000187263576663,0.00019504269585,1.25377291624e-05,1.07823971973e-08,1.94382600294e-11
79,2024-08-04 07:00:00,3.2916666666666665,0.000136866467074,0.000142734264955,9.69396205619e-06,1.00524486513e-08,1.48888817941e-11,0.000182854011655,0.00019090983551,1.30427170006e-05,1.32532038677e-08,1.97418748016e-11
80,2024-08-04 08:00:00,3.3333333333333335,0.000133326597279,0.000139092517202,1.00320285128e-05,1.24495942444e-08,1.50482213496e-11,0.000178849921213,0.000186780336662,1.35470581881e-05,1.64837459238e-08,2.00174633813e-11
81,2024-08-04 09:00:00,3.375,0.000130038431962,0.000135500726174,1.02596422948e-05,1.54247743467e-08,1.52012239601e-11,0.000175193417817,0.000182688076166,1.39049225254e-05,2.05121590824e-08,2.02822394296e-11
82,2024-08-04 10:00:00,3.4166666666666665,0.000127074221382,0.000132205008413,1.03667007352e-05,1.89811775186e-08,1.53239521766e-11,0.000171919804416,0.000178926828085,1.41016971611e-05,2.53506424741e-08,2.05407722081e-11
83,2024-08-04 11:00:00,3.4583333333333335,0.000124508820591,0.000128855550429,1.04607051981e-05,2.28054037876e-08,1.54485538945e-11,0.000169194725459,0.000175063774805,1.42841936395e-05,3.05879090945e-08,2.07964184068e-11
84,2024-08-04 12:00:00,3.5,0.000123127159895,0.000117328949273,1.0956299775e-05,2.6722059232e-08,1.56626552006e-11,0.000167808437254,0.000159902338055,1.50193991431e-05,3.59911531689e-08,2.10047725741e-11
85,2024-08-04 13:00:00,3.5416666666666665,0.000121589975606,0.000113794063509,1.24839043565e-05,3.10556593774e-08,1.6128176919e-11,0.000166146128322,0.000155640154844,1.71847750607e-05,4.19988914757e-08,2.18944636726e-11
86,2024-08-04 14:00:00,3.5833333333333335,0.00011953014473,0.000110550943646,1.5120423086e-05,3.86184169088e-08,1.62453453467e-11,0.000163817850989,0.000151805114001,2.09062545764e-05,5.24447507644e-08,2.22208969974e-11
87,2024-08-04 15:00:00,3.625,0.000116848008474,0.000103615740954,1.79758826562e-05,5.4687415485e-08,1.63383542806e-11,0.000160782001331,0.000142894205055,2.49594377237e-05,7.45929966683e-08,2.24175140257e-11
88,2024-08-04 16:00:00,3.6666666666666665,0.000114390117233,0.000106077473902,1.97507197299e-05,8.35017672784e-08,1.64061958463e-11,0.00015785638243,0.000146804930409,2.75324800896e-05,1.1442219261e-07,2.25917930197e-11
89,2024-08-04 17:00:00,3.7083333333333335,0.000110164466605,0.000108167769213,1.99229853024e-05,1.16479142775e-07,1.64681289438e-11,0.000152801847435,0.000150472085807,2.78785610135e-05,1.60343446964e-07,2.2759313531e-11
90,2024-08-04 18:00:00,3.75,0.000107390529593,0.000107272055175,1.89793918253e-05,1.46424582681e-07,1.65345879349e-11,0.000149544561282,0.000149608327774,2.66579172603e-05,2.02456647003e-07,2.29393361945e-11
91,2024-08-04 19:00:00,3.7916666666666665,0.000104717415525,0.000105486666143,1.76852645382e-05,1.69561531038e-07,1.66338418733e-11,0.000146396560012,0.000147596452734,2.49309123319e-05,2.35431727447e-07,2.31347822843e-11
92,2024-08-04 20:00:00,3.8333333333333335,0.000101784775325,0.00010324294999,1.61532680067e-05,1.8657453893e-07,1.67214818381e-11,0.000142882985529,0.000144982856,2.28476837947e-05,2.60116507889e-07,2.33457159854e-11
93,2024-08-04 21:00:00,3.875,9.95219597826e-05,0.000101445330074,1.47618693518e-05,2.06162255267e-07,1.68032011916e-11,0.000140114541864,0.000142922406667,2.09465670196e-05,2.88617400201e-07,2.35630404077e-11
94,2024-08-04 22:00:00,3.9166666666666665,9.70558539848e-05,9.94431175059e-05,1.35991049319e-05,2.27414815868e-07,1.68995598765e-11,0.000137173192343,0.000140613439726,1.93570613192e-05,3.19697278428e-07,2.3790063669e-11
95,2024-08-04 23:00:00,3.9583333333333335,9.49645327637e-05,9.77695162874e-05,1.26905897559e-05,2.47660040031e-07,1.7005575767e-11,0.000134719084599,0.000138696137583,1.81207560672e-05,3.49599019955e-07,2.40130745149e-11
96,2024-08-05 00:00:00,4.0,9.40410973271e-05,9.63462007348e-05,1.19427149912e-05,2.62539799678e-07,1.70991016485e-11,0.000133722569444,0.000137102193548,1.71019346453e-05,3.72109525415e-07,2.42294760644e-11
97,2024-08-05 01:00:00,4.041666666666667,9.25716012716e-05,9.46854415815e-05,1.13692549348e-05,2.70810943448e-07,1.72073397198e-11,0.000132061366457,0.0001352049876,1.6324880562e-05,3.8536569491e-07,2.44658650977e-11
98,2024-08-05 02:00:00,4.083333333333333,9.14257398108e-05,9.32245602598e-05,1.09958973553e-05,2.73366765668e-07,1.73319171515e-11,0.000130832282593,0.000133560432005,1.58295151778e-05,3.9053401224e-07,2.47108757068e-11
99,2024-08-05 03:00:00,4.125,9.03592299437e-05,9.16487697395e-05,1.08354761323e-05,2.80627659777e-07,1.74513754142e-11,0.000129680309328,0.000131769018481,1.56388541654e-05,4.02505179409e-07,2.49547153774e-11
100,2024-08-05 04:00:00,4.166666666666667,8.82462627487e-05,8.94920667633e-05,1.07869300336e-05,2.89255467578e-07,1.75729691215e-11,0.000127129198518,0.000129215899506,1.56136247824e-05,4.16535499426e-07,2.52074784657e-11
101,2024-08-05 05:00:00,4.208333333333333,8.63618770381e-05,8.81761661731e-05,1.07954328996e-05,2.91194766078e-07,1.7699442606e-11,0.00012485634943,0.000127714447444,1.5676345356e-05,4.20972384063e-07,2.54761576418e-11
102,2024-08-05 06:00:00,4.25,8.46793263918e-05,8.68309653015e-05,1.08916447061e-05,2.84830008468e-07,1.77646560656e-11,0.000122881610878,0.000126163678942,1.5867752154e-05,4.13351017414e-07,2.56708664742e-11
103,2024-08-05 07:00:00,4.291666666666667,8.2815575297e-05,8.52993689477e-05,1.10417013275e-05,2.74290812285e-07,1.78258015987e-11,0.000120660726679,0.000124363054056,1.61383704835e-05,3.99561912445e-07,2.58277739473e-11
104,2024-08-05 08:00:00,4.333333333333333,8.07615142548e-05,8.34553793538e-05,1.11923709483e-05,2.6417137633e-07,1.79001466427e-11,0.000118141528219,0.000122141616885,1.64115099324e-05,3.86260666119e-07,2.60030105087e-11
105,2024-08-05 09:00:00,4.375,7.88071047282e-05,8.17148320493e-05,1.13252463052e-05,2.55977795405e-07,1.79698877306e-11,0.00011576734687,0.000120062497444,1.66630688909e-05,3.75662352781e-07,2.61869501778e-11
106,2024-08-05 10:00:00,4.416666666666667,7.75954467827e-05,8.05915842648e-05,1.14579988804e-05,2.50941781132e-07,1.8022593834e-11,0.000114436414151,0.000118814408779,1.6918313122e-05,3.69628992303e-07,2.63826165775e-11
107,2024-08-05 11:00:00,4.458333333333333,7.71084523876e-05,7.93635117589e-05,1.16197170428e-05,2.49038265565e-07,1.80985330889e-11,0.000114118643978,0.00011742861534,1.72153741005e-05,3.68182469401e-07,2.65961610374e-11
108,2024-08-05 12:00:00,4.5,7.69868129282e-05,7.82680290285e-05,1.19087744679e-05,2.49211467462e-07,1.82133145371e-11,0.000114248075988,0.000116198971227,1.77030724444e-05,3.69800773115e-07,2.673851765e-11
109,2024-08-05 13:00:00,4.541666666666667,7.64728101785e-05,7.22291079001e-05,1.26248742163e-05,2.50086230835e-07,1.85183934159e-11,0.000113887232146,0.000107599211333,1.88335088751e-05,3.72468662135e-07,2.73645620052e-11
110,2024-08-05 14:00:00,4.583333333333333,7.67274250393e-05,7.19378949725e-05,1.38616906042e-05,2.53360639135e-07,1.8723442935e-11,0.00011439716036,0.000107451211079,2.07582997973e-05,3.78732778472e-07,2.77755197314e-11
111,2024-08-05 15:00:00,4.625,7.53527347115e-05,7.09727173671e-05,1.49283159772e-05,2.62334054923e-07,1.89097990738e-11,0.00011277422891,0.000106509920442,2.24526647798e-05,3.93534492105e-07,2.81716958789e-11
112,2024-08-05 16:00:00,4.666666666666667,7.35797730158e-05,7.15918577043e-05,1.55166198965e-05,2.74646623666e-07,1.89123161576e-11,0.000110601824417,0.000107951993414,2.34355738939e-05,4.13379694919e-07,2.82748199854e-11
113,2024-08-05 17:00:00,4.708333333333333,7.17740622349e-05,7.02123070369e-05,1.57000540639e-05,2.85340888695e-07,1.88947399393e-11,0.00010834922432,0.000106323714135,2.38011616602e-05,4.30873541291e-07,2.83610253338e-11
114,2024-08-05 18:00:00,4.75,7.02430988895e-05,6.93836991559e-05,1.56708028953e-05,2.93000226748e-07,1.88794171269e-11,0.000106469124148,0.000105314473331,2.38299853663e-05,4.43841855713e-07,2.84534652784e-11
115,2024-08-05 19:00:00,4.791666666666667,6.89659646014e-05,6.83946927893e-05,1.55720317707e-05,2.99986311347e-07,1.88743430607e-11,0.000104866019683,0.000104114660644,2.37448493863e-05,4.55792076082e-07,2.85702780878e-11
116,2024-08-05 20:00:00,4.833333333333333,6.7387263698e-05,6.71111556585e-05,1.53310847963e-05,3.07120672005e-07,1.88828640224e-11,0.000102830832475,0.000102532183519,2.34378494497e-05,4.67974501817e-07,2.87086882045e-11
117,2024-08-05 21:00:00,4.875,6.575169391e-05,6.60912555759e-05,1.50263122123e-05,3.10500297473e-07,1.89074693402e-11,0.00010071341967,0.000101297206129,2.30343612202e-05,4.74482220625e-07,2.88428413098e-11
118,2024-08-05 22:00:00,4.916666666666667,6.46245171083e-05,6.5109517891e-05,1.46323800436e-05,3.07429274926e-07,1.89378356746e-11,9.928860527e-05,0.00010012279381,2.24962623179e-05,4.71189423479e-07,2.90115501067e-11
119,2024-08-05 23:00:00,4.958333333333333,6.35077958577e-05,6.45078835078e-05,1.41814734889e-05,3.00003080156e-07,1.89705959275e-11,9.79141550488e-05,9.94397269096e-05,2.18663371925e-05,4.61204905378e-07,2.91737606295e-11
120,2024-08-06 00:00:00,5.0,6.31442526355e-05,6.36859622318e-05,1.3819594642e-05,2.8980932143e-07,1.90097486363e-11,9.75402581389e-05,9.84845828498e-05,2.13666698983e-05,4.46845177748e-07,2.93428267795e-11
121,2024-08-06 01:00:00,5.041666666666667,6.20331047685e-05,6.26709152129e-05,1.35736772791e-05,2.7788968282e-07,1.90740340189e-11,9.61869591265e-05,9.72713387455e-05,2.10443613469e-05,4.296160796e-07,2.95361513025e-11
122,2024-08-06 02:00:00,5.083333333333333,6.15004610154e-05,6.19582351646e-05,1.34639349199e-05,2.64465597866e-07,1.91438202096e-11,9.55997675192e-05,9.64518840192e-05,2.09334139072e-05,4.09923870848e-07,2.97347979572e-11
123,2024-08-06 03:00:00,5.125,6.09444032307e-05,6.11257564742e-05,1.33853327497e-05,2.51353270642e-07,1.9193452383e-11,9.49812019826e-05,9.54680290306e-05,2.08742694667e-05,3.90522586713e-07,2.9915677574e-11
124,2024-08-06 04:00:00,5.166666666666667,5.97999751335e-05,6.00597159064e-05,1.31246815727e-05,2.39246645606e-07,1.92564644785e-11,9.35351417866e-05,9.41551334108e-05,2.05319483939e-05,3.72568479179e-07,3.0093476322e-11
125,2024-08-06 05:00:00,5.208333333333333,5.87479953538e-05,5.92619944655e-05,1.27315433929e-05,2.28060059726e-07,1.93106867302e-11,9.22192775761e-05,9.32062248467e-05,1.99778769456e-05,3.55981086386e-07,3.02513465666e-11
126,2024-08-06 06:00:00,5.25,5.78215513087e-05,5.83180808462e-05,1.2260308722e-05,2.17861511942e-07,1.93545353355e-11,9.10512535484e-05,9.20435923035e-05,1.92935658561e-05,3.40855905279e-07,3.04172832755e-11
127,2024-08-06 07:00:00,5.291666666666667,5.61586493859e-05,5.70133088331e-05,1.17432155093e-05,2.06497716704e-07,1.94129747e-11,8.88006034074e-05,9.0343215561e-05,1.8529168301e-05,3.23875752883e-07,3.05848645021e-11
128,2024-08-06 08:00:00,5.333333333333333,5.4275347793e-05,5.54241778445e-05,1.12373354568e-05,1.93253768543e-07,1.94896963152e-11,8.61756270751e-05,8.81870873854e-05,1.77741221705e-05,3.03912912614e-07,3.07742824279e-11
129,2024-08-06 09:00:00,5.375,5.25226569152e-05,5.43291935173e-05,1.08371623355e-05,1.80157769591e-07,1.95467409619e-11,8.37368861539e-05,8.67391863721e-05,1.71796145878e-05,2.84119209937e-07,3.0930293049e-11
130,2024-08-06 10:00:00,5.416666666666667,5.06291908096e-05,5.35127255716e-05,1.054216591e-05,1.69806881445e-07,1.95718389412e-11,8.11185600469e-05,8.57227059896e-05,1.67485122802e-05,2.68560199856e-07,3.10617885579e-11
131,2024-08-06 11:00:00,5.458333333333333,4.89295453008e-05,5.27315314685e-05,1.03152806332e-05,1.61584637226e-07,1.96124991247e-11,7.87766766734e-05,8.47731644171e-05,1.64247157954e-05,2.56274120147e-07,3.12164911975e-11
132,2024-08-06 12:00:00,5.5,4.8815356422e-05,5.26495678059e-05,1.0170270798e-05,1.56165569365e-07,1.96737175162e-11,7.87986646174e-05,8.48636045703e-05,1.62343258125e-05,2.48322521657e-07,3.13954313935e-11
133,2024-08-06 13:00:00,5.541666666666667,4.81674687762e-05,5.1756407629e-05,1.01305358839e-05,1.54476467173e-07,1.96938351044e-11,7.80541959102e-05,8.37673796923e-05,1.62193446158e-05,2.46238755608e-07,3.15248556426e-11
134,2024-08-06 14:00:00,5.583333333333333,4.86928438477e-05,5.15702449775e-05,1.02320118458e-05,1.55784391609e-07,1.96985552869e-11,7.91220008978e-05,8.3700826508e-05,1.64377634064e-05,2.48947429782e-07,3.16569964687e-11
135,2024-08-06 15:00:00,5.625,4.95721469633e-05,5.06694159412e-05,1.06878678707e-05,1.6077001419e-07,1.97124417484e-11,8.06393945822e-05,8.25744282338e-05,1.72393283719e-05,2.57596809661e-07,3.18261805798e-11
136,2024-08-06 16:00:00,5.666666666666667,4.922905282e-05,4.94971100125e-05,1.1413694665e-05,1.6932813196e-07,1.97305557309e-11,8.03609800641e-05,8.10509518487e-05,1.84924483619e-05,2.72034526461e-07,3.20154250333e-11
137,2024-08-06 17:00:00,5.708333333333333,4.89334343001e-05,4.71944549645e-05,1.23096497191e-05,1.79684434443e-07,1.97318567735e-11,8.01444621175e-05,7.75309817982e-05,2.00371978281e-05,2.89429692657e-07,3.21489224131e-11
138,2024-08-06 18:00:00,5.75,4.84503216285e-05,4.65448865725e-05,1.31638853418e-05,1.92072278082e-07,1.97214206771e-11,7.9611709225e-05,7.67217861721e-05,2.15227319131e-05,3.10170605644e-07,3.22571414024e-11
139,2024-08-06 19:00:00,5.791666666666667,4.75977212773e-05,4.73011095892e-05,1.3921901882e-05,2.05725569913e-07,1.97243402167e-11,7.8499695519e-05,7.82411370892e-05,2.28594308282e-05,3.3309936498e-07,3.23509066757e-11
140,2024-08-06 20:00:00,5.833333333333333,4.66418168799e-05,4.67356258014e-05,1.45642707139e-05,2.2002923572e-07,1.97290257048e-11,7.72085622884e-05,7.7567412518e-05,2.40073986788e-05,3.57183353117e-07,3.24497824444e-11
141,2024-08-06 21:00:00,5.875,4.58511058241e-05,4.63632095489e-05,1.5076222553e-05,2.35509148183e-07,1.9737185844e-11,7.61788032833e-05,7.71100167185e-05,2.49368840741e-05,3.83275590821e-07,3.25503790588e-11
142,2024-08-06 22:00:00,5.916666666666667,4.52825006505e-05,4.58364047518e-05,1.54419176397e-05,2.58239964523e-07,1.97224129389e-11,7.5457181083e-05,7.64314900152e-05,2.56282037299e-05,4.21081466584e-07,3.26430826814e-11
143,2024-08-06 23:00:00,5.958333333333333,4.44301549578e-05,4.50913212262e-05,1.55514026119e-05,2.80863957869e-07,1.97247339989e-11,7.43057389627e-05,7.54695356591e-05,2.58901054622e-05,4.58942480464e-07,3.27445535964e-11
144,2024-08-07 00:00:00,6.0,4.33339264418e-05,4.42993477918e-05,1.52847278514e-05,2.9646255939e-07,1.97614546255e-11,7.27194565115e-05,7.44445933378e-05,2.55123322859e-05,4.85740770273e-07,3.28682879525e-11
145,2024-08-07 01:00:00,6.041666666666667,4.25533107773e-05,4.38377828686e-05,1.4696598555e-05,3.05518256027e-07,1.98313275523e-11,7.16023714631e-05,7.38664602977e-05,2.45891005761e-05,5.02145269365e-07,3.30570813778e-11
146,2024-08-07 02:00:00,6.083333333333333,4.163617632e-05,4.31721564382e-05,1.39660596687e-05,3.15101175374e-07,1.99221073666e-11,7.02987090335e-05,7.29843959562e-05,2.34245271713e-05,5.19391505804e-07,3.32500658951e-11
147,2024-08-07 03:00:00,6.125,4.09487038269e-05,4.28318780905e-05,1.32445056806e-05,3.19693128858e-07,1.99757346081e-11,6.93443435011e-05,7.25826685084e-05,2.22654671234e-05,5.28379189291e-07,3.34086265597e-11
148,2024-08-07 04:00:00,6.166666666666667,4.0305814764e-05,4.22473785875e-05,1.26674522107e-05,3.19972627949e-07,2.0023449912e-11,6.84545739205e-05,7.18264491297e-05,2.13440016523e-05,5.30147303834e-07,3.35732656953e-11
149,2024-08-07 05:00:00,6.208333333333333,3.99995151383e-05,4.19726457039e-05,1.2245472135e-05,3.18550661405e-07,2.00494811725e-11,6.81056044414e-05,7.15415371815e-05,2.06806671486e-05,5.29110025127e-07,3.36982559912e-11
150,2024-08-07 06:00:00,6.25,3.96503019147e-05,4.1530955059e-05,1.19576343423e-05,3.22966911881e-07,2.00736233191e-11,6.76996205584e-05,7.10053718649e-05,2.02410537895e-05,5.37809455636e-07,3.38372767306e-11
151,2024-08-07 07:00:00,6.291666666666667,3.8861289795e-05,4.07585466746e-05,1.17104473247e-05,3.32331040909e-07,2.01236510095e-11,6.65822080919e-05,6.9958397944e-05,1.98726102099e-05,5.548948252e-07,3.40105409113e-11
152,2024-08-07 08:00:00,6.333333333333333,3.8409652916e-05,4.04783240811e-05,1.14634331112e-05,3.43862126329e-07,2.01549384821e-11,6.60005462123e-05,6.96603819961e-05,1.95044976863e-05,5.75751244014e-07,3.41820564909e-11
153,2024-08-07 09:00:00,6.375,3.80158453481e-05,4.00321696361e-05,1.12696770884e-05,3.60627467444e-07,2.01657145843e-11,6.55056428513e-05,6.91103487043e-05,1.92265943042e-05,6.05432603606e-07,3.43024983418e-11
154,2024-08-07 10:00:00,6.416666666666667,3.72943031834e-05,3.95883071178e-05,1.11375056804e-05,3.77269543606e-07,2.01678881928e-11,6.44955143798e-05,6.85595077812e-05,1.90534974536e-05,6.35073092781e-07,3.44106167172e-11
155,2024-08-07 11:00:00,6.458333333333333,3.66732092516e-05,3.91303983633e-05,1.10980008685e-05,3.90792394001e-07,2.01710384506e-11,6.3682324253e-05,6.79895310896e-05,1.90429873328e-05,6.59628256017e-07,3.45283662773e-11
156,2024-08-07 12:00:00,6.5,3.563116843e-05,3.84758423024e-05,1.12177485789e-05,4.00146831225e-07,2.01856795168e-11,6.22282532277e-05,6.71116213198e-05,1.93168361875e-05,6.77238404023e-07,3.46504630544e-11
157,2024-08-07 13:00:00,6.541666666666667,3.5397184547e-05,3.82723883376e-05,1.13993091873e-05,4.09724464134e-07,2.02263275573e-11,6.197928451e-05,6.69095607009e-05,1.97023309738e-05,6.95377877946e-07,3.48082257462e-11
158,2024-08-07 14:00:00,6.583333333333333,3.48009889422e-05,3.75626623281e-05,1.14282765935e-05,4.24387593512e-07,2.02756336026e-11,6.11382420175e-05,6.59426150378e-05,1.98172638193e-05,7.22431195754e-07,3.49729828431e-11
159,2024-08-07 15:00:00,6.625,3.44494692399e-05,3.71094320144e-05,1.12682628242e-05,4.43522765181e-07,2.03244539254e-11,6.06966532359e-05,6.5365464252e-05,1.95966840693e-05,7.57230736781e-07,3.51358941941e-11
160,2024-08-07 16:00:00,6.666666666666667,3.43810497725e-05,3.66853673768e-05,1.10731480163e-05,4.65907248781e-07,2.03424811718e-11,6.07209694863e-05,6.4845844463e-05,1.93153009604e-05,7.97754182713e-07,3.52707828222e-11
161,2024-08-07 17:00:00,6.708333333333333,3.43098217854e-05,3.62758655683e-05,1.09430329758e-05,4.90215938953e-07,2.03507384555e-11,6.07765396126e-05,6.43537714495e-05,1.9155042537e-05,8.41808798668e-07,3.54085892551e-11
162,2024-08-07 18:00:00,6.75,3.44361906173e-05,3.6003832065e-05,1.09277789306e-05,5.12685573995e-07,2.035698346e-11,6.11424766248e-05,6.40617217869e-05,1.92019579117e-05,8.82920460299e-07,3.55419409181e-11
163,2024-08-07 19:00:00,6.791666666666667,3.45180706063e-05,3.5806941014e-05,1.10806795419e-05,5.34632761173e-07,2.03665521947e-11,6.14258751739e-05,6.38647761662e-05,1.95535485545e-05,9.23291395338e-07,3.56878554486e-11
164,2024-08-07 20:00:00,6.833333333333333,3.4538381442e-05,3.42764105881e-05,1.13588885142e-05,5.54953714982e-07,2.03956591199e-11,6.16005781922e-05,6.13320007687e-05,2.01351904252e-05,9.6118503734e-07,3.58542917578e-11
165,2024-08-07 21:00:00,6.875,3.43778992828e-05,3.31261435349e-05,1.16892297228e-05,5.77427840653e-07,2.04612108506e-11,6.14992168266e-05,5.94807861489e-05,2.08165620279e-05,1.00310023754e-06,3.6092764194e-11
166,2024-08-07 22:00:00,6.916666666666667,3.41736813425e-05,3.26537738147e-05,1.20074746519e-05,5.97409155034e-07,2.05268059494e-11,6.13143856754e-05,5.8829496993e-05,2.14794745261e-05,1.0409536344e-06,3.632772555e-11
167,2024-08-07 23:00:00,6.958333333333333,3.39929174515e-05,3.30513903464e-05,1.23495947264e-05,6.14838256752e-07,2.05799422642e-11,6.11473951722e-05,5.96898789809e-05,2.21840964514e-05,1.07455343823e-06,3.65284677506e-11
168,2024-08-08 00:00:00,7.0,3.37641140504e-05,3.39414727932e-05,1.25879305415e-05,6.30359579645e-07,2.06426906818e-11,6.08736336289e-05,6.14564414718e-05,2.27091950364e-05,1.10500729988e-06,3.67538707802e-11
169,2024-08-08 01:00:00,7.041666666666667,3.32051095029e-05,3.36973935191e-05,1.27501571114e-05,6.44191629817e-07,2.07008611641e-11,6.01268875471e-05,6.12364237895e-05,2.30891364481e-05,1.13271357804e-06,3.69667560451e-11
170,2024-08-08 02:00:00,7.083333333333333,3.27428497258e-05,3.33148309437e-05,1.28991168822e-05,6.58920498608e-07,2.07433254601e-11,5.95629026066e-05,6.07045003562e-05,2.34421895584e-05,1.16218984658e-06,3.71365854734e-11
171,2024-08-08 03:00:00,7.125,3.25844121107e-05,3.21447005263e-05,1.30995176733e-05,6.81753817844e-07,2.0788412658e-11,5.93867262069e-05,5.86797650612e-05,2.38918764808e-05,1.20624451938e-06,3.73177079516e-11
172,2024-08-08 04:00:00,7.166666666666667,3.22702726407e-05,3.18142338074e-05,1.33027115226e-05,7.24455503587e-07,2.08534023383e-11,5.8953424741e-05,5.82639404456e-05,2.43510567088e-05,1.28585895709e-06,3.75522182794e-11
173,2024-08-08 05:00:00,7.208333333333333,3.19025457429e-05,3.24079919665e-05,1.34757356136e-05,7.86501345829e-07,2.09179305821e-11,5.84370900469e-05,5.95557357883e-05,2.47564603342e-05,1.40009876759e-06,3.77820656705e-11
174,2024-08-08 06:00:00,7.25,3.15418074024e-05,3.2173415093e-05,1.3633002709e-05,8.53571009429e-07,2.09796000017e-11,5.79363986617e-05,5.92768010392e-05,2.51301498793e-05,1.52419545429e-06,3.80090993402e-11
175,2024-08-08 07:00:00,7.291666666666667,3.11921103275e-05,3.18710735883e-05,1.37941979119e-05,9.27752182633e-07,2.10570866299e-11,5.74705227336e-05,5.88777111261e-05,2.55158865912e-05,1.66231416188e-06,3.82790361908e-11
176,2024-08-08 08:00:00,7.333333333333333,3.08072922053e-05,3.14733624691e-05,1.39780768222e-05,1.02000876723e-06,2.1162753841e-11,5.6939512433e-05,5.83516921324e-05,2.59487096628e-05,1.834124987e-06,3.85888578036e-11
177,2024-08-08 09:00:00,7.375,3.03640390484e-05,3.10507202812e-05,1.41758118843e-05,1.11657789148e-06,2.12646185382e-11,5.63964931644e-05,5.77889913984e-05,2.64106583927e-05,2.01492343876e-06,3.89116308619e-11
178,2024-08-08 10:00:00,7.416666666666667,3.02355147141e-05,2.76588925772e-05,1.4530865883e-05,1.22168648886e-06,2.15057294889e-11,5.63809880987e-05,5.15450519742e-05,2.7181707992e-05,2.21231493924e-06,3.95099092332e-11
179,2024-08-08 11:00:00,7.458333333333333,3.01739019051e-05,2.60028264165e-05,1.5385909137e-05,1.42997214425e-06,2.24057803561e-11,5.62568129681e-05,4.84381489514e-05,2.89292820526e-05,2.59851162809e-06,4.13921848186e-11
180,2024-08-08 12:00:00,7.5,2.99575385725e-05,2.58278942056e-05,1.65991586982e-05,1.93001665139e-06,2.7027284924e-11,5.58819701837e-05,4.82089308207e-05,3.13636301144e-05,3.52308643414e-06,4.91757190524e-11
181,2024-08-08 13:00:00,7.541666666666667,2.94350284094e-05,2.54662245425e-05,1.73748667294e-05,2.65637140728e-06,3.35307788479e-11,5.50740624021e-05,4.77903122373e-05,3.29284557665e-05,4.87591069032e-06,6.15409806448e-11
182,2024-08-08 14:00:00,7.583333333333333,2.88517167064e-05,2.53140860877e-05,1.74540127773e-05,3.34321498485e-06,3.73548171562e-11,5.42177403986e-05,4.77372705063e-05,3.31489573e-05,6.16870875092e-06,6.88839957297e-11
183,2024-08-08 15:00:00,7.625,2.8398600989e-05,2.38133416133e-05,1.76020239451e-05,4.02748946726e-06,4.97825322632e-11,5.36556763109e-05,4.49594335805e-05,3.35417607857e-05,7.4675099313e-06,9.24095799881e-11
184,2024-08-08 16:00:00,7.666666666666667,2.82408091152e-05,2.40073277382e-05,1.79070884769e-05,4.6744694373e-06,9.14217937464e-11,5.3316118283e-05,4.52864442195e-05,3.42418970831e-05,8.70634630701e-06,1.69193270505e-10
185,2024-08-08 17:00:00,7.708333333333333,2.79179184872e-05,2.3545258955e-05,1.81410759978e-05,5.20568710272e-06,1.64184082996e-10,5.2782761486e-05,4.45423102065e-05,3.4783330193e-05,9.73765236267e-06,3.03847030869e-10
186,2024-08-08 18:00:00,7.75,2.74162866845e-05,2.35706193052e-05,1.80660244951e-05,5.61381966691e-06,1.86738666197e-10,5.19546629221e-05,4.47804522992e-05,3.47134518961e-05,1.05452945718e-05,3.46751988234e-10
187,2024-08-08 19:00:00,7.791666666666667,2.67761570285e-05,2.345496614e-05,1.75372169906e-05,5.8574155446e-06,1.9390836159e-10,5.09332276124e-05,4.47875099781e-05,3.37561323249e-05,1.10470682557e-05,3.61407626048e-10
188,2024-08-08 20:00:00,7.833333333333333,2.62946250587e-05,2.37489057326e-05,1.69906161318e-05,5.98562746745e-06,2.05774827733e-10,5.02337679791e-05,4.54971850559e-05,3.27857924276e-05,1.13321966637e-05,3.849542074e-10
189,2024-08-08 21:00:00,7.875,2.59400239884e-05,2.44876991928e-05,1.62132546393e-05,5.89106957705e-06,2.22331736355e-10,4.97712353535e-05,4.70400882477e-05,3.13447926601e-05,1.1192767488e-05,4.1746103796e-10
190,2024-08-08 22:00:00,7.916666666666667,2.55608392763e-05,2.55832965195e-05,1.5398434698e-05,5.61201386517e-06,2.45497122631e-10,4.92386498081e-05,4.93255647598e-05,2.98049253615e-05,1.06978977783e-05,4.62620386443e-10
191,2024-08-08 23:00:00,7.958333333333333,2.51615165325e-05,2.54062106251e-05,1.47704713527e-05,5.34749278813e-06,2.7982416384e-10,4.86059070681e-05,4.91287210025e-05,2.86328868242e-05,1.02272970253e-05,5.29190025134e-10
192,2024-08-09 00:00:00,8.0,2.50379107456e-05,2.53879770753e-05,1.42146791404e-05,5.10704785484e-06,3.16242199094e-10,4.84326956212e-05,4.91297141707e-05,2.75938255072e-05,9.79988271865e-06,6.0014981873e-10
193,2024-08-09 01:00:00,8.041666666666666,2.48069354711e-05,2.52115805779e-05,1.37658926178e-05,4.77616276839e-06,3.60282359502e-10,4.81139613839e-05,4.89184603794e-05,2.67690029432e-05,9.19386093301e-06,6.86103340808e-10
194,2024-08-09 02:00:00,8.083333333333334,2.46635208896e-05,2.49669938057e-05,1.33602015921e-05,4.41329484602e-06,4.12009787398e-10,4.7940229706e-05,4.85973250761e-05,2.6027813874e-05,8.52106586535e-06,7.87327147922e-10
195,2024-08-09 03:00:00,8.125,2.44492857746e-05,2.4752032914e-05,1.29635091071e-05,4.01122861149e-06,4.54469822886e-10,4.76596251247e-05,4.83214171254e-05,2.52964309766e-05,7.76637352828e-06,8.71479943765e-10
196,2024-08-09 04:00:00,8.166666666666666,2.42076621362e-05,2.44391958404e-05,1.26187951537e-05,3.66193580703e-06,5.00858077235e-10,4.73333602713e-05,4.78746151202e-05,2.46635190706e-05,7.1099170782e-06,9.63777724294e-10
197,2024-08-09 05:00:00,8.208333333333334,2.39798355324e-05,2.40758981818e-05,1.23526788229e-05,3.33877005687e-06,5.46077960628e-10,4.70305130875e-05,4.73350410175e-05,2.41863745032e-05,6.50027959637e-06,1.05446484877e-09
198,2024-08-09 06:00:00,8.25,2.37386157096e-05,2.37411404669e-05,1.21576640595e-05,2.99489715871e-06,5.73898040201e-10,4.67045319965e-05,4.68354737677e-05,2.38556331169e-05,5.84483450439e-06,1.11204900843e-09
199,2024-08-09 07:00:00,8.291666666666666,2.33275422943e-05,2.3379609047e-05,1.20222584883e-05,2.67443806479e-06,5.978478268e-10,4.6073080739e-05,4.62782882096e-05,2.36481319007e-05,5.23068592884e-06,1.16250875593e-09
200,2024-08-09 08:00:00,8.333333333333334,2.26865977311e-05,2.29046363529e-05,1.19312453535e-05,2.4293219667e-06,6.31874608192e-10,4.50188708783e-05,4.55080007669e-05,2.35321986111e-05,4.76231298308e-06,1.23302157373e-09
201,2024-08-09 09:00:00,8.375,2.20669953706e-05,2.26109896175e-05,1.18549742183e-05,2.24659652304e-06,6.70877187137e-10,4.39952345914e-05,4.50682709925e-05,2.34475537582e-05,4.41545626018e-06,1.31382160706e-09
202,2024-08-09 10:00:00,8.416666666666666,2.16945391003e-05,2.26330448641e-05,1.17874651551e-05,2.09969903153e-06,7.36135208346e-10,4.34353933088e-05,4.52207241324e-05,2.33812734223e-05,4.13753741668e-06,1.44681500114e-09
203,2024-08-09 11:00:00,8.458333333333334,2.18290715566e-05,2.2636832e-05,1.18163425213e-05,1.97423287318e-06,9.52587009273e-10,4.38114984718e-05,4.5350228902e-05,2.35094157688e-05,3.90009608964e-06,1.8787140732e-09
204,2024-08-09 12:00:00,8.5,2.22669732466e-05,2.18653367483e-05,1.21971934277e-05,1.88601165974e-06,1.37172739834e-09,4.47125385108e-05,4.38829301856e-05,2.43667946052e-05,3.73517741536e-06,2.71475353308e-09
205,2024-08-09 13:00:00,8.541666666666666,2.24741106649e-05,2.00766662601e-05,1.28469255287e-05,1.87436751276e-06,1.8081639519e-09,4.51969426649e-05,4.03456724598e-05,2.58034033322e-05,3.72157956008e-06,3.59124885385e-09
206,2024-08-09 14:00:00,8.583333333333334,2.25898711506e-05,2.16221942537e-05,1.33078683575e-05,2.01010493583e-06,1.90169480163e-09,4.54730179626e-05,4.35368965555e-05,2.68573494395e-05,4.00383623855e-06,3.79166609221e-09
207,2024-08-09 15:00:00,8.625,2.23221868509e-05,2.19636785914e-05,1.32519444378e-05,2.13059342968e-06,1.8802408519e-09,4.5082437282e-05,4.44778015662e-05,2.68110306934e-05,4.26067481385e-06,3.76387720991e-09
208,2024-08-09 16:00:00,8.666666666666666,2.19457651838e-05,2.18026561924e-05,1.30688631543e-05,2.1828059289e-06,1.81710069214e-09,4.4507880375e-05,4.43070821348e-05,2.6508461815e-05,4.38325969299e-06,3.65199914754e-09
209,2024-08-09 17:00:00,8.708333333333334,2.16067237488e-05,2.16182907025e-05,1.29221207317e-05,2.18157651943e-06,1.7935071206e-09,4.4004067604e-05,4.4059845095e-05,2.62894918706e-05,4.39595396529e-06,3.61901442147e-09
210,2024-08-09 18:00:00,8.75,2.13076018554e-05,2.14347601286e-05,1.27302628243e-05,2.14112924368e-06,1.74261771679e-09,4.35760848632e-05,4.37926610175e-05,2.59687731159e-05,4.32583510701e-06,3.53006690545e-09
211,2024-08-09 19:00:00,8.791666666666666,2.11084425246e-05,2.12647046283e-05,1.25092119561e-05,2.09511995308e-06,1.73017644656e-09,4.32889391959e-05,4.3551390263e-05,2.55843624473e-05,4.24372046837e-06,3.51836360046e-09
212,2024-08-09 20:00:00,8.833333333333334,2.08861947613e-05,2.10051894101e-05,1.22836354421e-05,2.07857442547e-06,1.73771441681e-09,4.29360115959e-05,4.3168252887e-05,2.51941237366e-05,4.22394168709e-06,3.54722518026e-09
213,2024-08-09 21:00:00,8.875,2.07286811928e-05,2.08657202165e-05,1.20890208564e-05,2.08405822377e-06,1.7651373696e-09,4.27055601904e-05,4.29906031059e-05,2.4869783374e-05,4.25038570029e-06,3.61668983651e-09
214,2024-08-09 22:00:00,8.916666666666666,2.05172018468e-05,2.05441428989e-05,1.19291926239e-05,2.09613403968e-06,1.84696602457e-09,4.23665078415e-05,4.24742684118e-05,2.4620190743e-05,4.28997191193e-06,3.79819864449e-09
215,2024-08-09 23:00:00,8.958333333333334,2.01572966034e-05,2.01607417694e-05,1.1768080185e-05,2.09255313166e-06,1.94687088673e-09,4.17520786868e-05,4.1833081923e-05,2.43639969995e-05,4.29542114944e-06,4.01812139117e-09
216,2024-08-10 00:00:00,9.0,2.00973463507e-05,2.01677576115e-05,1.16231067295e-05,2.07339007829e-06,2.00261118799e-09,4.17348055635e-05,4.19421558036e-05,2.41366506089e-05,4.26775386586e-06,4.14762313383e-09
217,2024-08-10 01:00:00,9.041666666666666,2.00170234166e-05,2.00761205633e-05,1.14830681923e-05,2.06039703698e-06,2.015474454e-09,4.16811126343e-05,4.18592171627e-05,2.39151213464e-05,4.25330472353e-06,4.18807566405e-09
218,2024-08-10 02:00:00,9.083333333333334,1.98010748136e-05,1.98938014364e-05,1.13391597552e-05,2.04873890652e-06,2.01993111126e-09,4.13644047512e-05,4.16081202275e-05,2.36819596466e-05,4.2420756472e-06,4.21119272787e-09
219,2024-08-10 03:00:00,9.125,1.96116507141e-05,1.96832952497e-05,1.12171737783e-05,2.02861701837e-06,2.03627781303e-09,4.10861975979e-05,4.13016496168e-05,2.34908511629e-05,4.21266713602e-06,4.25963975204e-09
220,2024-08-10 04:00:00,9.166666666666666,1.94712756638e-05,1.95923657884e-05,1.11252466013e-05,2.00215299628e-06,2.053690773e-09,4.09066487919e-05,4.12066729041e-05,2.33588434639e-05,4.16835791839e-06,4.31060653838e-09
221,2024-08-10 05:00:00,9.208333333333334,1.9412196707e-05,1.94908570847e-05,1.10679438876e-05,1.9951160084e-06,2.08024131254e-09,4.0876580897e-05,4.10944485338e-05,2.3296179279e-05,4.16562716055e-06,4.38106351197e-09
222,2024-08-10 06:00:00,9.25,1.92811912711e-05,1.93272844626e-05,1.10627461254e-05,1.9981416699e-06,2.11733719446e-09,4.07137122238e-05,4.08700434491e-05,2.33479622693e-05,4.18465515395e-06,4.4746077954e-09
223,2024-08-10 07:00:00,9.291666666666666,1.91241870198e-05,1.91643885046e-05,1.10811306513e-05,1.99748933483e-06,2.15339834853e-09,4.05005775974e-05,4.06444887631e-05,2.34540220845e-05,4.19518983108e-06,4.56636195523e-09
224,2024-08-10 08:00:00,9.333333333333334,1.89419042727e-05,1.89636120922e-05,1.11210938485e-05,1.99678811441e-06,2.20319895661e-09,4.02430341637e-05,4.03494850616e-05,2.36079522438e-05,4.2052192839e-06,4.68815919419e-09
225,2024-08-10 09:00:00,9.375,1.8818414901e-05,1.88471422007e-05,1.11885065053e-05,2.00438830689e-06,2.26565544104e-09,4.01005199819e-05,4.02042496717e-05,2.38209904637e-05,4.23213714384e-06,4.83771911419e-09
226,2024-08-10 10:00:00,9.416666666666666,1.87208370335e-05,1.86927773029e-05,1.13429723569e-05,2.02734395316e-06,2.36464381409e-09,4.00089993491e-05,3.99867894885e-05,2.4221259082e-05,4.29059855378e-06,5.06676567369e-09
227,2024-08-10 11:00:00,9.458333333333334,1.86480574484e-05,1.85187655006e-05,1.16608207463e-05,2.11225119529e-06,2.51779463945e-09,3.99576747441e-05,3.97187868657e-05,2.49811782851e-05,4.47956699645e-06,5.413133497e-09
228,2024-08-10 12:00:00,9.5,1.86391116586e-05,1.82963030966e-05,1.20213508126e-05,2.31215085478e-06,2.68058952813e-09,4.00032804464e-05,3.93579539377e-05,2.58581312664e-05,4.9127179409e-06,5.78300030085e-09
229,2024-08-10 13:00:00,9.541666666666666,1.85011831491e-05,1.80228471436e-05,1.21986731756e-05,2.52822383118e-06,2.74798006572e-09,3.9812985051e-05,3.89122033084e-05,2.63408601313e-05,5.38730455446e-06,5.94949067789e-09
230,2024-08-10 14:00:00,9.583333333333334,1.82431467692e-05,1.77928632183e-05,1.21798329928e-05,2.66150345851e-06,2.73777978066e-09,3.94021408283e-05,3.85526982427e-05,2.63778638327e-05,5.6921585383e-06,5.94848303948e-09
231,2024-08-10 15:00:00,9.625,1.80185052159e-05,1.76390021807e-05,1.21053544717e-05,2.70982877737e-06,2.74276534817e-09,3.90486202377e-05,3.83284786949e-05,2.62916328211e-05,5.81824315304e-06,5.98027716237e-09
232,2024-08-10 16:00:00,9.666666666666666,1.77503134182e-05,1.75099321496e-05,1.20089580378e-05,2.69198744718e-06,2.7244269063e-09,3.85925122828e-05,3.81338250008e-05,2.61555051111e-05,5.7999868659e-06,5.96083404858e-09
233,2024-08-10 17:00:00,9.708333333333334,1.7604608729e-05,1.74650176632e-05,1.18792577268e-05,2.66378742708e-06,2.68306354911e-09,3.83873993997e-05,3.81206482416e-05,2.59379303316e-05,5.75725289309e-06,5.88946935665e-09
234,2024-08-10 18:00:00,9.75,1.74775395863e-05,1.73457610799e-05,1.1692969565e-05,2.60946467279e-06,2.66930211268e-09,3.82100879506e-05,3.79667872039e-05,2.55905652011e-05,5.65651771467e-06,5.87880943925e-09
235,2024-08-10 19:00:00,9.791666666666666,1.73115131474e-05,1.7229534933e-05,1.14861186375e-05,2.52051063399e-06,2.67585487101e-09,3.79585035262e-05,3.78151562472e-05,2.51972578553e-05,5.47882200408e-06,5.91310556075e-09
236,2024-08-10 20:00:00,9.833333333333334,1.7161039068e-05,1.70937601069e-05,1.12801835712e-05,2.42060400524e-06,2.68736921605e-09,3.77375581593e-05,3.76289026462e-05,2.48046926572e-05,5.27586871613e-06,5.95844040774e-09
237,2024-08-10 21:00:00,9.875,1.71021529241e-05,1.69850609382e-05,1.10830214908e-05,2.32368211073e-06,2.70651057122e-09,3.76861389668e-05,3.74921146431e-05,2.44313487201e-05,5.07846652908e-06,6.02074257117e-09
238,2024-08-10 22:00:00,9.916666666666666,1.70025778061e-05,1.68958431459e-05,1.08843432827e-05,2.22022163143e-06,2.7350022247e-09,3.75624913431e-05,3.73924885935e-05,2.40514273173e-05,4.86451426696e-06,6.10389783162e-09
239,2024-08-10 23:00:00,9.958333333333334,1.69325885508e-05,1.6782882085e-05,1.07036894406e-05,2.11365249925e-06,2.75659961524e-09,3.74975970772e-05,3.72484864783e-05,2.3709026209e-05,4.64122513222e-06,6.17151485471e-09
240,2024-08-11 00:00:00,10.0,1.68442329596e-05,1.67093367054e-05,1.0559072507e-05,2.02395290216e-06,2.77942535654e-09,3.73997499992e-05,3.71782734874e-05,2.3444326871e-05,4.45436126029e-06,6.2421818825e-09
241,2024-08-11 01:00:00,10.041666666666666,1.67514117493e-05,1.66117661138e-05,1.04566615846e-05,1.94688800548e-06,2.79844902806e-09,3.72934555344e-05,3.70616908185e-05,2.32734309975e-05,4.29492229159e-06,6.30387564371e-09
242,2024-08-11 02:00:00,10.083333333333334,1.66671434272e-05,1.65291694429e-05,1.03951961137e-05,1.87717648714e-06,2.81521161938e-09,3.72018694179e-05,3.69725930796e-05,2.31947487919e-05,4.15061140302e-06,6.36079144911e-09
243,2024-08-11 03:00:00,10.125,1.65867295436e-05,1.644591066e-05,1.0357969586e-05,1.82520818726e-06,2.82964274234e-09,3.7118261389e-05,3.68816909031e-05,2.31713111134e-05,4.04587672165e-06,6.41296171722e-09
244,2024-08-11 04:00:00,10.166666666666666,1.65071051015e-05,1.63723980222e-05,1.0339687833e-05,1.78853997568e-06,2.84052736887e-09,3.70371744793e-05,3.68100445485e-05,2.31897574849e-05,3.97494250137e-06,6.45676223598e-09
245,2024-08-11 05:00:00,10.208333333333334,1.64121593116e-05,1.62811011251e-05,1.03268084786e-05,1.76053129053e-06,2.84293144581e-09,3.69234476238e-05,3.67034554074e-05,2.32243037317e-05,3.9241426748e-06,6.48093623212e-09
246,2024-08-11 06:00:00,10.25,1.63124695973e-05,1.6187555957e-05,1.02982548924e-05,1.73399882897e-06,2.8540587671e-09,3.67981192539e-05,3.65906053048e-05,2.32247566601e-05,3.87637692256e-06,6.52631193532e-09
247,2024-08-11 07:00:00,10.291666666666666,1.61865627888e-05,1.60854051501e-05,1.02531894299e-05,1.709027174e-06,2.86341905742e-09,3.66235035472e-05,3.64606785297e-05,2.31862541114e-05,3.83107590096e-06,6.56754917117e-09
248,2024-08-11 08:00:00,10.333333333333334,1.60405015777e-05,1.59857190738e-05,1.02072599475e-05,1.6855802869e-06,2.87196066928e-09,3.64141669706e-05,3.63330291293e-05,2.31439389609e-05,3.7891672946e-06,6.60743237901e-09
249,2024-08-11 09:00:00,10.375,1.58986658789e-05,1.58710317919e-05,1.01834375528e-05,1.66958943737e-06,2.88452506325e-09,3.62160717486e-05,3.61771162716e-05,2.31508074648e-05,3.76309162675e-06,6.65736354932e-09
250,2024-08-11 10:00:00,10.416666666666666,1.5804404029e-05,1.57438571478e-05,1.01766427179e-05,1.66216477737e-06,2.90654389445e-09,3.61019847333e-05,3.59975238098e-05,2.31987123698e-05,3.75593322133e-06,6.73019817654e-09
251,2024-08-11 11:00:00,10.458333333333334,1.5672747395e-05,1.56250771397e-05,1.01740542959e-05,1.65563983501e-06,2.93285795649e-09,3.59183686669e-05,3.58308643627e-05,2.32598758885e-05,3.7514498672e-06,6.81393119706e-09
252,2024-08-11 12:00:00,10.5,1.55869856826e-05,1.55060770339e-05,1.01816158349e-05,1.65697360899e-06,2.97243518688e-09,3.58218130714e-05,3.5662065784e-05,2.33460268646e-05,3.76445336769e-06,6.92967816462e-09
253,2024-08-11 13:00:00,10.541666666666666,1.54860645125e-05,1.53576002049e-05,1.01840678326e-05,1.66434938365e-06,3.00699265487e-09,3.56939235644e-05,3.54359581252e-05,2.34207436733e-05,3.79154653274e-06,7.03450542261e-09
254,2024-08-11 14:00:00,10.583333333333334,1.53881228471e-05,1.52368947965e-05,1.01509331216e-05,1.66800293755e-06,3.01601277286e-09,3.55628835678e-05,3.52656497853e-05,2.34122780967e-05,3.81075506084e-06,7.07934333377e-09
255,2024-08-11 15:00:00,10.625,1.52274751599e-05,1.50906198542e-05,1.00641327663e-05,1.66117285971e-06,3.00013169863e-09,3.53113318852e-05,3.5048728023e-05,2.32774254982e-05,3.80618598683e-06,7.0640275851e-09
256,2024-08-11 16:00:00,10.666666666666666,1.51566791828e-05,1.50112555275e-05,9.94526908471e-06,1.64709751971e-06,2.97737390298e-09,3.52313109033e-05,3.49570182152e-05,2.30635050684e-05,3.78456775252e-06,7.03078040232e-09
257,2024-08-11 17:00:00,10.708333333333334,1.50286432472e-05,1.49054603753e-05,9.82039364317e-06,1.63017489285e-06,2.96312818726e-09,3.5048557038e-05,3.48150460923e-05,2.28317730944e-05,3.75631771021e-06,7.01831837091e-09
258,2024-08-11 18:00:00,10.75,1.49251172843e-05,1.4832220586e-05,9.70948076429e-06,1.61328273407e-06,2.95378543846e-09,3.49122019543e-05,3.47346758645e-05,2.26283646043e-05,3.72825047634e-06,7.01680269444e-09
259,2024-08-11 19:00:00,10.791666666666666,1.48697281475e-05,1.47497485159e-05,9.62396006798e-06,1.59601802352e-06,2.96310287418e-09,3.48641224264e-05,3.46382439602e-05,2.24847681238e-05,3.70013026441e-06,7.06244485116e-09
260,2024-08-11 20:00:00,10.833333333333334,1.48057952174e-05,1.46675674841e-05,9.55864652497e-06,1.58200634814e-06,2.98130098386e-09,3.47989007423e-05,3.45430744346e-05,2.23905790335e-05,3.68001428797e-06,7.12990599894e-09
261,2024-08-11 21:00:00,10.875,1.47443070091e-05,1.45921831063e-05,9.51085985434e-06,1.57382828547e-06,2.99732860753e-09,3.4737498936e-05,3.44589789165e-05,2.23393635679e-05,3.67288157577e-06,7.1907249044e-09
262,2024-08-11 22:00:00,10.916666666666666,1.46699330799e-05,1.45249923662e-05,9.47931312112e-06,1.56806299856e-06,3.01211211529e-09,3.46506712958e-05,3.43894243997e-05,2.23286588152e-05,3.67103007193e-06,7.24830995225e-09
263,2024-08-11 23:00:00,10.958333333333334,1.45899293784e-05,1.44505047501e-05,9.4604511105e-06,1.5611182107e-06,3.02848146561e-09,3.45535372617e-05,3.43041610904e-05,2.23485876631e-05,3.66635435967e-06,7.30978477748e-09
264,2024-08-12 00:00:00,11.0,1.45168705785e-05,1.43932993524e-05,9.45506326389e-06,1.55549571446e-06,3.04732372669e-09,3.44688050973e-05,3.42498460668e-05,2.2400799935e-05,3.66416861652e-06,7.37735073031e-09
265,2024-08-12 01:00:00,11.041666666666666,1.44290961543e-05,1.43163551911e-05,9.46634281718e-06,1.55154521053e-06,3.06121084037e-09,3.43540996255e-05,3.4157983464e-05,2.24912255362e-05,3.66511176253e-06,7.43199146669e-09
266,2024-08-12 02:00:00,11.083333333333334,1.43350544022e-05,1.42394537761e-05,9.49195964495e-06,1.5489041516e-06,3.07408076772e-09,3.42227758665e-05,3.40639417118e-05,2.26168722293e-05,3.6685755731e-06,7.48330730715e-09
267,2024-08-12 03:00:00,11.125,1.42421595228e-05,1.41542950587e-05,9.52802838583e-06,1.54562610533e-06,3.09105185892e-09,3.40940241585e-05,3.39540019922e-05,2.27686741709e-05,3.67087591258e-06,7.54555085081e-09
268,2024-08-12 04:00:00,11.166666666666666,1.41606760735e-05,1.40869660754e-05,9.56945132202e-06,1.54451049639e-06,3.10897529943e-09,3.39880934916e-05,3.387507968e-05,2.29338711506e-05,3.67805273527e-06,7.61106733194e-09
269,2024-08-12 05:00:00,11.208333333333334,1.40736165122e-05,1.40097781696e-05,9.60956185736e-06,1.54567408117e-06,3.12277514958e-09,3.38696736435e-05,3.37778183166e-05,2.30950590776e-05,3.69025133296e-06,7.6649389058e-09
270,2024-08-12 06:00:00,11.25,1.39907042467e-05,1.39316707646e-05,9.64032369666e-06,1.54921372086e-06,3.13810000208e-09,3.37572455464e-05,3.36786688422e-05,2.32321162912e-05,3.70784391635e-06,7.72368480284e-09
271,2024-08-12 07:00:00,11.291666666666666,1.38939449243e-05,1.384800089e-05,9.65372510109e-06,1.55469535912e-06,3.15112225202e-09,3.36184202752e-05,3.35687836923e-05,2.33277187363e-05,3.72968816009e-06,7.7763919748e-09
272,2024-08-12 08:00:00,11.333333333333334,1.37522310979e-05,1.37453207572e-05,9.64140690485e-06,1.55943121172e-06,3.15905746007e-09,3.33979660354e-05,3.34236647177e-05,2.33613245655e-05,3.74961723537e-06,7.81502507152e-09
273,2024-08-12 09:00:00,11.375,1.3628016859e-05,1.36450307764e-05,9.59958288149e-06,1.56321561917e-06,3.16557868807e-09,3.32061536028e-05,3.3282685763e-05,2.33228365687e-05,3.76691650672e-06,7.85031595285e-09
274,2024-08-12 10:00:00,11.416666666666666,1.35291948027e-05,1.35574173328e-05,9.53741982812e-06,1.56693317876e-06,3.17734061284e-09,3.3067419281e-05,3.31666815327e-05,2.32333022723e-05,3.78387562705e-06,7.90073340085e-09
275,2024-08-12 11:00:00,11.458333333333334,1.33807316161e-05,1.34256542879e-05,9.45648025663e-06,1.56778139626e-06,3.18721626869e-09,3.28346905007e-05,3.29678005073e-05,2.30992482102e-05,3.79446350962e-06,7.94480481403e-09
276,2024-08-12 12:00:00,11.5,1.33152652779e-05,1.33779749376e-05,9.36062224355e-06,1.56874750701e-06,3.20154525113e-09,3.27693160216e-05,3.29262074956e-05,2.29294910241e-05,3.80536584998e-06,8.00324784223e-09
277,2024-08-12 13:00:00,11.541666666666666,1.32777913677e-05,1.3277065591e-05,9.26936263568e-06,1.57135161771e-06,3.22111715079e-09,3.27586931235e-05,3.27915076923e-05,2.27713153436e-05,3.82102189178e-06,8.07902367228e-09
278,2024-08-12 14:00:00,11.583333333333334,1.32190652948e-05,1.32115574161e-05,9.19998365134e-06,1.58122099947e-06,3.26748716972e-09,3.2706422644e-05,3.27094785462e-05,2.26689789997e-05,3.8547668737e-06,8.2238909016e-09
279,2024-08-12 15:00:00,11.625,1.32066206788e-05,1.30639209601e-05,9.17050329008e-06,1.60529759796e-06,3.30480598443e-09,3.27061898133e-05,3.24731008732e-05,2.26690426643e-05,3.92408537664e-06,8.34433144803e-09
280,2024-08-12 16:00:00,11.666666666666666,1.31210836116e-05,1.29908521558e-05,9.14338761504e-06,1.63936033459e-06,3.32200000841e-09,3.25905602949e-05,3.24104112224e-05,2.26737738558e-05,4.0180157157e-06,8.4084303964e-09
281,2024-08-12 17:00:00,11.708333333333334,1.30229109345e-05,1.29706413645e-05,9.08062793314e-06,1.66549295955e-06,3.3351603701e-09,3.24580068991e-05,3.24082575389e-05,2.2583621103e-05,4.09288986702e-06,8.45833358909e-09
282,2024-08-12 18:00:00,11.75,1.29381169245e-05,1.29031604956e-05,9.00512895896e-06,1.68360816133e-06,3.35209437985e-09,3.23567364831e-05,3.23268504872e-05,2.24592222366e-05,4.14850137531e-06,8.52262083129e-09
283,2024-08-12 19:00:00,11.791666666666666,1.28581004901e-05,1.28273240989e-05,8.93770902621e-06,1.7096093643e-06,3.36759131692e-09,3.22499909089e-05,3.2224044844e-05,2.23514743993e-05,4.22285665991e-06,8.58644355617e-09
284,2024-08-12 20:00:00,11.833333333333334,1.27958046505e-05,1.27576158775e-05,8.8855958893e-06,1.74214346771e-06,3.38675576472e-09,3.21771294693e-05,3.21393163176e-05,2.22795697482e-05,4.31358193964e-06,8.65995630761e-09
285,2024-08-12 21:00:00,11.875,1.27570519908e-05,1.26984132294e-05,8.84641940502e-06,1.77889228326e-06,3.41234129841e-09,3.21471197822e-05,3.20744329656e-05,2.2238929887e-05,4.41546490038e-06,8.74979111387e-09
286,2024-08-12 22:00:00,11.916666666666666,1.2655212231e-05,1.26013319459e-05,8.81306550582e-06,1.82240103186e-06,3.43388140145e-09,3.19714708894e-05,3.19135397149e-05,2.22137932724e-05,4.53535949418e-06,8.82770567756e-09
287,2024-08-12 23:00:00,11.958333333333334,1.26151271616e-05,1.25613678392e-05,8.79339768289e-06,1.87789225947e-06,3.47101969389e-09,3.19596365443e-05,3.19007558574e-05,2.22242251766e-05,4.68584767077e-06,8.94458285217e-09
288,2024-08-13 00:00:00,12.0,1.25468259284e-05,1.24988364405e-05,8.78414812178e-06,1.93620826394e-06,3.50394091519e-09,3.18776255881e-05,3.18317142955e-05,2.22623239097e-05,4.84371139464e-06,9.05357921965e-09
289,2024-08-13 01:00:00,12.041666666666666,1.24838061311e-05,1.24387916003e-05,8.78554055816e-06,1.98958696274e-06,3.54043550033e-09,3.18037673424e-05,3.17637859553e-05,2.2327334591e-05,4.98897315993e-06,9.17186060434e-09
290,2024-08-13 02:00:00,12.083333333333334,1.24347780002e-05,1.23910131151e-05,8.79094750417e-06,2.02910086955e-06,3.58004337286e-09,3.17532940244e-05,3.17142039421e-05,2.24025334319e-05,5.10083827976e-06,9.29711330144e-09
291,2024-08-13 03:00:00,12.125,1.23720592455e-05,1.23250947581e-05,8.7966573119e-06,2.05366222872e-06,3.62542840193e-09,3.16753867082e-05,3.16377809213e-05,2.24786617764e-05,5.17564239999e-06,9.43591782487e-09
292,2024-08-13 04:00:00,12.166666666666666,1.22902692965e-05,1.22613146232e-05,8.79739491211e-06,2.06539425562e-06,3.67501673537e-09,3.15622164635e-05,3.15639626933e-05,2.2541902581e-05,5.21844413015e-06,9.5847152437e-09
293,2024-08-13 05:00:00,12.208333333333334,1.22335286505e-05,1.22104047477e-05,8.7891557996e-06,2.07838002098e-06,3.72264286064e-09,3.14918652293e-05,3.15067045449e-05,2.25801504712e-05,5.26435178472e-06,9.72949809608e-09
294,2024-08-13 06:00:00,12.25,1.21740258692e-05,1.21568255054e-05,8.77788988873e-06,2.09361655834e-06,3.76734199392e-09,3.14190438075e-05,3.14449534926e-05,2.26102365559e-05,5.3159901654e-06,9.86842341177e-09
295,2024-08-13 07:00:00,12.291666666666666,1.20983868328e-05,1.20890090329e-05,8.76599187905e-06,2.10571647585e-06,3.80862275051e-09,3.13223608828e-05,3.13605487463e-05,2.26391948672e-05,5.3599351304e-06,1.0000198003e-08
296,2024-08-13 08:00:00,12.333333333333334,1.20302738651e-05,1.20229287859e-05,8.7539146989e-06,2.1128842036e-06,3.84865028735e-09,3.12398515234e-05,3.12761003443e-05,2.26675729209e-05,5.39149141332e-06,1.01304440392e-08
297,2024-08-13 09:00:00,12.375,1.19435680972e-05,1.19280939543e-05,8.71723204909e-06,2.10048119698e-06,3.87911391897e-09,3.11178191623e-05,3.11519470415e-05,2.26293323067e-05,5.37339064977e-06,1.02370494304e-08
298,2024-08-13 10:00:00,12.416666666666666,1.18400512292e-05,1.18672487588e-05,8.639571206e-06,2.04923458114e-06,3.91873644645e-09,3.09697716148e-05,3.10756986437e-05,2.24815375987e-05,5.25580890098e-06,1.03638564397e-08
299,2024-08-13 11:00:00,12.458333333333334,1.17741337817e-05,1.18114421639e-05,8.53635992826e-06,1.97456142814e-06,3.97532140539e-09,3.0888357287e-05,3.10076138703e-05,2.22628932534e-05,5.0774860938e-06,1.05306510179e-08
300,2024-08-13 12:00:00,12.5,1.16710543807e-05,1.1744908079e-05,8.43509678816e-06,1.90358127838e-06,4.01582855858e-09,3.07564150717e-05,3.09219722112e-05,2.20451038331e-05,4.90777165396e-06,1.06634248098e-08
301,2024-08-13 13:00:00,12.541666666666666,1.16409082693e-05,1.16886649266e-05,8.3585637185e-06,1.8567080815e-06,4.05698719064e-09,3.07448135572e-05,3.08605121973e-05,2.18899640458e-05,4.79893060401e-06,1.08028572754e-08
302,2024-08-13 14:00:00,12.583333333333334,1.16092205644e-05,1.16180726764e-05,8.31724719319e-06,1.83107113116e-06,4.1011416485e-09,3.07248374156e-05,3.07778645947e-05,2.18347104237e-05,4.74583293908e-06,1.09535323034e-08
303,2024-08-13 15:00:00,12.625,1.15590155474e-05,1.15535312943e-05,8.29284181236e-06,1.81700818302e-06,4.13777634378e-09,3.06743859255e-05,3.07045556838e-05,2.18304339796e-05,4.72395731776e-06,1.1084790863e-08
304,2024-08-13 16:00:00,12.666666666666666,1.14555623441e-05,1.14251743071e-05,8.26992345537e-06,1.81122550202e-06,4.15418544009e-09,3.04663008137e-05,3.04607892758e-05,2.18350905925e-05,4.72361034554e-06,1.11624363086e-08
305,2024-08-13 17:00:00,12.708333333333334,1.13576488729e-05,1.13133046398e-05,8.24303879199e-06,1.80721212928e-06,4.16786871682e-09,3.02774369629e-05,3.02503995044e-05,2.18285586016e-05,4.72769397675e-06,1.12297007249e-08
306,2024-08-13 18:00:00,12.75,1.13632668217e-05,1.13020978461e-05,8.23027039587e-06,1.80209474365e-06,4.20923029765e-09,3.0361032259e-05,3.02884673147e-05,2.18574732571e-05,4.72883084512e-06,1.13676605906e-08
307,2024-08-13 19:00:00,12.791666666666666,1.13588730528e-05,1.12697216537e-05,8.24082599138e-06,1.79794210453e-06,4.26672386311e-09,3.04222139675e-05,3.02838452626e-05,2.19464909605e-05,4.7321996135e-06,1.15486225027e-08
308,2024-08-13 20:00:00,12.833333333333334,1.13122487164e-05,1.12291945698e-05,8.27088570077e-06,1.79742858109e-06,4.32092184255e-09,3.03859760606e-05,3.02526768792e-05,2.20886795432e-05,4.74412718177e-06,1.17226184315e-08
309,2024-08-13 21:00:00,12.875,1.12684210762e-05,1.11851350084e-05,8.30786029837e-06,1.79815185675e-06,4.37460601077e-09,3.03395754599e-05,3.02063835989e-05,2.22508751904e-05,4.7586004257e-06,1.18964846862e-08
310,2024-08-13 22:00:00,12.916666666666666,1.12202933451e-05,1.11344679681e-05,8.34325055621e-06,1.79541666512e-06,4.43125047767e-09,3.02837379422e-05,3.01510717691e-05,2.24089399126e-05,4.7653306865e-06,1.207938638e-08
311,2024-08-13 23:00:00,12.958333333333334,1.11481640488e-05,1.10819328256e-05,8.36613162392e-06,1.7958685703e-06,4.49350823217e-09,3.01832224068e-05,3.00945303024e-05,2.25327712542e-05,4.78020911032e-06,1.22777352729e-08
312,2024-08-14 00:00:00,13.0,1.10846094685e-05,1.10379978651e-05,8.37218794913e-06,1.79822018254e-06,4.55162751933e-09,3.0093582609e-05,3.00454812532e-05,2.26099182328e-05,4.80010294268e-06,1.24668142476e-08
313,2024-08-14 01:00:00,13.041666666666666,1.10251439764e-05,1.09887660074e-05,8.36730032461e-06,1.80160304808e-06,4.60247751022e-09,3.00076517306e-05,2.99800703942e-05,2.2660351533e-05,4.82293353343e-06,1.26385826249e-08
314,2024-08-14 02:00:00,13.083333333333334,1.08284857561e-05,1.0828068298e-05,8.34097681945e-06,1.80732183708e-06,4.60676119474e-09,2.9540480682e-05,2.9620825444e-05,2.26544707402e-05,4.85175041831e-06,1.26841408488e-08
315,2024-08-14 03:00:00,13.125,1.08552076199e-05,1.08061340143e-05,8.34183174447e-06,1.82721817055e-06,4.68446392787e-09,2.9668373827e-05,2.96357848129e-05,2.27222317335e-05,4.91882701681e-06,1.29298349805e-08
316,2024-08-14 04:00:00,13.166666666666666,1.08382209874e-05,1.0776050658e-05,8.35003356769e-06,1.85706267075e-06,4.79253303709e-09,2.96959788102e-05,2.9629756682e-05,2.28097724175e-05,5.01301065015e-06,1.32549855536e-08
317,2024-08-14 05:00:00,13.208333333333334,1.07851719804e-05,1.07450305222e-05,8.36098024593e-06,1.88959006664e-06,4.89755969113e-09,2.96408088616e-05,2.96155430988e-05,2.29038305406e-05,5.11507232659e-06,1.35706335058e-08
318,2024-08-14 06:00:00,13.25,1.07325458885e-05,1.06987399704e-05,8.3737049863e-06,1.92546599465e-06,4.99597341275e-09,2.95753543469e-05,2.9564347642e-05,2.3001086447e-05,5.22644495504e-06,1.38682896278e-08
319,2024-08-14 07:00:00,13.291666666666666,1.06882689579e-05,1.06574016172e-05,8.38682353788e-06,1.96198311642e-06,5.07845054898e-09,2.95274548989e-05,2.9520911994e-05,2.30985206144e-05,5.34026548848e-06,1.41262850306e-08
320,2024-08-14 08:00:00,13.333333333333334,1.06274565042e-05,1.06038578451e-05,8.39612857817e-06,1.99952501134e-06,5.14698639265e-09,2.94375804515e-05,2.94466153719e-05,2.31883113884e-05,5.45777174921e-06,1.43488856352e-08
321,2024-08-14 09:00:00,13.375,1.05785402411e-05,1.05436993181e-05,8.39459698909e-06,2.04265370485e-06,5.20835063966e-09,2.93675075227e-05,2.93552293442e-05,2.32450493058e-05,5.5915897974e-06,1.45548897379e-08
322,2024-08-14 10:00:00,13.416666666666666,1.05242997961e-05,1.04860710053e-05,8.38347386889e-06,2.09126369555e-06,5.26744070584e-09,2.92928707495e-05,2.92714576062e-05,2.32721758948e-05,5.74136538489e-06,1.47570204945e-08
323,2024-08-14 11:00:00,13.458333333333334,1.0474611372e-05,1.04413393274e-05,8.36998333398e-06,2.13985731534e-06,5.33021138338e-09,2.92336844723e-05,2.92154254566e-05,2.32940546994e-05,5.89148794461e-06,1.49695615903e-08
324,2024-08-14 12:00:00,13.5,1.04278769868e-05,1.03878164737e-05,8.35941773403e-06,2.19698858928e-06,5.39012878775e-09,2.91830183414e-05,2.91425203613e-05,2.33260980167e-05,6.06616913501e-06,1.5176148338e-08
325,2024-08-14 13:00:00,13.541666666666666,1.036638605e-05,1.03232969195e-05,8.35277660372e-06,2.26604333875e-06,5.4446678277e-09,2.90906627924e-05,2.90385905828e-05,2.3373258955e-05,6.27554663879e-06,1.53707286898e-08
326,2024-08-14 14:00:00,13.583333333333334,1.02816329672e-05,1.02325475382e-05,8.33779631648e-06,2.33892319557e-06,5.48988143834e-09,2.89210256597e-05,2.8863456464e-05,2.33980390476e-05,6.49758840154e-06,1.55391841616e-08
327,2024-08-14 15:00:00,13.625,1.02718086055e-05,1.01984915091e-05,8.32324349176e-06,2.41137513513e-06,5.55771961785e-09,2.89555573545e-05,2.88376431854e-05,2.34212329815e-05,6.71959787724e-06,1.5769071382e-08
328,2024-08-14 16:00:00,13.666666666666666,1.02120102383e-05,1.01381956483e-05,8.30417411635e-06,2.47416824095e-06,5.61325119719e-09,2.88695773634e-05,2.87510520138e-05,2.34306316997e-05,6.91538116371e-06,1.59666271315e-08
329,2024-08-14 17:00:00,13.708333333333334,1.01412369986e-05,1.00819797808e-05,8.27963140182e-06,2.51789310823e-06,5.66427615922e-09,2.8746384487e-05,2.86602953565e-05,2.34239378187e-05,7.0574478741e-06,1.6152185367e-08
330,2024-08-14 18:00:00,13.75,1.01007181001e-05,1.00362431112e-05,8.25860388431e-06,2.553166496e-06,5.72977265634e-09,2.8704851502e-05,2.86026570393e-05,2.3426300686e-05,7.17630064173e-06,1.63781272988e-08
331,2024-08-14 19:00:00,13.791666666666666,1.00609859146e-05,9.98930045171e-06,8.23687878437e-06,2.57976921603e-06,5.79892134311e-09,2.86614013021e-05,2.85417427222e-05,2.34255294345e-05,7.27115366317e-06,1.66137485991e-08
332,2024-08-14 20:00:00,13.833333333333334,9.99887106445e-06,9.93944649963e-06,8.21007415652e-06,2.59789135271e-06,5.86832094029e-09,2.85555397568e-05,2.8464526622e-05,2.3409305868e-05,7.34215200282e-06,1.68490643659e-08
333,2024-08-14 21:00:00,13.875,9.96696144284e-06,9.90078569885e-06,8.18299122329e-06,2.60345768766e-06,5.9442881728e-09,2.85351779894e-05,2.84241305053e-05,2.33904720517e-05,7.37730397304e-06,1.71047656039e-08
334,2024-08-14 22:00:00,13.916666666666666,9.91718388832e-06,9.85225960903e-06,8.15167186374e-06,2.58642307926e-06,6.02088379154e-09,2.84617162833e-05,2.83535082417e-05,2.33585724345e-05,7.34695004212e-06,1.73621188537e-08
335,2024-08-14 23:00:00,13.958333333333334,9.88272586255e-06,9.8168002296e-06,8.12153211882e-06,2.55254644799e-06,6.10563111181e-09,2.84315374302e-05,2.8316730095e-05,2.3329646865e-05,7.2673037721e-06,1.76437033872e-08
336,2024-08-15 00:00:00,14.0,9.84714461083e-06,9.77792387857e-06,8.0935042206e-06,2.5199672109e-06,6.19105122723e-09,2.83964618575e-05,2.82711480395e-05,2.33067494264e-05,7.19119316273e-06,1.79305956749e-08
337,2024-08-15 01:00:00,14.041666666666666,9.81237917586e-06,9.73803616944e-06,8.06815296528e-06,2.48861351793e-06,6.2802478773e-09,2.8361355362e-05,2.82226883428e-05,2.32922957366e-05,7.11790426067e-06,1.8230313259e-08
338,2024-08-15 02:00:00,14.083333333333334,9.76390401775e-06,9.69512984739e-06,8.04051796877e-06,2.45729279413e-06,6.37356967204e-09,2.82921901089e-05,2.81665652437e-05,2.32703059737e-05,7.04439298715e-06,1.85407138531e-08
339,2024-08-15 03:00:00,14.125,9.71982353803e-06,9.66184416029e-06,8.01139140094e-06,2.42521628024e-06,6.4744631878e-09,2.82363089354e-05,2.81322172668e-05,2.32433794736e-05,6.96810820955e-06,1.8872558627e-08
340,2024-08-15 04:00:00,14.166666666666666,9.67736832536e-06,9.61857222137e-06,7.97992015578e-06,2.39221822085e-06,6.57319398911e-09,2.81847678707e-05,2.80769854726e-05,2.32083839364e-05,6.88845966579e-06,1.91999145471e-08
341,2024-08-15 05:00:00,14.208333333333334,9.64060654951e-06,9.5841842267e-06,7.9447427197e-06,2.35232641899e-06,6.67584121317e-09,2.81449447357e-05,2.80395652226e-05,2.31615358643e-05,6.78783226249e-06,1.95381115731e-08
342,2024-08-15 06:00:00,14.25,9.59541648626e-06,9.54378538154e-06,7.90628200775e-06,2.30867090067e-06,6.77463241061e-09,2.80866624962e-05,2.79894647974e-05,2.31047288253e-05,6.67555241307e-06,1.98680965013e-08
343,2024-08-15 07:00:00,14.291666666666666,9.54551342147e-06,9.5008417702e-06,7.86346299719e-06,2.2625197289e-06,6.85394407896e-09,2.80183921859e-05,2.79339910776e-05,2.3034745027e-05,6.55531266602e-06,2.01504199993e-08
344,2024-08-15 08:00:00,14.333333333333334,9.49090099311e-06,9.45647752815e-06,7.81883227319e-06,2.22010658035e-06,6.92544688263e-09,2.79409468931e-05,2.7874701118e-05,2.29584766203e-05,6.44562624075e-06,2.0416758062e-08
345,2024-08-15 09:00:00,14.375,9.43543818721e-06,9.40538484429e-06,7.77737750468e-06,2.18795230467e-06,7.00142654964e-09,2.78541810985e-05,2.77965282294e-05,2.2892423658e-05,6.36607182969e-06,2.06983621354e-08
346,2024-08-15 10:00:00,14.416666666666666,9.39681831369e-06,9.36105607252e-06,7.7424592746e-06,2.16794387597e-06,7.09443392921e-09,2.78175448329e-05,2.77398467006e-05,2.28461394727e-05,6.32273759038e-06,2.10303632286e-08
347,2024-08-15 11:00:00,14.458333333333334,9.33619048737e-06,9.3029702839e-06,7.70992210164e-06,2.15598879549e-06,7.19109349845e-09,2.77281415038e-05,2.76490736724e-05,2.28086937568e-05,6.30371096122e-06,2.13824158379e-08
348,2024-08-15 12:00:00,14.5,9.29968155106e-06,9.26174379856e-06,7.68158679421e-06,2.15097429646e-06,7.2938188822e-09,2.76918344753e-05,2.75949823845e-05,2.27858818107e-05,6.30545309832e-06,2.17545466086e-08
349,2024-08-15 13:00:00,14.541666666666666,9.26545544644e-06,9.20886304812e-06,7.66021821619e-06,2.15429145101e-06,7.47518313915e-09,2.76609316643e-05,2.75134825642e-05,2.27850177907e-05,6.33234958514e-06,2.23674732069e-08
350,2024-08-15 14:00:00,14.583333333333334,9.24440701056e-06,9.15170039661e-06,7.64645210438e-06,2.16566377276e-06,7.64887087001e-09,2.76558603218e-05,2.74230314972e-05,2.28090902965e-05,6.3842912823e-06,2.29598153823e-08
351,2024-08-15 15:00:00,14.625,9.19822196011e-06,9.11179631657e-06,7.63716434449e-06,2.18242894334e-06,7.84869591541e-09,2.75929651252e-05,2.73690475296e-05,2.28461594816e-05,6.45261297905e-06,2.36325394809e-08
352,2024-08-15 16:00:00,14.666666666666666,9.17708075576e-06,9.0567064035e-06,7.63215939514e-06,2.20747892854e-06,7.97741250835e-09,2.75830043392e-05,2.7278860216e-05,2.28964127018e-05,6.54635277897e-06,2.4090379469e-08
353,2024-08-15 17:00:00,14.708333333333334,9.14116390049e-06,9.02062856767e-06,7.62164700063e-06,2.2288704713e-06,8.04774913377e-09,2.7539095754e-05,2.72398556262e-05,2.29291072174e-05,6.62929960527e-06,2.43671980371e-08
354,2024-08-15 18:00:00,14.75,9.08840775082e-06,8.98188227438e-06,7.59932709116e-06,2.24251061809e-06,8.0844309025e-09,2.7453781513e-05,2.71921417152e-05,2.29232045967e-05,6.68901020617e-06,2.4536998211e-08
355,2024-08-15 19:00:00,14.791666666666666,9.04556236492e-06,8.95449193195e-06,7.57065890866e-06,2.24831205742e-06,8.12628986324e-09,2.73908262898e-05,2.71690787486e-05,2.28978515224e-05,6.72451824357e-06,2.47187603719e-08
356,2024-08-15 20:00:00,14.833333333333334,9.00279519556e-06,8.92186017154e-06,7.53381618779e-06,2.24647305913e-06,8.1882163272e-09,2.73300065601e-05,2.7135014534e-05,2.28442386287e-05,6.73624936098e-06,2.49662388541e-08
357,2024-08-15 21:00:00,14.875,8.97594691196e-06,8.89716920938e-06,7.49432047087e-06,2.23728466153e-06,8.26009038946e-09,2.7314745239e-05,2.71230583166e-05,2.27796172112e-05,6.72448095429e-06,2.52454981364e-08
358,2024-08-15 22:00:00,14.916666666666666,8.93535161595e-06,8.87127589522e-06,7.45301485949e-06,2.22338348976e-06,8.33077340445e-09,2.72595443676e-05,2.71041844826e-05,2.27093405556e-05,6.69731798553e-06,2.55229171131e-08
359,2024-08-15 23:00:00,14.958333333333334,8.90879255167e-06,8.83997927303e-06,7.41130133974e-06,2.21229583985e-06,8.40131697544e-09,2.72429188044e-05,2.70752098004e-05,2.26376778301e-05,6.67927179165e-06,2.57993395536e-08
360,2024-08-16 00:00:00,15.0,8.87906389835e-06,8.80696916283e-06,7.36587253414e-06,2.20245919991e-06,8.48255954367e-09,2.72178258456e-05,2.70424297923e-05,2.25528183364e-05,6.66488313072e-06,2.61098396237e-08
361,2024-08-16 01:00:00,15.041666666666666,8.83616849023e-06,8.77555157786e-06,7.31807085685e-06,2.19259709411e-06,8.57007531607e-09,2.71571952908e-05,2.70116142929e-05,2.24610139412e-05,6.65055858917e-06,2.64420751961e-08
362,2024-08-16 02:00:00,15.083333333333334,8.80905736267e-06,8.74857505551e-06,7.26904181647e-06,2.18427885557e-06,8.66338467631e-09,2.71385815722e-05,2.699288234e-05,2.23645856749e-05,6.64090521241e-06,2.67940620802e-08
363,2024-08-16 03:00:00,15.125,8.77258662513e-06,8.71350039233e-06,7.22026879885e-06,2.17767478716e-06,8.76132943972e-09,2.70944838121e-05,2.69527517958e-05,2.22676044359e-05,6.63651189825e-06,2.71620290704e-08
364,2024-08-16 04:00:00,15.166666666666666,8.73737099027e-06,8.68181450642e-06,7.17389957572e-06,2.17177807826e-06,8.864465606e-09,2.70549226116e-05,2.69215543085e-05,2.21767095354e-05,6.63516129862e-06,2.75478519995e-08
365,2024-08-16 05:00:00,15.208333333333334,8.70029543876e-06,8.65049696586e-06,7.12946484782e-06,2.16476610149e-06,8.96636098702e-09,2.70099044428e-05,2.68909388979e-05,2.20905658352e-05,6.63111632093e-06,2.79273439929e-08
366,2024-08-16 06:00:00,15.25,8.65965466801e-06,8.61769694893e-06,7.08751485945e-06,2.15755585486e-06,9.07069708234e-09,2.69547908829e-05,2.68560906989e-05,2.2011816327e-05,6.62664297124e-06,2.83152097325e-08
367,2024-08-16 07:00:00,15.291666666666666,8.62342039909e-06,8.58414023241e-06,7.04806916474e-06,2.15099703382e-06,9.17608389273e-09,2.69104020845e-05,2.68186231551e-05,2.19406174438e-05,6.62399952489e-06,2.87096408869e-08
368,2024-08-16 08:00:00,15.333333333333334,8.57897703099e-06,8.54578047438e-06,7.00955251887e-06,2.1434170776e-06,9.27344601109e-09,2.6842850275e-05,2.67683280981e-05,2.18721379497e-05,6.61836384097e-06,2.90814821113e-08
369,2024-08-16 09:00:00,15.375,8.52723496791e-06,8.50337437441e-06,6.96769939168e-06,2.13189628084e-06,9.36282074093e-09,2.67532122962e-05,2.67062259809e-05,2.17932029045e-05,6.60088016957e-06,2.94276620849e-08
370,2024-08-16 10:00:00,15.416666666666666,8.47644787427e-06,8.45869726618e-06,6.91972036293e-06,2.11699261854e-06,9.4493586289e-09,2.66648567049e-05,2.66362349066e-05,2.1692867449e-05,6.57296641293e-06,2.97651769898e-08
371,2024-08-16 11:00:00,15.458333333333334,8.40583470563e-06,8.40861503093e-06,6.86303155817e-06,2.10193434214e-06,9.52653245179e-09,2.65235321422e-05,2.65500730166e-05,2.15616837522e-05,6.54467839922e-06,3.00792031283e-08
372,2024-08-16 12:00:00,15.5,8.34401726024e-06,8.37850893731e-06,6.79871936882e-06,2.08900451071e-06,9.60198409672e-09,2.64089558186e-05,2.65213056991e-05,2.14040701394e-05,6.52306562188e-06,3.03967233606e-08
373,2024-08-16 13:00:00,15.541666666666666,8.29136843095e-06,8.35277660372e-06,6.73285921948e-06,2.07892298931e-06,9.67691615728e-09,2.63218753389e-05,2.65072030743e-05,2.12407503568e-05,6.51080199532e-06,3.07205674233e-08
374,2024-08-16 14:00:00,15.583333333333334,8.27280746307e-06,8.32861405797e-06,6.67629819873e-06,2.07185030376e-06,9.76924052765e-09,2.63292877207e-05,2.64984100795e-05,2.1108364308e-05,6.50755964671e-06,3.11061434388e-08
375,2024-08-16 15:00:00,15.625,8.26150971989e-06,8.2890937847e-06,6.63776927468e-06,2.06771051126e-06,9.87371961969e-09,2.63555757556e-05,2.64467307716e-05,2.10371981666e-05,6.51327900414e-06,3.15348209767e-08
376,2024-08-16 16:00:00,15.666666666666666,8.25366987556e-06,8.25281131256e-06,6.61313697492e-06,2.06458616958e-06,9.98864013724e-09,2.63892943622e-05,2.64024693024e-05,2.1013791411e-05,6.52172593618e-06,3.1997554828e-08
377,2024-08-16 17:00:00,15.708333333333334,8.24158178148e-06,8.21872163215e-06,6.59839633954e-06,2.06241452361e-06,1.01093222682e-08,2.64101618086e-05,2.63630718109e-05,2.10242451431e-05,6.53295501252e-06,3.24793241191e-08
378,2024-08-16 18:00:00,15.75,8.23026402941e-06,8.18862827145e-06,6.58868020764e-06,2.0613763354e-06,1.02451478412e-08,2.64319205598e-05,2.63340152742e-05,2.10520247492e-05,6.54770610709e-06,3.30068914423e-08
379,2024-08-16 19:00:00,15.791666666666666,8.21631692816e-06,8.16724696051e-06,6.58152521282e-06,2.06025515581e-06,1.03779065341e-08,2.6446477932e-05,2.6328212698e-05,2.10885064007e-05,6.56199199511e-06,3.35219176861e-08
380,2024-08-16 20:00:00,15.833333333333334,8.19800425234e-06,8.15298517409e-06,6.5775029725e-06,2.05771402761e-06,1.05133057815e-08,2.64492828137e-05,2.63416386588e-05,2.11349452002e-05,6.57142163618e-06,3.40380417185e-08
381,2024-08-16 21:00:00,15.875,8.17863474367e-06,8.13875976746e-06,6.57550253891e-06,2.0536822376e-06,1.06597237703e-08,2.64485624939e-05,2.63546735368e-05,2.11872993532e-05,6.57549298921e-06,3.45893376164e-08
382,2024-08-16 22:00:00,15.916666666666666,8.15368912299e-06,8.12247617432e-06,6.57342025079e-06,2.04841194318e-06,1.08095381535e-08,2.64319387497e-05,2.63612546405e-05,2.1238489353e-05,6.57499140289e-06,3.51552742472e-08
383,2024-08-16 23:00:00,15.958333333333334,8.1291409515e-06,8.10506116977e-06,6.56927613818e-06,2.04201364795e-06,1.09623421451e-08,2.64152240561e-05,2.63643087237e-05,2.12820159504e-05,6.57044438412e-06,3.57325653511e-08
384,2024-08-17 00:00:00,16.0,8.09797984402e-06,8.08297500043e-06,6.56197562421e-06,2.0347147256e-06,1.11185194385e-08,2.63812944468e-05,2.63544916379e-05,2.1313679099e-05,6.56299562252e-06,3.63246357438e-08
385,2024-08-17 01:00:00,16.041666666666668,8.0741410784e-06,8.06295884104e-06,6.55265239402e-06,2.02808428185e-06,1.12797664542e-08,2.63667498075e-05,2.63494621322e-05,2.13377479668e-05,6.55718258713e-06,3.69365729114e-08
386,2024-08-17 02:00:00,16.083333333333332,8.04690080258e-06,8.04010142019e-06,6.5411891228e-06,2.02273690775e-06,1.14499645321e-08,2.63428755716e-05,2.63363217528e-05,2.13543262362e-05,6.55479971101e-06,3.75797526431e-08
387,2024-08-17 03:00:00,16.125,8.01787791715e-06,8.0128584159e-06,6.52659537081e-06,2.01924763132e-06,1.16277201201e-08,2.63132042164e-05,2.63111996901e-05,2.13595267269e-05,6.5577546593e-06,3.82504872221e-08
388,2024-08-17 04:00:00,16.166666666666668,7.98971268523e-06,7.98487599241e-06,6.51057780487e-06,2.01664784072e-06,1.18119602988e-08,2.62851553998e-05,2.62837675109e-05,2.13588791667e-05,6.56356769468e-06,3.89458989503e-08
389,2024-08-17 05:00:00,16.208333333333332,7.96439235273e-06,7.95851610746e-06,6.49482853987e-06,2.01457874027e-06,1.20033440965e-08,2.6265213819e-05,2.62605444732e-05,2.13578841795e-05,6.57142345517e-06,3.96704464833e-08
390,2024-08-17 06:00:00,16.25,7.93405251898e-06,7.92853188614e-06,6.47515207675e-06,2.01182888304e-06,1.2205633837e-08,2.62300382019e-05,2.62264584308e-05,2.13424100366e-05,6.57711643726e-06,4.04271318644e-08
391,2024-08-17 07:00:00,16.291666666666668,7.89289879322e-06,7.88712532085e-06,6.44077908873e-06,2.00584076993e-06,1.24192656159e-08,2.61618497461e-05,2.61592595052e-05,2.1276422558e-05,6.57199188936e-06,4.12170528818e-08
392,2024-08-17 08:00:00,16.333333333333332,7.83368523116e-06,7.82728329796e-06,6.37535731585e-06,1.99201463147e-06,1.26743442408e-08,2.60372380581e-05,2.60345350398e-05,2.11047718039e-05,6.54069526718e-06,4.21351487034e-08
393,2024-08-17 09:00:00,16.375,7.79341553425e-06,7.79867423262e-06,6.29123314866e-06,1.97550525627e-06,1.29181056963e-08,2.59708012891e-05,2.60031156358e-05,2.08699984796e-05,6.50012225378e-06,4.30342907976e-08
394,2024-08-17 10:00:00,16.416666666666668,7.73575811763e-06,7.77464902058e-06,6.21700928605e-06,1.96253313334e-06,1.30245600971e-08,2.58607942669e-05,2.5989360438e-05,2.06696277019e-05,6.47165688861e-06,4.35090505846e-08
395,2024-08-17 11:00:00,16.458333333333332,7.71455506765e-06,7.76000979386e-06,6.16568559053e-06,1.95428151528e-06,1.31736959119e-08,2.58590735029e-05,2.60048418568e-05,2.05479882425e-05,6.45948603051e-06,4.41388969818e-08
396,2024-08-17 12:00:00,16.5,7.70067799749e-06,7.72814109951e-06,6.14624059381e-06,1.95049619833e-06,1.33606796737e-08,2.58778200077e-05,2.59699681919e-05,2.05365831789e-05,6.46321268505e-06,4.49058994434e-08
397,2024-08-17 13:00:00,16.541666666666668,7.69051985117e-06,7.69726830185e-06,6.15867020315e-06,1.95001643988e-06,1.35847288973e-08,2.59053776972e-05,2.59363605437e-05,2.06371005333e-05,6.4788423515e-06,4.58075248844e-08
398,2024-08-17 14:00:00,16.583333333333332,7.67656274547e-06,7.6554442785e-06,6.19606453256e-06,1.95221832655e-06,1.38338114297e-08,2.59198513959e-05,2.58711024799e-05,2.08278634091e-05,6.5039389483e-06,4.680154575e-08
399,2024-08-17 15:00:00,16.625,7.65771619626e-06,7.62320587455e-06,6.23671121502e-06,1.95529310076e-06,1.40427065531e-08,2.59189564531e-05,2.58307863987e-05,2.10328489629e-05,6.53230790704e-06,4.76597392662e-08
400,2024-08-17 16:00:00,16.666666666666668,7.63447314966e-06,7.59113390814e-06,6.26273094895e-06,1.9579738364e-06,1.41673250909e-08,2.59040498349e-05,2.57911215158e-05,2.11879469134e-05,6.55945223116e-06,4.82210964492e-08
401,2024-08-17 17:00:00,16.708333333333332,7.6092933341e-06,7.57307316235e-06,6.27397957942e-06,1.96096220861e-06,1.43036213984e-08,2.58841009781e-05,2.57883875747e-05,2.12910053961e-05,6.58764702166e-06,4.88190821102e-08
402,2024-08-17 18:00:00,16.75,7.58908072385e-06,7.53918993723e-06,6.27490089755e-06,1.96371843231e-06,1.44678375946e-08,2.58750642388e-05,2.57442843576e-05,2.13580169657e-05,6.61522199152e-06,4.95047807192e-08
403,2024-08-17 19:00:00,16.791666666666668,7.56341114538e-06,7.52443156671e-06,6.26879682386e-06,1.96614450942e-06,1.46608440943e-08,2.58507498074e-05,2.57501724263e-05,2.13997700484e-05,6.64161598252e-06,5.02876034147e-08
404,2024-08-17 20:00:00,16.833333333333332,7.53769836592e-06,7.50272101868e-06,6.25789607511e-06,1.97131566892e-06,1.48863943394e-08,2.58250474872e-05,2.57370866166e-05,2.14230894926e-05,6.67690937917e-06,5.11782012325e-08
405,2024-08-17 21:00:00,16.875,7.51769039198e-06,7.48346838009e-06,6.24212816547e-06,1.97926715373e-06,1.51455861186e-08,2.5812198146e-05,2.57303818216e-05,2.1427484171e-05,6.72139776725e-06,5.21817327126e-08
406,2024-08-17 22:00:00,16.916666666666668,7.4891136137e-06,7.46109390093e-06,6.22236166237e-06,1.98949601327e-06,1.53854724516e-08,2.57791471086e-05,2.57152823906e-05,2.14171159314e-05,6.77314847053e-06,5.31326662667e-08
407,2024-08-17 23:00:00,16.958333333333332,7.46318391975e-06,7.4431345638e-06,6.19935008217e-06,1.9990434339e-06,1.56338302304e-08,2.57534356933e-05,2.57111769315e-05,2.13951025216e-05,6.82251493345e-06,5.41177058722e-08
408,2024-08-18 00:00:00,17.0,7.43744840292e-06,7.42434167478e-06,6.17392652202e-06,2.00704266717e-06,1.58925299587e-08,2.57284191321e-05,2.57048450294e-05,2.13636558328e-05,6.86662679072e-06,5.51435483942e-08
409,2024-08-18 01:00:00,17.041666666666668,7.41622989153e-06,7.40052519177e-06,6.15132785242e-06,2.01246257348e-06,1.61563793455e-08,2.57145002251e-05,2.56850325968e-05,2.134096394e-05,6.90259867042e-06,5.61933504173e-08
410,2024-08-18 02:00:00,17.083333333333332,7.39452570997e-06,7.37836626286e-06,6.1297960201e-06,2.01809803002e-06,1.64057816221e-08,2.56997045653e-05,2.56695821008e-05,2.13216972043e-05,6.93929041518e-06,5.7203276782e-08
411,2024-08-18 03:00:00,17.125,7.37197706258e-06,7.35701541998e-06,6.10954384683e-06,2.02054684451e-06,1.66861422457e-08,2.56836356129e-05,2.56561997958e-05,2.13061503018e-05,6.96552569934e-06,5.83242396601e-08
412,2024-08-18 04:00:00,17.166666666666668,7.34884997655e-06,7.33261640562e-06,6.08990103501e-06,2.02005389838e-06,1.69786922299e-08,2.56657476712e-05,2.56344337686e-05,2.12921659113e-05,6.98226722307e-06,5.94932885178e-08
413,2024-08-18 05:00:00,17.208333333333332,7.32632588551e-06,7.31029740564e-06,6.06864068686e-06,2.01930220101e-06,1.73118479552e-08,2.56485855061e-05,2.56175062532e-05,2.12726863538e-05,6.99841893947e-06,6.08056254237e-08
414,2024-08-18 06:00:00,17.25,7.30086912881e-06,7.28507893655e-06,6.04666138315e-06,2.01958368962e-06,1.76799197504e-08,2.56230487139e-05,2.559213317e-05,2.12508257391e-05,7.01803219272e-06,6.22401472583e-08
415,2024-08-18 07:00:00,17.291666666666668,7.26255484551e-06,7.25368317944e-06,6.02474347033e-06,2.02272258321e-06,1.80640906677e-08,2.5555220418e-05,2.55440427281e-05,2.12287304748e-05,7.04714511812e-06,6.37343688936e-08
416,2024-08-18 08:00:00,17.333333333333332,7.2417337833e-06,7.22985123502e-06,6.00813882556e-06,2.02894193535e-06,1.84641706369e-08,2.55480936175e-05,2.55251434282e-05,2.12259110413e-05,7.08703510099e-06,6.52924256883e-08
417,2024-08-18 09:00:00,17.375,7.21721198715e-06,7.20786920283e-06,5.99361101195e-06,2.03721833714e-06,1.88364186471e-08,2.55289778579e-05,2.5509738407e-05,2.12302857108e-05,7.13410827302e-06,6.67624675543e-08
418,2024-08-18 10:00:00,17.416666666666668,7.18014234735e-06,7.17310149412e-06,5.97695589022e-06,2.04647744795e-06,1.91524005544e-08,2.54655005847e-05,2.5452392947e-05,2.12265676964e-05,7.18489991414e-06,6.80430929378e-08
419,2024-08-18 11:00:00,17.458333333333332,7.16342947271e-06,7.15498799764e-06,5.95885694565e-06,2.05705646295e-06,1.94955624977e-08,2.54706374108e-05,2.54496007983e-05,2.12171362364e-05,7.24093024473e-06,6.94225477105e-08
420,2024-08-18 12:00:00,17.5,7.13955296305e-06,7.12825067239e-06,5.93990171183e-06,2.07050698009e-06,1.97638314603e-08,2.54512142419e-05,2.54196966125e-05,2.12045088119e-05,7.30760439183e-06,7.05526304046e-08
421,2024-08-18 13:00:00,17.541666666666668,7.11612483428e-06,7.10239010004e-06,5.92525020693e-06,2.08808228308e-06,2.00179091081e-08,2.54311526078e-05,2.53911912296e-05,2.12073045986e-05,7.389413895e-06,7.16408976587e-08
422,2024-08-18 14:00:00,17.583333333333332,7.09152936906e-06,7.07856816007e-06,5.92308288105e-06,2.11389692595e-06,2.02547276729e-08,2.54113292613e-05,2.53690250247e-05,2.12556169572e-05,7.50093522583e-06,7.26839743947e-08
423,2024-08-18 15:00:00,17.625,7.07602976036e-06,7.05446291249e-06,5.93621098233e-06,2.14900046558e-06,2.05201704517e-08,2.54125898209e-05,2.53461057582e-05,2.13616367546e-05,7.64690412325e-06,7.38374410503e-08
424,2024-08-18 16:00:00,17.666666666666668,7.05653474142e-06,7.02542456565e-06,5.95181518293e-06,2.19138496504e-06,2.07924095719e-08,2.54003589362e-05,2.5308896511e-05,2.14779902308e-05,7.8205976024e-06,7.50188959842e-08
425,2024-08-18 17:00:00,17.708333333333332,7.03639534549e-06,7.00171813151e-06,5.96027803113e-06,2.23979645853e-06,2.11141237827e-08,2.53861908277e-05,2.52860190812e-05,2.15678373934e-05,8.01750775281e-06,7.63679821603e-08
426,2024-08-18 18:00:00,17.75,7.01693397787e-06,6.9777902354e-06,5.96089785176e-06,2.28935186897e-06,2.14829221079e-08,2.53718662862e-05,2.52613190241e-05,2.1629008188e-05,8.21969933895e-06,7.787291878e-08
427,2024-08-18 19:00:00,17.791666666666668,6.99211341271e-06,6.95380776961e-06,5.94922948949e-06,2.33408127315e-06,2.18950813036e-08,2.53373600572e-05,2.52324643952e-05,2.16445023398e-05,8.40494521981e-06,7.95274104348e-08
428,2024-08-18 20:00:00,17.833333333333332,6.97735686117e-06,6.94196251061e-06,5.93097684032e-06,2.36974506151e-06,2.23339586825e-08,2.53423950198e-05,2.52455865848e-05,2.16348907998e-05,8.55692178447e-06,8.12850942111e-08
429,2024-08-18 21:00:00,17.875,6.95149265084e-06,6.9248667387e-06,5.90885611018e-06,2.39372138822e-06,2.27648619955e-08,2.53102552961e-05,2.52377867582e-05,2.16100797843e-05,8.66554000822e-06,8.30225417303e-08
430,2024-08-18 22:00:00,17.916666666666668,6.93062702339e-06,6.90765045874e-06,5.88564216741e-06,2.4090527404e-06,2.32065406891e-08,2.52930367424e-05,2.52306690527e-05,2.15790314542e-05,8.742481441e-06,8.48068921755e-08
431,2024-08-18 23:00:00,17.958333333333332,6.89758508088e-06,6.88076352162e-06,5.85979660173e-06,2.41857765104e-06,2.36316282098e-08,2.5232326152e-05,2.5190454835e-05,2.15359450522e-05,8.79827075551e-06,8.65401830197e-08
432,2024-08-19 00:00:00,18.0,6.88719228492e-06,6.86922612658e-06,5.83693099543e-06,2.42689611696e-06,2.40930262407e-08,2.52528661804e-05,2.52044301305e-05,2.15029704123e-05,8.85005010787e-06,8.84121220679e-08
433,2024-08-19 01:00:00,18.041666666666668,6.83826692693e-06,6.83024973114e-06,5.80997448196e-06,2.43247814069e-06,2.45027997892e-08,2.51340097748e-05,2.51212513831e-05,2.14542178583e-05,8.89092370926e-06,9.01014800547e-08
434,2024-08-19 02:00:00,18.083333333333332,6.77540901961e-06,6.78253354636e-06,5.77721084483e-06,2.43769727604e-06,2.48774032485e-08,2.49621152761e-05,2.50062221312e-05,2.13827206608e-05,8.93029391591e-06,9.16680278351e-08
435,2024-08-19 03:00:00,18.125,6.79053755448e-06,6.78332980897e-06,5.75430112804e-06,2.44594343712e-06,2.53495073821e-08,2.50799985224e-05,2.50686262007e-05,2.13458934013e-05,8.98174766917e-06,9.3602359641e-08
436,2024-08-19 04:00:00,18.166666666666668,6.77639854985e-06,6.76541094435e-06,5.73335955778e-06,2.45519890996e-06,2.57840735429e-08,2.5089681003e-05,2.50618522841e-05,2.13160928979e-05,9.03807813302e-06,9.54096108785e-08
437,2024-08-19 05:00:00,18.208333333333332,6.75813953421e-06,6.74550710755e-06,5.71566624785e-06,2.46786999014e-06,2.62018087227e-08,2.50857556239e-05,2.50492412306e-05,2.12984596146e-05,9.10750713956e-06,9.71683249418e-08
438,2024-08-19 06:00:00,18.25,6.72221494824e-06,6.71429006616e-06,5.69419489693e-06,2.48050059781e-06,2.65874966487e-08,2.5013298e-05,2.49951590376e-05,2.1265776013e-05,9.17678426049e-06,9.88129684742e-08
439,2024-08-19 07:00:00,18.291666666666668,6.70999997965e-06,6.69732435199e-06,5.67290317122e-06,2.48935884883e-06,2.69960320765e-08,2.50295306614e-05,2.49924669333e-05,2.12320846913e-05,9.23158040678e-06,1.00548611215e-07
440,2024-08-19 08:00:00,18.333333333333332,6.6898383011e-06,6.67685890221e-06,5.65217442272e-06,2.49534423347e-06,2.73851981092e-08,2.50181510637e-05,2.49768145295e-05,2.12000068132e-05,9.27546716412e-06,1.0222721869e-07
441,2024-08-19 09:00:00,18.375,6.66116829962e-06,6.650459909e-06,5.6384706113e-06,2.50365610555e-06,2.7753113585e-08,2.49814675044e-05,2.49418953899e-05,2.11950446101e-05,9.32837338041e-06,1.03868181611e-07
442,2024-08-19 10:00:00,18.416666666666668,6.64018716634e-06,6.62585080136e-06,5.63542607779e-06,2.52204063145e-06,2.81350907017e-08,2.49653348874e-05,2.49129352596e-05,2.12337527046e-05,9.42013139138e-06,1.05584845755e-07
443,2024-08-19 11:00:00,18.458333333333332,6.61140893499e-06,6.59654597257e-06,5.63365301787e-06,2.54927840615e-06,2.84360073266e-08,2.49186741712e-05,2.48667765845e-05,2.12807681237e-05,9.5471386885e-06,1.07006513872e-07
444,2024-08-19 12:00:00,18.5,6.59038460071e-06,6.5695808189e-06,5.62803825233e-06,2.57951887761e-06,2.87013968148e-08,2.48979849857e-05,2.48293581535e-05,2.13141283893e-05,9.6866478998e-06,1.08295843404e-07
445,2024-08-19 13:00:00,18.541666666666668,6.57229429635e-06,6.56247175357e-06,5.64119682167e-06,2.62007142737e-06,2.92013595526e-08,2.48960677709e-05,2.485209734e-05,2.14198953472e-05,9.86428585747e-06,1.10462899272e-07
446,2024-08-19 14:00:00,18.583333333333332,6.55523717796e-06,6.53705910736e-06,5.68234281673e-06,2.70282180281e-06,2.97582101183e-08,2.48787855526e-05,2.48114483838e-05,2.16388107219e-05,1.02031299321e-05,1.12858991486e-07
447,2024-08-19 15:00:00,18.625,6.5358935899e-06,6.51733034829e-06,5.72742419536e-06,2.8176223168e-06,3.10750891686e-08,2.48717478826e-05,2.4800607207e-05,2.18724508159e-05,1.06668630906e-05,1.1817304113e-07
448,2024-08-19 16:00:00,18.666666666666668,6.52731341688e-06,6.48871719022e-06,5.76001230002e-06,2.94629808195e-06,3.21409352466e-08,2.48866490438e-05,2.47573916567e-05,2.20552083192e-05,1.11868321255e-05,1.22558319049e-07
449,2024-08-19 17:00:00,18.708333333333332,6.50379433864e-06,6.46302760288e-06,5.76719139644e-06,3.05247908727e-06,3.28862093113e-08,2.485863115e-05,2.47242951446e-05,2.21378631977e-05,1.16232395158e-05,1.2574029995e-07
450,2024-08-19 18:00:00,18.75,6.48374179946e-06,6.43688508717e-06,5.74802152187e-06,3.1318636502e-06,3.29934479737e-08,2.48388696491e-05,2.46904382948e-05,2.21161208174e-05,1.19588567031e-05,1.26474546391e-07
451,2024-08-19 19:00:00,18.791666666666668,6.45240743324e-06,6.40817506792e-06,5.73048464503e-06,3.16948467116e-06,3.28977627362e-08,2.47828884312e-05,2.4643366487e-05,2.21054979193e-05,1.213431824e-05,1.26408295387e-07
452,2024-08-19 20:00:00,18.833333333333332,6.4310952439e-06,6.39592553853e-06,5.70744668948e-06,3.16033265335e-06,3.29467120253e-08,2.47636162385e-05,2.46493236773e-05,2.20731944864e-05,1.21285447676e-05,1.26886888552e-07
453,2024-08-19 21:00:00,18.875,6.4079204094e-06,6.38067285763e-06,5.67489132663e-06,3.12696943183e-06,3.30637419665e-08,2.47317220783e-05,2.4643195502e-05,2.20000674744e-05,1.20282102216e-05,1.2762374979e-07
454,2024-08-19 22:00:00,18.916666666666668,6.39054769636e-06,6.36168579149e-06,5.64142010262e-06,3.07725053972e-06,3.32287406479e-08,2.47227162617e-05,2.46296094701e-05,2.19204157474e-05,1.18623911476e-05,1.28546417955e-07
455,2024-08-19 23:00:00,18.958333333333332,6.37168659523e-06,6.34362413621e-06,5.61385877518e-06,3.02694184029e-06,3.3485004991e-08,2.47078514803e-05,2.46180588874e-05,2.18656477955e-05,1.16934397738e-05,1.2983188924e-07
456,2024-08-20 00:00:00,19.0,6.35196920484e-06,6.32640330878e-06,5.58540659767e-06,2.97603514809e-06,3.37765158065e-08,2.4689543352e-05,2.4608691092e-05,2.18065506488e-05,1.15210050353e-05,1.31254068947e-07
457,2024-08-20 01:00:00,19.041666666666668,6.32748788121e-06,6.30328941043e-06,5.55665383217e-06,2.93356129077e-06,3.40890053963e-08,2.46532144956e-05,2.4579514502e-05,2.1746092898e-05,1.13810756375e-05,1.32764398586e-07
458,2024-08-20 02:00:00,19.083333333333332,6.3099705585e-06,6.28403722658e-06,5.52560368305e-06,2.90242905976e-06,3.44319808221e-08,2.46450290433e-05,2.45650553552e-05,2.16735716094e-05,1.12850666483e-05,1.3439800739e-07
459,2024-08-20 03:00:00,19.125,6.28070256425e-06,6.26027940598e-06,5.49349897483e-06,2.87606303573e-06,3.47893305275e-08,2.45911578531e-05,2.45308110607e-05,2.15953332372e-05,1.12073894343e-05,1.36096787173e-07
460,2024-08-20 04:00:00,19.166666666666668,6.24726135356e-06,6.23361074759e-06,5.46576075067e-06,2.84973475573e-06,3.51464066739e-08,2.45206538239e-05,2.44847760769e-05,2.15358286368e-05,1.11293966256e-05,1.37798551236e-07
461,2024-08-20 05:00:00,19.208333333333332,6.22699508313e-06,6.21304252491e-06,5.44020258531e-06,2.82430505649e-06,3.55142191211e-08,2.45017708949e-05,2.44628427026e-05,2.14844039874e-05,1.10541295726e-05,1.3954405631e-07
462,2024-08-20 06:00:00,19.25,6.21648177912e-06,6.1984515014e-06,5.41441841051e-06,2.80554331766e-06,3.59004133088e-08,2.45216779149e-05,2.44640032179e-05,2.14302672248e-05,1.10043893073e-05,1.41366427897e-07
463,2024-08-20 07:00:00,19.291666666666668,6.19543197899e-06,6.17672594672e-06,5.38482436241e-06,2.79380219581e-06,3.62611629612e-08,2.45011051447e-05,2.44391230808e-05,2.13590556086e-05,1.09827187771e-05,1.4311109453e-07
464,2024-08-20 08:00:00,19.333333333333332,6.1759901655e-06,6.15822636973e-06,5.35448680239e-06,2.78329457615e-06,3.66285988207e-08,2.44857128564e-05,2.4424320145e-05,2.12840095628e-05,1.09659385998e-05,1.44897711607e-07
465,2024-08-20 09:00:00,19.375,6.15377530266e-06,6.13739439359e-06,5.32739159098e-06,2.7750195386e-06,3.702009721e-08,2.44577913691e-05,2.44003695116e-05,2.12228787859e-05,1.09581533252e-05,1.46797631828e-07
466,2024-08-20 10:00:00,19.416666666666668,6.1330333665e-06,6.11638870396e-06,5.3053222473e-06,2.76862215287e-06,3.74253907864e-08,2.44338916673e-05,2.43754693656e-05,2.11830174521e-05,1.0957849554e-05,1.4876256671e-07
467,2024-08-20 11:00:00,19.458333333333332,6.10945107837e-06,6.09089920545e-06,5.28510190634e-06,2.76232890428e-06,3.77803317519e-08,2.43981630774e-05,2.43344966293e-05,2.1151110559e-05,1.09581978904e-05,1.5053660718e-07
468,2024-08-20 12:00:00,19.5,6.08752952758e-06,6.07311085332e-06,5.26327994521e-06,2.75227512248e-06,3.81350346856e-08,2.43727463385e-05,2.43207832682e-05,2.11118895095e-05,1.09428638098e-05,1.52316573576e-07
469,2024-08-20 13:00:00,19.541666666666668,6.06840694672e-06,6.05180775892e-06,5.24440520167e-06,2.74494800578e-06,3.85788361257e-08,2.43579670496e-05,2.42955975409e-05,2.10852158489e-05,1.09383790914e-05,1.54496746063e-07
470,2024-08-20 14:00:00,19.583333333333332,6.04037813901e-06,6.02958789386e-06,5.22782283952e-06,2.73956720775e-06,3.89796532829e-08,2.43086542469e-05,2.42647856794e-05,2.1068717615e-05,1.09420989247e-05,1.56518837002e-07
471,2024-08-20 15:00:00,19.625,6.02708087172e-06,6.01123747401e-06,5.21529455e-06,2.73978480436e-06,3.93803745169e-08,2.4312066671e-05,2.42495152634e-05,2.10694797715e-05,1.09690454337e-05,1.58546953344e-07
472,2024-08-20 16:00:00,19.666666666666668,6.00585553912e-06,5.98674614594e-06,5.20458843312e-06,2.74453122984e-06,3.97187100987e-08,2.42829210038e-05,2.42108217208e-05,2.10786165553e-05,1.10154160211e-05,1.60326536047e-07
473,2024-08-20 17:00:00,19.708333333333332,5.99677514401e-06,5.97219286647e-06,5.19517743669e-06,2.75174647868e-06,4.00724040617e-08,2.4300037694e-05,2.42096139118e-05,2.1093082978e-05,1.10724977276e-05,1.62156410966e-07
474,2024-08-20 18:00:00,19.75,5.97865300733e-06,5.94968241785e-06,5.18411025041e-06,2.76034620583e-06,4.04063484893e-08,2.42810656346e-05,2.41785492108e-05,2.11003953154e-05,1.11359186121e-05,1.6390359292e-07
475,2024-08-20 19:00:00,19.791666666666668,5.96236168349e-06,5.9303283706e-06,5.16800810146e-06,2.75685988527e-06,4.06413569465e-08,2.4271032089e-05,2.41589586949e-05,2.10861981031e-05,1.11493491204e-05,1.65230417792e-07
476,2024-08-20 20:00:00,19.833333333333332,5.94551283939e-06,5.91623029322e-06,5.14358180226e-06,2.7374524052e-06,4.08712246269e-08,2.42590085691e-05,2.41561756411e-05,2.10359412449e-05,1.10967393994e-05,1.66518134392e-07
477,2024-08-20 21:00:00,19.875,5.92499645791e-06,5.90169247516e-06,5.11369671585e-06,2.70398845714e-06,4.11437888204e-08,2.42326059379e-05,2.4150536774e-05,2.09613426705e-05,1.09845614134e-05,1.67985959365e-07
478,2024-08-20 22:00:00,19.916666666666668,5.8688306126e-06,5.86268379266e-06,5.0759322221e-06,2.66331107923e-06,4.13230267782e-08,2.40608933382e-05,2.40486169787e-05,2.08524907066e-05,1.08414478746e-05,1.69086177948e-07
479,2024-08-20 23:00:00,19.958333333333332,5.88060174778e-06,5.86126543567e-06,5.04442687088e-06,2.61950867753e-06,4.1655443539e-08,2.41655052378e-05,2.40972913161e-05,2.07670091186e-05,1.06833285827e-05,1.70812057831e-07
480,2024-08-21 00:00:00,20.0,5.86478427067e-06,5.84509598411e-06,5.01538579556e-06,2.57877627519e-06,4.19682208985e-08,2.41600791924e-05,2.40882545768e-05,2.06896329473e-05,1.05369399535e-05,1.724735057e-07
481,2024-08-21 01:00:00,20.041666666666668,5.83527344133e-06,5.82068969379e-06,4.983423878e-06,2.54289193435e-06,4.22494146335e-08,2.40979370574e-05,2.40462650254e-05,2.05967098736e-05,1.04106948129e-05,1.74018651933e-07
482,2024-08-21 02:00:00,20.083333333333332,5.82317852604e-06,5.80397954764e-06,4.95542553836e-06,2.51073947766e-06,4.25805524173e-08,2.41067245952e-05,2.40357476287e-05,2.05216147151e-05,1.02998983493e-05,1.75779860001e-07
483,2024-08-21 03:00:00,20.125,5.80458799959e-06,5.78379695071e-06,4.93366678711e-06,2.48076730713e-06,4.29145785574e-08,2.40893950831e-05,2.40115023189e-05,2.04758725886e-05,1.01982313936e-05,1.77564331239e-07
484,2024-08-21 04:00:00,20.166666666666668,5.78468961976e-06,5.76458887735e-06,4.9154723456e-06,2.45103478846e-06,4.32435633968e-08,2.40659865085e-05,2.3990021873e-05,2.04464649869e-05,1.00970146377e-05,1.79333127903e-07
485,2024-08-21 05:00:00,20.208333333333332,5.76554930376e-06,5.7470806496e-06,4.8991382755e-06,2.42209330281e-06,4.35692513179e-08,2.40457720793e-05,2.39748533204e-05,2.04251264222e-05,9.99837448035e-06,1.81093525953e-07
486,2024-08-21 06:00:00,20.25,5.74619980398e-06,5.72970566282e-06,4.88303930979e-06,2.39394603341e-06,4.38864624641e-08,2.40240897256e-05,2.39598266489e-05,2.04046391445e-05,9.90240278043e-06,1.82825630191e-07
487,2024-08-21 07:00:00,20.291666666666668,5.72469161852e-06,5.7102683968e-06,4.86659519083e-06,2.36578284785e-06,4.41834515641e-08,2.39944401983e-05,2.3936978323e-05,2.03825329663e-05,9.80594359135e-06,1.84492620292e-07
488,2024-08-21 08:00:00,20.333333333333332,5.69939766137e-06,5.68810037294e-06,4.85102464154e-06,2.33813921113e-06,4.44241905484e-08,2.39515047724e-05,2.39037508436e-05,2.03650561161e-05,9.71220106294e-06,1.85967309108e-07
489,2024-08-21 09:00:00,20.375,5.67509187022e-06,5.66990411244e-06,4.83564599563e-06,2.31094350056e-06,4.46651284847e-08,2.39122364292e-05,2.38848188019e-05,2.03483014047e-05,9.62032572716e-06,1.87463129464e-07
490,2024-08-21 10:00:00,20.416666666666668,5.65352002013e-06,5.650453204e-06,4.82173982164e-06,2.28719204642e-06,4.49064110342e-08,2.38827196881e-05,2.38617612922e-05,2.03381678148e-05,9.5432424132e-06,1.88977168136e-07
491,2024-08-21 11:00:00,20.458333333333332,5.63519415664e-06,5.63175990465e-06,4.80854032503e-06,2.26372162615e-06,4.51575061788e-08,2.38642878685e-05,2.38415268541e-05,2.03311392397e-05,9.46729505813e-06,1.9054027689e-07
492,2024-08-21 12:00:00,20.5,5.62222021472e-06,5.61547858524e-06,4.8038841669e-06,2.24874156629e-06,4.55161917046e-08,2.38653883571e-05,2.38312222791e-05,2.03626423172e-05,9.42788119573e-06,1.92576990798e-07
493,2024-08-21 13:00:00,20.541666666666668,5.60720536669e-06,5.58799047212e-06,4.80892413179e-06,2.23893971452e-06,4.60028743987e-08,2.38591655943e-05,2.37795557041e-05,2.04381158255e-05,9.41109647101e-06,1.95179666207e-07
494,2024-08-21 14:00:00,20.583333333333332,5.5897371567e-06,5.56569057153e-06,4.8123824854e-06,2.22492121793e-06,4.63215883428e-08,2.3843433155e-05,2.37459171331e-05,2.05073411053e-05,9.37663662626e-06,1.97077326902e-07
495,2024-08-21 15:00:00,20.625,5.56707936994e-06,5.54867665414e-06,4.81597135149e-06,2.21263553613e-06,4.67473526555e-08,2.38108441408e-05,2.37323183683e-05,2.0578114345e-05,9.34964737098e-06,1.99454021299e-07
496,2024-08-21 16:00:00,20.666666666666668,5.55586620976e-06,5.5242912822e-06,4.82561199533e-06,2.21019649871e-06,4.75495376406e-08,2.38175944105e-05,2.36923824559e-05,2.067665082e-05,9.36473134061e-06,2.0347148677e-07
497,2024-08-21 17:00:00,20.708333333333332,5.54078405912e-06,5.49875767319e-06,4.82991299577e-06,2.21062441597e-06,4.81229456284e-08,2.38098655245e-05,2.36477881117e-05,2.07520733966e-05,9.39211076911e-06,2.06517313472e-07
498,2024-08-21 18:00:00,20.75,5.52042547497e-06,5.48312027604e-06,4.82156428916e-06,2.20589822675e-06,4.8447112988e-08,2.37834537984e-05,2.36380310525e-05,2.07712928386e-05,9.39727760851e-06,2.08493474929e-07
499,2024-08-21 19:00:00,20.791666666666668,5.50709182789e-06,5.46334513274e-06,4.80295693706e-06,2.19464027396e-06,4.85895448321e-08,2.37801650655e-05,2.36141386267e-05,2.07447501452e-05,9.37403456192e-06,2.09663738815e-07
500,2024-08-21 20:00:00,20.833333333333332,5.48879825146e-06,5.44845715922e-06,4.7740336413e-06,2.17505362343e-06,4.86660880483e-08,2.37596068473e-05,2.36078794842e-05,2.06720942515e-05,9.31448630581e-06,2.10520653354e-07
501,2024-08-21 21:00:00,20.875,5.47121726413e-06,5.43743635717e-06,4.73514273835e-06,2.14950114241e-06,4.87916445024e-08,2.37417061726e-05,2.36144242081e-05,2.05541327887e-05,9.22870367503e-06,2.11582630527e-07
502,2024-08-21 22:00:00,20.916666666666668,5.45562215848e-06,5.42739371667e-06,4.6860063776e-06,2.12036002267e-06,4.89556946093e-08,2.3730643079e-05,2.36240975937e-05,2.03887175303e-05,9.12553059607e-06,2.12803968225e-07
503,2024-08-21 23:00:00,20.958333333333332,5.43862961422e-06,5.41567078471e-06,4.63145988761e-06,2.09369159165e-06,4.91631233501e-08,2.37146632571e-05,2.36278101511e-05,2.01969032787e-05,9.03165528143e-06,2.14226758999e-07
504,2024-08-22 00:00:00,21.0,5.42637008039e-06,5.40302016816e-06,4.58145086668e-06,2.0728916752e-06,4.94085554692e-08,2.37148906308e-05,2.36280138779e-05,2.00230660994e-05,8.96255824046e-06,2.15824499605e-07
505,2024-08-22 01:00:00,21.041666666666668,5.41452709513e-06,5.38946051165e-06,4.5426527322e-06,2.05728360925e-06,4.96920371518e-08,2.37163621932e-05,2.36246723944e-05,1.98984762392e-05,8.91631952982e-06,2.17593083107e-07
506,2024-08-22 02:00:00,21.083333333333332,5.39926077181e-06,5.37576397619e-06,4.51482537756e-06,2.045288511e-06,5.00407821846e-08,2.37057156482e-05,2.36205050896e-05,1.9823146431e-05,8.88582962943e-06,2.1964616792e-07
507,2024-08-22 03:00:00,21.125,5.38648964721e-06,5.36098923476e-06,4.48989112556e-06,2.03223453354e-06,5.04455250905e-08,2.37030417338e-05,2.36124524235e-05,1.9760998839e-05,8.85080498847e-06,2.21935934519e-07
508,2024-08-22 04:00:00,21.166666666666668,5.36944708074e-06,5.34516948392e-06,4.45818295702e-06,2.01388911591e-06,5.08923498899e-08,2.36851956288e-05,2.36000887526e-05,1.9667801098e-05,8.792263543e-06,2.24396586646e-07
509,2024-08-22 05:00:00,21.208333333333332,5.35250819667e-06,5.33223419552e-06,4.41883548774e-06,1.99312171389e-06,5.13550304504e-08,2.3668333597e-05,2.3597263862e-05,1.95384200197e-05,8.72192686074e-06,2.26935270575e-07
510,2024-08-22 06:00:00,21.25,5.33492266186e-06,5.31765681444e-06,4.37193284597e-06,1.97150643544e-06,5.18445197883e-08,2.36481118918e-05,2.35881379922e-05,1.93726664293e-05,8.64661615196e-06,2.29587556078e-07
511,2024-08-22 07:00:00,21.291666666666668,5.30961597178e-06,5.29494582224e-06,4.31251919508e-06,1.94634048967e-06,5.2283176899e-08,2.35981606238e-05,2.35483839788e-05,1.9147499188e-05,8.55455164128e-06,2.32031567293e-07
512,2024-08-22 08:00:00,21.333333333333332,5.27760539626e-06,5.26665917278e-06,4.24017434852e-06,1.91704862118e-06,5.26412371471e-08,2.35223214986e-05,2.34848957916e-05,1.88595367945e-05,8.44266560307e-06,2.34151016798e-07
513,2024-08-22 09:00:00,21.375,5.24386450707e-06,5.24444703842e-06,4.1653088374e-06,1.88878220797e-06,5.29999795162e-08,2.34393628489e-05,2.34440722124e-05,1.85557564691e-05,8.33337890072e-06,2.36295718992e-07
514,2024-08-22 10:00:00,21.416666666666668,5.20908179169e-06,5.22500704392e-06,4.0995710151e-06,1.85809597042e-06,5.33592334762e-08,2.33506234508e-05,2.34163890127e-05,1.82923231478e-05,8.21359935799e-06,2.38457062096e-07
515,2024-08-22 11:00:00,21.458333333333332,5.17548414791e-06,5.19661352882e-06,4.03163176088e-06,1.81957989298e-06,5.38809139528e-08,2.32633101405e-05,2.33538430621e-05,1.8020033167e-05,8.05912804935e-06,2.41330610606e-07
516,2024-08-22 12:00:00,21.5,5.15022202308e-06,5.18211209055e-06,3.96071618525e-06,1.78110349225e-06,5.43935811947e-08,2.32080565183e-05,2.33478240261e-05,1.77347428689e-05,7.90355625213e-06,2.44201743271e-07
517,2024-08-22 13:00:00,21.541666666666668,5.11587177243e-06,5.16548607266e-06,3.90035847886e-06,1.74992078428e-06,5.47524408034e-08,2.31185931625e-05,2.33347891481e-05,1.74986780621e-05,7.78028152126e-06,2.46427362072e-07
518,2024-08-22 14:00:00,21.583333333333332,5.09119672643e-06,5.1462607189e-06,3.85378598367e-06,1.72579950686e-06,5.50013474765e-08,2.30691512115e-05,2.33119590121e-05,1.73282060132e-05,7.6900678323e-06,2.48198745112e-07
519,2024-08-22 15:00:00,21.625,5.08418906975e-06,5.13359600518e-06,3.82441885449e-06,1.70654209342e-06,5.51652803438e-08,2.30938057939e-05,2.33144655795e-05,1.72396521521e-05,7.62341596783e-06,2.49651208151e-07
520,2024-08-22 16:00:00,21.666666666666668,5.07966569785e-06,5.1094139053e-06,3.81396262128e-06,1.69027919128e-06,5.54222907567e-08,2.31296016864e-05,2.32722704823e-05,1.72414547706e-05,7.57097632231e-06,2.51563193387e-07
521,2024-08-22 17:00:00,21.708333333333332,5.07229424329e-06,5.08908215124e-06,3.81374570679e-06,1.67544533269e-06,5.57018751124e-08,2.31529083976e-05,2.32437359955e-05,1.7292872144e-05,7.52488949729e-06,2.53575336728e-07
522,2024-08-22 18:00:00,21.75,5.06293235958e-06,5.07604590894e-06,3.81234099223e-06,1.66028530657e-06,5.59523805066e-08,2.31681351579e-05,2.32423899433e-05,1.73386688402e-05,7.47710964788e-06,2.55441392483e-07
523,2024-08-22 19:00:00,21.791666666666668,5.06323112859e-06,5.06590276927e-06,3.80315736948e-06,1.6466640318e-06,5.63042767965e-08,2.32191250689e-05,2.32515994867e-05,1.73473872565e-05,7.43604778108e-06,2.5774062351e-07
524,2024-08-22 20:00:00,21.833333333333332,5.05784782945e-06,5.05489924763e-06,3.79058656108e-06,1.63371737472e-06,5.67288118702e-08,2.32465827139e-05,2.32567290368e-05,1.73393145815e-05,7.39833876651e-06,2.60352351233e-07
525,2024-08-22 21:00:00,21.875,5.04438139615e-06,5.04556237502e-06,3.77589913114e-06,1.62286414707e-06,5.72040548263e-08,2.32430174947e-05,2.32669044635e-05,1.73200969584e-05,7.37011987439e-06,2.63177810211e-07
526,2024-08-22 22:00:00,21.916666666666668,5.03709179611e-06,5.03647788719e-06,3.76131401936e-06,1.61324783221e-06,5.77654830636e-08,2.32615802815e-05,2.32772435993e-05,1.73000025825e-05,7.3473224802e-06,2.66382329528e-07
527,2024-08-22 23:00:00,21.958333333333332,5.02766579302e-06,5.02413513459e-06,3.74910291612e-06,1.60642503033e-06,5.82934376325e-08,2.32711463468e-05,2.32752645388e-05,1.72899108293e-05,7.33684009901e-06,2.69460883828e-07
528,2024-08-23 00:00:00,22.0,5.01573322254e-06,5.01218892168e-06,3.74018691218e-06,1.59979924774e-06,5.8813395043e-08,2.32708098338e-05,2.32741149375e-05,1.72951295099e-05,7.32712078388e-06,2.72530854772e-07
529,2024-08-23 01:00:00,22.041666666666668,5.00443547935e-06,4.99943507748e-06,3.7372483348e-06,1.59518458531e-06,5.93472222477e-08,2.32723850786e-05,2.32697238971e-05,1.73280168383e-05,7.32605803933e-06,2.75676427464e-07
530,2024-08-23 02:00:00,22.083333333333332,4.99407906318e-06,4.98672443427e-06,3.73546959054e-06,1.59175613135e-06,5.99434244464e-08,2.32770944422e-05,2.32650290855e-05,1.73659573193e-05,7.33007482268e-06,2.79102096101e-07
531,2024-08-23 03:00:00,22.125,4.98211238664e-06,4.97527798871e-06,3.73503507944e-06,1.58913019277e-06,6.06183903074e-08,2.32757120102e-05,2.32641996263e-05,1.74099623109e-05,7.3375804277e-06,2.82884997205e-07
532,2024-08-23 04:00:00,22.166666666666668,4.96907432534e-06,4.9629370551e-06,3.73486363969e-06,1.58680575169e-06,6.13790049897e-08,2.32699039771e-05,2.32598704315e-05,1.7455273337e-05,7.34650848244e-06,2.87054177761e-07
533,2024-08-23 05:00:00,22.208333333333332,4.95441190651e-06,4.94885625812e-06,3.73321290681e-06,1.58835871389e-06,6.21147577817e-08,2.32569673244e-05,2.32484962908e-05,1.74933957169e-05,7.37288564778e-06,2.9112098332e-07
534,2024-08-23 06:00:00,22.25,4.940423878e-06,4.9353761824e-06,3.73114676222e-06,1.59434057423e-06,6.28259257951e-08,2.32473139476e-05,2.3239705115e-05,1.7528916942e-05,7.41928533898e-06,2.95097436265e-07
535,2024-08-23 07:00:00,22.291666666666668,4.92226263304e-06,4.91969740324e-06,3.72828662876e-06,1.60037689056e-06,6.34426342572e-08,2.32230067923e-05,2.32225047512e-05,1.75595469045e-05,7.46594878365e-06,2.98667629295e-07
536,2024-08-23 08:00:00,22.333333333333332,4.8989500101e-06,4.89972808282e-06,3.72630711354e-06,1.60757861067e-06,6.38521910901e-08,2.31810936384e-05,2.31899539358e-05,1.7593445591e-05,7.51788047637e-06,3.01327787611e-07
537,2024-08-23 09:00:00,22.375,4.87928036819e-06,4.88082787342e-06,3.72543718186e-06,1.61541663601e-06,6.40945501118e-08,2.31529193115e-05,2.31611375057e-05,1.76335379365e-05,7.57280349717e-06,3.03261913359e-07
538,2024-08-23 10:00:00,22.416666666666668,4.86564658786e-06,4.86147200718e-06,3.72461113329e-06,1.62561684647e-06,6.43289936875e-08,2.31449666899e-05,2.31306239584e-05,1.76753619598e-05,7.63863044995e-06,3.05182254579e-07
539,2024-08-23 11:00:00,22.458333333333332,4.85227428726e-06,4.84501015308e-06,3.72572799279e-06,1.63498930306e-06,6.46250413183e-08,2.31371523114e-05,2.31099038501e-05,1.77269121195e-05,7.70084352553e-06,3.07399517396e-07
540,2024-08-23 12:00:00,22.5,4.836568678e-06,4.82774430566e-06,3.72998079001e-06,1.64065659192e-06,6.49168541145e-08,2.31218364206e-05,2.30870518863e-05,1.77945476025e-05,7.74642103352e-06,3.0962834785e-07
541,2024-08-23 13:00:00,22.541666666666668,4.82598306917e-06,4.80726703245e-06,3.73408875021e-06,1.64755124388e-06,6.51954081832e-08,2.31230460486e-05,2.30545047089e-05,1.78632326424e-05,7.79825131758e-06,3.11826340749e-07
542,2024-08-23 14:00:00,22.583333333333332,4.8001434152e-06,4.78458059661e-06,3.73139596377e-06,1.65536255281e-06,6.54611227446e-08,2.30729929172e-05,2.30110927077e-05,1.78988175321e-05,7.85457814345e-06,3.13958935294e-07
543,2024-08-23 15:00:00,22.625,4.79123082187e-06,4.77534604215e-06,3.72563522433e-06,1.66506481492e-06,6.57639063206e-08,2.3079535822e-05,2.30152290897e-05,1.79185499292e-05,7.91972888692e-06,3.16253249366e-07
544,2024-08-23 16:00:00,22.666666666666668,4.78100355394e-06,4.75936258226e-06,3.72606859855e-06,1.67946996044e-06,6.62229453496e-08,2.30823279708e-05,2.29973320529e-05,1.79677736014e-05,8.00716134108e-06,3.19314352737e-07
545,2024-08-23 17:00:00,22.708333333333332,4.77250796393e-06,4.73423551739e-06,3.7302927467e-06,1.70223961504e-06,6.66870718646e-08,2.30887580983e-05,2.29472461797e-05,1.803736086e-05,8.13446331449e-06,3.22408368447e-07
546,2024-08-23 18:00:00,22.75,4.7582152547e-06,4.71991234008e-06,3.73285411115e-06,1.72810666754e-06,6.72444997463e-08,2.30739115068e-05,2.2935339075e-05,1.81011855602e-05,8.27708390716e-06,3.25869621065e-07
547,2024-08-23 19:00:00,22.791666666666668,4.74057469546e-06,4.71172461403e-06,3.72595991394e-06,1.74932279151e-06,6.79621763311e-08,2.30474124692e-05,2.29433699133e-05,1.81167888513e-05,8.39850508783e-06,3.30060373699e-07
548,2024-08-23 20:00:00,22.833333333333332,4.72429064757e-06,4.70268651043e-06,3.70968109564e-06,1.76444473254e-06,6.87422883061e-08,2.30257755902e-05,2.29473134823e-05,1.80841034307e-05,8.49166553962e-06,3.34558592385e-07
549,2024-08-23 21:00:00,22.875,4.7073431233e-06,4.69246651846e-06,3.69000917999e-06,1.78510447313e-06,6.93404658136e-08,2.30023670156e-05,2.29472298088e-05,1.80313309102e-05,8.60997988639e-06,3.38264442235e-07
550,2024-08-23 22:00:00,22.916666666666668,4.69917495138e-06,4.68431835543e-06,3.67409506907e-06,1.80742983957e-06,6.99259530279e-08,2.30082532653e-05,2.29545385082e-05,1.79939270311e-05,8.73581029737e-06,3.41938914517e-07
551,2024-08-23 23:00:00,22.958333333333332,4.68597500003e-06,4.67023392048e-06,3.6639114569e-06,1.82957671768e-06,7.06137583961e-08,2.29961588047e-05,2.29407469305e-05,1.7983642465e-05,8.86112775333e-06,3.4610638977e-07
552,2024-08-24 00:00:00,23.0,4.67239988211e-06,4.65754010293e-06,3.65956293535e-06,1.8512087081e-06,7.14397714319e-08,2.29825436691e-05,2.29311644944e-05,1.80019524123e-05,8.98465168575e-06,3.50929610704e-07
553,2024-08-24 01:00:00,23.041666666666668,4.65820858153e-06,4.64453296445e-06,3.65996788787e-06,1.87079274383e-06,7.23838979866e-08,2.29669767577e-05,2.29204761126e-05,1.80445149454e-05,9.09949812922e-06,3.56313734073e-07
554,2024-08-24 02:00:00,23.083333333333332,4.64547474621e-06,4.63136348117e-06,3.66079325431e-06,1.88764590803e-06,7.32715150775e-08,2.29567576753e-05,2.29088491324e-05,1.80906536116e-05,9.20207185118e-06,3.61463662557e-07
555,2024-08-24 03:00:00,23.125,4.63108017357e-06,4.61908393845e-06,3.66034464605e-06,1.90212654161e-06,7.41326928733e-08,2.29408833547e-05,2.28999051615e-05,1.81308805622e-05,9.29434099817e-06,3.66513830841e-07
556,2024-08-24 04:00:00,23.166666666666668,4.61739819002e-06,4.60686442239e-06,3.66052086065e-06,1.9153719677e-06,7.500003818e-08,2.29271336138e-05,2.28907028941e-05,1.81715822691e-05,9.38096400205e-06,3.71612060235e-07
557,2024-08-24 05:00:00,23.208333333333332,4.6031191232e-06,4.59434613731e-06,3.659838967e-06,1.92556376533e-06,7.58839604487e-08,2.29108864005e-05,2.28799253819e-05,1.82088824658e-05,9.45302872424e-06,3.76815080472e-07
558,2024-08-24 06:00:00,23.25,4.58717022411e-06,4.57976375401e-06,3.65824462278e-06,1.93519986169e-06,7.68240866478e-08,2.2887283194e-05,2.28605786106e-05,1.82431576832e-05,9.52180471359e-06,3.82306581059e-07
559,2024-08-24 07:00:00,23.291666666666668,4.57153237221e-06,4.56589214082e-06,3.65852133655e-06,1.94495282813e-06,7.77916326911e-08,2.28656990657e-05,2.28443568631e-05,1.82860640052e-05,9.59092449193e-06,3.87938655422e-07
560,2024-08-24 08:00:00,23.333333333333332,4.55647841591e-06,4.54992368759e-06,3.66029303223e-06,1.95563075067e-06,7.87242058209e-08,2.28455537581e-05,2.28197695833e-05,1.83359079529e-05,9.66505376709e-06,3.93415149347e-07
561,2024-08-24 09:00:00,23.375,4.54206656286e-06,4.53279017165e-06,3.66217295777e-06,1.96831319954e-06,7.94668579829e-08,2.28265253099e-05,2.27902201004e-05,1.83863830898e-05,9.75008697424e-06,3.9801656726e-07
562,2024-08-24 10:00:00,23.416666666666668,4.52812309959e-06,4.51941605206e-06,3.66509152627e-06,1.98626958081e-06,8.01874904255e-08,2.28066182899e-05,2.27721593546e-05,1.8444894522e-05,9.86232043942e-06,4.02556878498e-07
563,2024-08-24 11:00:00,23.458333333333332,4.52220774605e-06,4.50621564596e-06,3.67422603631e-06,2.01422517421e-06,8.09806692814e-08,2.2820686354e-05,2.27599412028e-05,1.85381504707e-05,1.00249180832e-05,4.07492024124e-07
564,2024-08-24 12:00:00,23.5,4.51307732874e-06,4.49295794169e-06,3.68806581719e-06,2.05451488e-06,8.18660552682e-08,2.28183198487e-05,2.27443524636e-05,1.86561755982e-05,1.02491048892e-05,4.12873532696e-07
565,2024-08-24 13:00:00,23.541666666666668,4.50020479548e-06,4.48072023573e-06,3.70444399778e-06,2.10416556001e-06,8.2867295248e-08,2.28013432206e-05,2.27304844884e-05,1.87846326298e-05,1.05203935163e-05,4.18821343828e-07
566,2024-08-24 14:00:00,23.583333333333332,4.48390346719e-06,4.46679268862e-06,3.72071053789e-06,2.1556484171e-06,8.39102654027e-08,2.27728705795e-05,2.27084819926e-05,1.89119018614e-05,1.08008462121e-05,4.2498245989e-07
567,2024-08-24 15:00:00,23.625,4.46802778242e-06,4.46717149316e-06,3.76481989406e-06,2.24040286412e-06,8.58323900843e-08,2.27501877816e-05,2.27328655455e-05,1.91916642507e-05,1.12488478408e-05,4.35611383409e-07
568,2024-08-24 16:00:00,23.666666666666668,4.46817784905e-06,4.4649927986e-06,3.84705799661e-06,2.40041367761e-06,8.75897896435e-08,2.27789296332e-05,2.27482887567e-05,1.96718665393e-05,1.20853437693e-05,4.45400814897e-07
569,2024-08-24 17:00:00,23.708333333333332,4.46074454885e-06,4.44174929726e-06,3.90651939597e-06,2.59694024862e-06,8.97249776699e-08,2.27776345127e-05,2.2681628252e-05,2.00209615286e-05,1.31276174216e-05,4.57222938621e-07
570,2024-08-24 18:00:00,23.75,4.44508532382e-06,4.42116606791e-06,3.93031041312e-06,2.77384197034e-06,9.1012097414e-08,2.27417403948e-05,2.26235806622e-05,2.01720304176e-05,1.40754918903e-05,4.64727804683e-07
571,2024-08-24 19:00:00,23.791666666666668,4.42534610556e-06,4.41044130639e-06,3.93836171497e-06,2.89557692668e-06,9.1861657836e-08,2.2687638193e-05,2.26078827836e-05,2.02443225135e-05,1.47372547872e-05,4.70035757871e-07
572,2024-08-24 20:00:00,23.833333333333332,4.37725338998e-06,4.36341451859e-06,3.93651680497e-06,2.96976077152e-06,9.27772987325e-08,2.24852046813e-05,2.24074701691e-05,2.02710943995e-05,1.51518725033e-05,4.75700772995e-07
573,2024-08-24 21:00:00,23.875,4.34753201262e-06,4.32850765719e-06,3.927756552e-06,3.00115198115e-06,9.33425852168e-08,2.237282024e-05,2.22770904657e-05,2.02641804208e-05,1.53448927449e-05,4.79609582271e-07
574,2024-08-24 22:00:00,23.916666666666668,4.3439727051e-06,4.32856359112e-06,3.92351421397e-06,3.01084855892e-06,9.40271291938e-08,2.23991355597e-05,2.23270471906e-05,2.02839655685e-05,1.54263834702e-05,4.84180191052e-07
575,2024-08-24 23:00:00,23.958333333333332,4.33320019511e-06,4.31901253251e-06,3.9188912524e-06,3.02074067804e-06,9.46897031895e-08,2.23917304538e-05,2.23257156904e-05,2.03030031116e-05,1.55113229994e-05,4.88659679831e-07
576,2024-08-25 00:00:00,24.0,4.31018861491e-06,4.30181489719e-06,3.91249659515e-06,3.02266721519e-06,9.51965262175e-08,2.23226343223e-05,2.22847083933e-05,2.03147574211e-05,1.55559282575e-05,4.92350068271e-07
577,2024-08-25 01:00:00,24.041666666666668,4.29651208833e-06,4.28622843174e-06,3.90806098949e-06,3.01949398818e-06,9.58628589842e-08,2.23018505494e-05,2.2253861971e-05,2.03391318792e-05,1.5574725694e-05,4.96887935242e-07
578,2024-08-25 02:00:00,24.083333333333332,4.28298471888e-06,4.26753831562e-06,3.89778733734e-06,3.00260830954e-06,9.65112008089e-08,2.22802045755e-05,2.22075832426e-05,2.03298550332e-05,1.55213965627e-05,5.01362876548e-07
579,2024-08-25 03:00:00,24.125,4.26500218964e-06,4.24820746048e-06,3.87983300243e-06,2.97993210552e-06,9.70707247916e-08,2.22366415983e-05,2.21578175115e-05,2.02765968425e-05,1.5437739421e-05,5.05380910454e-07
580,2024-08-25 04:00:00,24.166666666666668,4.24298059443e-06,4.22789298682e-06,3.85644034395e-06,2.95536028716e-06,9.76317835466e-08,2.21719546971e-05,2.21022182814e-05,2.01928487513e-05,1.53444125317e-05,5.09409176175e-07
581,2024-08-25 05:00:00,24.208333333333332,4.22389530286e-06,4.2070573727e-06,3.83273936677e-06,2.91984565592e-06,9.82538708172e-08,2.2123740564e-05,2.20451529458e-05,2.01076945814e-05,1.51925960381e-05,5.13786233114e-07
582,2024-08-25 06:00:00,24.25,4.19802654505e-06,4.17965566157e-06,3.8088267047e-06,2.8683086839e-06,9.88860477946e-08,2.20416386583e-05,2.19555859076e-05,2.00222457352e-05,1.49544694068e-05,5.18249578363e-07
583,2024-08-25 07:00:00,24.291666666666668,4.17375576944e-06,4.14710757468e-06,3.78561912839e-06,2.80956737697e-06,9.95823867811e-08,2.19685298362e-05,2.18409077206e-05,1.99415153475e-05,1.46763768498e-05,5.2307069609e-07
584,2024-08-25 08:00:00,24.333333333333332,4.14881560573e-06,4.11264682043e-06,3.75876447833e-06,2.7537216738e-06,1.00308753304e-07,2.18934328586e-05,2.17166380025e-05,1.98390844162e-05,1.44125624502e-05,5.28075474904e-07
585,2024-08-25 09:00:00,24.375,4.1149869503e-06,4.08777668781e-06,3.72986141883e-06,2.70417604042e-06,1.01039049127e-07,2.17728083953e-05,2.16383468796e-05,1.97245135496e-05,1.41816872201e-05,5.33129480118e-07
586,2024-08-25 10:00:00,24.416666666666668,4.07363540944e-06,4.06684375776e-06,3.70342240785e-06,2.66387223746e-06,1.01757116511e-07,2.16124808503e-05,2.1578545784e-05,1.9624716515e-05,1.39998419399e-05,5.38165409125e-07
587,2024-08-25 11:00:00,24.458333333333332,4.04128650189e-06,4.05105083701e-06,3.67985808225e-06,2.62376261162e-06,1.02471219066e-07,2.14971223613e-05,2.15448071685e-05,1.9542139853e-05,1.38182576848e-05,5.43213559467e-07
588,2024-08-25 12:00:00,24.5,4.01262150262e-06,4.03584863307e-06,3.65505070477e-06,2.58314503299e-06,1.03139427665e-07,2.13986841118e-05,2.15138970816e-05,1.94531876332e-05,1.36334911076e-05,5.48042464743e-07
589,2024-08-25 13:00:00,24.541666666666668,3.98451356887e-06,4.01178158427e-06,3.6259832541e-06,2.54513338405e-06,1.03724907774e-07,2.13006696868e-05,2.14373521885e-05,1.93404521269e-05,1.3462617062e-05,5.52448000235e-07
590,2024-08-25 14:00:00,24.583333333333332,3.95924053009e-06,3.985134299e-06,3.59355908586e-06,2.50871494245e-06,1.04232022125e-07,2.12163868127e-05,2.13471848838e-05,1.92089919437e-05,1.33001703944e-05,5.56483200853e-07
591,2024-08-25 15:00:00,24.625,3.94805874748e-06,3.9617884795e-06,3.56038094651e-06,2.47031357503e-06,1.04962985858e-07,2.12062877836e-05,2.12745017052e-05,1.90724204003e-05,1.31264814627e-05,5.6172046925e-07
592,2024-08-25 16:00:00,24.666666666666668,3.93156005885e-06,3.93823165723e-06,3.5255743569e-06,2.42707142206e-06,1.05613544576e-07,2.11666829273e-05,2.11996357393e-05,1.89264519577e-05,1.29258087327e-05,5.66570008687e-07
593,2024-08-25 17:00:00,24.708333333333332,3.92009951611e-06,3.922005817e-06,3.49035758518e-06,2.38288953369e-06,1.06406943701e-07,2.11519491131e-05,2.11625265365e-05,1.87771602214e-05,1.2718641301e-05,5.72182614178e-07
594,2024-08-25 18:00:00,24.75,3.91018465962e-06,3.90797822547e-06,3.45680768987e-06,2.3382353902e-06,1.07340369482e-07,2.11454043892e-05,2.11367168959e-05,1.86360648513e-05,1.2507338397e-05,5.78535548357e-07
595,2024-08-25 19:00:00,24.791666666666668,3.8973557821e-06,3.89054821426e-06,3.42301518685e-06,2.2883841666e-06,1.08278797484e-07,2.11228034459e-05,2.10920406971e-05,1.84930031537e-05,1.2266237718e-05,5.84890813116e-07
596,2024-08-25 20:00:00,24.833333333333332,3.885656497e-06,3.8760363168e-06,3.38561039825e-06,2.22920880333e-06,1.09280236416e-07,2.11062051676e-05,2.10621765291e-05,1.83286920219e-05,1.19721589726e-05,5.91587479448e-07
597,2024-08-25 21:00:00,24.875,3.87277623304e-06,3.86191368307e-06,3.34681385539e-06,2.16714283852e-06,1.10332180725e-07,2.10836751648e-05,2.10340876947e-05,1.81551349669e-05,1.16600822366e-05,5.98580697897e-07
598,2024-08-25 22:00:00,24.916666666666668,3.86038436773e-06,3.84807708542e-06,3.3093856473e-06,2.10671782952e-06,1.11449693918e-07,2.10641483136e-05,2.10071957554e-05,1.79878279596e-05,1.13548694571e-05,6.05960508437e-07
599,2024-08-25 23:00:00,24.958333333333332,3.84986833524e-06,3.83466931453e-06,3.27739167005e-06,2.05398305297e-06,1.12649871653e-07,2.10544894799e-05,2.09822410397e-05,1.7850252334e-05,1.10904602479e-05,6.13802001226e-07
600,2024-08-26 00:00:00,25.0,3.83818223781e-06,3.82171992896e-06,3.2507632568e-06,2.00959948415e-06,1.13834680349e-07,2.10384441743e-05,2.0959367248e-05,1.77423098648e-05,1.08711337816e-05,6.21599156148e-07
601,2024-08-26 01:00:00,25.041666666666668,3.82738471671e-06,3.80935193789e-06,3.2262203149e-06,1.96977316591e-06,1.14991685507e-07,2.10267189686e-05,2.0939281967e-05,1.76451485459e-05,1.06763573058e-05,6.29249939266e-07
602,2024-08-26 02:00:00,25.083333333333332,3.8144867176e-06,3.79703465114e-06,3.20150456901e-06,1.93280243366e-06,1.16070737022e-07,2.10035886994e-05,2.09191493923e-05,1.75457553269e-05,1.04964383354e-05,6.36541926724e-07
603,2024-08-26 03:00:00,25.125,3.80388496524e-06,3.78626850761e-06,3.17709145747e-06,1.90066157302e-06,1.17232943353e-07,2.09931458812e-05,2.0907349608e-05,1.74464694283e-05,1.0342359019e-05,6.4432185809e-07
604,2024-08-26 04:00:00,25.166666666666668,3.79274274565e-06,3.77547439712e-06,3.1545357615e-06,1.87486125469e-06,1.18394403614e-07,2.09794707189e-05,2.08951496461e-05,1.73566168087e-05,1.02228941614e-05,6.52131006973e-07
605,2024-08-26 05:00:00,25.208333333333332,3.78124809686e-06,3.76446746486e-06,3.1338036024e-06,1.85366900496e-06,1.19509124374e-07,2.096366552e-05,2.08815345104e-05,1.72765267052e-05,1.01284540506e-05,6.59727220409e-07
606,2024-08-26 06:00:00,25.25,3.77044193556e-06,3.75314948542e-06,3.11472808789e-06,1.83440329238e-06,1.20562532402e-07,2.09512509173e-05,2.08659603231e-05,1.72070922417e-05,1.00440884125e-05,6.67004144361e-07
607,2024-08-26 07:00:00,25.291666666666668,3.75459740098e-06,3.73542275156e-06,3.09133679366e-06,1.81040991265e-06,1.21205403047e-07,2.09092813748e-05,2.08135425055e-05,1.71133997355e-05,9.93294088403e-06,6.72088845022e-07
608,2024-08-26 08:00:00,25.333333333333332,3.73063085135e-06,3.70769521396e-06,3.03974252347e-06,1.77107449417e-06,1.21971211797e-07,2.08195524465e-05,2.07027260331e-05,1.68581918842e-05,9.73580972641e-06,6.77819400607e-07
609,2024-08-26 09:00:00,25.375,3.69974486603e-06,3.68500627701e-06,2.95250924864e-06,1.71662850335e-06,1.23330977431e-07,2.06903569051e-05,2.06207187148e-05,1.63982967933e-05,9.4519537015e-06,6.86784233039e-07
610,2024-08-26 10:00:00,25.416666666666668,3.64123229701e-06,3.6587489376e-06,2.85739861283e-06,1.66728511886e-06,1.2453654108e-07,2.04022198886e-05,2.05179330806e-05,1.58905713761e-05,9.19178091863e-06,6.94937114076e-07
611,2024-08-26 11:00:00,25.458333333333332,3.57055296263e-06,3.63714275409e-06,2.80326685242e-06,1.64117966506e-06,1.26011926227e-07,2.00430113182e-05,2.04427906283e-05,1.56121332111e-05,9.05755678104e-06,7.04571618826e-07
612,2024-08-26 12:00:00,25.5,3.51808557753e-06,3.61118463843e-06,2.78908669316e-06,1.62584069585e-06,1.27861312649e-07,1.97871795535e-05,2.03416329896e-05,1.55618781719e-05,8.98520283954e-06,7.16326667316e-07
613,2024-08-26 13:00:00,25.541666666666668,3.48882144863e-06,3.57782255378e-06,2.76857099379e-06,1.60081992817e-06,1.29475367316e-07,1.9664188585e-05,2.01960956474e-05,1.54769531946e-05,8.86297675606e-06,7.26949281216e-07
614,2024-08-26 14:00:00,25.583333333333332,3.46054412148e-06,3.53818177246e-06,2.73460409517e-06,1.57052647864e-06,1.3109317365e-07,1.95467473532e-05,2.00145041163e-05,1.53169185069e-05,8.71402698976e-06,7.37671030038e-07
615,2024-08-26 15:00:00,25.625,3.43776719092e-06,3.51180369762e-06,2.69027418653e-06,1.5375694602e-06,1.32958973609e-07,1.94620552065e-05,1.9910528863e-05,1.50988989844e-05,8.55122107168e-06,7.498150012e-07
616,2024-08-26 16:00:00,25.666666666666668,3.41465010933e-06,3.49006700162e-06,2.65024414148e-06,1.50623998252e-06,1.34244643846e-07,1.93767209566e-05,1.98331999854e-05,1.49060651893e-05,8.39805670694e-06,7.58830424274e-07
617,2024-08-26 17:00:00,25.708333333333332,3.40050974046e-06,3.46972205989e-06,2.62236835624e-06,1.47731020661e-06,1.34872152557e-07,1.93437426788e-05,1.97635163204e-05,1.47842147271e-05,8.25894221634e-06,7.64280457588e-07
618,2024-08-26 18:00:00,25.75,3.40976316693e-06,3.45465173268e-06,2.60424508269e-06,1.4541959672e-06,1.35714699923e-07,1.94474632735e-05,1.97247318283e-05,1.47191603901e-05,8.15208204585e-06,7.71059319504e-07
619,2024-08-26 19:00:00,25.791666666666668,3.41736131304e-06,3.44149225384e-06,2.5982101306e-06,1.43684280829e-06,1.37584805771e-07,1.95421107492e-05,1.96972341655e-05,1.47239743455e-05,8.0765439634e-06,7.83667189808e-07
620,2024-08-26 20:00:00,25.833333333333332,3.42084672411e-06,3.4332258565e-06,2.59653234025e-06,1.41943280596e-06,1.39535558219e-07,1.96126802621e-05,1.96981636691e-05,1.47535292854e-05,7.99977078714e-06,7.96686833837e-07
621,2024-08-26 21:00:00,25.875,3.41878831023e-06,3.42713542523e-06,2.59444345829e-06,1.39962844514e-06,1.4133937043e-07,1.96502969629e-05,1.97116205527e-05,1.47800492414e-05,7.90876765677e-06,8.08793174656e-07
622,2024-08-26 22:00:00,25.916666666666668,3.4148145005e-06,3.4210411286e-06,2.58699969891e-06,1.37927281685e-06,1.43034313282e-07,1.96757227968e-05,1.9724784579e-05,1.47748050949e-05,7.81385915616e-06,8.20297657356e-07
623,2024-08-26 23:00:00,25.958333333333332,3.41156351169e-06,3.41444956575e-06,2.5735687359e-06,1.36030973863e-06,1.44824539916e-07,1.970487574e-05,1.97347653739e-05,1.47340788317e-05,7.72595649323e-06,8.3237466697e-07
624,2024-08-27 00:00:00,26.0,3.40907809004e-06,3.40981546287e-06,2.56151133726e-06,1.34569870625e-06,1.46495409581e-07,1.97389581444e-05,1.97558783839e-05,1.47011433e-05,7.6617097875e-06,8.43881821311e-07
625,2024-08-27 01:00:00,26.041666666666668,3.40865040016e-06,3.40741530636e-06,2.55486270362e-06,1.33795913371e-06,1.48391706034e-07,1.97846839001e-05,1.9789506041e-05,1.46998481796e-05,7.63571642892e-06,8.56727979226e-07
626,2024-08-27 02:00:00,26.083333333333332,3.4036179386e-06,3.40239444085e-06,2.56133671428e-06,1.33822231874e-06,1.50534035015e-07,1.98033685592e-05,1.98078305402e-05,1.4775989257e-05,7.65488130128e-06,8.71003237535e-07
627,2024-08-27 03:00:00,26.125,3.4010311083e-06,3.39554071616e-06,2.58422642219e-06,1.34447031996e-06,1.52873582238e-07,1.98355519387e-05,1.98154630198e-05,1.49495626829e-05,7.70808856032e-06,8.86433326741e-07
628,2024-08-27 04:00:00,26.166666666666668,3.39895450452e-06,3.39220196111e-06,2.61603986473e-06,1.35963898629e-06,1.55265951207e-07,1.98706620722e-05,1.98426805582e-05,1.51766598719e-05,7.81215021561e-06,9.02202600628e-07
629,2024-08-27 05:00:00,26.208333333333332,3.39526104653e-06,3.38960126101e-06,2.65095832219e-06,1.37789163546e-06,1.57536419465e-07,1.98967027245e-05,1.98736979655e-05,1.54228964675e-05,7.93422623246e-06,9.17278043744e-07
630,2024-08-27 06:00:00,26.25,3.3903536405e-06,3.38618747264e-06,2.68226790467e-06,1.39864255289e-06,1.59510904041e-07,1.99155783775e-05,1.98998295673e-05,1.56483311002e-05,8.07111155154e-06,9.30656312903e-07
631,2024-08-27 07:00:00,26.291666666666668,3.38090922014e-06,3.37795427185e-06,2.70576356343e-06,1.41439136314e-06,1.61091151085e-07,1.9908977265e-05,1.98990001081e-05,1.58279071911e-05,8.18007993075e-06,9.41902442264e-07
632,2024-08-27 08:00:00,26.333333333333332,3.36816674462e-06,3.36509219778e-06,2.72272654911e-06,1.43123372709e-06,1.62376210255e-07,1.98841371457e-05,1.98723901121e-05,1.59691699082e-05,8.29600230645e-06,9.51633580826e-07
633,2024-08-27 09:00:00,26.375,3.35773097504e-06,3.35368690685e-06,2.73575960819e-06,1.44947932768e-06,1.63602805969e-07,1.9872410121e-05,1.98539109988e-05,1.60876243172e-05,8.42081044539e-06,9.61122623266e-07
634,2024-08-27 10:00:00,26.416666666666668,3.34952119374e-06,3.34478681907e-06,2.74607464235e-06,1.46738113926e-06,1.64749138776e-07,1.98735087906e-05,1.98495945369e-05,1.61905973073e-05,8.54461632116e-06,9.70218025032e-07
635,2024-08-27 11:00:00,26.458333333333332,3.33954085363e-06,3.33429693455e-06,2.75332536148e-06,1.48139758949e-06,1.65718589074e-07,1.98651159735e-05,1.98366979021e-05,1.62762407854e-05,8.64700905367e-06,9.78349589786e-07
636,2024-08-27 12:00:00,26.5,3.32779904966e-06,3.33652633344e-06,2.77247727354e-06,1.48833635194e-06,1.68122909372e-07,1.98486304726e-05,1.98940069822e-05,1.64357061294e-05,8.70960684551e-06,9.94983906821e-07
637,2024-08-27 13:00:00,26.541666666666668,3.34669243784e-06,3.3380961213e-06,2.82747350866e-06,1.51252697833e-06,1.73263060788e-07,1.99974147108e-05,1.99466503545e-05,1.68155820575e-05,8.87373607839e-06,1.02773049093e-06
638,2024-08-27 14:00:00,26.583333333333332,3.35369873028e-06,3.33447087542e-06,2.89749891635e-06,1.57062868311e-06,1.79851511461e-07,2.00802296604e-05,1.99696023628e-05,1.72913987626e-05,9.23770676309e-06,1.06910511022e-06
639,2024-08-27 15:00:00,26.625,3.35298796017e-06,3.32539116243e-06,2.95461154565e-06,1.64125162883e-06,1.85033911748e-07,2.0120469344e-05,1.99620335479e-05,1.76893790922e-05,9.6789735835e-06,1.10236010187e-06
640,2024-08-27 16:00:00,26.666666666666668,3.34747164743e-06,3.31168462253e-06,2.98365080198e-06,1.7140619093e-06,1.86517837619e-07,2.01341499633e-05,1.99296482606e-05,1.79118360393e-05,1.01375508166e-05,1.11399060643e-06
641,2024-08-27 17:00:00,26.708333333333332,3.33147045239e-06,3.2976440707e-06,2.98782197206e-06,1.78682671503e-06,1.86063573437e-07,2.00916838367e-05,1.98966881726e-05,1.79804301297e-05,1.05984481706e-05,1.11416284199e-06
642,2024-08-27 18:00:00,26.75,3.31549995281e-06,3.2916566397e-06,2.98337113236e-06,1.84202042419e-06,1.8619796549e-07,2.00482045329e-05,1.99068381335e-05,1.79979324457e-05,1.09580596472e-05,1.11782480872e-06
643,2024-08-27 19:00:00,26.791666666666668,3.29910358232e-06,3.29124804921e-06,2.98140525956e-06,1.8822944412e-06,1.86990590123e-07,2.00013219001e-05,1.99466503545e-05,1.80343849934e-05,1.12286779768e-05,1.12534689833e-06
644,2024-08-27 20:00:00,26.833333333333332,3.29315776071e-06,3.29141880684e-06,2.97094720736e-06,1.91490539692e-06,1.86915130485e-07,2.00097074412e-05,1.99893784156e-05,1.80183869816e-05,1.14498543553e-05,1.12763859761e-06
645,2024-08-27 21:00:00,26.875,3.29089152729e-06,3.28622286361e-06,2.95273912343e-06,1.93790310732e-06,1.86965621651e-07,2.00373560801e-05,2.00026661332e-05,1.79506187123e-05,1.16166238513e-05,1.1305986618e-06
646,2024-08-27 22:00:00,26.916666666666668,3.28499368152e-06,3.28097780766e-06,2.93254220196e-06,1.95926668312e-06,1.87328737411e-07,2.00450795091e-05,2.00149934244e-05,1.78677091753e-05,1.17751351354e-05,1.13545729619e-06
647,2024-08-27 23:00:00,26.958333333333332,3.28794544657e-06,3.27452858073e-06,2.91388414553e-06,1.97874760488e-06,1.88085408581e-07,2.00993672479e-05,2.00207487069e-05,1.77940491994e-05,1.1921879377e-05,1.14275121632e-06
648,2024-08-28 00:00:00,27.0,3.28410578732e-06,3.26486156155e-06,2.89715148938e-06,1.99241640075e-06,1.89440072518e-07,2.01179700525e-05,2.00089780265e-05,1.77328129212e-05,1.20344711831e-05,1.15371631182e-06
649,2024-08-28 01:00:00,27.041666666666668,3.27447605741e-06,3.25512246491e-06,2.88253636427e-06,1.99913392862e-06,1.91130126836e-07,2.01054626814e-05,1.99962869374e-05,1.76841604116e-05,1.21058337754e-05,1.16670548778e-06
650,2024-08-28 02:00:00,27.083333333333332,3.26673421114e-06,3.24770917359e-06,2.87199304694e-06,2.00145586859e-06,1.92973928392e-07,2.01031671168e-05,1.99961632461e-05,1.76618632395e-05,1.21498069348e-05,1.18063303489e-06
651,2024-08-28 03:00:00,27.125,3.25992186845e-06,3.23949916492e-06,2.86317913378e-06,2.00137742468e-06,1.9486697056e-07,2.01062030101e-05,1.99916939891e-05,1.76506036951e-05,1.21777648019e-05,1.19488640848e-06
652,2024-08-28 04:00:00,27.166666666666668,3.2505024592e-06,3.23198719343e-06,2.85441456072e-06,2.00185149879e-06,1.96674861286e-07,2.00948434212e-05,1.99905971385e-05,1.76395587914e-05,1.22089977594e-05,1.2086101151e-06
653,2024-08-28 05:00:00,27.208333333333332,3.24054394696e-06,3.22311507261e-06,2.84360044134e-06,2.00500107894e-06,1.98352907432e-07,2.00801005121e-05,1.99816840905e-05,1.76152880158e-05,1.22571182146e-05,1.22156984617e-06
654,2024-08-28 06:00:00,27.25,3.23142580783e-06,3.21467678077e-06,2.82897076431e-06,2.01112220566e-06,1.99797383971e-07,2.00699541892e-05,1.99750047614e-05,1.75647564902e-05,1.23248455566e-05,1.23316419831e-06
655,2024-08-28 07:00:00,27.291666666666668,3.21840275319e-06,3.2050165828e-06,2.81250549961e-06,2.01707780434e-06,2.01238577802e-07,2.00387657969e-05,1.99615387828e-05,1.75009554368e-05,1.23910067487e-05,1.24489235986e-06
656,2024-08-28 08:00:00,27.333333333333332,3.19906030199e-06,3.1901370221e-06,2.7975111152e-06,2.02193382393e-06,2.02732579169e-07,1.9972841983e-05,1.99190253625e-05,1.74470442289e-05,1.2450946997e-05,1.25712176668e-06
657,2024-08-28 09:00:00,27.375,3.1802360354e-06,3.17413241646e-06,2.78371362583e-06,2.02654950954e-06,2.04359849931e-07,1.99093465199e-05,1.98697798623e-05,1.74013493961e-05,1.25103342725e-05,1.27028044972e-06
658,2024-08-28 10:00:00,27.416666666666668,3.16811610901e-06,3.16161435876e-06,2.76989271697e-06,2.03233730645e-06,2.06343912623e-07,1.98828875e-05,1.98403704417e-05,1.73544303834e-05,1.25786946228e-05,1.28572230551e-06
659,2024-08-28 11:00:00,27.458333333333332,3.15968395626e-06,3.15209967994e-06,2.75772367786e-06,2.03944205168e-06,2.09129169093e-07,1.98773432203e-05,1.98284305952e-05,1.73178359546e-05,1.26564527818e-05,1.30620026084e-06
660,2024-08-28 12:00:00,27.5,3.15292845698e-06,3.14202361551e-06,2.74919466392e-06,2.05200421988e-06,2.15147764493e-07,1.9881514163e-05,1.98135185201e-05,1.7305743313e-05,1.2771263755e-05,1.34674053243e-06
661,2024-08-28 13:00:00,27.541666666666668,3.15268084705e-06,3.13621012538e-06,2.7480054996e-06,2.07247717299e-06,2.26706546869e-07,1.99207825062e-05,1.98206362256e-05,1.73403550434e-05,1.29380023282e-05,1.42168835282e-06
662,2024-08-28 14:00:00,27.583333333333332,3.15768625114e-06,3.12997531182e-06,2.76309037872e-06,2.09986706068e-06,2.36992121927e-07,1.99870464712e-05,1.98239886231e-05,1.74822325789e-05,1.31499991767e-05,1.48913716203e-06
663,2024-08-28 15:00:00,27.625,3.15204329127e-06,3.11531334773e-06,2.78809170595e-06,2.12567306335e-06,2.45137158572e-07,1.99949136004e-05,1.97807985387e-05,1.76902885869e-05,1.33518315124e-05,1.54369831762e-06
664,2024-08-28 16:00:00,27.666666666666668,3.13827763421e-06,3.10051746055e-06,2.79800315184e-06,2.14284409594e-06,2.48315359386e-07,1.99578189495e-05,1.9736455215e-05,1.77951314981e-05,1.34971987791e-05,1.56770192916e-06
665,2024-08-28 17:00:00,27.708333333333332,3.12386305268e-06,3.08590642817e-06,2.79633582068e-06,2.1488172024e-06,2.48245981993e-07,1.99159185286e-05,1.96942964976e-05,1.78253994818e-05,1.35693890115e-05,1.57155943725e-06
666,2024-08-28 18:00:00,27.75,3.10748237098e-06,3.07626396534e-06,2.79064943243e-06,2.14828332901e-06,2.47410156362e-07,1.98631150852e-05,1.96804739971e-05,1.7834470782e-05,1.35995305754e-05,1.57058457262e-06
667,2024-08-28 19:00:00,27.791666666666668,3.09249867314e-06,3.0781247915e-06,2.77744607047e-06,2.1410151021e-06,2.45219268891e-07,1.98173893295e-05,1.97271456273e-05,1.7794460291e-05,1.35840546136e-05,1.56093938131e-06
668,2024-08-28 20:00:00,27.833333333333332,3.07682421408e-06,3.07657796839e-06,2.75641787084e-06,2.12834811464e-06,2.43889388685e-07,1.97685367311e-05,1.97552308236e-05,1.76982975972e-05,1.35311174745e-05,1.55663781243e-06
669,2024-08-28 21:00:00,27.875,3.066451427e-06,3.06909237224e-06,2.73260479844e-06,2.11715314435e-06,2.43031905711e-07,1.9747094484e-05,1.97510144062e-05,1.75789446075e-05,1.34885185616e-05,1.55524048751e-06
670,2024-08-28 22:00:00,27.916666666666668,3.0599553611e-06,3.05883668261e-06,2.71222575066e-06,2.10818006963e-06,2.42642812509e-07,1.97450226551e-05,1.97309927898e-05,1.74823326233e-05,1.3462019524e-05,1.55675820679e-06
671,2024-08-28 23:00:00,27.958333333333332,3.05556864078e-06,3.04937725559e-06,2.69514066531e-06,2.10121993405e-06,2.43304043579e-07,1.97549397853e-05,1.97151275643e-05,1.74091201188e-05,1.34506717586e-05,1.56496912496e-06
672,2024-08-29 00:00:00,28.0,3.05034382109e-06,3.04007926388e-06,2.67922791863e-06,2.09023073694e-06,2.44343027589e-07,1.97613371711e-05,1.97003319045e-05,1.73439348146e-05,1.34119691211e-05,1.5755978211e-06
673,2024-08-29 01:00:00,28.041666666666668,3.04250715999e-06,3.03097272081e-06,2.66448819275e-06,2.07969128496e-06,2.44899979407e-07,1.97537883651e-05,1.96866130864e-05,1.72881518665e-05,1.33758821903e-05,1.58306545472e-06
674,2024-08-29 02:00:00,28.083333333333332,3.03379556499e-06,3.02079661196e-06,2.64952836915e-06,2.06267191061e-06,2.45486006634e-07,1.97416775336e-05,1.96668152057e-05,1.72296531673e-05,1.32930499603e-05,1.59066632932e-06
675,2024-08-29 03:00:00,28.125,3.0267422062e-06,3.01397903968e-06,2.63525134869e-06,2.04203251997e-06,2.46627308798e-07,1.97391818801e-05,1.96656837943e-05,1.71736210177e-05,1.31830192913e-05,1.60186721132e-06
676,2024-08-29 04:00:00,28.166666666666668,3.01815634884e-06,3.00565557154e-06,2.62265530182e-06,2.02089677259e-06,2.47376249263e-07,1.97282297449e-05,1.96560249606e-05,1.71291685547e-05,1.30677608468e-05,1.61052378189e-06
677,2024-08-29 05:00:00,28.208333333333332,3.00832630273e-06,2.99699263451e-06,2.61074296759e-06,2.00224371838e-06,2.47560876687e-07,1.97098434001e-05,1.96439868887e-05,1.70884595718e-05,1.29688733068e-05,1.61547995958e-06
678,2024-08-29 06:00:00,28.25,2.99842804452e-06,2.98795589515e-06,2.59894068222e-06,1.98637644644e-06,2.47778586981e-07,1.96908004e-05,1.96296259674e-05,1.70461153175e-05,1.28898873299e-05,1.62067181009e-06
679,2024-08-29 07:00:00,28.291666666666668,2.98934014609e-06,2.97859355669e-06,2.58803311226e-06,1.9731617158e-06,2.48406280434e-07,1.96765358851e-05,1.96134787984e-05,1.70091643668e-05,1.28306273837e-05,1.62860237651e-06
680,2024-08-29 08:00:00,28.333333333333332,2.97828319162e-06,2.96923349197e-06,2.5784393074e-06,1.95960251403e-06,2.48913210044e-07,1.96512064576e-05,1.95970242203e-05,1.69815739355e-05,1.27701814563e-05,1.63579466061e-06
681,2024-08-29 09:00:00,28.375,2.96283246826e-06,2.95682275464e-06,2.56989414993e-06,1.94556673705e-06,2.49416586939e-07,1.9600669475e-05,1.95627981157e-05,1.69608556462e-05,1.27070916278e-05,1.64308437434e-06
682,2024-08-29 10:00:00,28.416666666666668,2.9448992791e-06,2.9403975077e-06,2.56208954852e-06,1.93042092178e-06,2.50409101454e-07,1.95361062652e-05,1.95053671632e-05,1.69448339875e-05,1.26362801893e-05,1.65378185102e-06
683,2024-08-29 11:00:00,28.458333333333332,2.93748598779e-06,2.92899721899e-06,2.55526515502e-06,1.9143251393e-06,2.5123469527e-07,1.95310276467e-05,1.94770436792e-05,1.69354043464e-05,1.25593251141e-05,1.66336906204e-06
684,2024-08-29 12:00:00,28.5,2.93097900794e-06,2.92222875942e-06,2.54946348832e-06,1.89561671959e-06,2.51889360925e-07,1.95309567061e-05,1.94756376004e-05,1.6934800442e-05,1.24642019728e-05,1.67181337929e-06
685,2024-08-29 13:00:00,28.541666666666668,2.92611730401e-06,2.91381388706e-06,2.54450060311e-06,1.87399120932e-06,2.52202084994e-07,1.95400552911e-05,1.94647673197e-05,1.6941834474e-05,1.23490117403e-05,1.67794814843e-06
686,2024-08-29 14:00:00,28.583333333333332,2.91808032671e-06,2.90501316158e-06,2.54016185863e-06,1.84987743523e-06,2.52351952668e-07,1.95310385607e-05,1.9451337721e-05,1.6953677914e-05,1.22159526654e-05,1.68298277003e-06
687,2024-08-29 15:00:00,28.625,2.91283868137e-06,2.89984154733e-06,2.53603820966e-06,1.82424082595e-06,2.52577876836e-07,1.95377633645e-05,1.94586864382e-05,1.69664635905e-05,1.20727991089e-05,1.68852466231e-06
688,2024-08-29 16:00:00,28.666666666666668,2.90203411168e-06,2.89020499622e-06,2.53179246101e-06,1.79771961939e-06,2.52899582165e-07,1.95122211153e-05,1.94401036424e-05,1.69778195414e-05,1.1922313206e-05,1.69472934886e-06
689,2024-08-29 17:00:00,28.708333333333332,2.89388799501e-06,2.88298974738e-06,2.52729114436e-06,1.77143022029e-06,2.53233281455e-07,1.95017619262e-05,1.94356052816e-05,1.69860668393e-05,1.17734607556e-05,1.70101668573e-06
690,2024-08-29 18:00:00,28.75,2.88661158265e-06,2.87655484499e-06,2.52233417086e-06,1.74635317762e-06,2.53442976828e-07,1.94963631657e-05,1.94356489374e-05,1.6990059521e-05,1.16320507004e-05,1.70642374542e-06
691,2024-08-29 19:00:00,28.791666666666668,2.87917168862e-06,2.86926001536e-06,2.51722235589e-06,1.72343834492e-06,2.53540918038e-07,1.94900439965e-05,1.94306703634e-05,1.69923987414e-05,1.15053990157e-05,1.71100384705e-06
692,2024-08-29 20:00:00,28.833333333333332,2.87242323793e-06,2.86418912765e-06,2.51232313531e-06,1.70253679244e-06,2.5370039225e-07,1.94876502064e-05,1.94384865608e-05,1.69959585037e-05,1.1391971384e-05,1.71597366716e-06
693,2024-08-29 21:00:00,28.875,2.86481531475e-06,2.8575379929e-06,2.50766674981e-06,1.68338510775e-06,2.54054413062e-07,1.94802869373e-05,1.94368967641e-05,1.70013008756e-05,1.12888401418e-05,1.72230738826e-06
694,2024-08-29 22:00:00,28.916666666666668,2.85701503344e-06,2.85044347947e-06,2.50323478213e-06,1.66518805145e-06,2.54220083207e-07,1.94716758415e-05,1.94324711629e-05,1.7008089344e-05,1.11908329927e-05,1.72729914993e-06
695,2024-08-29 23:00:00,28.958333333333332,2.84946941065e-06,2.84375232695e-06,2.49907202488e-06,1.64762900567e-06,2.54267831679e-07,1.94642343558e-05,1.9430211978e-05,1.70162602444e-05,1.10965302156e-05,1.73144439941e-06
696,2024-08-30 00:00:00,29.0,2.84129555439e-06,2.83539179691e-06,2.49499635174e-06,1.63125594099e-06,2.54125325228e-07,1.94529729924e-05,1.94179392565e-05,1.70248003997e-05,1.10098826553e-05,1.73422972694e-06
697,2024-08-30 01:00:00,29.041666666666668,2.83448503069e-06,2.82888549918e-06,2.49090135185e-06,1.61578157076e-06,2.5379134172e-07,1.94495914911e-05,1.94163476408e-05,1.70329731191e-05,1.09294296635e-05,1.73563557837e-06
698,2024-08-30 02:00:00,29.083333333333332,2.82671612695e-06,2.82060636891e-06,2.48697506322e-06,1.60145691552e-06,2.53549046647e-07,1.94404401554e-05,1.94041149371e-05,1.70420480572e-05,1.08570466182e-05,1.73769058165e-06
699,2024-08-30 03:00:00,29.125,2.81997154161e-06,2.81375355371e-06,2.4834382657e-06,1.58867078426e-06,2.53359530689e-07,1.94372823898e-05,1.94001422642e-05,1.70533439814e-05,1.07948071673e-05,1.7400930119e-06
700,2024-08-30 04:00:00,29.166666666666668,2.81365009869e-06,2.80693893728e-06,2.48026140071e-06,1.57763270181e-06,2.53271508655e-07,1.94366039068e-05,1.93962623598e-05,1.70669809449e-05,1.07441046566e-05,1.74324043201e-06
701,2024-08-30 05:00:00,29.208333333333332,2.80752169601e-06,2.8001300052e-06,2.47730122283e-06,1.56818168762e-06,2.53313544363e-07,1.9436913135e-05,1.93922296603e-05,1.70821367647e-05,1.07039913928e-05,1.74733690983e-06
702,2024-08-30 06:00:00,29.25,2.80101039607e-06,2.79253799818e-06,2.47466255132e-06,1.56009014063e-06,2.53383177551e-07,1.94348031073e-05,1.93832620425e-05,1.70992771018e-05,1.0672792996e-05,1.75164416305e-06
703,2024-08-30 07:00:00,29.291666666666668,2.79480582321e-06,2.78514880847e-06,2.47213233706e-06,1.55297084348e-06,2.53377976378e-07,1.94342956092e-05,1.93752275663e-05,1.71170468093e-05,1.06479874376e-05,1.75540196778e-06
704,2024-08-30 08:00:00,29.333333333333332,2.78794232145e-06,2.77706362795e-06,2.46914487434e-06,1.54642680172e-06,2.5335589271e-07,1.94297354028e-05,1.93628093257e-05,1.71317569766e-05,1.06268671516e-05,1.7590563175e-06
705,2024-08-30 09:00:00,29.375,2.78060679193e-06,2.76930313703e-06,2.46565150519e-06,1.54023439336e-06,2.53406568618e-07,1.94223630388e-05,1.93521536858e-05,1.71429437614e-05,1.06078878161e-05,1.76327682766e-06
706,2024-08-30 10:00:00,29.416666666666668,2.77220715361e-06,2.76270770883e-06,2.4625419428e-06,1.53511439294e-06,2.53685300322e-07,1.94090935111e-05,1.93482428585e-05,1.71568935912e-05,1.05958497443e-05,1.76923663275e-06
707,2024-08-30 11:00:00,29.458333333333332,2.76320452031e-06,2.75349111689e-06,2.46011427407e-06,1.53130895342e-06,2.54186488746e-07,1.93921659957e-05,1.93285468413e-05,1.71767642314e-05,1.05930012069e-05,1.77695130787e-06
708,2024-08-30 12:00:00,29.5,2.75528259408e-06,2.74850231108e-06,2.4575167572e-06,1.5273695908e-06,2.5466107445e-07,1.93812047655e-05,1.93349842448e-05,1.71970114025e-05,1.058980979e-05,1.78451716693e-06
709,2024-08-30 13:00:00,29.541666666666668,2.74715057458e-06,2.74104763776e-06,2.45493788498e-06,1.52297445766e-06,2.55166042962e-07,1.93689957086e-05,1.9326189431e-05,1.72185918927e-05,1.05840872493e-05,1.79237190423e-06
710,2024-08-30 14:00:00,29.583333333333332,2.74005515166e-06,2.73337082035e-06,2.45302157964e-06,1.51865867792e-06,2.55602344623e-07,1.93627693079e-05,1.93160176423e-05,1.72457421286e-05,1.05791068563e-05,1.79977064363e-06
711,2024-08-30 15:00:00,29.625,2.73480122814e-06,2.72575766758e-06,2.45049750447e-06,1.51392066527e-06,2.55955455941e-07,1.93670948647e-05,1.93065880012e-05,1.72691416083e-05,1.05710878415e-05,1.80654785709e-06
712,2024-08-30 16:00:00,29.666666666666668,2.7273406431e-06,2.71637259175e-06,2.44623788603e-06,1.50761252371e-06,2.56170892499e-07,1.93582382053e-05,1.92859242816e-05,1.72799100255e-05,1.05520002762e-05,1.81227494522e-06
713,2024-08-30 17:00:00,29.708333333333332,2.72281272373e-06,2.71141266239e-06,2.4409564503e-06,1.50056428083e-06,2.56083808381e-07,1.93664855033e-05,1.92918396351e-05,1.72829586518e-05,1.05271328721e-05,1.81570487712e-06
714,2024-08-30 18:00:00,29.75,2.71821750175e-06,2.70791429102e-06,2.43535851041e-06,1.49455274823e-06,2.55956820183e-07,1.93742198462e-05,1.93065861822e-05,1.72835880221e-05,1.05087146949e-05,1.81877351224e-06
715,2024-08-30 19:00:00,29.791666666666668,2.71252656603e-06,2.70185319096e-06,2.42980991061e-06,1.48996275584e-06,2.56075253446e-07,1.9375289412e-05,1.93057130673e-05,1.72844393092e-05,1.05000071926e-05,1.82366375157e-06
716,2024-08-30 20:00:00,29.833333333333332,2.70700479632e-06,2.69677957476e-06,2.42410942519e-06,1.48672688738e-06,2.56182147496e-07,1.93770520127e-05,1.93104533537e-05,1.72837499122e-05,1.05008311948e-05,1.82843848506e-06
717,2024-08-30 21:00:00,29.875,2.70174427897e-06,2.69284601018e-06,2.41836823989e-06,1.48406354583e-06,2.56125218812e-07,1.93802152353e-05,1.93219293578e-05,1.72823292814e-05,1.05057561086e-05,1.83188774372e-06
718,2024-08-30 22:00:00,29.916666666666668,2.69583961199e-06,2.68719486485e-06,2.41291900238e-06,1.48175888626e-06,2.56069085935e-07,1.93793912331e-05,1.93228515855e-05,1.72824402398e-05,1.05131020973e-05,1.83530460163e-06
719,2024-08-30 23:00:00,29.958333333333332,2.68996768682e-06,2.6815680485e-06,2.40797908191e-06,1.47950731844e-06,2.56003829691e-07,1.93784708244e-05,1.93235700863e-05,1.72854652192e-05,1.05205836007e-05,1.83863562597e-06
720,2024-08-31 00:00:00,30.0,2.68357962341e-06,2.67571499535e-06,2.40360236603e-06,1.47705486597e-06,2.55932633308e-07,1.93743708223e-05,1.93226933334e-05,1.72917025338e-05,1.05262579382e-05,1.84195380371e-06
721,2024-08-31 01:00:00,30.041666666666668,2.67687028099e-06,2.6697202884e-06,2.39987912209e-06,1.47517266669e-06,2.55936924987e-07,1.93683172256e-05,1.93207361008e-05,1.73013650056e-05,1.0535637557e-05,1.84586269825e-06
722,2024-08-31 02:00:00,30.083333333333332,2.66989263764e-06,2.66358915724e-06,2.39718724515e-06,1.47426021613e-06,2.5600914455e-07,1.93604610104e-05,1.93176892935e-05,1.73164662556e-05,1.05515464384e-05,1.85026647159e-06
723,2024-08-31 03:00:00,30.125,2.66250867753e-06,2.65639664576e-06,2.39385417444e-06,1.4739624703e-06,2.56111945873e-07,1.93500200112e-05,1.93080068129e-05,1.73275129782e-05,1.05718008854e-05,1.85491683169e-06
724,2024-08-31 04:00:00,30.166666666666668,2.65551193479e-06,2.64888967649e-06,2.38957250076e-06,1.47431273945e-06,2.56183454894e-07,1.93417090486e-05,1.92962452275e-05,1.73333646671e-05,1.05966928459e-05,1.85933606645e-06
725,2024-08-31 05:00:00,30.208333333333332,2.64881873591e-06,2.64195500677e-06,2.38489997173e-06,1.47480500345e-06,2.56275711763e-07,1.93351370399e-05,1.92879724636e-05,1.73373264261e-05,1.06225779746e-05,1.86391150692e-06
726,2024-08-31 06:00:00,30.25,2.64183790932e-06,2.63418132818e-06,2.37988547269e-06,1.47550690599e-06,2.56370043417e-07,1.93266805582e-05,1.92743391381e-05,1.73392581928e-05,1.06499710455e-05,1.86850695627e-06
727,2024-08-31 07:00:00,30.291666666666668,2.63499282482e-06,2.62751473201e-06,2.37493554778e-06,1.47652610849e-06,2.56501976992e-07,1.93190608115e-05,1.92674615391e-05,1.73419957719e-05,1.06798052002e-05,1.87343482594e-06
728,2024-08-31 08:00:00,30.333333333333332,2.62749290414e-06,2.61874151875e-06,2.37019844462e-06,1.47754224145e-06,2.56628169382e-07,1.93074174604e-05,1.92473307834e-05,1.73463613464e-05,1.07099240267e-05,1.87839418686e-06
729,2024-08-31 09:00:00,30.375,2.62045250565e-06,2.61165268967e-06,2.36536766351e-06,1.47803280015e-06,2.56659859588e-07,1.92982934095e-05,1.92375609913e-05,1.73498810909e-05,1.07362066046e-05,1.88264266399e-06
730,2024-08-31 10:00:00,30.416666666666668,2.61345803665e-06,2.60510023509e-06,2.36035157286e-06,1.47773482695e-06,2.56708062807e-07,1.92893676285e-05,1.92310271814e-05,1.73518146767e-05,1.07565138023e-05,1.88707144844e-06
731,2024-08-31 11:00:00,30.458333333333332,2.60472324953e-06,2.59718262896e-06,2.3555774078e-06,1.47790672145e-06,2.56830389844e-07,1.926834193e-05,1.92145762412e-05,1.73558310053e-05,1.07801542981e-05,1.89222612335e-06
732,2024-08-31 12:00:00,30.5,2.5978101803e-06,2.59171588368e-06,2.3532945761e-06,1.48117192111e-06,2.57319015873e-07,1.92613642866e-05,1.92156076082e-05,1.73798707692e-05,1.08271333374e-05,1.90032301361e-06
733,2024-08-31 13:00:00,30.541666666666668,2.59063403973e-06,2.58385216512e-06,2.35387437897e-06,1.48776052811e-06,2.57826542338e-07,1.92495062947e-05,1.91988565348e-05,1.74272463482e-05,1.08996919153e-05,1.9086901375e-06
734,2024-08-31 14:00:00,30.583333333333332,2.58489535554e-06,2.58098589256e-06,2.35759307543e-06,1.49896004586e-06,2.58635139971e-07,1.92495190277e-05,1.92171137314e-05,1.74999440787e-05,1.1007537978e-05,1.91932804228e-06
735,2024-08-31 15:00:00,30.625,2.57989313468e-06,2.57461397268e-06,2.36174514612e-06,1.51353026467e-06,2.59658406776e-07,1.92524348677e-05,1.92115130631e-05,1.75767836481e-05,1.11413000923e-05,1.93173946172e-06
736,2024-08-31 16:00:00,30.666666666666668,2.5733872917e-06,2.56552175415e-06,2.36291407418e-06,1.52555173827e-06,2.60473768776e-07,1.92455718206e-05,1.91885646927e-05,1.76302419277e-05,1.12568941404e-05,1.94265862774e-06
737,2024-08-31 17:00:00,30.708333333333332,2.56648195318e-06,2.55742747868e-06,2.35993866227e-06,1.53285986926e-06,2.6104129347e-07,1.92360166693e-05,1.91716007976e-05,1.76504872798e-05,1.13376272566e-05,1.95176698981e-06
738,2024-08-31 18:00:00,30.75,2.56109274233e-06,2.55006852967e-06,2.35415836869e-06,1.535586307e-06,2.61131333446e-07,1.92352872546e-05,1.91591570911e-05,1.76482844836e-05,1.13839578262e-05,1.95715529117e-06
739,2024-08-31 19:00:00,30.791666666666668,2.55519762504e-06,2.54366068475e-06,2.34711865232e-06,1.53454584506e-06,2.60806416463e-07,1.92314673768e-05,1.91527524294e-05,1.76362427737e-05,1.14016338557e-05,1.9590984266e-06
740,2024-08-31 20:00:00,30.833333333333332,2.54975702774e-06,2.53810321738e-06,2.33938635574e-06,1.53244877765e-06,2.60408171471e-07,1.92302832147e-05,1.91515118786e-05,1.76185367309e-05,1.14108743219e-05,1.96020550902e-06
741,2024-08-31 21:00:00,30.875,2.54454175774e-06,2.53368648373e-06,2.33092146118e-06,1.53093242261e-06,2.60105707639e-07,1.92303341464e-05,1.91572598851e-05,1.75943423528e-05,1.14239410323e-05,1.96191308532e-06
742,2024-08-31 22:00:00,30.916666666666668,2.53809889728e-06,2.52799827649e-06,2.32226170738e-06,1.52986672219e-06,2.59874298081e-07,1.92229417735e-05,1.91549333977e-05,1.75674540515e-05,1.144037833e-05,1.96413634512e-06
743,2024-08-31 23:00:00,30.958333333333332,2.53187954513e-06,2.52269978773e-06,2.31423791774e-06,1.53013570525e-06,2.59723890395e-07,1.92168536159e-05,1.91549570445e-05,1.75441655301e-05,1.14669192044e-05,1.96698806576e-06
744,2024-09-01 00:00:00,31.0,2.52527320299e-06,2.51685310104e-06,2.30786099564e-06,1.53257667534e-06,2.59639449496e-07,1.92083862203e-05,1.9151444576e-05,1.75321438292e-05,1.15098346214e-05,1.97036911231e-06
745,2024-09-01 01:00:00,31.041666666666668,2.51813821706e-06,2.50980247074e-06,2.30319483308e-06,1.53647692969e-06,2.59563847749e-07,1.91966537386e-05,1.91401632037e-05,1.75319801201e-05,1.15640241347e-05,1.97383678824e-06
746,2024-09-01 02:00:00,31.083333333333332,2.51138203566e-06,2.50321954809e-06,2.29896863857e-06,1.54080214543e-06,2.59503764255e-07,1.91872022697e-05,1.9131706722e-05,1.75340210262e-05,1.16218307085e-05,1.97745021069e-06
747,2024-09-01 03:00:00,31.125,2.50486823461e-06,2.49711570177e-06,2.29442230193e-06,1.54534427566e-06,2.59494100874e-07,1.91793533304e-05,1.9126200641e-05,1.75355125975e-05,1.16817054732e-05,1.98149973585e-06
748,2024-09-01 04:00:00,31.166666666666668,2.49807317232e-06,2.48991136687e-06,2.29004058383e-06,1.54886367909e-06,2.59523147861e-07,1.91697999981e-05,1.91134658962e-05,1.75398326974e-05,1.1734167856e-05,1.98590532818e-06
749,2024-09-01 05:00:00,31.208333333333332,2.49150889431e-06,2.48346236731e-06,2.28606313613e-06,1.55255600021e-06,2.59621486975e-07,1.91616982193e-05,1.91055696632e-05,1.7547956304e-05,1.17881754704e-05,1.99088276531e-06
750,2024-09-01 06:00:00,31.25,2.48511400969e-06,2.47619504989e-06,2.28205703934e-06,1.55486554831e-06,2.59662556346e-07,1.91542858374e-05,1.90921637113e-05,1.75559744093e-05,1.18316265798e-05,1.99545206669e-06
751,2024-09-01 07:00:00,31.291666666666668,2.47873799708e-06,2.47133243647e-06,2.27778832596e-06,1.55558245751e-06,2.59636806277e-07,1.91468170669e-05,1.90940336324e-05,1.75617096829e-05,1.18626549011e-05,1.99941769097e-06
752,2024-09-01 08:00:00,31.333333333333332,2.47179809776e-06,2.46426907324e-06,2.27338477998e-06,1.55674752023e-06,2.59630098753e-07,1.91356721189e-05,1.90813807421e-05,1.75661043613e-05,1.18969637697e-05,2.00367503567e-06
753,2024-09-01 09:00:00,31.375,2.46358581535e-06,2.45688261202e-06,2.26844554163e-06,1.55843247285e-06,2.59529400637e-07,1.91140006791e-05,1.90642913367e-05,1.75657205546e-05,1.19350888781e-05,2.00719910026e-06
754,2024-09-01 10:00:00,31.416666666666668,2.45776004704e-06,2.45251544584e-06,2.26367319556e-06,1.56121132022e-06,2.5952678584e-07,1.91106810234e-05,1.90700393432e-05,1.75664226845e-05,1.1981705029e-05,2.01150714929e-06
755,2024-09-01 11:00:00,31.458333333333332,2.44942930294e-06,2.44452371589e-06,2.25924191e-06,1.56580006205e-06,2.59520220425e-07,1.90876253328e-05,1.90481769096e-05,1.75698169187e-05,1.20425993373e-05,2.01587226911e-06
756,2024-09-01 12:00:00,31.5,2.4419480269e-06,2.43709428105e-06,2.25579151447e-06,1.57183239935e-06,2.59590080987e-07,1.90703776752e-05,1.90302034753e-05,1.75813129317e-05,1.21152579595e-05,2.0209477043e-06
757,2024-09-01 13:00:00,31.541666666666668,2.43660019805e-06,2.43262206823e-06,2.25328221859e-06,1.57782653787e-06,2.59695042359e-07,1.90687605937e-05,1.90346181626e-05,1.76007852133e-05,1.21883167594e-05,2.02628143597e-06
758,2024-09-01 14:00:00,31.583333333333332,2.4334126465e-06,2.42948476625e-06,2.25099370255e-06,1.58205193657e-06,2.59803300651e-07,1.90836926777e-05,1.90501268662e-05,1.76220382855e-05,1.22478322737e-05,2.03154263545e-06
759,2024-09-01 15:00:00,31.625,2.42771488956e-06,2.42287887886e-06,2.24769587476e-06,1.58318255217e-06,2.59726931517e-07,1.90787704923e-05,1.90391874639e-05,1.76349658432e-05,1.2283061551e-05,2.03529361897e-06
760,2024-09-01 16:00:00,31.666666666666668,2.42225337388e-06,2.41773773269e-06,2.24338100452e-06,1.58145098794e-06,2.59628990307e-07,1.90756782104e-05,1.90385180758e-05,1.76393059519e-05,1.22952333186e-05,2.03880949812e-06
761,2024-09-01 17:00:00,31.708333333333332,2.41690554503e-06,2.41158454628e-06,2.23820211431e-06,1.57896772635e-06,2.59567315197e-07,1.90742375707e-05,1.90314422071e-05,1.76360535988e-05,1.23010267998e-05,2.04267075787e-06
762,2024-09-01 18:00:00,31.75,2.41122916123e-06,2.40579015554e-06,2.23232154895e-06,1.57636202403e-06,2.59503394773e-07,1.90699483937e-05,1.90261835087e-05,1.7626414774e-05,1.23059562611e-05,2.04650041269e-06
763,2024-09-01 19:00:00,31.791666666666668,2.40513440986e-06,2.39935684476e-06,2.2261117465e-06,1.57362717346e-06,2.59451525153e-07,1.90627761185e-05,1.90164591913e-05,1.76133835339e-05,1.2309579688e-05,2.05045080293e-06
764,2024-09-01 20:00:00,31.833333333333332,2.39908990807e-06,2.39319388129e-06,2.2199265004e-06,1.57100657816e-06,2.59420147586e-07,1.90557930182e-05,1.90084920177e-05,1.76001212822e-05,1.23137406263e-05,2.05457763514e-06
765,2024-09-01 21:00:00,31.875,2.39294990934e-06,2.38669167629e-06,2.21400682676e-06,1.5683407355e-06,2.59434301597e-07,1.90481678146e-05,1.89981783478e-05,1.75888781087e-05,1.23174149849e-05,2.05909509532e-06
766,2024-09-01 22:00:00,31.916666666666668,2.386827191e-06,2.37934182223e-06,2.2083447675e-06,1.56541716478e-06,2.59467810793e-07,1.904054443e-05,1.89818547369e-05,1.75797431439e-05,1.23193067338e-05,2.06380218515e-06
767,2024-09-01 23:00:00,31.958333333333332,2.37997369368e-06,2.3730256089e-06,2.20328820433e-06,1.56291537223e-06,2.59556941273e-07,1.90270366147e-05,1.89720249182e-05,1.75757941179e-05,1.23247145893e-05,2.06894833354e-06
768,2024-09-02 00:00:00,32.0,2.3746658826e-06,2.36731921177e-06,2.19930097956e-06,1.56098633397e-06,2.59736538055e-07,1.90255213965e-05,1.89676884474e-05,1.75812492671e-05,1.23350091599e-05,2.07492121262e-06
769,2024-09-02 01:00:00,32.041666666666664,2.36808227783e-06,2.36200480686e-06,2.1955891043e-06,1.55914176503e-06,2.5983686669e-07,1.90136743186e-05,1.89648253581e-05,1.75893783307e-05,1.23462014017e-05,2.08023743653e-06
770,2024-09-02 02:00:00,32.083333333333336,2.36253276853e-06,2.35720881392e-06,2.19164826376e-06,1.55703025939e-06,2.59897831256e-07,1.90097161976e-05,1.89663023775e-05,1.7595511963e-05,1.23552354125e-05,2.0852257876e-06
771,2024-09-02 03:00:00,32.125,2.3568859433e-06,2.35285301642e-06,2.1876626306e-06,1.55523503054e-06,2.59991310259e-07,1.90048158402e-05,1.89703714568e-05,1.76012381417e-05,1.23667878142e-05,2.09044515032e-06
772,2024-09-02 04:00:00,32.166666666666664,2.35221295952e-06,2.34879962591e-06,2.18463287638e-06,1.55537770752e-06,2.60317960965e-07,1.900690404e-05,1.8976699721e-05,1.76151170308e-05,1.23941526908e-05,2.09761060432e-06
773,2024-09-02 05:00:00,32.208333333333336,2.34767503571e-06,2.34399999499e-06,2.18156765186e-06,1.55650786837e-06,2.60448786094e-07,1.90090959222e-05,1.89772217709e-05,1.76285702764e-05,1.24296029753e-05,2.10322082239e-06
774,2024-09-02 06:00:00,32.25,2.34276490119e-06,2.33904029301e-06,2.17799811253e-06,1.55791212819e-06,2.60478202563e-07,1.90086557268e-05,1.89762195077e-05,1.76373177965e-05,1.24670677906e-05,2.10798066291e-06
775,2024-09-02 07:00:00,32.291666666666664,2.33789069171e-06,2.333719749e-06,2.17484443965e-06,1.56061344114e-06,2.60620169001e-07,1.90082137124e-05,1.89724305528e-05,1.76495068445e-05,1.25151300381e-05,2.11373935599e-06
776,2024-09-02 08:00:00,32.333333333333336,2.33270066019e-06,2.32847833104e-06,2.17226784116e-06,1.56544513175e-06,2.60857007106e-07,1.90055216081e-05,1.89686743397e-05,1.76665198524e-05,1.2580638213e-05,2.12034387914e-06
777,2024-09-02 09:00:00,32.375,2.32750790019e-06,2.32304273595e-06,2.17021238313e-06,1.57187616878e-06,2.61064712959e-07,1.90025693882e-05,1.89635356946e-05,1.76884241228e-05,1.2659334061e-05,2.12679924516e-06
778,2024-09-02 10:00:00,32.416666666666664,2.32069191952e-06,2.3158422664e-06,2.16904436456e-06,1.58114437454e-06,2.61412736791e-07,1.89871752809e-05,1.89446182048e-05,1.77184447239e-05,1.2761396647e-05,2.13448834074e-06
779,2024-09-02 11:00:00,32.458333333333336,2.315009624e-06,2.30928640121e-06,2.17004799197e-06,1.59469186656e-06,2.61953204017e-07,1.89793863683e-05,1.89304337255e-05,1.77675483428e-05,1.28987467178e-05,2.14383476305e-06
780,2024-09-02 12:00:00,32.5,2.31063950196e-06,2.30317345995e-06,2.17123351831e-06,1.60620220413e-06,2.62461441025e-07,1.89828497241e-05,1.8922615709e-05,1.78180107469e-05,1.30202288346e-05,2.15297495743e-06
781,2024-09-02 13:00:00,32.541666666666664,2.30425735026e-06,2.29544480135e-06,2.17078809328e-06,1.61292928169e-06,2.62826205244e-07,1.89709971892e-05,1.89013735508e-05,1.78546069947e-05,1.31033812067e-05,2.16098828787e-06
782,2024-09-02 14:00:00,32.583333333333336,2.29793749895e-06,2.28873409469e-06,2.16952321352e-06,1.61696016221e-06,2.63155271796e-07,1.89602924365e-05,1.88873818843e-05,1.78842910827e-05,1.31649039758e-05,2.16873854697e-06
783,2024-09-02 15:00:00,32.625,2.29138504437e-06,2.28392923418e-06,2.17052070184e-06,1.62389358138e-06,2.63675673295e-07,1.89474631043e-05,1.88859121408e-05,1.7933345589e-05,1.32504283101e-05,2.17805950342e-06
784,2024-09-02 16:00:00,32.666666666666664,2.28543899539e-06,2.27848477152e-06,2.17346973841e-06,1.63355127825e-06,2.63810562728e-07,1.89379516087e-05,1.88798185263e-05,1.7999091142e-05,1.33585881485e-05,2.18415038944e-06
785,2024-09-02 17:00:00,32.708333333333336,2.27787495533e-06,2.27070154324e-06,2.1736339022e-06,1.64157916061e-06,2.63663224587e-07,1.89153488463e-05,1.88556605281e-05,1.80410643225e-05,1.34537531267e-05,2.18783134187e-06
786,2024-09-02 18:00:00,32.75,2.26976248996e-06,2.26177212426e-06,2.16535863728e-06,1.64681739534e-06,2.63289763325e-07,1.88868907571e-05,1.88216381503e-05,1.80098068085e-05,1.35263017e-05,2.18954346565e-06
787,2024-09-02 19:00:00,32.791666666666664,2.26410270443e-06,2.25553753808e-06,2.15581894736e-06,1.64630102972e-06,2.62855337496e-07,1.8879021809e-05,1.88106441783e-05,1.79670278158e-05,1.35514319481e-05,2.19063667828e-06
788,2024-09-02 20:00:00,32.833333333333336,2.25945814236e-06,2.25202757065e-06,2.14944793697e-06,1.63913864526e-06,2.62568903509e-07,1.88805843209e-05,1.88212761714e-05,1.79521703103e-05,1.35210702865e-05,2.19283697334e-06
789,2024-09-02 21:00:00,32.875,2.25441363e-06,2.24727000386e-06,2.1431735604e-06,1.62870549048e-06,2.6239717954e-07,1.88790963875e-05,1.88215708476e-05,1.79382477654e-05,1.34626970976e-05,2.19600497076e-06
790,2024-09-02 22:00:00,32.916666666666664,2.24841392082e-06,2.24138625526e-06,2.13608700506e-06,1.61806769938e-06,2.62265672291e-07,1.88697176782e-05,1.88128451555e-05,1.79170965566e-05,1.34018264362e-05,2.19953540181e-06
791,2024-09-02 23:00:00,32.958333333333336,2.24207133215e-06,2.23535175792e-06,2.12811505662e-06,1.6083652099e-06,2.62185125166e-07,1.88573703781e-05,1.88026588148e-05,1.78877780854e-05,1.33482535603e-05,2.20349352276e-06
792,2024-09-03 00:00:00,33.0,2.23639858632e-06,2.22845960707e-06,2.11988344745e-06,1.60007107297e-06,2.62178474486e-07,1.88507947314e-05,1.87864279724e-05,1.78555201273e-05,1.33060857479e-05,2.20811170948e-06
793,2024-09-03 01:00:00,33.041666666666664,2.22705671149e-06,2.21838899961e-06,2.11113456317e-06,1.59291460022e-06,2.62062513912e-07,1.8813103452e-05,1.87436780834e-05,1.78182708623e-05,1.32732720886e-05,2.21182517635e-06
794,2024-09-03 02:00:00,33.083333333333336,2.22082712753e-06,2.20994388656e-06,2.10267694456e-06,1.5876157704e-06,2.62104606463e-07,1.88020458154e-05,1.87148343684e-05,1.77828405867e-05,1.32559162012e-05,2.21691720981e-06
795,2024-09-03 03:00:00,33.125,2.20756896852e-06,2.19960156755e-06,2.09378731597e-06,1.58323609867e-06,2.61876294871e-07,1.87315235962e-05,1.86679153558e-05,1.77434085344e-05,1.32463892442e-05,2.21976483772e-06
796,2024-09-03 04:00:00,33.166666666666664,2.19830894821e-06,2.19354001274e-06,2.08546725844e-06,1.57900899467e-06,2.61754934172e-07,1.86946872418e-05,1.86561446753e-05,1.77087677002e-05,1.32383393066e-05,2.22354719881e-06
797,2024-09-03 05:00:00,33.208333333333336,2.19499543164e-06,2.19309276872e-06,2.07784137274e-06,1.57430361014e-06,2.62001890405e-07,1.87083733181e-05,1.86912729987e-05,1.7679796656e-05,1.32261538965e-05,2.23045731218e-06
798,2024-09-03 06:00:00,33.25,2.19100024879e-06,2.18978698285e-06,2.0704844701e-06,1.56844362209e-06,2.62169180587e-07,1.87157875189e-05,1.87027853826e-05,1.765302477e-05,1.32039740492e-05,2.23673350774e-06
799,2024-09-03 07:00:00,33.291666666666664,2.18556442633e-06,2.18563172893e-06,2.06307322514e-06,1.56138185048e-06,2.6230372896e-07,1.87104160432e-05,1.87069763342e-05,1.76256271516e-05,1.31713122755e-05,2.24273139793e-06
800,2024-09-03 08:00:00,33.333333333333336,2.18024820242e-06,2.1800722152e-06,2.05522951546e-06,1.55328359597e-06,2.62365603021e-07,1.87055338756e-05,1.86998586287e-05,1.75941167981e-05,1.31294800667e-05,2.24814925787e-06
801,2024-09-03 09:00:00,33.375,2.17408933167e-06,2.17197225538e-06,2.04606203624e-06,1.54336908054e-06,2.62257287886e-07,1.86937159015e-05,1.86721827049e-05,1.75503446371e-05,1.30717835418e-05,2.2522119707e-06
802,2024-09-03 10:00:00,33.416666666666664,2.16681110032e-06,2.16279113374e-06,2.03297145163e-06,1.53027860961e-06,2.62046768285e-07,1.86729685083e-05,1.86351826414e-05,1.74700981006e-05,1.29856989588e-05,2.25547842092e-06
803,2024-09-03 11:00:00,33.458333333333336,2.15756745092e-06,2.15525938074e-06,2.01854959414e-06,1.51651056512e-06,2.61806917479e-07,1.86365923582e-05,1.86119814316e-05,1.73765838554e-05,1.28921246869e-05,2.25857638725e-06
804,2024-09-03 12:00:00,33.5,2.14983583646e-06,2.15067052523e-06,2.0047164071e-06,1.50509595187e-06,2.61620613173e-07,1.86124980246e-05,1.861414421e-05,1.72876243596e-05,1.28185447466e-05,2.26218799071e-06
805,2024-09-03 13:00:00,33.541666666666664,2.14241299545e-06,2.14122337638e-06,1.99157420866e-06,1.49564436924e-06,2.61425952885e-07,1.85908211279e-05,1.85767057701e-05,1.72048457898e-05,1.27629600684e-05,2.2657432055e-06
806,2024-09-03 14:00:00,33.583333333333336,2.13757857637e-06,2.13531757254e-06,1.97791837309e-06,1.48476476625e-06,2.61416516878e-07,1.85897042684e-05,1.85686421901e-05,1.71173633134e-05,1.26952718347e-05,2.27084274229e-06
807,2024-09-03 15:00:00,33.625,2.13191356124e-06,2.13219186662e-06,1.96506493921e-06,1.47356922753e-06,2.61426492898e-07,1.85824210348e-05,1.85837197932e-05,1.7037278667e-05,1.26244922285e-05,2.27617897508e-06
808,2024-09-03 16:00:00,33.666666666666664,2.12869235838e-06,2.12794566323e-06,1.95788084056e-06,1.46634147313e-06,2.6151099064e-07,1.85955796042e-05,1.85897897609e-05,1.70113016793e-05,1.25897304315e-05,2.2822612209e-06
809,2024-09-03 17:00:00,33.708333333333336,2.12542954614e-06,2.12240206565e-06,1.95906181943e-06,1.46401737311e-06,2.61677399749e-07,1.86081088032e-05,1.85854150914e-05,1.70656476257e-05,1.2600203263e-05,2.28913154388e-06
810,2024-09-03 18:00:00,33.75,2.12290683521e-06,2.11802148442e-06,1.96396558749e-06,1.46253341882e-06,2.61892012077e-07,1.86258021131e-05,1.85895078175e-05,1.71558112925e-05,1.26190589071e-05,2.29640750149e-06
811,2024-09-03 19:00:00,33.791666666666664,2.11859833144e-06,2.113265964e-06,1.96741984837e-06,1.45834144405e-06,2.62051230493e-07,1.86293837032e-05,1.85897588381e-05,1.72323780134e-05,1.26140221255e-05,2.30311457017e-06
812,2024-09-03 20:00:00,33.833333333333336,2.11320161725e-06,2.10897701436e-06,1.96475230041e-06,1.44842761074e-06,2.62102304305e-07,1.86242232303e-05,1.85927965504e-05,1.72508916876e-05,1.25571068565e-05,2.30871683016e-06
813,2024-09-03 21:00:00,33.875,2.10856410376e-06,2.10510847864e-06,1.95676898329e-06,1.43446561651e-06,2.62131067075e-07,1.86243614735e-05,1.859870099e-05,1.721872286e-05,1.24625839817e-05,2.31396779782e-06
814,2024-09-03 22:00:00,33.916666666666664,2.10452935789e-06,2.10012194657e-06,1.94520453078e-06,1.41797306696e-06,2.62219856495e-07,1.86285997188e-05,1.85958906513e-05,1.71522096934e-05,1.23436329886e-05,2.31967351283e-06
815,2024-09-03 23:00:00,33.958333333333336,2.09924769479e-06,2.09483027902e-06,1.93042706087e-06,1.40050701702e-06,2.62339199253e-07,1.86232209671e-05,1.85903209058e-05,1.7054613636e-05,1.22143601402e-05,2.32567072089e-06
816,2024-09-04 00:00:00,34.0,2.09347012969e-06,2.08968549487e-06,1.91367826119e-06,1.38398797844e-06,2.62485940539e-07,1.86136203411e-05,1.85854150914e-05,1.69375234691e-05,1.20926242744e-05,2.33193600252e-06
817,2024-09-04 01:00:00,34.041666666666664,2.08802134694e-06,2.08424785342e-06,1.89709180631e-06,1.36927235417e-06,2.62740911694e-07,1.86059733096e-05,1.85780590982e-05,1.68210790434e-05,1.19861288113e-05,2.33912055592e-06
818,2024-09-04 02:00:00,34.083333333333336,2.08274241231e-06,2.07871153179e-06,1.88205649465e-06,1.35731852424e-06,2.63229253505e-07,1.85991630133e-05,1.85699245776e-05,1.67184116435e-05,1.19038786579e-05,2.34825711232e-06
819,2024-09-04 03:00:00,34.125,2.07727612178e-06,2.07300195143e-06,1.86978456895e-06,1.34770891691e-06,2.63908447096e-07,1.85906592378e-05,1.85600929399e-05,1.66411209648e-05,1.18428160931e-05,2.35898755818e-06
820,2024-09-04 04:00:00,34.166666666666664,2.07171206057e-06,2.06739423447e-06,1.86286831649e-06,1.33934099722e-06,2.64634564928e-07,1.85815624718e-05,1.8550626919e-05,1.66140162037e-05,1.17929530461e-05,2.37014501181e-06
821,2024-09-04 05:00:00,34.208333333333336,2.0661709641e-06,2.0619256702e-06,1.86420550108e-06,1.33222238219e-06,2.65390497134e-07,1.85726385098e-05,1.85420867638e-05,1.66650916071e-05,1.17543659144e-05,2.38157394961e-06
822,2024-09-04 06:00:00,34.25,2.06061235986e-06,2.05632932193e-06,1.86433157978e-06,1.32526179186e-06,2.66023704398e-07,1.85631433851e-05,1.85324024642e-05,1.67049274751e-05,1.17171593956e-05,2.39193695961e-06
823,2024-09-04 07:00:00,34.291666666666664,2.05470496439e-06,2.04986508834e-06,1.85802718988e-06,1.31670833525e-06,2.66351236178e-07,1.85503031389e-05,1.85152548511e-05,1.6683821741e-05,1.16650116979e-05,2.39974428951e-06
824,2024-09-04 08:00:00,34.333333333333336,2.04816637961e-06,2.0425202365e-06,1.8479032633e-06,1.30644127694e-06,2.66383409553e-07,1.85324006452e-05,1.84901746252e-05,1.66260451806e-05,1.15964758152e-05,2.40521103478e-06
825,2024-09-04 09:00:00,34.375,2.04007824323e-06,2.03475474336e-06,1.83377403573e-06,1.29570059926e-06,2.662471843e-07,1.85018143384e-05,1.84610762517e-05,1.65294095495e-05,1.15228076538e-05,2.40935014517e-06
826,2024-09-04 10:00:00,34.416666666666664,2.03229546969e-06,2.0311915705e-06,1.81987218184e-06,1.28733859128e-06,2.66176130026e-07,1.84752880159e-05,1.84687978617e-05,1.64342181961e-05,1.14707709145e-05,2.41421730607e-06
827,2024-09-04 11:00:00,34.458333333333336,2.02713295039e-06,2.02794785764e-06,1.81016775969e-06,1.28235569719e-06,2.66325542952e-07,1.84712916962e-05,1.84798900591e-05,1.63790064107e-05,1.14503918667e-05,2.42120836447e-06
828,2024-09-04 12:00:00,34.5,2.02422666007e-06,2.0213501557e-06,1.80752942924e-06,1.28000260702e-06,2.66841965413e-07,1.84848759091e-05,1.84631717275e-05,1.63924378285e-05,1.1455135791e-05,2.43171825787e-06
829,2024-09-04 13:00:00,34.541666666666664,2.02037404051e-06,2.01617763196e-06,1.8138471205e-06,1.28211638639e-06,2.68050314389e-07,1.84913187695e-05,1.8457254555e-05,1.64933408087e-05,1.15018765428e-05,2.44868783739e-06
830,2024-09-04 14:00:00,34.583333333333336,2.01706939151e-06,2.01240459319e-06,1.83133533938e-06,1.29090165046e-06,2.69185505886e-07,1.85006938409e-05,1.84613509191e-05,1.67041271197e-05,1.16113815238e-05,2.46500121648e-06
831,2024-09-04 15:00:00,34.625,2.01288480639e-06,2.00750423573e-06,1.85403871455e-06,1.30362559503e-06,2.70057853413e-07,1.85026783583e-05,1.84562741197e-05,1.69673876371e-05,1.17588269859e-05,2.47895150096e-06
832,2024-09-04 16:00:00,34.666666666666664,2.00829549613e-06,2.00103681891e-06,1.86524380297e-06,1.31680360482e-06,2.70520530421e-07,1.85009903362e-05,1.84387918125e-05,1.71186566149e-05,1.19113528854e-05,2.48919104706e-06
833,2024-09-04 17:00:00,34.708333333333336,2.0031980057e-06,1.99408782464e-06,1.86603404018e-06,1.326386041e-06,2.70138087899e-07,1.84948767128e-05,1.8417596948e-05,1.71680367202e-05,1.20301883726e-05,2.49169602284e-06
834,2024-09-04 18:00:00,34.75,1.99715645977e-06,1.98867360268e-06,1.86395209312e-06,1.33007267777e-06,2.69276995368e-07,1.8481110601e-05,1.84083692147e-05,1.71897772816e-05,1.20935283121e-05,2.48944093073e-06
835,2024-09-04 19:00:00,34.791666666666664,1.99161172532e-06,1.98517932404e-06,1.8609723611e-06,1.33048888529e-06,2.68702848416e-07,1.84705586435e-05,1.84140826605e-05,1.72035797732e-05,1.2126330148e-05,2.48971946348e-06
836,2024-09-04 20:00:00,34.833333333333336,1.9874348709e-06,1.98229668058e-06,1.85499993677e-06,1.32966249566e-06,2.68373810286e-07,1.84702585102e-05,1.84243745025e-05,1.71883893927e-05,1.2147270354e-05,2.4923779165e-06
837,2024-09-04 21:00:00,34.875,1.98311863642e-06,1.97821486836e-06,1.84697046279e-06,1.32926254537e-06,2.68180400553e-07,1.84689051821e-05,1.84248929145e-05,1.71525571204e-05,1.21714128909e-05,2.49634513239e-06
838,2024-09-04 22:00:00,34.916666666666664,1.97904773813e-06,1.97419285541e-06,1.83813085641e-06,1.33014737003e-06,2.68198618869e-07,1.84691034519e-05,1.84256186913e-05,1.71071096702e-05,1.22071942315e-05,2.5022304726e-06
839,2024-09-04 23:00:00,34.958333333333336,1.97414351533e-06,1.96939299713e-06,1.83091253803e-06,1.33224079946e-06,2.68306337148e-07,1.84626678674e-05,1.84201035154e-05,1.70764451468e-05,1.22544242913e-05,2.50886751019e-06
840,2024-09-05 00:00:00,35.0,1.96938208319e-06,1.96448149836e-06,1.82568498985e-06,1.33478511088e-06,2.68405869974e-07,1.84570872079e-05,1.8413646103e-05,1.70650946529e-05,1.23062291095e-05,2.51529172601e-06
841,2024-09-05 01:00:00,35.041666666666664,1.96462769964e-06,1.95911229639e-06,1.82195128673e-06,1.33821629333e-06,2.68570460094e-07,1.84515211004e-05,1.84034888662e-05,1.70689017978e-05,1.23671152323e-05,2.52222253039e-06
842,2024-09-05 02:00:00,35.083333333333336,1.95968073058e-06,1.95341817744e-06,1.81881171102e-06,1.34104993776e-06,2.68785470325e-07,1.84444361366e-05,1.83905758604e-05,1.70788644027e-05,1.2422702639e-05,2.52956010627e-06
843,2024-09-05 03:00:00,35.125,1.9545525447e-06,1.94785843632e-06,1.81574796443e-06,1.34164451993e-06,2.69009063913e-07,1.84358741535e-05,1.83785432455e-05,1.70895946212e-05,1.2457287994e-05,2.53696180152e-06
844,2024-09-05 04:00:00,35.166666666666664,1.94916401597e-06,1.94234439732e-06,1.81183565928e-06,1.33948435632e-06,2.69209152748e-07,1.84251293831e-05,1.83666707017e-05,1.70914609043e-05,1.24656053231e-05,2.54423912338e-06
845,2024-09-05 05:00:00,35.208333333333336,1.94346262106e-06,1.936713943e-06,1.80666643246e-06,1.33496973831e-06,2.69410094234e-07,1.84117488971e-05,1.83536631084e-05,1.70801322383e-05,1.2451037037e-05,2.55160171037e-06
846,2024-09-05 06:00:00,35.25,1.93777486857e-06,1.93117557501e-06,1.80060112598e-06,1.32972570555e-06,2.6962601396e-07,1.83982792805e-05,1.83412466868e-05,1.70591956703e-05,1.24290663734e-05,2.55914801528e-06
847,2024-09-05 07:00:00,35.291666666666664,1.93195728571e-06,1.92547190636e-06,1.79392407063e-06,1.32462434976e-06,2.69845997991e-07,1.83836273209e-05,1.83272368304e-05,1.70316343429e-05,1.24079197121e-05,2.56678026744e-06
848,2024-09-05 08:00:00,35.333333333333336,1.92573020286e-06,1.91939216165e-06,1.78645927917e-06,1.32010677589e-06,2.70033723382e-07,1.83655192814e-05,1.8309612642e-05,1.69953800651e-05,1.23918562167e-05,2.5741992431e-06
849,2024-09-05 09:00:00,35.375,1.91785625248e-06,1.91167100638e-06,1.77827632797e-06,1.31673482429e-06,2.7000044156e-07,1.83335068868e-05,1.82772091648e-05,1.6951096768e-05,1.23867084767e-05,2.57973965745e-06
850,2024-09-05 10:00:00,35.416666666666664,1.9098060875e-06,1.90624791685e-06,1.77010815605e-06,1.31485671773e-06,2.69850715995e-07,1.82997955562e-05,1.82651347131e-05,1.69066242961e-05,1.23960226119e-05,2.58429804489e-06
851,2024-09-05 11:00:00,35.458333333333336,1.90243372344e-06,1.90149648915e-06,1.76220123649e-06,1.31381739266e-06,2.69671801334e-07,1.82719450095e-05,1.82597941603e-05,1.68649403349e-05,1.24134512589e-05,2.58868044511e-06
852,2024-09-05 12:00:00,35.5,1.89723834865e-06,1.89537774986e-06,1.75461957497e-06,1.31343256271e-06,2.6952326948e-07,1.8263099264e-05,1.82431067515e-05,1.6826987121e-05,1.24377538668e-05,2.59344460574e-06
853,2024-09-05 13:00:00,35.541666666666664,1.89257423244e-06,1.88864180473e-06,1.74795150087e-06,1.31370234158e-06,2.69413135356e-07,1.82590956683e-05,1.82213316293e-05,1.67987000168e-05,1.24689167933e-05,2.59867056229e-06
854,2024-09-05 14:00:00,35.583333333333336,1.88782564692e-06,1.88253522992e-06,1.74320268798e-06,1.31481726839e-06,2.69407223641e-07,1.82549883903e-05,1.82054354809e-05,1.67907164723e-05,1.25090637084e-05,2.60498450189e-06
855,2024-09-05 15:00:00,35.625,1.88478622931e-06,1.87529440154e-06,1.7410189912e-06,1.31623539801e-06,2.6942799991e-07,1.82652802323e-05,1.81796913239e-05,1.68100632436e-05,1.25529722936e-05,2.61159743786e-06
856,2024-09-05 16:00:00,35.666666666666664,1.88105093457e-06,1.86934209978e-06,1.74040246748e-06,1.31660533498e-06,2.69297515842e-07,1.82692238013e-05,1.81648701982e-05,1.68463539012e-05,1.25871283672e-05,2.61672630586e-06
857,2024-09-05 17:00:00,35.708333333333336,1.87606553936e-06,1.86440661309e-06,1.73926684965e-06,1.31521744606e-06,2.69086228855e-07,1.82624298759e-05,1.81584528036e-05,1.68777569343e-05,1.26044069475e-05,2.62105390902e-06
858,2024-09-05 18:00:00,35.75,1.8719235868e-06,1.86180920991e-06,1.73652847479e-06,1.31163858441e-06,2.68906461542e-07,1.82618659892e-05,1.81712839549e-05,1.68925907928e-05,1.26002278193e-05,2.6255775083e-06
859,2024-09-05 19:00:00,35.791666666666664,1.86703823601e-06,1.85774001693e-06,1.73211606125e-06,1.30595344672e-06,2.68812186732e-07,1.82547155418e-05,1.81713967322e-05,1.68896840478e-05,1.2574966604e-05,2.63081005869e-06
860,2024-09-05 20:00:00,35.833333333333336,1.86249508261e-06,1.85392536878e-06,1.72618945271e-06,1.29960710638e-06,2.68796469527e-07,1.82499788934e-05,1.8173323042e-05,1.68705064425e-05,1.25428759929e-05,2.63668698608e-06
861,2024-09-05 21:00:00,35.875,1.85861301816e-06,1.85053511359e-06,1.71929025328e-06,1.29267732518e-06,2.6880832138e-07,1.82503372343e-05,1.81784816959e-05,1.68407932506e-05,1.25037895486e-05,2.64280561169e-06
862,2024-09-05 22:00:00,35.916666666666664,1.85415910892e-06,1.84661246294e-06,1.71200542809e-06,1.28620195028e-06,2.68821224836e-07,1.82458752533e-05,1.81789328053e-05,1.68060796568e-05,1.24680664157e-05,2.64897107627e-06
863,2024-09-05 23:00:00,35.958333333333336,1.84953955795e-06,1.84280327176e-06,1.70516466369e-06,1.28055421555e-06,2.68874117637e-07,1.82398835022e-05,1.81800878636e-05,1.67752932612e-05,1.24398957269e-05,2.65550511358e-06
864,2024-09-06 00:00:00,36.0,1.84499970146e-06,1.83871441095e-06,1.69906854808e-06,1.27568546304e-06,2.68969643002e-07,1.823425373e-05,1.81787472684e-05,1.67516554939e-05,1.24195930766e-05,2.66240954261e-06
865,2024-09-06 01:00:00,36.041666666666664,1.83980819202e-06,1.8335600771e-06,1.69368445313e-06,1.27118448745e-06,2.69119965424e-07,1.82231324288e-05,1.81683026312e-05,1.67348371178e-05,1.24032603708e-05,2.66979441221e-06
866,2024-09-06 02:00:00,36.083333333333336,1.83509769158e-06,1.82928715731e-06,1.68877647866e-06,1.26708073367e-06,2.69277933285e-07,1.82157782547e-05,1.81649320439e-05,1.67227080965e-05,1.23911049741e-05,2.67725204139e-06
867,2024-09-06 03:00:00,36.125,1.8301319642e-06,1.82470819254e-06,1.6842078594e-06,1.26338670725e-06,2.69500532113e-07,1.82063540706e-05,1.81590385182e-05,1.67141097336e-05,1.23831432575e-05,2.68530061476e-06
868,2024-09-06 04:00:00,36.166666666666664,1.82482961009e-06,1.81962946044e-06,1.67978055288e-06,1.25979215682e-06,2.69738961833e-07,1.81941850315e-05,1.81487612281e-05,1.67068137671e-05,1.23760491988e-05,2.69350357485e-06
869,2024-09-06 05:00:00,36.208333333333336,1.82039866559e-06,1.81569828328e-06,1.67536109075e-06,1.25610483792e-06,2.70018489346e-07,1.8189110051e-05,1.81478644663e-05,1.66989630088e-05,1.23676400108e-05,2.70208124675e-06
870,2024-09-06 06:00:00,36.25,1.81539246569e-06,1.81132520538e-06,1.67100847648e-06,1.25222993574e-06,2.70307310757e-07,1.81788436748e-05,1.81427803909e-05,1.66914815054e-05,1.23565405374e-05,2.71074463853e-06
871,2024-09-06 07:00:00,36.291666666666664,1.81045186309e-06,1.80639858627e-06,1.66683548741e-06,1.24866289752e-06,2.70601674401e-07,1.81696668733e-05,1.81334380613e-05,1.66853023984e-05,1.23482723211e-05,2.7194962513e-06
872,2024-09-06 08:00:00,36.333333333333336,1.8059638478e-06,1.80239305791e-06,1.66292454651e-06,1.24531379697e-06,2.70947197123e-07,1.81637715286e-05,1.8131428078e-05,1.66813788383e-05,1.23418085423e-05,2.72870738627e-06
873,2024-09-06 09:00:00,36.375,1.80123902283e-06,1.79799542366e-06,1.65967071553e-06,1.24308189697e-06,2.71289451348e-07,1.81563846127e-05,1.81263003469e-05,1.66845511558e-05,1.23466998048e-05,2.73798627859e-06
874,2024-09-06 10:00:00,36.416666666666664,1.79765493158e-06,1.79245614618e-06,1.65700669186e-06,1.24168809634e-06,2.71570485211e-07,1.81577852345e-05,1.81113246072e-05,1.6694122678e-05,1.2360569599e-05,2.7466658139e-06
875,2024-09-06 11:00:00,36.458333333333336,1.79318419669e-06,1.78887421498e-06,1.65428650689e-06,1.23961490317e-06,2.71961141607e-07,1.81515788427e-05,1.81122486538e-05,1.67028429132e-05,1.23672225527e-05,2.75621164292e-06
876,2024-09-06 12:00:00,36.5,1.78808556939e-06,1.78463756129e-06,1.65116682638e-06,1.23700499444e-06,2.7235972766e-07,1.81400500878e-05,1.81073100975e-05,1.67068956216e-05,1.23677536976e-05,2.76583250525e-06
877,2024-09-06 13:00:00,36.541666666666664,1.78294976649e-06,1.78005461748e-06,1.64794948887e-06,1.23544646158e-06,2.72585339189e-07,1.81286213774e-05,1.80997121788e-05,1.67094385688e-05,1.23788940982e-05,2.77405570159e-06
878,2024-09-06 14:00:00,36.583333333333336,1.77860101758e-06,1.76011542408e-06,1.64522828072e-06,1.23703409827e-06,2.7279517667e-07,1.8123881091e-05,1.79353464773e-05,1.6716436221e-05,1.24225234686e-05,2.78245511254e-06
879,2024-09-06 15:00:00,36.625,1.77594699835e-06,1.77220499609e-06,1.64390303325e-06,1.24211487673e-06,2.72997368711e-07,1.81324794539e-05,1.80941733561e-05,1.67380403582e-05,1.2503128346e-05,2.79076857623e-06
880,2024-09-06 16:00:00,36.666666666666664,1.77082006303e-06,1.583264293e-06,1.64538732861e-06,1.25240001125e-06,2.73742358559e-07,1.81200448424e-05,1.61967782333e-05,1.67887501448e-05,1.26372669911e-05,2.80469794234e-06
881,2024-09-06 17:00:00,36.708333333333336,1.76926880613e-06,1.75612638031e-06,1.65024164289e-06,1.26906479636e-06,2.74044879234e-07,1.81362993317e-05,1.79956150532e-05,1.68778315128e-05,1.28376632347e-05,2.81372763311e-06
882,2024-09-06 18:00:00,36.75,1.7660102003e-06,1.75934849267e-06,1.65311200817e-06,1.28508997932e-06,2.74290982816e-07,1.81382401934e-05,1.80699389603e-05,1.69452559931e-05,1.30327443912e-05,2.8221318189e-06
883,2024-09-06 19:00:00,36.791666666666664,1.76247601757e-06,1.75469870101e-06,1.65309597833e-06,1.29594798182e-06,2.74444118986e-07,1.81378436537e-05,1.8062768504e-05,1.69808827195e-05,1.3173804291e-05,2.82934411189e-06
884,2024-09-06 20:00:00,36.833333333333336,1.75822913207e-06,1.74943556885e-06,1.65111919159e-06,1.3002918422e-06,2.74506078313e-07,1.81313916983e-05,1.80478109542e-05,1.69962022483e-05,1.32467275762e-05,2.83549707092e-06
885,2024-09-06 21:00:00,36.875,1.75362879418e-06,1.74656747731e-06,1.64779123679e-06,1.29964359985e-06,2.74573949355e-07,1.81217801583e-05,1.8052473024e-05,1.69981067302e-05,1.3268134353e-05,2.8416332043e-06
886,2024-09-06 22:00:00,36.916666666666664,1.74902368144e-06,1.74255717411e-06,1.64302321082e-06,1.29485283651e-06,2.74619793572e-07,1.81121613423e-05,1.80475908564e-05,1.6983711248e-05,1.32462137117e-05,2.8479073535e-06
887,2024-09-06 23:00:00,36.958333333333336,1.74361935024e-06,1.73672310666e-06,1.63763229466e-06,1.28626413698e-06,2.74704518688e-07,1.80947536137e-05,1.80256738531e-05,1.6962765585e-05,1.31828674057e-05,2.85477858597e-06
888,2024-09-07 00:00:00,37.0,1.73802300196e-06,1.73039200035e-06,1.63200706993e-06,1.27739451727e-06,2.74772474995e-07,1.80750703294e-05,1.79984454007e-05,1.69376235135e-05,1.31154147311e-05,2.86150066131e-06
889,2024-09-07 01:00:00,37.041666666666664,1.73110606738e-06,1.72058435055e-06,1.6265744307e-06,1.27013277051e-06,2.74645998388e-07,1.80421138793e-05,1.79374910658e-05,1.69122795342e-05,1.30641674332e-05,2.86627664536e-06
890,2024-09-07 02:00:00,37.083333333333336,1.7244421997e-06,1.71687122474e-06,1.62239905421e-06,1.26655129407e-06,2.7476107789e-07,1.8010419808e-05,1.79359503818e-05,1.69006907527e-05,1.30522803374e-05,2.87355123874e-06
891,2024-09-07 03:00:00,37.125,1.72353293237e-06,1.71603312538e-06,1.62165554229e-06,1.26895167796e-06,2.75346678791e-07,1.80379029189e-05,1.79638045665e-05,1.6926729586e-05,1.31046645038e-05,2.88583873953e-06
892,2024-09-07 04:00:00,37.166666666666664,1.71357862655e-06,1.70536588939e-06,1.61918603681e-06,1.27380178583e-06,2.7505802791e-07,1.79702874448e-05,1.78884565685e-05,1.69335326063e-05,1.31843444251e-05,2.88891851596e-06
893,2024-09-07 05:00:00,37.208333333333336,1.70908617747e-06,1.70348425854e-06,1.61618777383e-06,1.27957844143e-06,2.75211220924e-07,1.79606504389e-05,1.79056114575e-05,1.69328468473e-05,1.32746126837e-05,2.89663853437e-06
894,2024-09-07 06:00:00,37.25,1.70089765561e-06,1.69621353052e-06,1.61261505127e-06,1.28309943648e-06,2.75028156693e-07,1.79112230398e-05,1.78655591299e-05,1.69295326486e-05,1.3341176782e-05,2.90079992737e-06
895,2024-09-07 07:00:00,37.291666666666664,1.70205760242e-06,1.69769862168e-06,1.61036768986e-06,1.28358044549e-06,2.75487764156e-07,1.79605503945e-05,1.79178059625e-05,1.69413615367e-05,1.33745725179e-05,2.91171886602e-06
896,2024-09-07 08:00:00,37.333333333333336,1.69951510998e-06,1.6962690097e-06,1.60847559982e-06,1.28219562612e-06,2.75917273029e-07,1.79719863809e-05,1.79384715011e-05,1.69574141182e-05,1.33874100356e-05,2.92237018584e-06
897,2024-09-07 09:00:00,37.375,1.6965298073e-06,1.69353279489e-06,1.60728870924e-06,1.28290048451e-06,2.76245941677e-07,1.79774451681e-05,1.79450653377e-05,1.698199776e-05,1.34224183057e-05,2.93213633995e-06
898,2024-09-07 10:00:00,37.416666666666664,1.69430791175e-06,1.6914510752e-06,1.60767706348e-06,1.28901763219e-06,2.7697538485e-07,1.79887629201e-05,1.79571252374e-05,1.70248658833e-05,1.35159662022e-05,2.94633878184e-06
899,2024-09-07 11:00:00,37.458333333333336,1.69279587681e-06,1.68793258126e-06,1.60789500114e-06,1.29664715587e-06,2.77184938113e-07,1.80054266821e-05,1.79558082891e-05,1.70646708284e-05,1.36263561217e-05,2.95498898595e-06
900,2024-09-07 12:00:00,37.5,1.68996825778e-06,1.68411986579e-06,1.60658817094e-06,1.3025755834e-06,2.77384202718e-07,1.80097486009e-05,1.79513790499e-05,1.70862986124e-05,1.37187489599e-05,2.96350685858e-06
901,2024-09-07 13:00:00,37.541666666666664,1.68657095401e-06,1.68027645486e-06,1.60499450885e-06,1.30737601012e-06,2.77613452226e-07,1.80085844477e-05,1.79460930667e-05,1.71050251083e-05,1.37990728035e-05,2.97238557323e-06
902,2024-09-07 14:00:00,37.583333333333336,1.68232099895e-06,1.67707139553e-06,1.60384320225e-06,1.31236970446e-06,2.77849949271e-07,1.79997950909e-05,1.79461603693e-05,1.71298597706e-05,1.38817222251e-05,2.98137820209e-06
903,2024-09-07 15:00:00,37.625,1.67822747699e-06,1.67383620919e-06,1.60257604875e-06,1.31786748625e-06,2.779425472e-07,1.79923717951e-05,1.79460130312e-05,1.71539268194e-05,1.39702378874e-05,2.98886402561e-06
904,2024-09-07 16:00:00,37.666666666666664,1.67438906828e-06,1.66999450357e-06,1.60120237069e-06,1.32367244987e-06,2.78352274563e-07,1.7987249521e-05,1.79405687959e-05,1.71768460859e-05,1.40629954331e-05,2.99981070384e-06
905,2024-09-07 17:00:00,37.708333333333336,1.67082191638e-06,1.66483960129e-06,1.5992019371e-06,1.32768286676e-06,2.78384618468e-07,1.79842591024e-05,1.79229173227e-05,1.71921219589e-05,1.41369519042e-05,3.00673650599e-06
906,2024-09-07 18:00:00,37.75,1.66647907918e-06,1.65940195984e-06,1.59571129643e-06,1.32826255594e-06,2.78142181287e-07,1.79740854946e-05,1.79020571522e-05,1.71897372638e-05,1.41736982187e-05,3.01064346786e-06
907,2024-09-07 19:00:00,37.791666666666664,1.6617818801e-06,1.65505662153e-06,1.59132719091e-06,1.32688910526e-06,2.78132489484e-07,1.79605794983e-05,1.78909067472e-05,1.71765441337e-05,1.4188827663e-05,3.01693171423e-06
908,2024-09-07 20:00:00,37.833333333333336,1.65739288605e-06,1.65125550211e-06,1.58583497978e-06,1.32326772473e-06,2.78202378468e-07,1.79497237696e-05,1.78852988029e-05,1.71498086274e-05,1.41786822496e-05,3.02405828734e-06
909,2024-09-07 21:00:00,37.875,1.65296046362e-06,1.64719153872e-06,1.57944509738e-06,1.31614842758e-06,2.78097758155e-07,1.79385642696e-05,1.78776244866e-05,1.71121810126e-05,1.41291211548e-05,3.02931425722e-06
910,2024-09-07 22:00:00,37.916666666666664,1.6483310219e-06,1.6437514887e-06,1.57502188358e-06,1.30998330405e-06,2.78241969909e-07,1.79257422133e-05,1.7875654521e-05,1.70985877048e-05,1.40895472214e-05,3.03724254991e-06
911,2024-09-07 23:00:00,37.958333333333336,1.64436698924e-06,1.64015671089e-06,1.57175009008e-06,1.30875127979e-06,2.78450215774e-07,1.79190355993e-05,1.787205656e-05,1.70986022567e-05,1.41051523315e-05,3.04594050249e-06
912,2024-09-08 00:00:00,38.0,1.64019695603e-06,1.63615447946e-06,1.56853104727e-06,1.30814976274e-06,2.78587833691e-07,1.7910166207e-05,1.78645750566e-05,1.70989751496e-05,1.41283035191e-05,3.05392723021e-06
913,2024-09-08 01:00:00,38.041666666666664,1.63604420322e-06,1.63252218499e-06,1.56635201165e-06,1.31009312554e-06,2.79026124872e-07,1.79011858563e-05,1.78602222149e-05,1.71118226717e-05,1.41803129736e-05,3.06515948978e-06
914,2024-09-08 02:00:00,38.083333333333336,1.63235642958e-06,1.629215717e-06,1.5646154452e-06,1.31437229811e-06,2.79367668554e-07,1.78963473445e-05,1.78587943083e-05,1.71297378984e-05,1.42585931826e-05,3.07541336042e-06
915,2024-09-08 03:00:00,38.125,1.62826177075e-06,1.62475384968e-06,1.56178043653e-06,1.31479521315e-06,2.79242840406e-07,1.78871414391e-05,1.78461650648e-05,1.71341507667e-05,1.42939134093e-05,3.08069866151e-06
916,2024-09-08 04:00:00,38.166666666666664,1.62410140092e-06,1.62057108355e-06,1.55802024437e-06,1.31230319766e-06,2.79198872022e-07,1.7877548089e-05,1.78368336492e-05,1.71272677107e-05,1.4296545487e-05,3.08685730488e-06
917,2024-09-08 05:00:00,38.208333333333336,1.61903096796e-06,1.61514276442e-06,1.55336329044e-06,1.30859996261e-06,2.79205977449e-07,1.78575810423e-05,1.78138961928e-05,1.7109890905e-05,1.42851522469e-05,3.09355937134e-06
918,2024-09-08 06:00:00,38.25,1.61475850291e-06,1.6106602061e-06,1.54782242134e-06,1.30324110614e-06,2.79057076114e-07,1.78467525984e-05,1.78015379788e-05,1.70821094798e-05,1.42545040944e-05,3.09862866743e-06
919,2024-09-08 07:00:00,38.291666666666664,1.61057619152e-06,1.60682873229e-06,1.54145732267e-06,1.29717136588e-06,2.78980394341e-07,1.78372429218e-05,1.77958118002e-05,1.70444018295e-05,1.42151129694e-05,3.10447990159e-06
920,2024-09-08 08:00:00,38.333333333333336,1.60599824994e-06,1.60174238317e-06,1.53424048221e-06,1.29196143916e-06,2.7890305887e-07,1.78235768544e-05,1.77768379217e-05,1.69962131622e-05,1.41849568536e-05,3.11033522848e-06
921,2024-09-08 09:00:00,38.375,1.60057402354e-06,1.59632259056e-06,1.52613415594e-06,1.28660474275e-06,2.78821119082e-07,1.78006157512e-05,1.77538404387e-05,1.69368850038e-05,1.41527498272e-05,3.1161091556e-06
922,2024-09-08 10:00:00,38.416666666666664,1.59603428074e-06,1.59036324021e-06,1.51789072333e-06,1.28111196318e-06,2.78857811509e-07,1.77877554961e-05,1.7725293219e-05,1.68753067555e-05,1.41188011185e-05,3.1232116271e-06
923,2024-09-08 11:00:00,38.458333333333336,1.58807586104e-06,1.58113050475e-06,1.50951018441e-06,1.27460714339e-06,2.78717067204e-07,1.77368729055e-05,1.76603844011e-05,1.68121405295e-05,1.40735410241e-05,3.12833208227e-06
924,2024-09-08 12:00:00,38.5,1.57969145675e-06,1.57149236202e-06,1.50164589741e-06,1.26748079765e-06,2.78578141888e-07,1.76815028681e-05,1.75908280653e-05,1.67552007042e-05,1.40213014674e-05,3.13350778924e-06
925,2024-09-08 13:00:00,38.541666666666664,1.574757448e-06,1.56826752118e-06,1.49478034928e-06,1.26033899051e-06,2.78720108327e-07,1.76649264176e-05,1.75920231413e-05,1.67100552062e-05,1.39691110235e-05,3.14188423545e-06
926,2024-09-08 14:00:00,38.583333333333336,1.56795647399e-06,1.56456553668e-06,1.48803042066e-06,1.25207111523e-06,2.78775758034e-07,1.7627095076e-05,1.7587619368e-05,1.66664340213e-05,1.39047187986e-05,3.1493204915e-06
927,2024-09-08 15:00:00,38.625,1.56239059379e-06,1.56229145887e-06,1.48112690113e-06,1.24206553664e-06,2.78854287217e-07,1.76023077074e-05,1.75988279807e-05,1.66210193129e-05,1.3820960703e-05,3.15698002851e-06
928,2024-09-08 16:00:00,38.666666666666664,1.5520507759e-06,1.55758755227e-06,1.47376442783e-06,1.23030667964e-06,2.78586014701e-07,1.75231325557e-05,1.75827390194e-05,1.65707842825e-05,1.37173774419e-05,3.16065734296e-06
929,2024-09-08 17:00:00,38.708333333333336,1.53971711825e-06,1.54768861194e-06,1.46621880504e-06,1.2175186157e-06,2.77858617892e-07,1.74207725649e-05,1.75084533112e-05,1.65188121173e-05,1.36018161356e-05,3.15917304761e-06
930,2024-09-08 18:00:00,38.75,1.53700136707e-06,1.54595943513e-06,1.45939372942e-06,1.20377865187e-06,2.78049270719e-07,1.74268170667e-05,1.7526504962e-05,1.64746161317e-05,1.34748242999e-05,3.16810360346e-06
931,2024-09-08 19:00:00,38.791666666666664,1.52904772222e-06,1.53651535584e-06,1.45117655848e-06,1.1884618516e-06,2.77574400798e-07,1.73727348738e-05,1.74569249793e-05,1.64144330483e-05,1.33292614919e-05,3.1693962228e-06
932,2024-09-08 20:00:00,38.833333333333336,1.52950792653e-06,1.53402879732e-06,1.44445039041e-06,1.17467300242e-06,2.78110292129e-07,1.7414418835e-05,1.74661035999e-05,1.63706863532e-05,1.32000714075e-05,3.18224988405e-06
933,2024-09-08 21:00:00,38.875,1.51085998823e-06,1.52038217038e-06,1.43492786719e-06,1.15977854875e-06,2.77059399423e-07,1.72379986907e-05,1.73477092176e-05,1.62945379998e-05,1.30575381263e-05,3.17693047691e-06
934,2024-09-08 22:00:00,38.916666666666664,1.50453058723e-06,1.51335200371e-06,1.42704311656e-06,1.14669649065e-06,2.77181186448e-07,1.72018571902e-05,1.73042717506e-05,1.62365995493e-05,1.29347154143e-05,3.18508114105e-06
935,2024-09-08 23:00:00,38.958333333333336,1.50490575379e-06,1.50510800268e-06,1.41944565257e-06,1.13444309591e-06,2.77421861483e-07,1.72421459865e-05,1.7246522475e-05,1.6181549654e-05,1.28206265799e-05,3.19460968967e-06
936,2024-09-09 00:00:00,39.0,1.50677215061e-06,1.50169626068e-06,1.41275461374e-06,1.12332293156e-06,2.7807689662e-07,1.72995896719e-05,1.72438521986e-05,1.61365351232e-05,1.27188559418e-05,3.20893150274e-06
937,2024-09-09 01:00:00,39.041666666666664,1.50626988216e-06,1.49969275753e-06,1.40645931879e-06,1.11281656245e-06,2.78666618669e-07,1.73298740265e-05,1.72572526935e-05,1.60958679771e-05,1.26235745483e-05,3.22253504237e-06
938,2024-09-09 02:00:00,39.083333333333336,1.50196410686e-06,1.49693539697e-06,1.39999997373e-06,1.10262601538e-06,2.78934891185e-07,1.73163771251e-05,1.72619402292e-05,1.60531981237e-05,1.25314672914e-05,3.23243989442e-06
939,2024-09-09 03:00:00,39.125,1.49795494053e-06,1.49421748574e-06,1.39380995279e-06,1.0929477412e-06,2.79158541616e-07,1.73062144313e-05,1.72670297616e-05,1.60135223268e-05,1.24448461065e-05,3.24186157741e-06
940,2024-09-09 04:00:00,39.166666666666664,1.48421895574e-06,1.48685694512e-06,1.38651159887e-06,1.0829310213e-06,2.78580074564e-07,1.71834089997e-05,1.72182772076e-05,1.59610535775e-05,1.2354039427e-05,3.24198299495e-06
941,2024-09-09 05:00:00,39.208333333333336,1.47651257976e-06,1.48338892814e-06,1.38038853947e-06,1.07414007289e-06,2.78550686517e-07,1.71303727257e-05,1.72143736563e-05,1.59221108333e-05,1.22770006783e-05,3.24852999256e-06
942,2024-09-09 06:00:00,39.25,1.47832588482e-06,1.4818423324e-06,1.37568656555e-06,1.06696109015e-06,2.78879241478e-07,1.71881492861e-05,1.72326945176e-05,1.58997972903e-05,1.22185037981e-05,3.25930045619e-06
943,2024-09-09 07:00:00,39.291666666666664,1.47737398493e-06,1.47907121573e-06,1.37154256663e-06,1.06036111447e-06,2.79100788703e-07,1.72136187757e-05,1.72366744664e-05,1.58841321536e-05,1.21667417261e-05,3.26887675328e-06
944,2024-09-09 08:00:00,39.333333333333336,1.47304990605e-06,1.47595460476e-06,1.36727214795e-06,1.05383890059e-06,2.7930042279e-07,1.7199834474e-05,1.72365289473e-05,1.58667553478e-05,1.2115692698e-05,3.27815973833e-06
945,2024-09-09 09:00:00,39.375,1.47272066897e-06,1.47337027556e-06,1.36360654324e-06,1.04830587588e-06,2.7968383165e-07,1.7232794562e-05,1.72424333869e-05,1.58564034791e-05,1.20759441415e-05,3.28966439156e-06
946,2024-09-09 10:00:00,39.416666666666664,1.47048615418e-06,1.47018090502e-06,1.36000619477e-06,1.04333480522e-06,2.79843135331e-07,1.72431973624e-05,1.72411564563e-05,1.5846982933e-05,1.20427530419e-05,3.29860654347e-06
947,2024-09-09 11:00:00,39.458333333333336,1.4677202671e-06,1.46683044022e-06,1.35653442612e-06,1.03844445221e-06,2.7991677598e-07,1.72472027771e-05,1.72378877323e-05,1.5839252228e-05,1.201055602e-05,3.30658053826e-06
948,2024-09-09 12:00:00,39.5,1.464841489e-06,1.4630232954e-06,1.35304969717e-06,1.03340948954e-06,2.79954804228e-07,1.72497002495e-05,1.72291147464e-05,1.58314978762e-05,1.19765918498e-05,3.31417595589e-06
949,2024-09-09 13:00:00,39.541666666666664,1.4613779058e-06,1.45870308188e-06,1.349667059e-06,1.02801800494e-06,2.79875933984e-07,1.72451982507e-05,1.72141899384e-05,1.58252878464e-05,1.19383321362e-05,3.32047443408e-06
950,2024-09-09 14:00:00,39.583333333333336,1.45698686538e-06,1.45366107063e-06,1.34603635615e-06,1.02194485407e-06,2.7967519145e-07,1.72295222001e-05,1.71906813193e-05,1.58159436978e-05,1.18917587315e-05,3.3254104892e-06
951,2024-09-09 15:00:00,39.625,1.45279079788e-06,1.44917328271e-06,1.34189747314e-06,1.01540524611e-06,2.79466291886e-07,1.72161799128e-05,1.71737719938e-05,1.58001403179e-05,1.18392708828e-05,3.33027969646e-06
952,2024-09-09 16:00:00,39.666666666666664,1.44931789237e-06,1.44490843468e-06,1.33716901018e-06,1.00875240605e-06,2.79309517737e-07,1.72112140717e-05,1.71594256244e-05,1.57767644851e-05,1.17850331662e-05,3.33573848366e-06
953,2024-09-09 17:00:00,39.708333333333336,1.44523869494e-06,1.44012108194e-06,1.33202502184e-06,1.00224178823e-06,2.79224025235e-07,1.71987703652e-05,1.71387109731e-05,1.57479735208e-05,1.17322697406e-05,3.34201649821e-06
954,2024-09-09 18:00:00,39.75,1.44159025695e-06,1.43526904139e-06,1.32672312247e-06,9.96262997432e-07,2.79254976476e-07,1.71912724909e-05,1.71169904206e-05,1.57169451995e-05,1.16857518151e-05,3.34963215209e-06
955,2024-09-09 19:00:00,39.791666666666664,1.43878833114e-06,1.4313156953e-06,1.32131276587e-06,9.90970079329e-07,2.79443952422e-07,1.71937426785e-05,1.71058654814e-05,1.5684245227e-05,1.16473383969e-05,3.35905247084e-06
956,2024-09-09 20:00:00,39.833333333333336,1.43572810885e-06,1.42806652548e-06,1.31614501697e-06,9.86456143437e-07,2.79815708382e-07,1.71930041688e-05,1.71030824276e-05,1.56543283083e-05,1.1618217286e-05,3.37056576427e-06
957,2024-09-09 21:00:00,39.875,1.4323383084e-06,1.4249474134e-06,1.31164574668e-06,9.82727897281e-07,2.80366947436e-07,1.71881747519e-05,1.71017563844e-05,1.56326750584e-05,1.15985612865e-05,3.3841356526e-06
958,2024-09-09 22:00:00,39.916666666666664,1.42839701311e-06,1.42180954299e-06,1.30789635477e-06,9.79554556579e-07,2.80920829709e-07,1.71767060237e-05,1.7100093828e-05,1.56203605002e-05,1.15856000775e-05,3.39775033353e-06
959,2024-09-09 23:00:00,39.958333333333336,1.42510930345e-06,1.41906559747e-06,1.30518731112e-06,9.76701130639e-07,2.81531612245e-07,1.71730771399e-05,1.71031406353e-05,1.5621075363e-05,1.15764387374e-05,3.41202962773e-06
960,2024-09-10 00:00:00,40.0,1.42148064697e-06,1.41612429161e-06,1.30371472551e-06,9.7398105936e-07,2.82027400544e-07,1.71652663994e-05,1.71037208929e-05,1.56371115736e-05,1.15686989375e-05,3.42502198691e-06
961,2024-09-10 01:00:00,40.041666666666664,1.41822090427e-06,1.41337989135e-06,1.30184184854e-06,9.71374561232e-07,2.82517504502e-07,1.71617557498e-05,1.71066385519e-05,1.56477035489e-05,1.1561996871e-05,3.4379538647e-06
962,2024-09-10 02:00:00,40.083333333333336,1.41483167226e-06,1.41044870361e-06,1.29972988816e-06,9.69049779087e-07,2.82904807136e-07,1.71566171048e-05,1.71071824298e-05,1.565506318e-05,1.15582106446e-05,3.4497222714e-06
963,2024-09-10 03:00:00,40.125,1.41151019761e-06,1.40756753808e-06,1.29741840738e-06,9.67292066889e-07,2.83283213776e-07,1.71522970049e-05,1.71082356246e-05,1.56598853209e-05,1.15608372653e-05,3.46139586327e-06
964,2024-09-10 04:00:00,40.166666666666664,1.40717907016e-06,1.40421332162e-06,1.29510419811e-06,9.659747775e-07,2.83557596958e-07,1.71357351064e-05,1.71033861989e-05,1.56647183758e-05,1.15687425932e-05,3.4718450479e-06
965,2024-09-10 05:00:00,40.208333333333336,1.40438760354e-06,1.4012448446e-06,1.29325474063e-06,9.64936361925e-07,2.83869127315e-07,1.71377905644e-05,1.71030660567e-05,1.56753467309e-05,1.15802249638e-05,3.48279604623e-06
966,2024-09-10 06:00:00,40.25,1.40068743804e-06,1.39807696087e-06,1.29183115405e-06,9.64009018389e-07,2.84092976699e-07,1.71286483237e-05,1.71001629496e-05,1.56913702085e-05,1.15932316476e-05,3.49271954292e-06
967,2024-09-10 07:00:00,40.291666666666664,1.39725830195e-06,1.39509154451e-06,1.29100283175e-06,9.63178308666e-07,2.84292553943e-07,1.71227420651e-05,1.70993171196e-05,1.57149079314e-05,1.16075343612e-05,3.5023908822e-06
968,2024-09-10 08:00:00,40.333333333333336,1.39330518323e-06,1.391853516e-06,1.29055274556e-06,9.62247554526e-07,2.84399050088e-07,1.71103820321e-05,1.70951916516e-05,1.5743307813e-05,1.1620715668e-05,3.51100129592e-06
969,2024-09-10 09:00:00,40.375,1.38952600537e-06,1.38869688726e-06,1.29019940687e-06,9.61183445725e-07,2.84492017499e-07,1.7100101104e-05,1.70918792719e-05,1.5772999177e-05,1.16323171824e-05,3.51951553057e-06
970,2024-09-10 10:00:00,40.416666666666664,1.38612506362e-06,1.38559391871e-06,1.28965780277e-06,9.59985641202e-07,2.84590925048e-07,1.70944258571e-05,1.70890743902e-05,1.58003676916e-05,1.16423061627e-05,3.52817050953e-06
971,2024-09-10 11:00:00,40.458333333333336,1.38208997669e-06,1.38195196087e-06,1.28864303406e-06,9.58505552262e-07,2.84587827082e-07,1.70807270479e-05,1.7079501049e-05,1.58218153956e-05,1.1648855434e-05,3.53563564204e-06
972,2024-09-10 12:00:00,40.5,1.37566416925e-06,1.37677557177e-06,1.28670035338e-06,9.56441908784e-07,2.84239717985e-07,1.7037107682e-05,1.70507810253e-05,1.58316870511e-05,1.16483051897e-05,3.53884320248e-06
973,2024-09-10 13:00:00,40.541666666666664,1.37456345328e-06,1.37407596412e-06,1.2851860447e-06,9.54647589424e-07,2.84524219296e-07,1.70591411006e-05,1.70525854628e-05,1.58466846187e-05,1.16508836072e-05,3.54992607754e-06
974,2024-09-10 14:00:00,40.583333333333336,1.37228289532e-06,1.37074346185e-06,1.28347767259e-06,9.52745438099e-07,2.84764894332e-07,1.70663788595e-05,1.70464682014e-05,1.58592192747e-05,1.16520222946e-05,3.56047894456e-06
975,2024-09-10 15:00:00,40.625,1.36722883326e-06,1.36605740408e-06,1.2813596868e-06,9.50588798787e-07,2.84790871774e-07,1.70388684637e-05,1.70233906829e-05,1.58665825438e-05,1.16498449643e-05,3.56832060788e-06
976,2024-09-10 16:00:00,40.666666666666664,1.36198809741e-06,1.36151186325e-06,1.27923658511e-06,9.48433182657e-07,2.84882645474e-07,1.70087969309e-05,1.70019247889e-05,1.58738457685e-05,1.16475102914e-05,3.57694989361e-06
977,2024-09-10 17:00:00,40.708333333333336,1.35808772939e-06,1.35748882713e-06,1.27738053379e-06,9.46382726852e-07,2.85125054234e-07,1.69952381839e-05,1.69868890225e-05,1.58844868565e-05,1.16464079838e-05,3.58744819096e-06
978,2024-09-10 18:00:00,40.75,1.35448146921e-06,1.35377536026e-06,1.27569023789e-06,9.44501096001e-07,2.85455456606e-07,1.69851809915e-05,1.697564403e-05,1.58972197823e-05,1.1647312931e-05,3.59904174729e-06
979,2024-09-10 19:00:00,40.791666666666664,1.35410095936e-06,1.35143136504e-06,1.27426892504e-06,9.42989629493e-07,2.86010276795e-07,1.70155126398e-05,1.69814575202e-05,1.59132832778e-05,1.16526807687e-05,3.61346110367e-06
980,2024-09-10 20:00:00,40.833333333333336,1.35265349854e-06,1.34904917104e-06,1.27295504626e-06,9.41701614465e-07,2.86493303747e-07,1.70324328792e-05,1.69867325894e-05,1.59307091963e-05,1.16607288874e-05,3.6269868815e-06
981,2024-09-10 21:00:00,40.875,1.34980018629e-06,1.34608956159e-06,1.27177270315e-06,9.40628581247e-07,2.86834932695e-07,1.70316379808e-05,1.69846953213e-05,1.59498304129e-05,1.16713836178e-05,3.63879371434e-06
982,2024-09-10 22:00:00,40.916666666666664,1.34658000661e-06,1.34313972922e-06,1.27074122247e-06,9.39752965223e-07,2.8714211453e-07,1.70262392203e-05,1.6982683519e-05,1.59708979481e-05,1.16844275908e-05,3.65019946003e-06
983,2024-09-10 23:00:00,40.958333333333336,1.34399169838e-06,1.34057279411e-06,1.27000714656e-06,9.39117967391e-07,2.87484795081e-07,1.70288512891e-05,1.6985441107e-05,1.59958381118e-05,1.17004419735e-05,3.66208223568e-06
984,2024-09-11 00:00:00,41.0,1.34099980187e-06,1.33784647005e-06,1.26952761548e-06,9.3869829243e-07,2.87793596954e-07,1.70262719621e-05,1.69860995811e-05,1.6024132492e-05,1.17191848403e-05,3.67358552467e-06
985,2024-09-11 01:00:00,41.041666666666664,1.33796288537e-06,1.33501089294e-06,1.26910663312e-06,9.38397420214e-07,2.88080883593e-07,1.70229977812e-05,1.69852701219e-05,1.60531926667e-05,1.17394529298e-05,3.68486166735e-06
986,2024-09-11 02:00:00,41.083333333333336,1.33506262046e-06,1.33222715704e-06,1.2686188029e-06,9.38269010931e-07,2.88386814873e-07,1.70213770616e-05,1.69849845406e-05,1.60813560797e-05,1.17619110824e-05,3.69641725229e-06
987,2024-09-11 03:00:00,41.125,1.33210414788e-06,1.32953584853e-06,1.26802387967e-06,9.38279583806e-07,2.88697066253e-07,1.70189559867e-05,1.69857867149e-05,1.61080934049e-05,1.17861545732e-05,3.70805742023e-06
988,2024-09-11 04:00:00,41.166666666666664,1.32748289161e-06,1.32603997827e-06,1.26718703086e-06,9.38303514886e-07,2.88888202249e-07,1.69951290445e-05,1.6976164261e-05,1.61316711456e-05,1.18106136142e-05,3.71820351575e-06
989,2024-09-11 05:00:00,41.208333333333336,1.32411844334e-06,1.32289949306e-06,1.26630084196e-06,9.38436699016e-07,2.89146640853e-07,1.69872455444e-05,1.69709473994e-05,1.61545576702e-05,1.18365269373e-05,3.72923659597e-06
990,2024-09-11 06:00:00,41.25,1.32038564971e-06,1.31959575356e-06,1.26533382172e-06,9.38704658893e-07,2.89395700293e-07,1.69744580489e-05,1.6963465896e-05,1.61763473443e-05,1.1864211956e-05,3.74017758986e-06
991,2024-09-11 07:00:00,41.291666666666664,1.31855551899e-06,1.3170655393e-06,1.26443683257e-06,9.39302765346e-07,2.89788005148e-07,1.69859977177e-05,1.69657887454e-05,1.61989610206e-05,1.18961588669e-05,3.75299964617e-06
992,2024-09-11 08:00:00,41.333333333333336,1.31626086386e-06,1.31418187266e-06,1.26336203721e-06,9.3992383654e-07,2.90118606472e-07,1.69913946593e-05,1.69634204212e-05,1.62191663549e-05,1.19284541142e-05,3.76507114197e-06
993,2024-09-11 09:00:00,41.375,1.31365436573e-06,1.31109891299e-06,1.26203417494e-06,9.40374320635e-07,2.904040457e-07,1.69926097442e-05,1.69583709067e-05,1.62359992828e-05,1.19586329674e-05,3.77660285267e-06
994,2024-09-11 10:00:00,41.416666666666664,1.31083913857e-06,1.30809974053e-06,1.26032807657e-06,9.40420193274e-07,2.90627241384e-07,1.69910526893e-05,1.69543855009e-05,1.62478354468e-05,1.19837459351e-05,3.78737900064e-06
995,2024-09-11 11:00:00,41.458333333333336,1.30769296902e-06,1.3049076415e-06,1.25764108816e-06,9.38878145007e-07,2.90633551003e-07,1.6985091861e-05,1.69478771568e-05,1.62465039466e-05,1.1988746337e-05,3.79546577278e-06
996,2024-09-11 12:00:00,41.5,1.30451849145e-06,1.3020841152e-06,1.25450810629e-06,9.36866285883e-07,2.9062351814e-07,1.69788108906e-05,1.69462582562e-05,1.62389460456e-05,1.19876549434e-05,3.80337610295e-06
997,2024-09-11 13:00:00,41.541666666666664,1.30143405386e-06,1.29936711346e-06,1.25110273075e-06,9.3453786576e-07,2.9063465945e-07,1.69738250406e-05,1.69460727193e-05,1.62276483024e-05,1.19824262583e-05,3.81158497476e-06
998,2024-09-11 14:00:00,41.583333333333336,1.2986472484e-06,1.29651539282e-06,1.24734469864e-06,9.32032037326e-07,2.90728706887e-07,1.69727591128e-05,1.69440372702e-05,1.62114029081e-05,1.19748374345e-05,3.82086273021e-06
999,2024-09-11 15:00:00,41.625,1.29600539367e-06,1.29352906697e-06,1.24344865071e-06,9.29420309603e-07,2.90889232701e-07,1.697359221e-05,1.6940117348e-05,1.61931111506e-05,1.19657124742e-05,3.83101405532e-06
1000,2024-09-11 16:00:00,41.666666666666664,1.29345767164e-06,1.29046952679e-06,1.23941583752e-06,9.26982636429e-07,2.91081647674e-07,1.69755294337e-05,1.69351187651e-05,1.61727475643e-05,1.19587830341e-05,3.84158875022e-06
1001,2024-09-11 17:00:00,41.708333333333336,1.29108320834e-06,1.28750389194e-06,1.23571135191e-06,9.24886933262e-07,2.91433622124e-07,1.69794730027e-05,1.69312170328e-05,1.61569168995e-05,1.19563846965e-05,3.8542002585e-06
1002,2024-09-11 18:00:00,41.75,1.28855060666e-06,1.28457247683e-06,1.23265397178e-06,9.23184586554e-07,2.91892604309e-07,1.69811282831e-05,1.69276790984e-05,1.61502284755e-05,1.19592477859e-05,3.86818010156e-06
1003,2024-09-11 19:00:00,41.791666666666664,1.2859642311e-06,1.28180693082e-06,1.23068173252e-06,9.21965693124e-07,2.92437874805e-07,1.69819177245e-05,1.69262566487e-05,1.61589559866e-05,1.19685773825e-05,3.88326179745e-06
1004,2024-09-11 20:00:00,41.833333333333336,1.28326917093e-06,1.27914756831e-06,1.23002178043e-06,9.2135195473e-07,2.93041154009e-07,1.69811901287e-05,1.69261911651e-05,1.61861353263e-05,1.19859305414e-05,3.89908836951e-06
1005,2024-09-11 21:00:00,41.875,1.28012266032e-06,1.27628504742e-06,1.22964240745e-06,9.21689775168e-07,2.93640681548e-07,1.69743816514e-05,1.69233535416e-05,1.62169344549e-05,1.20157073979e-05,3.91486037188e-06
1006,2024-09-11 22:00:00,41.916666666666664,1.27738962874e-06,1.27359066937e-06,1.22877384001e-06,9.231155218e-07,2.9423711112e-07,1.69729228219e-05,1.69226605067e-05,1.6240592231e-05,1.20594822874e-05,3.93064010495e-06
1007,2024-09-11 23:00:00,41.958333333333336,1.27451050957e-06,1.27088719637e-06,1.22741948871e-06,9.24366702293e-07,2.94755153618e-07,1.69694994838e-05,1.69217637449e-05,1.6257257812e-05,1.21007633425e-05,3.94546486859e-06
1008,2024-09-12 00:00:00,42.0,1.27017619889e-06,1.26739541884e-06,1.22569292671e-06,9.24829805626e-07,2.95033004249e-07,1.69465747604e-05,1.69102295331e-05,1.62686592375e-05,1.21316261357e-05,3.95718325308e-06
1009,2024-09-12 01:00:00,42.041666666666664,1.2672013554e-06,1.26455825011e-06,1.22396954794e-06,9.25001415908e-07,2.95340015555e-07,1.69416725839e-05,1.69072936842e-05,1.62798551173e-05,1.21585735542e-05,3.96938776248e-06
1010,2024-09-12 02:00:00,42.083333333333336,1.26453699067e-06,1.26175496007e-06,1.22226515487e-06,9.25116353301e-07,2.9564270676e-07,1.6940964997e-05,1.69047216332e-05,1.62911837833e-05,1.21847378978e-05,3.98159454562e-06
1011,2024-09-12 03:00:00,42.125,1.26178019855e-06,1.25892142933e-06,1.22056701457e-06,9.25249366901e-07,2.95924451166e-07,1.69389786606e-05,1.69016384461e-05,1.63025106303e-05,1.2211129615e-05,3.99356895286e-06
1012,2024-09-12 04:00:00,42.166666666666664,1.25735584788e-06,1.25545579976e-06,1.21871687497e-06,9.25295637444e-07,2.96092821372e-07,1.69145132531e-05,1.68899186974e-05,1.6311665604e-05,1.22363217088e-05,4.00405724577e-06
1013,2024-09-12 05:00:00,42.208333333333336,1.25525809835e-06,1.25295548514e-06,1.21697598843e-06,9.25385108985e-07,2.96385650245e-07,1.69212944456e-05,1.68910646607e-05,1.63221684488e-05,1.22620631373e-05,4.01625993618e-06
1014,2024-09-12 06:00:00,42.25,1.25270003082e-06,1.25036956433e-06,1.21523885355e-06,9.25480946989e-07,2.96673391631e-07,1.69218110386e-05,1.68909009517e-05,1.63326276379e-05,1.22878836919e-05,4.02842670155e-06
1015,2024-09-12 07:00:00,42.291666666666664,1.25041697174e-06,1.24790676637e-06,1.21349660276e-06,9.25546885355e-07,2.96980687153e-07,1.69259401446e-05,1.68922306329e-05,1.6342903109e-05,1.23132840599e-05,4.04088859796e-06
1016,2024-09-12 08:00:00,42.333333333333336,1.24786924971e-06,1.24527002754e-06,1.21170171496e-06,9.25560016185e-07,2.97266495863e-07,1.69263657881e-05,1.6891019186e-05,1.63523782248e-05,1.2337984117e-05,4.05308946938e-06
1017,2024-09-12 09:00:00,42.375,1.24512064303e-06,1.24248515476e-06,1.20980155316e-06,9.25372489746e-07,2.9750569297e-07,1.69239137904e-05,1.68876304087e-05,1.63603672263e-05,1.23600993902e-05,4.06469553127e-06
1018,2024-09-12 10:00:00,42.416666666666664,1.24231280552e-06,1.2396716329e-06,1.20773438539e-06,9.24860557916e-07,2.97711721942e-07,1.69204886333e-05,1.68837123056e-05,1.63660042745e-05,1.23780637296e-05,4.07589004681e-06
1019,2024-09-12 11:00:00,42.458333333333336,1.2394453961e-06,1.23681274999e-06,1.20542688364e-06,9.23794004848e-07,2.97869917176e-07,1.69160593941e-05,1.68790702446e-05,1.63682907441e-05,1.23889749375e-05,4.0864829316e-06
1020,2024-09-12 12:00:00,42.5,1.23658162465e-06,1.23413190067e-06,1.2027678622e-06,9.21918569929e-07,2.97990141007e-07,1.69115246536e-05,1.68769001903e-05,1.63656350196e-05,1.23895415527e-05,4.09660333389e-06
1021,2024-09-12 13:00:00,42.541666666666664,1.23377935779e-06,1.23152562992e-06,1.19972196444e-06,9.19491753848e-07,2.9809825719e-07,1.69077320606e-05,1.68757778738e-05,1.63573495229e-05,1.23825575429e-05,4.10659094996e-06
1022,2024-09-12 14:00:00,42.583333333333336,1.23096162952e-06,1.22903361444e-06,1.19633602935e-06,9.16563521969e-07,2.98258640896e-07,1.69037393789e-05,1.687625263e-05,1.63440308825e-05,1.23683630591e-05,4.11732207795e-06
1023,2024-09-12 15:00:00,42.625,1.22834535432e-06,1.22647747958e-06,1.19281946809e-06,9.13487212983e-07,2.98524270193e-07,1.69026025105e-05,1.68757851498e-05,1.63287277246e-05,1.23517993416e-05,4.12950430473e-06
1024,2024-09-12 16:00:00,42.666666666666664,1.22592757634e-06,1.22384517454e-06,1.18934315196e-06,9.10680341804e-07,2.98878774174e-07,1.69041977642e-05,1.68742535607e-05,1.63139993674e-05,1.2338849956e-05,4.14292026107e-06
1025,2024-09-12 17:00:00,42.708333333333336,1.22363439914e-06,1.22106655454e-06,1.18609841593e-06,9.08456456727e-07,2.99268577919e-07,1.69074373844e-05,1.68707101693e-05,1.63026979862e-05,1.23341478684e-05,4.1568468987e-06
1026,2024-09-12 18:00:00,42.75,1.22144672332e-06,1.21829850741e-06,1.1831870097e-06,9.06718014448e-07,2.99599406617e-07,1.69119903148e-05,1.68672759173e-05,1.62963478942e-05,1.23363834064e-05,4.16999682784e-06
1027,2024-09-12 19:00:00,42.791666666666664,1.21922687413e-06,1.21569291878e-06,1.18062155252e-06,9.05327169676e-07,2.99855571484e-07,1.69159011421e-05,1.68659771589e-05,1.62951055245e-05,1.23435611386e-05,4.1821317609e-06
1028,2024-09-12 20:00:00,42.833333333333336,1.21682489862e-06,1.2131041558e-06,1.17820775358e-06,9.04159321635e-07,3.00049237012e-07,1.69171635207e-05,1.68648330146e-05,1.62960168382e-05,1.23538329717e-05,4.19341631641e-06
1029,2024-09-12 21:00:00,42.875,1.21426796795e-06,1.21046468848e-06,1.1756561662e-06,9.03129603103e-07,3.00220989402e-07,1.69161758095e-05,1.6862868506e-05,1.62945216289e-05,1.23657755466e-05,4.2044039219e-06
1030,2024-09-12 22:00:00,42.916666666666664,1.21163350286e-06,1.2078482996e-06,1.17449474146e-06,9.02454587504e-07,3.00430400557e-07,1.69140348589e-05,1.68611131812e-05,1.63132353919e-05,1.23821801026e-05,4.21590812039e-06
1031,2024-09-12 23:00:00,42.958333333333336,1.20894083011e-06,1.20519769098e-06,1.17312038128e-06,9.02458168639e-07,3.00666471276e-07,1.69110298884e-05,1.6858750314e-05,1.63288004842e-05,1.24075231724e-05,4.2278015826e-06
1032,2024-09-13 00:00:00,43.0,1.20622416944e-06,1.20246534152e-06,1.17141757983e-06,9.02806618797e-07,3.00879946735e-07,1.69076120073e-05,1.68550886883e-05,1.63393287949e-05,1.24372700157e-05,4.2394317461e-06
1033,2024-09-13 01:00:00,43.041666666666664,1.20349761801e-06,1.19977539725e-06,1.16961996355e-06,9.03037857825e-07,3.0106258464e-07,1.69039849425e-05,1.68519036379e-05,1.6348234567e-05,1.24652424347e-05,4.25068537879e-06
1034,2024-09-13 02:00:00,43.083333333333336,1.20007007354e-06,1.19671415177e-06,1.16777493986e-06,9.02978058548e-07,3.01158195271e-07,1.68904080056e-05,1.68433834915e-05,1.6356301785e-05,1.24891266751e-05,4.26075757787e-06
1035,2024-09-13 03:00:00,43.125,1.19619517136e-06,1.19344451832e-06,1.16587204957e-06,9.02693670923e-07,3.01190169694e-07,1.6870422769e-05,1.68318365468e-05,1.63634031196e-05,1.25098777062e-05,4.26995984526e-06
1036,2024-09-13 04:00:00,43.166666666666664,1.19441131119e-06,1.1913804201e-06,1.16409717066e-06,9.02406043224e-07,3.01361666288e-07,1.68798833329e-05,1.68372316693e-05,1.63721470017e-05,1.25306341943e-05,4.28116481999e-06
1037,2024-09-13 05:00:00,43.208333333333336,1.19181731861e-06,1.18882962852e-06,1.16222088309e-06,9.02012857296e-07,3.0146910035e-07,1.68778697116e-05,1.68356455106e-05,1.6379301087e-05,1.25499564092e-05,4.29148531111e-06
1038,2024-09-13 06:00:00,43.25,1.18916204883e-06,1.18619766454e-06,1.1602670611e-06,9.01501152839e-07,3.01559794025e-07,1.68749011209e-05,1.68327660504e-05,1.63852073456e-05,1.25676215248e-05,4.30158706877e-06
1039,2024-09-13 07:00:00,43.291666666666664,1.18633556667e-06,1.18339164601e-06,1.15822570024e-06,9.00759289379e-07,3.01633747313e-07,1.68693713931e-05,1.68272581504e-05,1.6389773009e-05,1.25821252368e-05,4.31146645496e-06
1040,2024-09-13 08:00:00,43.333333333333336,1.18369530355e-06,1.18063621812e-06,1.15605212159e-06,8.99692111034e-07,3.01745615161e-07,1.68663555087e-05,1.68223104993e-05,1.63923814398e-05,1.25922624648e-05,4.32190245192e-06
1041,2024-09-13 09:00:00,43.375,1.18089621992e-06,1.17778188269e-06,1.15363752684e-06,8.98084692835e-07,3.01893379628e-07,1.68609094544e-05,1.68158203451e-05,1.63914519362e-05,1.25951182781e-05,4.3328573156e-06
1042,2024-09-13 10:00:00,43.416666666666664,1.17778404274e-06,1.1749884834e-06,1.15062186978e-06,8.95796404166e-07,3.02197548763e-07,1.68508304341e-05,1.68102487805e-05,1.63814456755e-05,1.25886544993e-05,4.34605044575e-06
1043,2024-09-13 11:00:00,43.458333333333336,1.17449860682e-06,1.17262607091e-06,1.14726663014e-06,8.94158631581e-07,3.02957460008e-07,1.68385249708e-05,1.68111146195e-05,1.63662371051e-05,1.25914057207e-05,4.36574464402e-06
1044,2024-09-13 12:00:00,43.5,1.17156741908e-06,1.17034232971e-06,1.14343106361e-06,8.94100992355e-07,3.04104531779e-07,1.68316619238e-05,1.6813082766e-05,1.63434688147e-05,1.26171335069e-05,4.39100767835e-06
1045,2024-09-13 13:00:00,43.541666666666664,1.16927174076e-06,1.16811418138e-06,1.13950363811e-06,8.95745245089e-07,3.05244185483e-07,1.68342685356e-05,1.68158821907e-05,1.63192526088e-05,1.26685417854e-05,4.41633210357e-06
1046,2024-09-13 14:00:00,43.583333333333336,1.16727869681e-06,1.16499973046e-06,1.13665112167e-06,8.98736516319e-07,3.06172694309e-07,1.68411224877e-05,1.68061360455e-05,1.6312187654e-05,1.27407456603e-05,4.43884982815e-06
1047,2024-09-13 15:00:00,43.625,1.16494231861e-06,1.16187641197e-06,1.13499049803e-06,9.02165709249e-07,3.06773472403e-07,1.68430287886e-05,1.67964626598e-05,1.63244221767e-05,1.28201609186e-05,4.45691148343e-06
1048,2024-09-13 16:00:00,43.666666666666664,1.16281148621e-06,1.15931686651e-06,1.13451835659e-06,9.04637488475e-07,3.07390280341e-07,1.68475071405e-05,1.67946272995e-05,1.6355954358e-05,1.28859537654e-05,4.47527190772e-06
1049,2024-09-13 17:00:00,43.708333333333336,1.16049147891e-06,1.15670445666e-06,1.13367798349e-06,9.04499358967e-07,3.07638970298e-07,1.68490951182e-05,1.67920716194e-05,1.63817639987e-05,1.29133759401e-05,4.4884595809e-06
1050,2024-09-13 18:00:00,43.75,1.15817931601e-06,1.15425166314e-06,1.13186570161e-06,9.02337717434e-07,3.07324000914e-07,1.68504575413e-05,1.67916132341e-05,1.63921467902e-05,1.29107438624e-05,4.49362914878e-06
1051,2024-09-13 19:00:00,43.791666666666664,1.15582736271e-06,1.15200293749e-06,1.12911186534e-06,8.98979806152e-07,3.06800160388e-07,1.68509359355e-05,1.67938978848e-05,1.63872773555e-05,1.28901447169e-05,4.49572780781e-06
1052,2024-09-13 20:00:00,43.833333333333336,1.15339628337e-06,1.14965678222e-06,1.12574991817e-06,8.94644131222e-07,3.06232124103e-07,1.68501865119e-05,1.67947000591e-05,1.6372601749e-05,1.28547271743e-05,4.49709614259e-06
1053,2024-09-13 21:00:00,43.875,1.15111083687e-06,1.14737622425e-06,1.12169846034e-06,8.90282308319e-07,3.05666844724e-07,1.68512669916e-05,1.67963062268e-05,1.634686123e-05,1.28184774439e-05,4.49840763395e-06
1054,2024-09-13 22:00:00,43.916666666666664,1.14878230306e-06,1.14501381177e-06,1.11676888537e-06,8.8629946049e-07,3.05183903038e-07,1.68516835402e-05,1.67966609297e-05,1.63067452377e-05,1.27873317979e-05,4.50085690318e-06
1055,2024-09-13 23:00:00,43.958333333333336,1.1463747569e-06,1.14256715733e-06,1.11121039481e-06,8.83104064542e-07,3.04801801576e-07,1.68509395735e-05,1.67956495716e-05,1.62561518664e-05,1.27675430122e-05,4.50473999081e-06
1056,2024-09-14 00:00:00,44.0,1.14386853056e-06,1.14005183605e-06,1.10557255084e-06,8.80862842223e-07,3.04499394588e-07,1.68487495102e-05,1.67934540514e-05,1.62037631526e-05,1.27618559418e-05,4.50973311672e-06
1057,2024-09-14 01:00:00,44.041666666666664,1.14133445095e-06,1.13761166176e-06,1.10052485525e-06,8.79369110862e-07,3.0429475828e-07,1.68460555869e-05,1.67921552929e-05,1.61602802109e-05,1.27673547468e-05,4.51608502772e-06
1058,2024-09-14 02:00:00,44.083333333333336,1.13876683372e-06,1.13516534839e-06,1.09643065116e-06,8.78261232629e-07,3.04170129084e-07,1.6842781406e-05,1.67906582647e-05,1.61316202139e-05,1.27786961457e-05,4.52353015135e-06
1059,2024-09-14 03:00:00,44.125,1.13626026632e-06,1.13276450975e-06,1.09331813292e-06,8.77251522979e-07,3.0408327234e-07,1.68402257259e-05,1.67897233041e-05,1.61183579621e-05,1.27915764097e-05,4.53147595181e-06
1060,2024-09-14 04:00:00,44.166666666666664,1.13376734134e-06,1.13032342597e-06,1.09103405066e-06,8.76033993791e-07,3.03994312389e-07,1.68377628142e-05,1.67881262314e-05,1.61181851581e-05,1.28013252834e-05,4.53936127087e-06
1061,2024-09-14 05:00:00,44.208333333333336,1.13131022772e-06,1.12787404305e-06,1.0892198361e-06,8.74293107245e-07,3.03883780362e-07,1.68356964423e-05,1.67862908711e-05,1.61253392434e-05,1.28030742417e-05,4.54691735285e-06
1062,2024-09-14 06:00:00,44.25,1.12884265491e-06,1.12537702535e-06,1.08738584004e-06,8.71760562404e-07,3.03750198327e-07,1.68333626789e-05,1.67836060427e-05,1.6131934899e-05,1.27926332425e-05,4.55412236988e-06
1063,2024-09-14 07:00:00,44.291666666666664,1.12630084459e-06,1.12280099529e-06,1.08526694476e-06,8.68323581926e-07,3.03607720298e-07,1.682990478e-05,1.67796297319e-05,1.61337884492e-05,1.27681278173e-05,4.56120869785e-06
1064,2024-09-14 08:00:00,44.333333333333336,1.12355803594e-06,1.11999793262e-06,1.08269193788e-06,8.64198909767e-07,3.03433751014e-07,1.68235837918e-05,1.67722155311e-05,1.61283478519e-05,1.2732716641e-05,4.56792258774e-06
1065,2024-09-14 09:00:00,44.375,1.12051839096e-06,1.11691099391e-06,1.07968048724e-06,8.60138641201e-07,3.03178978811e-07,1.68131227838e-05,1.67605867318e-05,1.61163843586e-05,1.26980348796e-05,4.57361556983e-06
1066,2024-09-14 10:00:00,44.416666666666664,1.11724807539e-06,1.11412293791e-06,1.07600556021e-06,8.56512770042e-07,3.02938786945e-07,1.67995149241e-05,1.67534362845e-05,1.60936360771e-05,1.26697686937e-05,4.57963915323e-06
1067,2024-09-14 11:00:00,44.458333333333336,1.11450412987e-06,1.11170572836e-06,1.07174707864e-06,8.53775873111e-07,3.02737731772e-07,1.67934667843e-05,1.67518628587e-05,1.60612635227e-05,1.26550339701e-05,4.58630984213e-06
1068,2024-09-14 12:00:00,44.5,1.11190240659e-06,1.10893233796e-06,1.06740549199e-06,8.5219102175e-07,3.0253934824e-07,1.67895414052e-05,1.67451780726e-05,1.60274212249e-05,1.26581062432e-05,4.59310194856e-06
1069,2024-09-14 13:00:00,44.541666666666664,1.10935150133e-06,1.10634869088e-06,1.06337904526e-06,8.5172814579e-07,3.02395761764e-07,1.6786312699e-05,1.6741152649e-05,1.59984574566e-05,1.26786089822e-05,4.60076762465e-06
1070,2024-09-14 14:00:00,44.583333333333336,1.10725147806e-06,1.1039076071e-06,1.06040431547e-06,8.52365701576e-07,3.02275537933e-07,1.67893140315e-05,1.67391590367e-05,1.59865667229e-05,1.27164857986e-05,4.60881756226e-06
1071,2024-09-14 15:00:00,44.625,1.10488338123e-06,1.10100256734e-06,1.05859828636e-06,8.53969879699e-07,3.02143320141e-07,1.6788540961e-05,1.67304442584e-05,1.5994097339e-05,1.27699204313e-05,4.61674608232e-06
1072,2024-09-14 16:00:00,44.666666666666664,1.10278881493e-06,1.09835184503e-06,1.05754304514e-06,8.55614928241e-07,3.01968867689e-07,1.67913858604e-05,1.67253456311e-05,1.6014355424e-05,1.2824384612e-05,4.62405250801e-06
1073,2024-09-14 17:00:00,44.708333333333336,1.10065525405e-06,1.09567235995e-06,1.05649814941e-06,8.55957125623e-07,3.01676664094e-07,1.67933958437e-05,1.67199086718e-05,1.60350555234e-05,1.2858719856e-05,4.62954312752e-06
1074,2024-09-14 18:00:00,44.75,1.09811696802e-06,1.09345069177e-06,1.05498099856e-06,8.54565655573e-07,3.01309455608e-07,1.67896068888e-05,1.67209218489e-05,1.60480449267e-05,1.28660294649e-05,4.63381320515e-06
1075,2024-09-14 19:00:00,44.791666666666664,1.0956883898e-06,1.09140546556e-06,1.05282356344e-06,8.51407378377e-07,3.0096964565e-07,1.6787173081e-05,1.6724157831e-05,1.60502931976e-05,1.2845593119e-05,4.63837477582e-06
1076,2024-09-14 20:00:00,44.833333333333336,1.09325787889e-06,1.08938331778e-06,1.04991022454e-06,8.46967282087e-07,3.00669114495e-07,1.67846283148e-05,1.672759754e-05,1.60397230502e-05,1.28048295664e-05,4.6434424803e-06
1077,2024-09-14 21:00:00,44.875,1.0908022432e-06,1.087317969e-06,1.04629907582e-06,8.42000133616e-07,3.00402803077e-07,1.67816251633e-05,1.67303205671e-05,1.60171894095e-05,1.27552993945e-05,4.64897220809e-06
1078,2024-09-14 22:00:00,44.916666666666664,1.08853930669e-06,1.08506696961e-06,1.04230127818e-06,8.37350341953e-07,3.00165510225e-07,1.67811285792e-05,1.67302550835e-05,1.59877745318e-05,1.27100429381e-05,4.65489847556e-06
1079,2024-09-14 23:00:00,44.958333333333336,1.08622612061e-06,1.08265851395e-06,1.03832780951e-06,8.33613569284e-07,2.99945241977e-07,1.67797988979e-05,1.67277448782e-05,1.59582468768e-05,1.26785807879e-05,4.66107667307e-06
1080,2024-09-15 00:00:00,45.0,1.08393112441e-06,1.08029803414e-06,1.03478555502e-06,8.30858880363e-07,2.9974111726e-07,1.67785983649e-05,1.67257549037e-05,1.59353257914e-05,1.26623062897e-05,4.66751134809e-06
1081,2024-09-15 01:00:00,45.041666666666664,1.08139465738e-06,1.0777970374e-06,1.03186391698e-06,8.28926147278e-07,2.99602220366e-07,1.67739381141e-05,1.67215603142e-05,1.59222890943e-05,1.26590402942e-05,4.67490872325e-06
1082,2024-09-15 02:00:00,45.083333333333336,1.07891571588e-06,1.07546588879e-06,1.02954834347e-06,8.27554856642e-07,2.99547622262e-07,1.6769998183e-05,1.67197213159e-05,1.59191004059e-05,1.26647946672e-05,4.6835507419e-06
1083,2024-09-15 03:00:00,45.125,1.07638095415e-06,1.07306561858e-06,1.02780961697e-06,8.26462894565e-07,2.99597701314e-07,1.67651724041e-05,1.671678001e-05,1.59253449965e-05,1.26751101561e-05,4.69368660561e-06
1084,2024-09-15 04:00:00,45.166666666666664,1.07396965632e-06,1.07072139599e-06,1.02647868516e-06,8.25257131964e-07,2.99737905607e-07,1.6761930965e-05,1.67145808518e-05,1.59382616403e-05,1.26837112475e-05,4.70510212836e-06
1085,2024-09-15 05:00:00,45.208333333333336,1.07149560336e-06,1.06814695755e-06,1.02496346699e-06,8.23605603273e-07,2.99911562252e-07,1.6757643607e-05,1.67088437593e-05,1.5948255168e-05,1.26851846289e-05,4.7170256039e-06
1086,2024-09-15 06:00:00,45.25,1.06905622488e-06,1.0656701761e-06,1.02297235571e-06,8.21314017685e-07,3.0017523045e-07,1.67537764355e-05,1.67043781403e-05,1.59504816111e-05,1.26761897263e-05,4.73032287118e-06
1087,2024-09-15 07:00:00,45.291666666666664,1.06663435417e-06,1.06278127987e-06,1.02054252693e-06,8.17915122298e-07,3.00464392922e-07,1.67495145433e-05,1.66935205925e-05,1.59453338711e-05,1.26491850097e-05,4.74401213069e-06
1088,2024-09-15 08:00:00,45.333333333333336,1.06406696432e-06,1.05950721263e-06,1.01751527382e-06,8.13227927665e-07,3.00402660969e-07,1.67429680005e-05,1.66765039467e-05,1.59300016094e-05,1.26011309476e-05,4.7525923037e-06
1089,2024-09-15 09:00:00,45.375,1.06100628727e-06,1.0558080703e-06,1.01349087345e-06,8.07913977496e-07,3.00097639183e-07,1.67291836988e-05,1.6652753402e-05,1.58976745297e-05,1.25426722661e-05,4.75764272778e-06
1090,2024-09-15 10:00:00,45.416666666666664,1.05715491827e-06,1.05303308828e-06,1.00855629626e-06,8.02941485745e-07,2.99658069025e-07,1.67037051142e-05,1.66437621374e-05,1.58498023666e-05,1.24890902953e-05,4.76078594147e-06
1091,2024-09-15 11:00:00,45.458333333333336,1.05338574485e-06,1.05217338842e-06,1.0034849538e-06,7.99351255409e-07,2.99346140764e-07,1.66810696101e-05,1.66648260347e-05,1.57992271852e-05,1.24571160995e-05,4.76607374367e-06
1092,2024-09-15 12:00:00,45.5,1.05158267161e-06,1.05044136944e-06,1.00054512586e-06,7.98235475941e-07,2.99229043321e-07,1.66882182384e-05,1.66722511494e-05,1.57838749146e-05,1.2464766769e-05,4.7744706535e-06
1093,2024-09-15 13:00:00,45.541666666666664,1.05040101062e-06,1.04867524442e-06,1.00202908015e-06,7.99877454938e-07,2.99235040302e-07,1.67037724168e-05,1.66785994224e-05,1.58442871907e-05,1.25175483845e-05,4.78490073874e-06
1094,2024-09-15 14:00:00,45.583333333333336,1.04880029994e-06,1.04654191091e-06,1.00611134712e-06,8.03371335678e-07,2.99267810533e-07,1.67126072483e-05,1.66789832292e-05,1.59519331646e-05,1.26018057927e-05,4.79581194668e-06
1095,2024-09-15 15:00:00,45.625,1.04673983969e-06,1.04400157852e-06,1.00813474546e-06,8.07436833838e-07,2.9918962241e-07,1.67144025909e-05,1.66733025253e-05,1.60252402566e-05,1.26968670884e-05,4.80502649225e-06
1096,2024-09-15 16:00:00,45.666666666666664,1.04437776827e-06,1.04129424017e-06,1.00711724826e-06,8.10458175238e-07,2.98752979688e-07,1.67115322256e-05,1.66652680491e-05,1.6045423763e-05,1.2775389223e-05,4.80857761431e-06
1097,2024-09-15 17:00:00,45.708333333333336,1.04200887563e-06,1.03888999092e-06,1.00487739019e-06,8.10981021004e-07,2.98309629443e-07,1.67081216205e-05,1.66614354384e-05,1.60442668857e-05,1.28126966956e-05,4.8117121878e-06
1098,2024-09-15 18:00:00,45.75,1.0396208836e-06,1.03679485619e-06,1.00234967704e-06,8.09204266261e-07,2.98251507047e-07,1.67043308466e-05,1.66620811797e-05,1.60382933245e-05,1.2811947272e-05,4.82054883832e-06
1099,2024-09-15 19:00:00,45.791666666666664,1.03736283563e-06,1.03472507362e-06,9.99148710434e-07,8.05933439096e-07,2.98306275681e-07,1.67023990798e-05,1.66629979503e-05,1.60202598636e-05,1.27867233459e-05,4.83115218231e-06
1100,2024-09-15 20:00:00,45.833333333333336,1.03542720353e-06,1.03266324913e-06,9.95644427348e-07,8.0197258967e-07,2.98105476304e-07,1.67049911397e-05,1.66637946677e-05,1.59965711646e-05,1.27498678921e-05,4.83800613438e-06
1101,2024-09-15 21:00:00,45.875,1.03338720692e-06,1.03049535483e-06,9.92654008769e-07,7.98642190603e-07,2.97694583651e-07,1.67060261447e-05,1.66628451552e-05,1.59811588674e-05,1.27226439872e-05,4.84177826365e-06
1102,2024-09-15 22:00:00,45.916666666666664,1.03090599168e-06,1.02820479242e-06,9.90636863207e-07,7.96499136868e-07,2.97463401466e-07,1.6700654669e-05,1.66599038494e-05,1.59819337568e-05,1.27142484416e-05,4.84832571601e-06
1103,2024-09-15 23:00:00,45.958333333333336,1.0284381915e-06,1.0258547718e-06,9.89246359495e-07,7.95650464624e-07,2.97492846357e-07,1.66952377185e-05,1.66559257195e-05,1.59934334079e-05,1.27271814563e-05,4.85870396005e-06
1104,2024-09-16 00:00:00,46.0,1.02609601527e-06,1.02344006336e-06,9.88056967799e-07,7.95458049652e-07,2.97536502103e-07,1.66914323927e-05,1.66508980328e-05,1.60089330166e-05,1.2751263057e-05,4.86916815134e-06
1105,2024-09-16 01:00:00,46.041666666666664,1.02369415345e-06,1.02093054011e-06,9.86638838185e-07,7.9560766153e-07,2.97637257063e-07,1.66863756021e-05,1.66442951013e-05,1.60208201123e-05,1.27815210362e-05,4.88046498504e-06
1106,2024-09-16 02:00:00,46.083333333333336,1.02140472791e-06,1.01849968814e-06,9.84807002169e-07,7.95914161245e-07,2.97695009976e-07,1.66829868249e-05,1.66389436345e-05,1.60252493515e-05,1.28147812575e-05,4.89116837343e-06
1107,2024-09-16 03:00:00,46.125,1.01908585748e-06,1.01592866031e-06,9.82597157417e-07,7.95907681095e-07,2.97635949664e-07,1.66791051015e-05,1.66313402588e-05,1.60228337336e-05,1.28430219775e-05,4.9001082516e-06
1108,2024-09-16 04:00:00,46.166666666666664,1.01653688489e-06,1.0131432191e-06,9.80050572252e-07,7.94984885033e-07,2.97558358398e-07,1.66715344676e-05,1.66201134562e-05,1.60142571985e-05,1.28559349832e-05,4.90876800541e-06
1109,2024-09-16 05:00:00,46.208333333333336,1.01384136997e-06,1.01033958799e-06,9.77218974185e-07,7.92993830601e-07,2.97545653893e-07,1.66615227499e-05,1.66084046214e-05,1.60004092322e-05,1.28507226691e-05,4.91843547934e-06
1110,2024-09-16 06:00:00,46.25,1.0108690276e-06,1.00741033293e-06,9.7415147593e-07,7.90112665072e-07,2.97512286807e-07,1.66470435943e-05,1.65945220942e-05,1.59818046086e-05,1.28301999212e-05,4.92780600325e-06
1111,2024-09-16 07:00:00,46.291666666666664,1.0084090718e-06,1.00496868072e-06,9.71094664237e-07,7.86800001151e-07,2.97594965559e-07,1.66407608049e-05,1.65883411682e-05,1.5962508769e-05,1.28019391923e-05,4.93900552101e-06
1112,2024-09-16 08:00:00,46.333333333333336,1.00596309949e-06,1.00242186818e-06,9.68394260781e-07,7.83636323831e-07,2.97703451224e-07,1.66346235346e-05,1.65803903656e-05,1.5948600776e-05,1.27756075017e-05,4.9506279538e-06
1113,2024-09-16 09:00:00,46.375,1.00378940715e-06,9.99993517325e-07,9.65952949628e-07,7.81133337568e-07,2.97756656664e-07,1.66329391504e-05,1.65744368132e-05,1.59397677635e-05,1.27599450934e-05,4.96145912621e-06
1114,2024-09-16 10:00:00,46.416666666666664,1.00135605408e-06,9.97529582492e-07,9.63673755905e-07,7.79249944571e-07,2.97714478847e-07,1.66269219335e-05,1.65677374753e-05,1.59341634571e-05,1.27546672957e-05,4.97079372508e-06
1115,2024-09-16 11:00:00,46.458333333333336,9.98755012915e-07,9.95114191937e-07,9.61388764154e-07,7.77800494234e-07,2.97427476426e-07,1.66183508554e-05,1.65617639141e-05,1.59289083967e-05,1.27569774122e-05,4.97632618135e-06
1116,2024-09-16 12:00:00,46.5,9.96054495772e-07,9.92765649244e-07,9.59068188422e-07,7.76607805619e-07,2.96930892318e-07,1.6608291844e-05,1.65568599186e-05,1.59232149599e-05,1.27639568746e-05,4.9786171985e-06
1117,2024-09-16 13:00:00,46.541666666666664,9.93362618829e-07,9.90681996882e-07,9.56695771492e-07,7.75621685989e-07,2.9637791954e-07,1.65982219187e-05,1.65561759786e-05,1.59166957019e-05,1.27747316583e-05,4.9800337365e-06
1118,2024-09-16 14:00:00,46.583333333333336,9.91074898593e-07,9.88569809124e-07,9.5427492397e-07,7.74811212523e-07,2.95934285077e-07,1.65944093169e-05,1.65549736266e-05,1.59092505783e-05,1.27887124108e-05,4.98315239383e-06
1119,2024-09-16 15:00:00,46.625,9.88981355476e-07,9.86460122476e-07,9.51762729073e-07,7.74055195052e-07,2.95586318089e-07,1.65934980032e-05,1.65537585417e-05,1.59000592248e-05,1.28036954266e-05,4.98773943036e-06
1120,2024-09-16 16:00:00,46.666666666666664,9.87136445474e-07,9.84623852673e-07,9.49244508774e-07,7.73191743519e-07,2.95424200658e-07,1.65964902408e-05,1.65568981174e-05,1.58905531862e-05,1.28168503579e-05,4.99528050568e-06
1121,2024-09-16 17:00:00,46.708333333333336,9.85024030342e-07,9.82260644378e-07,9.4676909157e-07,7.72052089815e-07,2.95315516041e-07,1.65950586961e-05,1.65513374668e-05,1.58816492331e-05,1.28252186187e-05,5.00366013512e-06
1122,2024-09-16 18:00:00,46.75,9.82974938779e-07,9.80289996733e-07,9.44384510149e-07,7.7059121395e-07,2.95268421269e-07,1.65944584296e-05,1.65519522852e-05,1.58741986525e-05,1.2827907085e-05,5.01302201883e-06
1123,2024-09-16 19:00:00,46.791666666666664,9.80838876785e-07,9.78119828687e-07,9.42147096339e-07,7.68830375364e-07,2.95301276765e-07,1.65923975146e-05,1.65492274391e-05,1.58691509569e-05,1.28251986098e-05,5.02366401633e-06
1124,2024-09-16 20:00:00,46.833333333333336,9.78010461949e-07,9.75499460765e-07,9.40002621519e-07,7.6674535876e-07,2.9530451684e-07,1.65785641002e-05,1.65387373272e-05,1.58655566338e-05,1.28166166178e-05,5.03375349581e-06
1125,2024-09-16 21:00:00,46.875,9.76277419795e-07,9.73777559921e-07,9.38106040849e-07,7.64670517128e-07,2.95476809242e-07,1.65832007042e-05,1.65433175425e-05,1.58659277076e-05,1.2807746316e-05,5.04669878865e-06
1126,2024-09-16 22:00:00,46.916666666666664,9.74182285063e-07,9.7172585356e-07,9.36097308113e-07,7.62665536058e-07,2.9564836268e-07,1.65816236404e-05,1.65422188729e-05,1.58642178576e-05,1.27995936055e-05,5.05962862007e-06
1127,2024-09-16 23:00:00,46.958333333333336,9.72044631453e-07,9.69607299339e-07,9.34134277486e-07,7.60867294503e-07,2.95845495657e-07,1.65792280313e-05,1.65398760146e-05,1.58632064995e-05,1.27945313579e-05,5.07299046149e-06
1128,2024-09-17 00:00:00,47.0,9.69883217294e-07,9.67421328824e-07,9.32280386223e-07,7.5939647104e-07,2.96073125128e-07,1.65763340192e-05,1.65362835105e-05,1.58639995789e-05,1.27947159854e-05,5.08687207912e-06
1129,2024-09-17 01:00:00,47.041666666666664,9.67690198195e-07,9.65140543485e-07,9.30557121137e-07,7.58128351208e-07,2.96326533089e-07,1.65728088177e-05,1.65309829754e-05,1.58670081873e-05,1.2798375792e-05,5.10120116815e-06
1130,2024-09-17 02:00:00,47.083333333333336,9.65464096225e-07,9.62761419032e-07,9.28972156089e-07,7.56813790304e-07,2.96576928349e-07,1.65686305991e-05,1.65238998306e-05,1.58723723871e-05,1.28014225993e-05,5.1155170695e-06
1131,2024-09-17 03:00:00,47.125,9.63277443589e-07,9.60495185609e-07,9.27422320274e-07,7.55364226279e-07,2.9683349112e-07,1.65649307746e-05,1.65185665537e-05,1.58782604558e-05,1.28022174977e-05,5.12996757607e-06
1132,2024-09-17 04:00:00,47.166666666666664,9.61040427683e-07,9.58161990638e-07,9.25774259031e-07,7.53817346322e-07,2.97026957696e-07,1.65603069036e-05,1.65120090969e-05,1.58822949743e-05,1.2801297089e-05,5.14342900715e-06
1133,2024-09-17 05:00:00,47.208333333333336,9.58906866799e-07,9.56062081059e-07,9.23977552247e-07,7.52201742671e-07,2.97235033031e-07,1.65572055266e-05,1.65092988027e-05,1.58835700859e-05,1.27991070258e-05,5.15716237715e-06
1134,2024-09-17 06:00:00,47.25,9.56698045229e-07,9.53688868321e-07,9.22116839774e-07,7.50595063437e-07,2.97318763387e-07,1.65527635545e-05,1.6501868231e-05,1.58834991453e-05,1.27969551613e-05,5.16889167557e-06
1135,2024-09-17 07:00:00,47.291666666666664,9.54522079155e-07,9.51624770096e-07,9.2031694976e-07,7.49071830342e-07,2.97452544373e-07,1.65488254424e-05,1.64995763043e-05,1.58843431564e-05,1.27961229737e-05,5.18148863193e-06
1136,2024-09-17 08:00:00,47.333333333333336,9.52298421453e-07,9.49466084421e-07,9.18594480481e-07,7.47618628338e-07,2.97485996725e-07,1.65439887496e-05,1.64955999935e-05,1.58865041158e-05,1.27964540297e-05,5.19245259056e-06
1137,2024-09-17 09:00:00,47.375,9.49968068653e-07,9.47147498209e-07,9.1684154313e-07,7.46174748656e-07,2.97307394703e-07,1.65372912306e-05,1.6488816982e-05,1.58881393872e-05,1.27971088659e-05,5.19992136105e-06
1138,2024-09-17 10:00:00,47.416666666666664,9.47474404711e-07,9.44778207668e-07,9.1465665264e-07,7.4455158483e-07,2.96895535712e-07,1.652778883e-05,1.64811281138e-05,1.58820148499e-05,1.27951489048e-05,5.20353069078e-06
1139,2024-09-17 11:00:00,47.458333333333336,9.44899909427e-07,9.42549718275e-07,9.12257235086e-07,7.42827864997e-07,2.9638906085e-07,1.65169221873e-05,1.64759076142e-05,1.58719158208e-05,1.27915582198e-05,5.20559069628e-06
1140,2024-09-17 12:00:00,47.5,9.42162728279e-07,9.39827600632e-07,9.09471793875e-07,7.40800885524e-07,2.95822985663e-07,1.65032652149e-05,1.64621906151e-05,1.58544626174e-05,1.27826615426e-05,5.20668709214e-06
1141,2024-09-17 13:00:00,47.541666666666664,9.3977718052e-07,9.37828986025e-07,9.06490640773e-07,7.38554035706e-07,2.95272513995e-07,1.64959092217e-05,1.6461181076e-05,1.58331986313e-05,1.27699022414e-05,5.20813910043e-06
1142,2024-09-17 14:00:00,47.583333333333336,9.37537663503e-07,9.35523075896e-07,9.03677914721e-07,7.36382673949e-07,2.94707120929e-07,1.64911871252e-05,1.64551092894e-05,1.58151542564e-05,1.275847535e-05,5.20939920534e-06
1143,2024-09-17 15:00:00,47.625,9.35394439239e-07,9.32686702981e-07,9.01149178389e-07,7.34441073291e-07,2.94132945555e-07,1.64882567333e-05,1.64401590155e-05,1.58027414727e-05,1.27512121253e-05,5.21055835634e-06
1144,2024-09-17 16:00:00,47.666666666666664,9.33542878556e-07,9.30586452341e-07,8.99051372016e-07,7.32986677576e-07,2.9356556297e-07,1.64901557582e-05,1.64379889611e-05,1.57989707077e-05,1.27528555822e-05,5.21183210367e-06
1145,2024-09-17 17:00:00,47.708333333333336,9.32095758799e-07,9.28805320655e-07,8.97362440355e-07,7.32108560442e-07,2.93000169904e-07,1.64985867741e-05,1.64412103913e-05,1.58035218192e-05,1.27651001094e-05,5.21315723745e-06
1146,2024-09-17 18:00:00,47.75,9.30433827762e-07,9.26772202092e-07,8.95877917628e-07,7.31526540676e-07,2.92460782703e-07,1.65032615769e-05,1.64399079949e-05,1.58123202709e-05,1.27828325276e-05,5.21490801475e-06
1147,2024-09-17 19:00:00,47.791666666666664,9.28761437535e-07,9.24971232052e-07,8.94268850971e-07,7.30940939775e-07,2.91999924684e-07,1.65074252436e-05,1.64422745002e-05,1.58188213391e-05,1.2800528566e-05,5.21787160324e-06
1148,2024-09-17 20:00:00,47.833333333333336,9.2681523256e-07,9.23169523048e-07,8.92223340543e-07,7.30122394543e-07,2.91583063472e-07,1.65069795912e-05,1.64444481925e-05,1.58167404152e-05,1.28138890432e-05,5.2214563766e-06
1149,2024-09-17 21:00:00,47.875,9.24862717966e-07,9.21488890526e-07,8.8969142098e-07,7.28913391868e-07,2.9124069556e-07,1.65062228916e-05,1.64483371918e-05,1.58049442689e-05,1.28200254039e-05,5.22614755027e-06
1150,2024-09-17 22:00:00,47.916666666666664,9.22887011257e-07,9.19652677567e-07,8.86783539045e-07,7.27219173768e-07,2.91010650244e-07,1.65049368661e-05,1.64494231285e-05,1.57855902216e-05,1.28172514451e-05,5.2326486184e-06
1151,2024-09-17 23:00:00,47.958333333333336,9.20940067317e-07,9.17808108625e-07,8.83558413989e-07,7.25060374407e-07,2.9084648645e-07,1.6503932784e-05,1.64501452673e-05,1.5759776943e-05,1.28059900817e-05,5.24025654158e-06
1152,2024-09-18 00:00:00,48.0,9.18921216453e-07,9.15873556551e-07,8.80100230916e-07,7.22566312561e-07,2.90681697379e-07,1.6501695427e-05,1.64492612384e-05,1.57290887728e-05,1.2788510503e-05,5.24787083123e-06
1153,2024-09-18 01:00:00,48.041666666666664,9.16989790767e-07,9.14018244202e-07,8.76592139321e-07,7.20049797565e-07,2.90505482781e-07,1.65006767929e-05,1.6449515897e-05,1.56969854288e-05,1.27703851831e-05,5.25530231243e-06
1154,2024-09-18 02:00:00,48.083333333333336,9.15046939554e-07,9.12115012852e-07,8.73325745943e-07,7.17750140211e-07,2.90337226261e-07,1.64993616636e-05,1.64488519658e-05,1.56690730364e-05,1.27557732412e-05,5.26287021785e-06
1155,2024-09-18 03:00:00,48.125,9.13098574529e-07,9.10201094939e-07,8.70660869623e-07,7.15831333764e-07,2.90237807121e-07,1.64978337125e-05,1.64478551596e-05,1.56522910402e-05,1.27477351271e-05,5.27160955244e-06
1156,2024-09-18 04:00:00,48.166666666666664,9.11137533421e-07,9.08279787382e-07,8.68818915478e-07,7.14351813258e-07,2.90268758363e-07,1.64960147231e-05,1.64466218848e-05,1.56510650413e-05,1.27474959299e-05,5.28258715349e-06
1157,2024-09-18 05:00:00,48.208333333333336,9.09113566649e-07,9.06241098164e-07,8.67837798069e-07,7.1323222528e-07,2.90481182219e-07,1.64930952451e-05,1.64433186001e-05,1.56661826622e-05,1.27538005472e-05,5.29669887328e-06
1158,2024-09-18 06:00:00,48.25,9.07145420115e-07,9.04247542621e-07,8.67053870479e-07,7.12220128207e-07,2.90935616931e-07,1.64909015439e-05,1.64406337717e-05,1.56850564963e-05,1.27620915009e-05,5.31501700607e-06
1159,2024-09-18 07:00:00,48.291666666666664,9.0515732154e-07,9.02084138943e-07,8.65693436936e-07,7.11080645033e-07,2.91567914701e-07,1.64882367244e-05,1.64351076819e-05,1.5693007299e-05,1.27680332298e-05,5.33647835255e-06
1160,2024-09-18 08:00:00,48.333333333333336,9.03119030227e-07,8.99870826743e-07,8.63903778736e-07,7.09640289642e-07,2.92179407779e-07,1.64846260304e-05,1.64284519997e-05,1.56926344062e-05,1.27683188111e-05,5.35767503607e-06
1161,2024-09-18 09:00:00,48.375,9.00999737041e-07,8.97501593045e-07,8.61800572238e-07,7.07846879777e-07,2.92566085136e-07,1.64796783793e-05,1.64188822964e-05,1.56859987328e-05,1.27618241095e-05,5.37505366083e-06
1162,2024-09-18 10:00:00,48.416666666666664,8.98753455658e-07,8.94942786545e-07,8.59357214722e-07,7.05773175014e-07,2.92460526907e-07,1.64726334333e-05,1.64058110386e-05,1.5672570953e-05,1.27498733491e-05,5.38392123417e-06
1163,2024-09-18 11:00:00,48.458333333333336,8.96400308648e-07,8.92395121355e-07,8.56384360759e-07,7.03520470324e-07,2.92025816861e-07,1.64637986018e-05,1.63929362316e-05,1.56487767526e-05,1.27346520458e-05,5.38709082321e-06
1164,2024-09-18 12:00:00,48.5,8.94240258731e-07,8.90200169579e-07,8.53140022627e-07,7.01270494119e-07,2.91518176709e-07,1.64580651472e-05,1.63864187925e-05,1.5619531041e-05,1.2719501683e-05,5.38898530067e-06
1165,2024-09-18 13:00:00,48.541666666666664,8.92225045845e-07,8.88292163381e-07,8.49751017995e-07,6.99099075518e-07,2.91010820774e-07,1.64546454471e-05,1.63850181707e-05,1.55872148753e-05,1.27057674035e-05,5.39087204743e-06
1166,2024-09-18 14:00:00,48.583333333333336,8.90403214271e-07,8.86766201802e-07,8.4652873511e-07,6.97122118254e-07,2.9048419492e-07,1.64544471772e-05,1.63904023793e-05,1.55579291459e-05,1.26955992528e-05,5.39242228115e-06
1167,2024-09-18 15:00:00,48.625,8.88514023245e-07,8.85028271114e-07,8.43781776894e-07,6.95352696312e-07,2.8994017498e-07,1.64530938491e-05,1.63919921761e-05,1.55378602358e-05,1.26893128254e-05,5.39365692021e-06
1168,2024-09-18 16:00:00,48.666666666666664,8.86645693754e-07,8.8328459924e-07,8.41677831431e-07,6.93764036441e-07,2.8942142194e-07,1.64520333783e-05,1.63933655131e-05,1.55304787768e-05,1.26864524645e-05,5.39532038601e-06
1169,2024-09-18 17:00:00,48.708333333333336,8.84810276602e-07,8.81505684447e-07,8.40132145186e-07,6.92428670845e-07,2.89006010235e-07,1.64514131029e-05,1.63939366757e-05,1.55342659127e-05,1.26883378471e-05,5.3987823776e-06
1170,2024-09-18 18:00:00,48.75,8.82984920736e-07,8.79818628619e-07,8.38992889385e-07,6.91335969805e-07,2.8877067848e-07,1.64508692251e-05,1.63959193742e-05,1.55462748808e-05,1.26947497847e-05,5.40541213923e-06
1171,2024-09-18 19:00:00,48.791666666666664,8.81111873241e-07,8.78030562035e-07,8.38249150092e-07,6.9039600703e-07,2.88851396135e-07,1.64494176715e-05,1.63959612109e-05,1.55662819452e-05,1.27039593281e-05,5.41764165973e-06
1172,2024-09-18 20:00:00,48.833333333333336,8.79202730175e-07,8.76273929862e-07,8.37807704102e-07,6.89490605055e-07,2.89258849762e-07,1.64472694451e-05,1.63963813975e-05,1.55922971317e-05,1.27136900119e-05,5.435705134e-06
1173,2024-09-18 21:00:00,48.875,8.77326101545e-07,8.74534350714e-07,8.36901165258e-07,6.88475040533e-07,2.89899475092e-07,1.64455159393e-05,1.63969561982e-05,1.56087753567e-05,1.27211260406e-05,5.45797638551e-06
1174,2024-09-18 22:00:00,48.916666666666664,8.75478235685e-07,8.72598945989e-07,8.35995081161e-07,6.87147519329e-07,2.90514748258e-07,1.64440334629e-05,1.63940439961e-05,1.56249134307e-05,1.27223720483e-05,5.47985519006e-06
1175,2024-09-18 23:00:00,48.958333333333336,8.7361866008e-07,8.70619544457e-07,8.35273510802e-07,6.85572331349e-07,2.90950595172e-07,1.64422599482e-05,1.63901058841e-05,1.56443711603e-05,1.27183993754e-05,5.49858941667e-06
1176,2024-09-19 00:00:00,49.0,8.71712586559e-07,8.68588756475e-07,8.34546483475e-07,6.84385611294e-07,2.91318315249e-07,1.64396788023e-05,1.63850399986e-05,1.56634250743e-05,1.272096506e-05,5.51616903977e-06
1177,2024-09-19 01:00:00,49.041666666666664,8.69778773449e-07,8.66481911999e-07,8.33914725717e-07,6.83935752477e-07,2.91490778181e-07,1.64365847013e-05,1.6378440705e-05,1.56841615535e-05,1.27369348775e-05,5.5302821238e-06
1178,2024-09-19 02:00:00,49.083333333333336,8.67880430633e-07,8.6433828983e-07,8.33469414374e-07,6.83465486873e-07,2.91471309311e-07,1.64339526236e-05,1.63710374181e-05,1.57085160026e-05,1.27528392113e-05,5.54095413463e-06
1179,2024-09-19 03:00:00,49.125,8.66000846145e-07,8.62128672452e-07,8.32927412375e-07,6.82726522427e-07,2.91314336209e-07,1.64314751601e-05,1.63622444234e-05,1.5730938685e-05,1.27640187202e-05,5.54914413442e-06
1180,2024-09-19 04:00:00,49.166666666666664,8.64139394707e-07,8.59944407239e-07,8.32205216739e-07,6.81855567564e-07,2.91118027462e-07,1.64291959663e-05,1.6353727915e-05,1.57497433975e-05,1.27727753352e-05,5.55662836632e-06
1181,2024-09-19 05:00:00,49.208333333333336,8.62259412315e-07,8.57927034303e-07,8.31408726754e-07,6.80971936617e-07,2.90916091217e-07,1.64265311469e-05,1.63482145581e-05,1.57670001499e-05,1.27812463688e-05,5.56401892027e-06
1182,2024-09-19 06:00:00,49.25,8.60428315264e-07,8.55990379023e-07,8.30520264117e-07,6.8002776743e-07,2.90684511128e-07,1.64245102496e-05,1.63440927281e-05,1.57823396876e-05,1.27884641188e-05,5.57086104891e-06
1183,2024-09-19 07:00:00,49.291666666666664,8.58608814269e-07,8.54158145103e-07,8.29377995615e-07,6.78850767599e-07,2.90423542992e-07,1.64225257322e-05,1.63418262673e-05,1.57924951054e-05,1.27911407617e-05,5.57715475225e-06
1184,2024-09-19 08:00:00,49.333333333333336,8.56749863942e-07,8.52011851293e-07,8.27824635508e-07,6.77405580518e-07,2.90106925149e-07,1.64196680998e-05,1.63334298122e-05,1.57941867656e-05,1.27885186885e-05,5.58242163606e-06
1185,2024-09-19 09:00:00,49.375,8.54884092405e-07,8.49501816447e-07,8.24066376026e-07,6.74355533192e-07,2.89663802278e-07,1.64160192071e-05,1.63177228387e-05,1.57507911354e-05,1.27552566482e-05,5.58537112738e-06
1186,2024-09-19 10:00:00,49.416666666666664,8.52907817261e-07,8.47577553031e-07,8.18963201255e-07,6.70477902531e-07,2.8934195484e-07,1.64104931173e-05,1.63138010976e-05,1.56791738846e-05,1.27054572658e-05,5.59062027605e-06
1187,2024-09-19 11:00:00,49.458333333333336,8.50798528518e-07,8.45736678912e-07,8.13394024135e-07,6.66295420615e-07,2.88959085992e-07,1.64022694662e-05,1.6311661966e-05,1.55972084031e-05,1.26487057059e-05,5.59476529816e-06
1188,2024-09-19 12:00:00,49.5,8.48511092499e-07,8.44250678256e-07,8.08780214356e-07,6.63213484131e-07,2.88554218741e-07,1.63914155564e-05,1.63167824212e-05,1.55342986545e-05,1.261282614e-05,5.59860609428e-06
1189,2024-09-19 13:00:00,49.541666666666664,8.46279306188e-07,8.43137286211e-07,8.06349646609e-07,6.61934052459e-07,2.88154240025e-07,1.6382562535e-05,1.6329169739e-05,1.55166471814e-05,1.26130134959e-05,5.60265607419e-06
1190,2024-09-19 14:00:00,49.583333333333336,8.44627265906e-07,8.4186319782e-07,8.05428669537e-07,6.61106810185e-07,2.87814970079e-07,1.63844924828e-05,1.63382519531e-05,1.55311372509e-05,1.26230415844e-05,5.60785201742e-06
1191,2024-09-19 15:00:00,49.625,8.43142743179e-07,8.40440009142e-07,8.05584477348e-07,6.60241028072e-07,2.87463734594e-07,1.63891891134e-05,1.63444037753e-05,1.55694542627e-05,1.2633244296e-05,5.61284832656e-06
1192,2024-09-19 16:00:00,49.666666666666664,8.41486382797e-07,8.38994935748e-07,8.06366983852e-07,6.59919294321e-07,2.87184661829e-07,1.6390631572e-05,1.63498425536e-05,1.56226014951e-05,1.26551249195e-05,5.61915021535e-06
1193,2024-09-19 17:00:00,49.708333333333336,8.39661083774e-07,8.374013305e-07,8.0620185372e-07,6.59664351588e-07,2.87061283188e-07,1.63891036209e-05,1.63524218806e-05,1.56563382916e-05,1.26785489556e-05,5.6284029597e-06
1194,2024-09-19 18:00:00,49.75,8.37900870465e-07,8.35918854136e-07,8.04899855211e-07,6.59170154904e-07,2.8710221045e-07,1.63885870279e-05,1.63566983247e-05,1.56657333719e-05,1.26969098346e-05,5.64067386222e-06
1195,2024-09-19 19:00:00,49.791666666666664,8.36115418679e-07,8.34291483898e-07,8.02861507054e-07,6.58007593302e-07,2.87045878622e-07,1.63874319696e-05,1.63582208188e-05,1.5659010387e-05,1.2701659216e-05,5.65100026506e-06
1196,2024-09-19 20:00:00,49.833333333333336,8.34424554341e-07,8.32623811675e-07,8.00160762537e-07,6.55929625282e-07,2.86823762963e-07,1.63876120496e-05,1.63588229043e-05,1.56378209795e-05,1.26880495372e-05,5.65812888453e-06
1197,2024-09-19 21:00:00,49.875,8.32751027247e-07,8.30850467537e-07,7.96909091605e-07,6.53052211419e-07,2.8654838502e-07,1.63878394233e-05,1.6357322238e-05,1.56044843607e-05,1.26584282043e-05,5.66420794712e-06
1198,2024-09-19 22:00:00,49.916666666666664,8.31027080039e-07,8.29053078633e-07,7.93351148332e-07,6.49847379464e-07,2.86278719841e-07,1.63871500263e-05,1.63550339494e-05,1.5564090063e-05,1.26219474623e-05,5.67037659494e-06
1199,2024-09-19 23:00:00,49.958333333333336,8.29126577173e-07,8.27164001294e-07,7.90441788467e-07,6.47092690542e-07,2.85990864768e-07,1.63835484273e-05,1.63509503182e-05,1.55369107233e-05,1.25939013742e-05,5.67618144487e-06
1200,2024-09-20 00:00:00,50.0,8.27222550015e-07,8.25331937904e-07,7.89357670783e-07,6.45433203772e-07,2.85695392677e-07,1.63797794812e-05,1.63476743182e-05,1.55481484398e-05,1.25871247292e-05,5.68182440475e-06
1201,2024-09-20 01:00:00,50.041666666666664,8.25403901672e-07,8.23529830996e-07,7.89987552707e-07,6.44761030344e-07,2.85389376131e-07,1.63772510859e-05,1.63448330568e-05,1.55959533004e-05,1.25998467411e-05,5.68727045902e-06
1202,2024-09-20 02:00:00,50.083333333333336,8.23635730285e-07,8.21706407805e-07,7.90273361417e-07,6.44560714136e-07,2.85068352923e-07,1.63753775269e-05,1.63415643328e-05,1.56369587785e-05,1.26221502796e-05,5.69245185034e-06
1203,2024-09-20 03:00:00,50.125,8.21870003165e-07,8.1983552036e-07,7.89838111359e-07,6.44462318178e-07,2.84761682678e-07,1.63733675436e-05,1.63374006661e-05,1.56628193508e-05,1.26467493828e-05,5.69791473026e-06
1204,2024-09-20 04:00:00,50.166666666666664,8.20068464691e-07,8.17922057195e-07,7.88947374986e-07,6.44262513561e-07,2.84503926196e-07,1.63706063177e-05,1.63323293236e-05,1.56789046741e-05,1.26694767459e-05,5.70429529034e-06
1205,2024-09-20 05:00:00,50.208333333333336,8.18125784008e-07,8.15853923086e-07,7.87753151599e-07,6.43802820832e-07,2.84289370711e-07,1.63650020113e-05,1.63240802067e-05,1.56883579621e-05,1.26870372696e-05,5.71145210415e-06
1206,2024-09-20 06:00:00,50.25,8.1514286876e-07,8.12910570858e-07,7.86271698416e-07,6.42997918021e-07,2.83971246517e-07,1.63385393535e-05,1.62981486937e-05,1.56916812557e-05,1.26975955936e-05,5.71645023228e-06
1207,2024-09-20 07:00:00,50.291666666666664,8.13593146631e-07,8.113433978e-07,7.84999429015e-07,6.42129521111e-07,2.83864039829e-07,1.63407421496e-05,1.62996038853e-05,1.56989462994e-05,1.27065868583e-05,5.72565795665e-06
1208,2024-09-20 08:00:00,50.333333333333336,8.12109590242e-07,8.09728135209e-07,7.83969255735e-07,6.41299436666e-07,2.83781616872e-07,1.63442164194e-05,1.63000186149e-05,1.5711029846e-05,1.27160174088e-05,5.73538090975e-06
1209,2024-09-20 09:00:00,50.375,8.10311973964e-07,8.07859748875e-07,7.82998768045e-07,6.40588780243e-07,2.83640673615e-07,1.63412969414e-05,1.62952837854e-05,1.57243011927e-05,1.27275625346e-05,5.74397608943e-06
1210,2024-09-20 10:00:00,50.416666666666664,8.08418121778e-07,8.05842773843e-07,7.81906237535e-07,6.39912002498e-07,2.83410713564e-07,1.63364711625e-05,1.62876076502e-05,1.57350405061e-05,1.2739667909e-05,5.75088870391e-06
1211,2024-09-20 11:00:00,50.458333333333336,8.0647168943e-07,8.03691136753e-07,7.8064920217e-07,6.39059351215e-07,2.83064338191e-07,1.63304757734e-05,1.62771393661e-05,1.57423728524e-05,1.27482398966e-05,5.75555577598e-06
1212,2024-09-20 12:00:00,50.5,8.04258093012e-07,8.01293822406e-07,7.79203560342e-07,6.37572782125e-07,2.82620874259e-07,1.63196182257e-05,1.6261883502e-05,1.57459562615e-05,1.27442935991e-05,5.75840749661e-06
1213,2024-09-20 13:00:00,50.541666666666664,8.02157103408e-07,7.99660426765e-07,7.77715683853e-07,6.35986339148e-07,2.82189120071e-07,1.63108688866e-05,1.62616743182e-05,1.57488411787e-05,1.27384510051e-05,5.76153934162e-06
1214,2024-09-20 14:00:00,50.583333333333336,8.00314751359e-07,7.98132703039e-07,7.76172100814e-07,6.34389209608e-07,2.81756058484e-07,1.63068125403e-05,1.62635751622e-05,1.57505892275e-05,1.27324465211e-05,5.76465026825e-06
1215,2024-09-20 15:00:00,50.625,7.98545499947e-07,7.96174390416e-07,7.74693148742e-07,6.32825106095e-07,2.81327942275e-07,1.63038021128e-05,1.62571232067e-05,1.57538433996e-05,1.2727140529e-05,5.76783941142e-06
1216,2024-09-20 16:00:00,50.666666666666664,7.97049040102e-07,7.94152754224e-07,7.73317196945e-07,6.31241618976e-07,2.80944703945e-07,1.63060922205e-05,1.6249525288e-05,1.57593221957e-05,1.27214243548e-05,5.77191713091e-06
1217,2024-09-20 17:00:00,50.708333333333336,7.95566165834e-07,7.92654191173e-07,7.71993029502e-07,6.29752719306e-07,2.80581843981e-07,1.63083623193e-05,1.62517790159e-05,1.57658705575e-05,1.27175944726e-05,5.77634318688e-06
1218,2024-09-20 18:00:00,50.75,7.93994786363e-07,7.91272782408e-07,7.70821998231e-07,6.2859493255e-07,2.80283558141e-07,1.6308928025e-05,1.62561264005e-05,1.577574767e-05,1.27205248646e-05,5.7820047914e-06
1219,2024-09-20 19:00:00,50.791666666666664,7.92196885868e-07,7.90075148416e-07,7.70496569658e-07,6.2864131678e-07,2.80139516917e-07,1.63054537552e-05,1.62637425092e-05,1.58045295393e-05,1.27481771415e-05,5.79072366236e-06
1220,2024-09-20 20:00:00,50.833333333333336,7.90639035131e-07,7.88860290868e-07,7.70734686739e-07,6.30296085546e-07,2.80054536006e-07,1.63059012266e-05,1.62706674018e-05,1.58459151862e-05,1.28090978251e-05,5.80053301746e-06
1221,2024-09-20 21:00:00,50.875,7.88983982147e-07,7.8732438169e-07,7.69848270465e-07,6.3249632376e-07,2.79998999986e-07,1.63044787769e-05,1.62713986356e-05,1.58613838721e-05,1.28815272546e-05,5.81085214435e-06
1222,2024-09-20 22:00:00,50.916666666666664,7.87259637036e-07,7.85933764291e-07,7.68027518916e-07,6.34601633465e-07,2.80025233224e-07,1.63017648447e-05,1.62745109265e-05,1.58551265486e-05,1.29519776237e-05,5.82281882089e-06
1223,2024-09-20 23:00:00,50.958333333333336,7.85572694895e-07,7.84412463872e-07,7.66999335156e-07,6.36196887172e-07,2.79978650042e-07,1.62989272212e-05,1.62744727277e-05,1.58670973178e-05,1.30116450237e-05,5.8333398556e-06
1224,2024-09-21 00:00:00,51.0,7.80016023327e-07,7.77665377427e-07,7.65169716033e-07,6.36699326151e-07,2.79269897874e-07,1.62155283761e-05,1.61663137987e-05,1.58616221597e-05,1.30486341732e-05,5.83010023547e-06
1225,2024-09-21 01:00:00,51.041666666666664,7.78947764957e-07,7.78058563355e-07,7.63762102451e-07,6.37769801415e-07,2.79103375078e-07,1.62249561981e-05,1.62060550792e-05,1.58645088959e-05,1.30977923618e-05,5.83821974942e-06
1226,2024-09-21 02:00:00,51.083333333333336,7.79481638347e-07,7.78650985467e-07,7.62712829783e-07,6.3904928993e-07,2.79205096376e-07,1.62676824402e-05,1.62501401064e-05,1.58747370733e-05,1.31513634187e-05,5.85203724768e-06
1227,2024-09-21 03:00:00,51.125,7.78443393301e-07,7.775498716e-07,7.61770877489e-07,6.40537507479e-07,2.79238804524e-07,1.62779142556e-05,1.62586075021e-05,1.5886971596e-05,1.32093864522e-05,5.8644109231e-06
1228,2024-09-21 04:00:00,51.166666666666664,7.76157207838e-07,7.75175976742e-07,7.60846546655e-07,6.4250309606e-07,2.79040875739e-07,1.62618216564e-05,1.62402739079e-05,1.58999755513e-05,1.32777313411e-05,5.87190743317e-06
1229,2024-09-21 05:00:00,51.208333333333336,7.74700083639e-07,7.73853344072e-07,7.5991522408e-07,6.44535361971e-07,2.78872335002e-07,1.62630640261e-05,1.62438991538e-05,1.59122846526e-05,1.33474986797e-05,5.88011289437e-06
1230,2024-09-21 06:00:00,51.25,7.73693727751e-07,7.72870464516e-07,7.58909891374e-07,6.46325474918e-07,2.78776013829e-07,1.62736741913e-05,1.62547348737e-05,1.5922334569e-05,1.34121992232e-05,5.88985722061e-06
1231,2024-09-21 07:00:00,51.291666666666664,7.72242799485e-07,7.7133125842e-07,7.5765319707e-07,6.47616616334e-07,2.78622053429e-07,1.62748674484e-05,1.62540236488e-05,1.59265146067e-05,1.34665069709e-05,5.89837827647e-06
1232,2024-09-21 08:00:00,51.333333333333336,7.7059354453e-07,7.69578434756e-07,7.56253712098e-07,6.48249226742e-07,2.78483838656e-07,1.62719079526e-05,1.62489232025e-05,1.59277406055e-05,1.3506995856e-05,5.9072044678e-06
1233,2024-09-21 09:00:00,51.375,7.68982715726e-07,7.67925030232e-07,7.55062444568e-07,6.48809589165e-07,2.78624952443e-07,1.62698306667e-05,1.62456781254e-05,1.59338087542e-05,1.3545960428e-05,5.92180822423e-06
1234,2024-09-21 10:00:00,51.416666666666664,7.67269511925e-07,7.66179141465e-07,7.53997198899e-07,6.49645528483e-07,2.78626600902e-07,1.62655524036e-05,1.62403703143e-05,1.59432092914e-05,1.35910504468e-05,5.9335197875e-06
1235,2024-09-21 11:00:00,51.458333333333336,7.65562162997e-07,7.64612366311e-07,7.53155234179e-07,6.50561787552e-07,2.79104426681e-07,1.62613396242e-05,1.6238713215e-05,1.59580304171e-05,1.36379303513e-05,5.95507799517e-06
1236,2024-09-21 12:00:00,51.5,7.63957245908e-07,7.63153479966e-07,7.52860273678e-07,6.53670269912e-07,2.79689857052e-07,1.62592623383e-05,1.62391370395e-05,1.59859919222e-05,1.37321967486e-05,5.97889629717e-06
1237,2024-09-21 13:00:00,51.541666666666664,7.62398485676e-07,7.61695105211e-07,7.52563209971e-07,6.57460645925e-07,2.80392356444e-07,1.62580436154e-05,1.62397700478e-05,1.60145664267e-05,1.3843013221e-05,6.00519297222e-06
1238,2024-09-21 14:00:00,51.583333333333336,7.60941134104e-07,7.6023843576e-07,7.52036328322e-07,6.6154001388e-07,2.80730517943e-07,1.62588476087e-05,1.62406613526e-05,1.60379131557e-05,1.39622698043e-05,6.02406134931e-06
1239,2024-09-21 15:00:00,51.625,7.58732142003e-07,7.5793002452e-07,7.5062405358e-07,6.64379399495e-07,2.8018894227e-07,1.62434644153e-05,1.62235301104e-05,1.60406798386e-05,1.40553211168e-05,6.02468207944e-06
1240,2024-09-21 16:00:00,51.666666666666664,7.56241888666e-07,7.55490589199e-07,7.4863851296e-07,6.63000832901e-07,2.79347233345e-07,1.62220203492e-05,1.62037194968e-05,1.6029976905e-05,1.405527928e-05,6.01902274866e-06
1241,2024-09-21 17:00:00,51.708333333333336,7.54807501835e-07,7.54185464302e-07,7.46101591176e-07,6.56428767343e-07,2.78683188526e-07,1.6223259081e-05,1.62081796589e-05,1.60057443281e-05,1.39402245622e-05,6.01717192694e-06
1242,2024-09-21 18:00:00,51.75,7.53079461902e-07,7.52362439016e-07,7.43308532947e-07,6.50760682674e-07,2.78074821836e-07,1.62182350323e-05,1.62015312526e-05,1.5975047063e-05,1.38443338074e-05,6.0164147726e-06
1243,2024-09-21 19:00:00,51.791666666666664,7.5240058095e-07,7.51060667881e-07,7.40746145311e-07,6.45936495403e-07,2.77685103356e-07,1.62358828675e-05,1.62061369338e-05,1.59489791258e-05,1.37662291309e-05,6.02028740104e-06
1244,2024-09-21 20:00:00,51.833333333333336,7.50969832097e-07,7.49528965116e-07,7.3849673754e-07,6.42781458282e-07,2.77463925613e-07,1.62374672072e-05,1.62056094268e-05,1.59298360813e-05,1.37241077027e-05,6.02765476287e-06
1245,2024-09-21 21:00:00,51.875,7.49393905153e-07,7.47981289351e-07,7.36869708362e-07,6.41244241706e-07,2.77247721669e-07,1.62357209774e-05,1.62046217156e-05,1.59254996106e-05,1.37174711199e-05,6.03508169661e-06
1246,2024-09-21 22:00:00,51.916666666666664,7.47703893467e-07,7.46436626287e-07,7.35213745884e-07,6.39524387225e-07,2.7703458727e-07,1.62314718182e-05,1.6203350242e-05,1.59200571943e-05,1.37059541885e-05,6.04257138548e-06
1247,2024-09-21 23:00:00,51.958333333333336,7.46077489566e-07,7.4493050306e-07,7.33637648409e-07,6.38108474504e-07,2.76696965784e-07,1.6228405002e-05,1.62027845363e-05,1.59164646902e-05,1.37013785206e-05,6.04741262578e-06
1248,2024-09-22 00:00:00,52.0,7.44441933875e-07,7.43389762192e-07,7.31906425244e-07,6.36604170268e-07,2.76413601341e-07,1.6224979845e-05,1.6201292965e-05,1.59090868692e-05,1.36950729939e-05,6.05339346293e-06
1249,2024-09-22 01:00:00,52.041666666666664,7.42805980281e-07,7.41786038816e-07,7.30163606022e-07,6.35380558833e-07,2.76153343748e-07,1.62214164448e-05,1.6198200683e-05,1.59014089149e-05,1.36949001899e-05,6.05985678703e-06
1250,2024-09-22 02:00:00,52.083333333333336,7.41183839637e-07,7.4011416018e-07,7.28407542283e-07,6.340312666e-07,2.75821150808e-07,1.6218105884e-05,1.61935004144e-05,1.58934672072e-05,1.36921653393e-05,6.06477578913e-06
1251,2024-09-22 03:00:00,52.125,7.39567326491e-07,7.38388223454e-07,7.26547568775e-07,6.32352850971e-07,2.75449792753e-07,1.62148044183e-05,1.6187565052e-05,1.58829698194e-05,1.36822773129e-05,6.06883895671e-06
1252,2024-09-22 04:00:00,52.166666666666664,7.37945470064e-07,7.3676875445e-07,7.24735798485e-07,6.30794659173e-07,2.7517756962e-07,1.62112664839e-05,1.61838270287e-05,1.58735274454e-05,1.36750231832e-05,6.07502261118e-06
1253,2024-09-22 05:00:00,52.208333333333336,7.36350386887e-07,7.35190042178e-07,7.23027199001e-07,6.29308658517e-07,2.74949002232e-07,1.62081723829e-05,1.61809093697e-05,1.58665807248e-05,1.36692906381e-05,6.08213440501e-06
1254,2024-09-22 06:00:00,52.25,7.3476161333e-07,7.33638046313e-07,7.2120542427e-07,6.27590338809e-07,2.74662056654e-07,1.62050782819e-05,1.61784355441e-05,1.58567017934e-05,1.36579901664e-05,6.0879974626e-06
1255,2024-09-22 07:00:00,52.291666666666664,7.33112074158e-07,7.32068940579e-07,7.1931333423e-07,6.26044879937e-07,2.74532396816e-07,1.62004780577e-05,1.61753923749e-05,1.58448128786e-05,1.36498883876e-05,6.09726384937e-06
1256,2024-09-22 08:00:00,52.333333333333336,7.31277168597e-07,7.30465728793e-07,7.17963928309e-07,6.25899588158e-07,2.7447327966e-07,1.61918105732e-05,1.61716816365e-05,1.58465154527e-05,1.36732278406e-05,6.10804045209e-06
1257,2024-09-22 09:00:00,52.375,7.28691986751e-07,7.27923691102e-07,7.17073135093e-07,6.27324595825e-07,2.7440029271e-07,1.6166435671e-05,1.6147218048e-05,1.58608163474e-05,1.37330016514e-05,6.11839277553e-06
1258,2024-09-22 10:00:00,52.416666666666664,7.26161829334e-07,7.25627728571e-07,7.15886812941e-07,6.28814461834e-07,2.74249998711e-07,1.61421139637e-05,1.61280768225e-05,1.58677958098e-05,1.37952874866e-05,6.12708981862e-06
1259,2024-09-22 11:00:00,52.458333333333336,7.20585831004e-07,7.20314119462e-07,7.13740973879e-07,6.29033479527e-07,2.73171025356e-07,1.60497802426e-05,1.60416930157e-05,1.5852472643e-05,1.38299283208e-05,6.11512678006e-06
1260,2024-09-22 12:00:00,52.5,7.16440752058e-07,7.17745479051e-07,7.11440350187e-07,6.2763774622e-07,2.72205710417e-07,1.5988944142e-05,1.60162180691e-05,1.58325947268e-05,1.3828086594e-05,6.10573806625e-06
1261,2024-09-22 13:00:00,52.541666666666664,7.1748326036e-07,7.1846307037e-07,7.09706228008e-07,6.25310804026e-07,2.72141875257e-07,1.60437884915e-05,1.60640865943e-05,1.58247657964e-05,1.38042541948e-05,6.11664336247e-06
1262,2024-09-22 14:00:00,52.583333333333336,7.18013893675e-07,7.18102000974e-07,7.0801070251e-07,6.22483923962e-07,2.72045582506e-07,1.60873314599e-05,1.608799721e-05,1.58171387739e-05,1.37684082802e-05,6.12695293967e-06
1263,2024-09-22 15:00:00,52.625,7.18097339814e-07,7.17490991065e-07,7.06130833805e-07,6.1918137817e-07,2.71873858537e-07,1.61210136866e-05,1.61063726409e-05,1.58044422278e-05,1.3721065443e-05,6.13559450358e-06
1264,2024-09-22 16:00:00,52.666666666666664,7.17025500308e-07,7.16055069461e-07,7.0403365271e-07,6.15876672327e-07,2.71566506171e-07,1.61288808158e-05,1.61062362167e-05,1.57865251822e-05,1.36731932798e-05,6.14114014752e-06
1265,2024-09-22 17:00:00,52.708333333333336,7.15675128049e-07,7.14470616003e-07,7.01899750766e-07,6.12761141383e-07,2.71233943749e-07,1.61305306392e-05,1.61027073773e-05,1.57677550305e-05,1.36291955641e-05,6.14609280092e-06
1266,2024-09-22 18:00:00,52.75,7.13900988103e-07,7.12799362645e-07,6.99798874848e-07,6.09849735156e-07,2.70856048701e-07,1.61225834745e-05,1.60971085279e-05,1.57497634063e-05,1.35894160849e-05,6.14999544268e-06
1267,2024-09-22 19:00:00,52.791666666666664,7.12133612524e-07,7.11227357897e-07,6.9800125857e-07,6.07596348345e-07,2.70634870958e-07,1.61146872415e-05,1.60934505402e-05,1.57391095854e-05,1.35635909828e-05,6.15739281784e-06
1268,2024-09-22 20:00:00,52.833333333333336,7.10832807727e-07,7.09887501671e-07,6.96250765486e-07,6.05465857006e-07,2.7012563919e-07,1.61171428772e-05,1.60949457495e-05,1.5729217921e-05,1.35408618007e-05,6.15833050688e-06
1269,2024-09-22 21:00:00,52.875,7.09318101144e-07,7.0837847943e-07,6.94172570093e-07,6.02944567163e-07,2.69654179874e-07,1.61146817845e-05,1.60925446835e-05,1.57109097927e-05,1.35098407554e-05,6.16006764176e-06
1270,2024-09-22 22:00:00,52.916666666666664,7.07809306277e-07,7.06838875431e-07,6.92240121225e-07,6.00591363309e-07,2.69246442031e-07,1.61122552527e-05,1.60893396242e-05,1.56963378686e-05,1.34825759233e-05,6.16321267444e-06
1271,2024-09-22 23:00:00,52.958333333333336,7.06305286258e-07,7.05234299403e-07,6.90243894041e-07,5.97938026203e-07,2.68823157512e-07,1.61098269018e-05,1.60845393111e-05,1.56800051627e-05,1.34480751512e-05,6.16597935732e-06
1272,2024-09-23 00:00:00,53.0,7.04817011865e-07,7.0358407811e-07,6.88150748829e-07,5.95172821249e-07,2.68403482551e-07,1.61076677614e-05,1.60785821208e-05,1.56609621627e-05,1.3410518477e-05,6.16881243332e-06
1273,2024-09-23 01:00:00,53.041666666666664,7.00946031884e-07,7.00475993654e-07,6.85874908868e-07,5.92356343532e-07,2.67705928536e-07,1.60508279805e-05,1.60390591191e-05,1.56376590894e-05,1.33714411277e-05,6.16520719632e-06
1274,2024-09-23 02:00:00,53.083333333333336,7.00911982676e-07,6.99472764154e-07,6.84061376433e-07,5.89901105741e-07,2.67473978965e-07,1.60817307915e-05,1.60475974553e-05,1.56252244778e-05,1.33403691507e-05,6.17230216449e-06
1275,2024-09-23 03:00:00,53.125,6.97727386978e-07,6.96906454323e-07,6.82142285768e-07,5.8743671616e-07,2.66899405688e-07,1.60402614711e-05,1.60202416737e-05,1.56106380018e-05,1.33089515657e-05,6.17147770754e-06
1276,2024-09-23 04:00:00,53.166666666666664,6.96398217315e-07,6.9520086754e-07,6.804439181e-07,5.85189923186e-07,2.66515229441e-07,1.60413201229e-05,1.6012640117e-05,1.56013102242e-05,1.32824061438e-05,6.17502928435e-06
1277,2024-09-23 05:00:00,53.208333333333336,6.9516778467e-07,6.9374340228e-07,6.78854007674e-07,5.83106270824e-07,2.66171838348e-07,1.60445979418e-05,1.60108429554e-05,1.55946254381e-05,1.32595696414e-05,6.17951582171e-06
1278,2024-09-23 06:00:00,53.25,6.93977710853e-07,6.92391893153e-07,6.77352431921e-07,5.81144888656e-07,2.658554763e-07,1.60487543326e-05,1.60114759638e-05,1.55901361722e-05,1.32394789034e-05,6.18462172497e-06
1279,2024-09-23 07:00:00,53.291666666666664,6.92163837357e-07,6.90743092946e-07,6.75897581459e-07,5.79216646202e-07,2.6548519827e-07,1.60383970069e-05,1.60051604325e-05,1.55869838636e-05,1.32201648739e-05,6.18846524958e-06
1280,2024-09-23 08:00:00,53.333333333333336,6.8601127623e-07,6.87089766416e-07,6.74145269386e-07,5.77030107252e-07,2.64575334086e-07,1.59271785378e-05,1.59521932801e-05,1.55771504069e-05,1.31948154376e-05,6.17969271843e-06
1281,2024-09-23 09:00:00,53.375,6.84914539306e-07,6.85662996602e-07,6.72756812037e-07,5.7517058849e-07,2.64187093535e-07,1.59330411407e-05,1.59507053468e-05,1.5575751604e-05,1.31768683787e-05,6.18306421529e-06
1282,2024-09-23 10:00:00,53.416666666666664,6.86143607709e-07,6.85141287704e-07,6.71530983709e-07,5.7355316585e-07,2.64212474121e-07,1.59931150847e-05,1.59702176461e-05,1.55780326168e-05,1.31646838781e-05,6.1961263782e-06
1283,2024-09-23 11:00:00,53.458333333333336,6.85042266468e-07,6.83585028582e-07,6.70019460358e-07,5.71773853153e-07,2.64198945388e-07,1.599924326e-05,1.59656628966e-05,1.55736506713e-05,1.31492879518e-05,6.20834089204e-06
1284,2024-09-23 12:00:00,53.5,6.83393977852e-07,6.82256484197e-07,6.68485597544e-07,5.70197357774e-07,2.64240469505e-07,1.59928513312e-05,1.59665123647e-05,1.55688831001e-05,1.3138615941e-05,6.22188235866e-06
1285,2024-09-23 13:00:00,53.541666666666664,6.81613187226e-07,6.81010703829e-07,6.67201732085e-07,5.69253643334e-07,2.64194909505e-07,1.59832252393e-05,1.59691699082e-05,1.55709767569e-05,1.3142734133e-05,6.23332243777e-06
1286,2024-09-23 14:00:00,53.583333333333336,6.80418281718e-07,6.79614174715e-07,6.66420021389e-07,5.69331973566e-07,2.64100492586e-07,1.59871615324e-05,1.59681385412e-05,1.55863854161e-05,1.31715905809e-05,6.24363883617e-06
1287,2024-09-23 15:00:00,53.625,6.79134188886e-07,6.78022274769e-07,6.65983634462e-07,5.69799226469e-07,2.638250578e-07,1.59888113558e-05,1.59624505613e-05,1.5611129129e-05,1.321054242e-05,6.24975473329e-06
1288,2024-09-23 16:00:00,53.666666666666664,6.78321327996e-07,6.7674420734e-07,6.65975164793e-07,5.7071054016e-07,2.6346626214e-07,1.60013878485e-05,1.59640949278e-05,1.5647176042e-05,1.32607538035e-05,6.25397069598e-06
1289,2024-09-23 17:00:00,53.708333333333336,6.76870627103e-07,6.75445676279e-07,6.656563869e-07,5.72079329686e-07,2.6295333555e-07,1.59988303494e-05,1.59651408467e-05,1.56749501912e-05,1.33224102683e-05,6.25455732006e-06
1290,2024-09-23 18:00:00,53.75,6.75942430917e-07,6.74280613566e-07,6.64524407057e-07,5.73056922804e-07,2.62459337819e-07,1.60084819072e-05,1.59692426678e-05,1.56804289873e-05,1.337473077e-05,6.25557504463e-06
1291,2024-09-23 19:00:00,53.791666666666664,6.73626573189e-07,6.72522560308e-07,6.62725938128e-07,5.7239662965e-07,2.61718213324e-07,1.59850605996e-05,1.59592236741e-05,1.56685982802e-05,1.3387429135e-05,6.25069469606e-06
1292,2024-09-23 20:00:00,53.833333333333336,6.73002489293e-07,6.71507962124e-07,6.60671503283e-07,5.70737370253e-07,2.61204263552e-07,1.60016916197e-05,1.59667597472e-05,1.56489622896e-05,1.33755238494e-05,6.25118082098e-06
1293,2024-09-23 21:00:00,53.875,6.71533712193e-07,6.70105862355e-07,6.57732414311e-07,5.68062091588e-07,2.60658794105e-07,1.59981900651e-05,1.59649862326e-05,1.5605282897e-05,1.3338602912e-05,6.25084976491e-06
1294,2024-09-23 22:00:00,53.916666666666664,6.67912672725e-07,6.67763686124e-07,6.54444136217e-07,5.64109257084e-07,2.5989507435e-07,1.5943282051e-05,1.59406754392e-05,1.55527050083e-05,1.3270108866e-05,6.24521680948e-06
1295,2024-09-23 23:00:00,53.958333333333336,6.68296479489e-07,6.6703870516e-07,6.52008566249e-07,5.59457532745e-07,2.59560692939e-07,1.59838764375e-05,1.59548326337e-05,1.55214456754e-05,1.3182899238e-05,6.2498479565e-06
1296,2024-09-24 00:00:00,54.0,6.67020117362e-07,6.65657978516e-07,6.50100844268e-07,5.55936878754e-07,2.59111573087e-07,1.59847786563e-05,1.59532282851e-05,1.55041943799e-05,1.31224587676e-05,6.25169013801e-06
1297,2024-09-24 01:00:00,54.041666666666664,6.65822085466e-07,6.64276171847e-07,6.48733589514e-07,5.53870734166e-07,2.58704176304e-07,1.59875962709e-05,1.59515111591e-05,1.55014913616e-05,1.30973758132e-05,6.25449456493e-06
1298,2024-09-24 02:00:00,54.083333333333336,6.64436470288e-07,6.62761181047e-07,6.47628041861e-07,5.52496373984e-07,2.58271114717e-07,1.59857318067e-05,1.59464652825e-05,1.55059278768e-05,1.30893977257e-05,6.25663869869e-06
1299,2024-09-24 03:00:00,54.125,6.63028345116e-07,6.61205604047e-07,6.4662395971e-07,5.51313974029e-07,2.57823387528e-07,1.59831724886e-05,1.5940358935e-05,1.5513098333e-05,1.30862608785e-05,6.25840766588e-06
1300,2024-09-24 04:00:00,54.166666666666664,6.61605497498e-07,6.59579313833e-07,6.45613454253e-07,5.50184381609e-07,2.57391377545e-07,1.59801365953e-05,1.59323881235e-05,1.55200941663e-05,1.30843891384e-05,6.26051541985e-06
1301,2024-09-24 05:00:00,54.208333333333336,6.59964371152e-07,6.57821829009e-07,6.44559349894e-07,5.49075366507e-07,2.56945099864e-07,1.59716564667e-05,1.59210885613e-05,1.55259367602e-05,1.30829193949e-05,6.26223891231e-06
1302,2024-09-24 06:00:00,54.25,6.57983434849e-07,6.55917574477e-07,6.43451812721e-07,5.47968681985e-07,2.5645755386e-07,1.59546507348e-05,1.59060982696e-05,1.55303841893e-05,1.30814160002e-05,6.2629196691e-06
1303,2024-09-24 07:00:00,54.291666666666664,6.55355790968e-07,6.53746951684e-07,6.4231238639e-07,5.46876833596e-07,2.55891308143e-07,1.59215451276e-05,1.58845141414e-05,1.5534047634e-05,1.30801927298e-05,6.26163409834e-06
1304,2024-09-24 08:00:00,54.333333333333336,6.52227754472e-07,6.51394088891e-07,6.41154656478e-07,5.45801071894e-07,2.5526327363e-07,1.58760121849e-05,1.58583989105e-05,1.55373545567e-05,1.30793232529e-05,6.25878783467e-06
1305,2024-09-24 09:00:00,54.375,6.51847415156e-07,6.49999321922e-07,6.40132952867e-07,5.44848035133e-07,2.54844252368e-07,1.58973653015e-05,1.58555067173e-05,1.5544002963e-05,1.30813532451e-05,6.2610306486e-06
1306,2024-09-24 10:00:00,54.416666666666664,6.51744812785e-07,6.49240064377e-07,6.39263305402e-07,5.44062743302e-07,2.54569556546e-07,1.59257488122e-05,1.58680304594e-05,1.55543639266e-05,1.30875123432e-05,6.26678820481e-06
1307,2024-09-24 11:00:00,54.458333333333336,6.50912056699e-07,6.48207731047e-07,6.38315952983e-07,5.4327495036e-07,2.54271128597e-07,1.59365426953e-05,1.58737893798e-05,1.5562714907e-05,1.30936532514e-05,6.2719404923e-06
1308,2024-09-24 12:00:00,54.5,6.4751645823e-07,6.46062062515e-07,6.3697996211e-07,5.42233294709e-07,2.53619191426e-07,1.58846742124e-05,1.58521525009e-05,1.55614216055e-05,1.30940352392e-05,6.26828750683e-06
1309,2024-09-24 13:00:00,54.541666666666664,6.46436433271e-07,6.45048828574e-07,6.35786307157e-07,5.41297765722e-07,2.533989516e-07,1.58894090418e-05,1.58581187861e-05,1.55636189447e-05,1.30974358399e-05,6.27521967544e-06
1310,2024-09-24 14:00:00,54.583333333333336,6.44883641598e-07,6.4375274178e-07,6.34589866877e-07,5.40404187177e-07,2.53166916764e-07,1.58824514074e-05,1.58570164785e-05,1.55655816343e-05,1.31019278342e-05,6.2818699007e-06
1311,2024-09-24 15:00:00,54.625,6.43743817363e-07,6.42625025193e-07,6.33394449778e-07,5.39597408533e-07,2.53014235341e-07,1.58856582857e-05,1.58599978022e-05,1.55673606059e-05,1.3108492567e-05,6.29046917311e-06
1312,2024-09-24 16:00:00,54.666666666666664,6.42776001314e-07,6.41702513349e-07,6.32295098058e-07,5.39183986348e-07,2.52985699944e-07,1.58931361511e-05,1.58680250024e-05,1.5571631593e-05,1.31248243633e-05,6.30212889519e-06
1313,2024-09-24 17:00:00,54.708333333333336,6.41423412162e-07,6.40397956886e-07,6.31124237316e-07,5.38741176115e-07,2.52603030049e-07,1.58908696903e-05,1.58666189236e-05,1.55739435286e-05,1.3140498595e-05,6.30515523881e-06
1314,2024-09-24 18:00:00,54.75,6.40232713067e-07,6.39315771878e-07,6.29995156487e-07,5.38083213542e-07,2.52344705132e-07,1.58926704898e-05,1.58706989168e-05,1.55770485435e-05,1.31505175887e-05,6.31122566119e-06
1315,2024-09-24 19:00:00,54.791666666666664,6.38944129605e-07,6.3801479655e-07,6.28893133126e-07,5.37499033726e-07,2.51973801824e-07,1.58918646775e-05,1.5869298295e-05,1.5580902982e-05,1.3162385585e-05,6.31451530353e-06
1316,2024-09-24 20:00:00,54.833333333333336,6.37494281364e-07,6.36631000361e-07,6.27829422228e-07,5.37252844879e-07,2.51700470244e-07,1.58870188898e-05,1.58657312568e-05,1.55858760991e-05,1.31827982841e-05,6.32016417512e-06
1317,2024-09-24 21:00:00,54.875,6.36148456579e-07,6.35303763374e-07,6.2678066115e-07,5.37264440936e-07,2.51390588346e-07,1.58845869009e-05,1.58634720719e-05,1.5591216652e-05,1.3209854842e-05,6.32490491626e-06
1318,2024-09-24 22:00:00,54.916666666666664,6.34370394437e-07,6.33620743429e-07,6.25598659099e-07,5.36927188932e-07,2.50970856541e-07,1.58711591212e-05,1.58522525453e-05,1.55929355969e-05,1.32282038976e-05,6.32686987956e-06
1319,2024-09-24 23:00:00,54.958333333333336,6.31979560239e-07,6.31458476619e-07,6.24264032467e-07,5.36142749752e-07,2.50386108291e-07,1.58421644301e-05,1.58289458341e-05,1.5590521798e-05,1.3235174265e-05,6.32465298622e-06
1320,2024-09-25 00:00:00,55.0,6.30609463315e-07,6.30137265034e-07,6.2298767034e-07,5.35145261438e-07,2.49978427291e-07,1.58386301337e-05,1.58266320796e-05,1.55893085321e-05,1.32364957608e-05,6.32689352642e-06
1321,2024-09-25 01:00:00,55.041666666666664,6.29509770533e-07,6.28828217941e-07,6.21711706117e-07,5.34037496891e-07,2.49670364383e-07,1.58418661158e-05,1.58245657076e-05,1.5587955204e-05,1.32347840918e-05,6.33162835584e-06
1322,2024-09-25 02:00:00,55.083333333333336,6.28023371974e-07,6.27060785519e-07,6.20365881332e-07,5.32901424322e-07,2.49306083333e-07,1.58352904691e-05,1.58108305186e-05,1.55846992129e-05,1.32321983983e-05,6.33490390101e-06
1323,2024-09-25 03:00:00,55.125,6.26706537332e-07,6.25533516541e-07,6.19022046067e-07,5.31782518465e-07,2.48981677942e-07,1.58328839461e-05,1.58031216415e-05,1.55813741003e-05,1.32299037432e-05,6.33918443782e-06
1324,2024-09-25 04:00:00,55.166666666666664,6.2559752223e-07,6.24150345629e-07,6.17708963091e-07,5.30640249963e-07,2.48688877491e-07,1.58356360771e-05,1.57990671141e-05,1.55787965923e-05,1.32268987727e-05,6.34424986856e-06
1325,2024-09-25 05:00:00,55.208333333333336,6.24108338343e-07,6.22715674581e-07,6.1637916815e-07,5.2941567219e-07,2.48361260446e-07,1.58287002705e-05,1.57936992764e-05,1.5575755242e-05,1.32216855491e-05,6.34841626379e-06
1326,2024-09-25 06:00:00,55.25,6.22530251349e-07,6.21289871106e-07,6.15037151874e-07,5.28120835952e-07,2.48049104812e-07,1.58194543474e-05,1.57884824148e-05,1.5572319171e-05,1.3214581486e-05,6.35295600659e-06
1327,2024-09-25 07:00:00,55.291666666666664,6.18828323695e-07,6.18962189947e-07,6.13517613601e-07,5.26667918166e-07,2.47519125196e-07,1.57560170919e-05,1.57601953106e-05,1.55642410391e-05,1.32034083435e-05,6.35187916487e-06
1328,2024-09-25 08:00:00,55.333333333333336,6.17589989815e-07,6.17642285761e-07,6.12090730101e-07,5.25287362052e-07,2.47249886343e-07,1.57550803124e-05,1.57574195327e-05,1.5558254745e-05,1.3193975974e-05,6.35747255728e-06
1329,2024-09-25 09:00:00,55.375,6.15722228758e-07,6.16023783095e-07,6.1054129219e-07,5.23814094322e-07,2.46928749448e-07,1.57379927259e-05,1.57468948601e-05,1.55488178279e-05,1.31821516334e-05,6.36172944724e-06
1330,2024-09-25 10:00:00,55.416666666666664,6.16349552729e-07,6.15379690316e-07,6.09088601777e-07,5.22391076174e-07,2.47013787202e-07,1.57847298397e-05,1.57611866598e-05,1.55415291374e-05,1.31715851239e-05,6.37645962343e-06
1331,2024-09-25 11:00:00,55.458333333333336,6.15383385139e-07,6.14129987753e-07,6.07467939062e-07,5.20855280683e-07,2.47074609661e-07,1.57907943503e-05,1.57599115482e-05,1.55297293531e-05,1.31584265546e-05,6.39055861029e-06
1332,2024-09-25 12:00:00,55.5,6.14320697423e-07,6.12938436007e-07,6.05865409398e-07,5.19382808761e-07,2.47186221713e-07,1.57943704835e-05,1.57600698003e-05,1.55184352479e-05,1.31470778797e-05,6.40597136226e-06
1333,2024-09-25 13:00:00,55.541666666666664,6.13138126937e-07,6.11682821727e-07,6.04223487244e-07,5.1799281664e-07,2.47262448738e-07,1.57947761181e-05,1.57584981935e-05,1.55059769895e-05,1.31379028971e-05,6.42048826194e-06
1334,2024-09-25 14:00:00,55.583333333333336,6.11937650774e-07,6.1034626242e-07,6.02604075084e-07,5.16709633303e-07,2.47278478582e-07,1.5794617866e-05,1.57547401614e-05,1.54941280925e-05,1.31315537146e-05,6.43348630547e-06
1335,2024-09-25 15:00:00,55.625,6.10797940226e-07,6.08964910498e-07,6.01056967753e-07,5.15519275268e-07,2.47124518182e-07,1.57958420459e-05,1.57497070177e-05,1.54843128257e-05,1.31276619868e-05,6.44217789159e-06
1336,2024-09-25 16:00:00,55.666666666666664,6.09705068655e-07,6.07741299063e-07,5.99640770815e-07,5.14434589149e-07,2.46777545954e-07,1.57982449309e-05,1.57487083925e-05,1.54782192112e-05,1.31265805976e-05,6.44596411803e-06
1337,2024-09-25 17:00:00,55.708333333333336,6.08332584306e-07,6.06442142725e-07,5.9827948462e-07,5.13407826475e-07,2.46215620336e-07,1.57933336595e-05,1.57457361638e-05,1.54738045239e-05,1.31270680868e-05,6.44422334517e-06
1338,2024-09-25 18:00:00,55.75,6.06902176514e-07,6.05109050866e-07,5.96866243541e-07,5.1235929277e-07,2.45567605361e-07,1.57868416863e-05,1.57418035087e-05,1.54679146362e-05,1.31269789563e-05,6.44024112262e-06
1339,2024-09-25 19:00:00,55.791666666666664,6.06186802088e-07,6.04048693731e-07,5.95087385591e-07,5.11208668286e-07,2.45051779757e-07,1.57988852152e-05,1.57448193931e-05,1.54507579282e-05,1.31239803522e-05,6.43966541247e-06
1340,2024-09-25 20:00:00,55.833333333333336,6.05064030879e-07,6.02817976869e-07,5.92139485889e-07,5.09503877311e-07,2.44532884608e-07,1.58003131219e-05,1.57432859851e-05,1.53992332343e-05,1.31059177875e-05,6.43896328256e-06
1341,2024-09-25 21:00:00,55.875,6.03852811309e-07,6.01572878622e-07,5.89097908232e-07,5.07054210175e-07,2.44047356546e-07,1.57994109031e-05,1.57413360284e-05,1.53446235345e-05,1.30672769956e-05,6.43907878839e-06
1342,2024-09-25 22:00:00,55.916666666666664,6.02609588896e-07,6.00311182097e-07,5.87494298543e-07,5.0500642601e-07,2.43592808147e-07,1.57975555339e-05,1.57388985826e-05,1.5331652321e-05,1.30385342345e-05,6.4399528128e-06
1343,2024-09-25 23:00:00,55.958333333333336,6.01363751684e-07,5.99085581143e-07,5.86307976391e-07,5.03605292579e-07,2.43148321033e-07,1.57955655595e-05,1.57373742695e-05,1.53310174937e-05,1.30271864691e-05,6.44105648462e-06
1344,2024-09-26 00:00:00,56.0,6.00107284754e-07,5.97877317432e-07,5.85135524034e-07,5.02392992985e-07,2.42718527943e-07,1.57931935973e-05,1.57362428581e-05,1.53308101289e-05,1.30209491545e-05,6.44250712867e-06
1345,2024-09-26 01:00:00,56.041666666666664,5.9883996073e-07,5.96674397002e-07,5.84000190429e-07,5.01289605381e-07,2.42302462539e-07,1.57904705702e-05,1.57352151291e-05,1.5331652321e-05,1.30175958475e-05,6.44428837404e-06
1346,2024-09-26 02:00:00,56.083333333333336,5.97566440774e-07,5.95479662024e-07,5.82914196912e-07,5.0025607834e-07,2.41892962549e-07,1.57875074365e-05,1.57343474712e-05,1.53338805831e-05,1.30160706249e-05,6.44621059109e-06
1347,2024-09-26 03:00:00,56.125,5.96282461629e-07,5.94259176978e-07,5.81850201797e-07,4.99265468079e-07,2.41491051156e-07,1.57841786859e-05,1.57327121997e-05,1.53366927407e-05,1.30156768137e-05,6.44830197416e-06
1348,2024-09-26 04:00:00,56.166666666666664,5.94989671754e-07,5.93018739892e-07,5.8078865095e-07,4.98308850183e-07,2.41095051479e-07,1.5780551621e-05,1.57304548338e-05,1.53395103553e-05,1.30161915877e-05,6.45051932224e-06
1349,2024-09-26 05:00:00,56.208333333333336,5.93686820594e-07,5.91727655319e-07,5.79737104545e-07,4.97365704177e-07,2.40702576093e-07,1.57765553013e-05,1.57267531904e-05,1.53425535245e-05,1.30170665216e-05,6.45280033496e-06
1350,2024-09-26 06:00:00,56.25,5.92377205066e-07,5.90379329424e-07,5.78710114496e-07,4.96431994179e-07,2.40314022903e-07,1.57722952281e-05,1.57214362844e-05,1.53462606249e-05,1.30181751956e-05,6.45515819997e-06
1351,2024-09-26 07:00:00,56.291666666666664,5.91063724187e-07,5.89000308082e-07,5.77705520755e-07,4.95509027587e-07,2.39932177237e-07,1.57678969117e-05,1.57152062457e-05,1.53505716298e-05,1.30195585371e-05,6.45766840535e-06
1352,2024-09-26 08:00:00,56.333333333333336,5.89741830481e-07,5.87605029523e-07,5.76684158204e-07,4.94583616728e-07,2.39558175963e-07,1.57632402988e-05,1.5708452338e-05,1.53543278429e-05,1.30208936753e-05,6.46036414764e-06
1353,2024-09-26 09:00:00,56.375,5.88404702739e-07,5.86140288306e-07,5.75593446683e-07,4.93590675887e-07,2.39189205331e-07,1.57580798259e-05,1.56997466547e-05,1.53559776663e-05,1.30204380184e-05,6.46317221253e-06
1354,2024-09-26 10:00:00,56.416666666666664,5.87043814448e-07,5.84667020576e-07,5.74427019728e-07,4.92501271765e-07,2.38837799316e-07,1.5752229956e-05,1.56907262863e-05,1.53553228301e-05,1.30173984871e-05,6.46642820357e-06
1355,2024-09-26 11:00:00,56.458333333333336,5.85688098909e-07,5.83271003052e-07,5.73232910028e-07,4.91359799071e-07,2.38501115746e-07,1.57464419317e-05,1.56836777023e-05,1.53537712322e-05,1.30129401441e-05,6.47005617793e-06
1356,2024-09-26 12:00:00,56.5,5.84303336382e-07,5.81835763569e-07,5.71945406591e-07,4.90108618578e-07,2.38180106749e-07,1.57397607836e-05,1.56754649652e-05,1.53493710968e-05,1.30055223053e-05,6.47408796794e-06
1357,2024-09-26 13:00:00,56.541666666666664,5.8291567484e-07,5.8044497564e-07,5.7046463553e-07,4.88661328291e-07,2.37881437215e-07,1.57328795467e-05,1.56683545356e-05,1.53391356434e-05,1.29928048409e-05,6.4787050178e-06
1358,2024-09-26 14:00:00,56.583333333333336,5.81473102557e-07,5.789894999e-07,5.68869381823e-07,4.87119450554e-07,2.37614784737e-07,1.57243666763e-05,1.56594014697e-05,1.53254368342e-05,1.29774653033e-05,6.4841888161e-06
1359,2024-09-26 15:00:00,56.625,5.80054177135e-07,5.7762065353e-07,5.67136794416e-07,4.85503107939e-07,2.37367643763e-07,1.57164722623e-05,1.56527530635e-05,1.53075852722e-05,1.29600221044e-05,6.49021376375e-06
1360,2024-09-26 16:00:00,56.666666666666664,5.78731260248e-07,5.76414038278e-07,5.65173309042e-07,4.83852772959e-07,2.37110356238e-07,1.57112208399e-05,1.56504629558e-05,1.52827451529e-05,1.29415575429e-05,6.49596859148e-06
1361,2024-09-26 17:00:00,56.708333333333336,5.77451658046e-07,5.75244314405e-07,5.62918501146e-07,4.8222989335e-07,2.36811146692e-07,1.57070408022e-05,1.56490950758e-05,1.52490520122e-05,1.29237268993e-05,6.50058791507e-06
1362,2024-09-26 18:00:00,56.75,5.76256468321e-07,5.74174407575e-07,5.60422336093e-07,4.80679432258e-07,2.36457196934e-07,1.57051381393e-05,1.56504011102e-05,1.52079173859e-05,1.29077561724e-05,6.50371885058e-06
1363,2024-09-26 19:00:00,56.791666666666664,5.75063040742e-07,5.73114846247e-07,5.57970849968e-07,4.79240213735e-07,2.36061183045e-07,1.57031499839e-05,1.56519272423e-05,1.51678550537e-05,1.28947067424e-05,6.50570018479e-06
1364,2024-09-26 20:00:00,56.833333333333336,5.73856084429e-07,5.7206227666e-07,5.55974338567e-07,4.77968796986e-07,2.35648286662e-07,1.57006870722e-05,1.56536025315e-05,1.51411732077e-05,1.28861411213e-05,6.50720130579e-06
1365,2024-09-26 21:00:00,56.875,5.72629573981e-07,5.70951726786e-07,5.54641133022e-07,4.76910656744e-07,2.35234978163e-07,1.56975493155e-05,1.56536207214e-05,1.5134253772e-05,1.28833244162e-05,6.50866195429e-06
1366,2024-09-26 22:00:00,56.916666666666664,5.71414602746e-07,5.69810765683e-07,5.53913480417e-07,4.76105014968e-07,2.34815999534e-07,1.56945607159e-05,1.56527239596e-05,1.51454860315e-05,1.28873562062e-05,6.5099375206e-06
1367,2024-09-26 23:00:00,56.958333333333336,5.70187751237e-07,5.68609834772e-07,5.53774384571e-07,4.75767507169e-07,2.34424703649e-07,1.56911373779e-05,1.56500736921e-05,1.51744779942e-05,1.29041445689e-05,6.51193431622e-06
1368,2024-09-27 00:00:00,57.0,5.68962036596e-07,5.67376844174e-07,5.53524444058e-07,4.7552578053e-07,2.34044264857e-07,1.56876430992e-05,1.56464484462e-05,1.52002003233e-05,1.29235504573e-05,6.51420396025e-06
1369,2024-09-27 01:00:00,57.041666666666664,5.67725976452e-07,5.66095195609e-07,5.52939525278e-07,4.75086949336e-07,2.33684914974e-07,1.56838086696e-05,1.56413734658e-05,1.52158008859e-05,1.29375321194e-05,6.51702430332e-06
1370,2024-09-27 02:00:00,57.083333333333336,5.66495771182e-07,5.64812182802e-07,5.52233814233e-07,4.74593321087e-07,2.3332520982e-07,1.5679954231e-05,1.56361238624e-05,1.5227716176e-05,1.29499849209e-05,6.51981372357e-06
1371,2024-09-27 03:00:00,57.125,5.6525192349e-07,5.63522860375e-07,5.51435107354e-07,4.74107537229e-07,2.32979573411e-07,1.56757014338e-05,1.56306068675e-05,1.52367656483e-05,1.29626441776e-05,6.52296512271e-06
1372,2024-09-27 04:00:00,57.166666666666664,5.64003642012e-07,5.62234845347e-07,5.50621393813e-07,4.7364682132e-07,2.32648162068e-07,1.56712794706e-05,1.56250807777e-05,1.52453130795e-05,1.29759891934e-05,6.52649259791e-06
1373,2024-09-27 05:00:00,57.208333333333336,5.62761272249e-07,5.61041133551e-07,5.49803417016e-07,4.73175759907e-07,2.32299598224e-07,1.56668775162e-05,1.56220612553e-05,1.52536740643e-05,1.29890495373e-05,6.52952576274e-06
1374,2024-09-27 06:00:00,57.25,5.61516515063e-07,5.5985981362e-07,5.48947582502e-07,4.72653852057e-07,2.31942465234e-07,1.56623191288e-05,1.56192636496e-05,1.52608154167e-05,1.3000682884e-05,6.53230017633e-06
1375,2024-09-27 07:00:00,57.291666666666664,5.60274202144e-07,5.58653823646e-07,5.48060313577e-07,4.72089197956e-07,2.31586199106e-07,1.56576661539e-05,1.56156474986e-05,1.5266938135e-05,1.30111029648e-05,6.53507959214e-06
1376,2024-09-27 08:00:00,57.333333333333336,5.59030752356e-07,5.57537987333e-07,5.471389386e-07,4.71429984827e-07,2.31249273952e-07,1.56530204549e-05,1.56144669745e-05,1.52719621838e-05,1.30188509502e-05,6.5383828769e-06
1377,2024-09-27 09:00:00,57.375,5.57783721433e-07,5.5637923424e-07,5.46193746231e-07,4.70706567057e-07,2.3092502488e-07,1.56482165039e-05,1.56120313477e-05,1.5276211343e-05,1.30247508423e-05,6.54202312944e-06
1378,2024-09-27 10:00:00,57.416666666666664,5.56525094453e-07,5.55239296318e-07,5.45050511391e-07,4.69748982823e-07,2.30554292102e-07,1.56428322953e-05,1.56098631123e-05,1.52742686623e-05,1.30239823193e-05,6.54435098113e-06
1379,2024-09-27 11:00:00,57.458333333333336,5.55239921596e-07,5.53977088202e-07,5.43050475699e-07,4.67987774755e-07,2.30179693972e-07,1.56366459123e-05,1.56041460286e-05,1.5245749637e-05,1.3000342733e-05,6.5465874286e-06
1380,2024-09-27 12:00:00,57.5,5.53810082238e-07,5.5234716001e-07,5.39353379736e-07,4.65428399821e-07,2.29809799634e-07,1.56254100148e-05,1.5587605958e-05,1.51649064719e-05,1.29539594127e-05,6.54898440189e-06
1381,2024-09-27 13:00:00,57.541666666666664,5.51969321805e-07,5.50748552541e-07,5.32624596872e-07,4.61248134798e-07,2.29559688592e-07,1.56008081831e-05,1.55717461894e-05,1.49908046296e-05,1.2861815776e-05,6.55471694699e-06
1382,2024-09-27 14:00:00,57.583333333333336,5.49902608782e-07,5.49780565962e-07,5.26893700226e-07,4.57182807168e-07,2.29403781304e-07,1.55694397108e-05,1.5573703422e-05,1.48472154251e-05,1.27729354062e-05,6.56306974633e-06
1383,2024-09-27 15:00:00,57.625,5.47976299003e-07,5.48686728052e-07,5.24759286691e-07,4.56031756357e-07,2.29167497423e-07,1.55428479047e-05,1.55714897119e-05,1.4813762391e-05,1.27662115119e-05,6.56918518871e-06
1384,2024-09-27 16:00:00,57.666666666666664,5.46233820842e-07,5.47283264041e-07,5.24207450781e-07,4.55564077129e-07,2.28848733741e-07,1.55219549924e-05,1.55600282596e-05,1.4828874555e-05,1.27787752717e-05,6.57293958284e-06
1385,2024-09-27 17:00:00,57.708333333333336,5.44717181583e-07,5.45821251308e-07,5.22908521816e-07,4.54516822401e-07,2.28649852829e-07,1.55082834681e-05,1.55471952894e-05,1.48209192048e-05,1.27749081003e-05,6.57998907627e-06
1386,2024-09-27 18:00:00,57.75,5.43225723959e-07,5.44329452623e-07,5.20719027008e-07,4.52990036592e-07,2.28445003359e-07,1.54953631863e-05,1.5533705664e-05,1.47853625094e-05,1.27573439386e-05,6.58684075461e-06
1387,2024-09-27 19:00:00,57.791666666666664,5.41741144389e-07,5.42877103271e-07,5.20356536526e-07,4.51630512543e-07,2.28223029808e-07,1.54826793732e-05,1.55217421707e-05,1.48065309986e-05,1.27444236568e-05,6.59322540741e-06
1388,2024-09-27 20:00:00,57.833333333333336,5.40212226952e-07,5.41423446521e-07,5.19714660641e-07,4.50452489531e-07,2.2796702126e-07,1.546846579e-05,1.5509844161e-05,1.48192129927e-05,1.27366574816e-05,6.598660093e-06
1389,2024-09-27 21:00:00,57.875,5.38573146969e-07,5.39920108622e-07,5.18501337865e-07,4.49205458608e-07,2.27690009069e-07,1.54505360115e-05,1.54963727255e-05,1.48139415614e-05,1.27269377117e-05,6.60349678583e-06
1390,2024-09-27 22:00:00,57.916666666666664,5.37041557891e-07,5.38457982202e-07,5.17376406606e-07,4.48585382173e-07,2.27445696055e-07,1.54360914166e-05,1.54842291522e-05,1.48111457747e-05,1.27349258037e-05,6.60928162688e-06
1391,2024-09-27 23:00:00,57.958333333333336,5.35530546131e-07,5.36964080311e-07,5.16683883234e-07,4.48863204383e-07,2.27174041356e-07,1.54221397679e-05,1.54708577611e-05,1.48217923197e-05,1.27686407723e-05,6.61427066007e-06
1392,2024-09-28 00:00:00,58.0,5.34074445113e-07,5.35440108251e-07,5.15786382493e-07,4.49223932719e-07,2.26903537737e-07,1.54101835506e-05,1.54566987476e-05,1.48262433868e-05,1.28049232444e-05,6.6192774284e-06
1393,2024-09-28 01:00:00,58.041666666666664,5.30631439233e-07,5.32342482984e-07,5.14384623784e-07,4.49408815939e-07,2.26328069175e-07,1.53414857778e-05,1.53971668624e-05,1.48157632793e-05,1.28364590637e-05,6.61528883938e-06
1394,2024-09-28 02:00:00,58.083333333333336,5.30975739821e-07,5.31947989657e-07,5.12200188041e-07,4.49182124385e-07,2.26386760005e-07,1.53826586029e-05,1.54160716193e-05,1.47800928971e-05,1.28561759993e-05,6.62979482513e-06
1395,2024-09-28 03:00:00,58.125,5.30302770585e-07,5.30960107881e-07,5.09536732807e-07,4.48536894737e-07,2.26263239256e-07,1.53942219185e-05,1.54178869707e-05,1.47291129906e-05,1.28638503156e-05,6.63905075271e-06
1396,2024-09-28 04:00:00,58.166666666666664,5.29278054273e-07,5.29703925167e-07,5.07391575866e-07,4.47769537004e-07,2.26024710059e-07,1.53953969857e-05,1.54118533828e-05,1.46940155901e-05,1.2867998521e-05,6.64496792524e-06
1397,2024-09-28 05:00:00,58.208333333333336,5.281834774e-07,5.2839845921e-07,5.05902278292e-07,4.46544277111e-07,2.25786706665e-07,1.53943765326e-05,1.54042973008e-05,1.46792453961e-05,1.28586852952e-05,6.6508710006e-06
1398,2024-09-28 06:00:00,58.25,5.27100780801e-07,5.27085035174e-07,5.04767342591e-07,4.44943907496e-07,2.2562652191e-07,1.53937489813e-05,1.53964356286e-05,1.46754236994e-05,1.28381789182e-05,6.65899187879e-06
1399,2024-09-28 07:00:00,58.291666666666664,5.25955954345e-07,5.25728069078e-07,5.03640819716e-07,4.43524612592e-07,2.25472433613e-07,1.53910987137e-05,1.53871878865e-05,1.46717238749e-05,1.28227256937e-05,6.66726373311e-06
1400,2024-09-28 08:00:00,58.333333333333336,5.24792369561e-07,5.24338076957e-07,5.02623834109e-07,4.42346305363e-07,2.25293547373e-07,1.53878281708e-05,1.53768960445e-05,1.46713391587e-05,1.28141355162e-05,6.67482709105e-06
1401,2024-09-28 09:00:00,58.375,5.23560117927e-07,5.22829338934e-07,5.0061737511e-07,4.40501594312e-07,2.25402118303e-07,1.53825876623e-05,1.53629989654e-05,1.46397605931e-05,1.27857902044e-05,6.69067503623e-06
1402,2024-09-28 10:00:00,58.416666666666664,5.22232369349e-07,5.21072649917e-07,4.98273493577e-07,4.38694058857e-07,2.25678590482e-07,1.5374567738e-05,1.53417640831e-05,1.459755822e-05,1.27584635266e-05,6.7114592639e-06
1403,2024-09-28 11:00:00,58.458333333333336,5.20826006323e-07,5.19363595686e-07,4.96312168252e-07,4.37033662593e-07,2.25905750995e-07,1.536426862e-05,1.53219571075e-05,1.45673475345e-05,1.27354260258e-05,6.73096974424e-06
1404,2024-09-28 12:00:00,58.5,5.19424133927e-07,5.17938246958e-07,4.9425710813e-07,4.35496104956e-07,2.25982333291e-07,1.53541313921e-05,1.5310552044e-05,1.4534125512e-05,1.27159719341e-05,6.74628972774e-06
1405,2024-09-28 13:00:00,58.541666666666664,5.1813464097e-07,5.16622435498e-07,4.91996786423e-07,4.34051031561e-07,2.25870152804e-07,1.53472519742e-05,1.53024375322e-05,1.44943787745e-05,1.26992072182e-05,6.75629462421e-06
1406,2024-09-28 14:00:00,58.583333333333336,5.16935301675e-07,5.15056058248e-07,4.89743854359e-07,4.3272206085e-07,2.25568371093e-07,1.53429136844e-05,1.52871853061e-05,1.44548412209e-05,1.26858367366e-05,6.76089575791e-06
1407,2024-09-28 15:00:00,58.625,5.15686338076e-07,5.13618658715e-07,4.87568001972e-07,4.31571464787e-07,2.25178780511e-07,1.53370820044e-05,1.52756838361e-05,1.44176938193e-05,1.2677704035e-05,6.76294575896e-06
1408,2024-09-28 16:00:00,58.666666666666664,5.14542762176e-07,5.12386975515e-07,4.85419434426e-07,4.30304851307e-07,2.24810705163e-07,1.53339933604e-05,1.52699085447e-05,1.43812958413e-05,1.26661816466e-05,6.76561421642e-06
1409,2024-09-28 17:00:00,58.708333333333336,5.13312159001e-07,5.11164557793e-07,4.83327823986e-07,4.28934839647e-07,2.24711982355e-07,1.53282362589e-05,1.52641823661e-05,1.43465103974e-05,1.26516333694e-05,6.77614343658e-06
1410,2024-09-28 18:00:00,58.75,5.12108783823e-07,5.10066286097e-07,4.81348763515e-07,4.27686160265e-07,2.24967692475e-07,1.5322899344e-05,1.52617667482e-05,1.43150400618e-05,1.26406775962e-05,6.79685535943e-06
1411,2024-09-28 19:00:00,58.791666666666664,5.10934796694e-07,5.08930952492e-07,4.79432287648e-07,4.2679772605e-07,2.25014460398e-07,1.53181572387e-05,1.52582160808e-05,1.42852804856e-05,1.26404329421e-05,6.81137726133e-06
1412,2024-09-28 20:00:00,58.833333333333336,5.09736366894e-07,5.07784875481e-07,4.77630464957e-07,4.26123619945e-07,2.24730982268e-07,1.53126366058e-05,1.52542315845e-05,1.42588978633e-05,1.26465392896e-05,6.81623942e-06
1413,2024-09-28 21:00:00,58.875,5.08684536271e-07,5.06698313529e-07,4.76039389241e-07,4.25579969487e-07,2.24365322765e-07,1.5311052266e-05,1.52516795424e-05,1.42389990287e-05,1.26565255414e-05,6.81860774421e-06
1414,2024-09-28 22:00:00,58.916666666666664,5.07554432261e-07,5.05650177729e-07,4.7466636488e-07,4.25262726367e-07,2.23989616188e-07,1.53071705427e-05,1.52500997501e-05,1.42258295455e-05,1.26733202706e-05,6.82065501678e-06
1415,2024-09-28 23:00:00,58.958333333333336,5.06511639742e-07,5.04462377648e-07,4.73330970863e-07,4.24990247438e-07,2.23561940516e-07,1.53056153067e-05,1.52445127242e-05,1.42135186252e-05,1.2691349184e-05,6.82107565808e-06
1416,2024-09-29 00:00:00,59.0,5.05398361383e-07,5.0332232604e-07,4.72064243695e-07,4.24449638103e-07,2.23181061187e-07,1.53019191202e-05,1.52401935338e-05,1.42030485222e-05,1.27011890072e-05,6.8228582677e-06
1417,2024-09-29 01:00:00,59.041666666666664,5.04275135427e-07,5.0215498959e-07,4.71115697565e-07,4.23691034257e-07,2.22869289246e-07,1.52978209371e-05,1.52349421114e-05,1.4202472812e-05,1.27043658722e-05,6.82669178786e-06
1418,2024-09-29 02:00:00,59.083333333333336,5.03176067923e-07,5.00996918618e-07,4.70552038223e-07,4.22813741352e-07,2.22584503717e-07,1.52942211571e-05,1.52298625835e-05,1.42139570016e-05,1.27037810671e-05,6.83128018863e-06
1419,2024-09-29 03:00:00,59.125,5.01975648604e-07,4.99861641856e-07,4.69655049073e-07,4.22363569896e-07,2.22349044066e-07,1.52876582433e-05,1.52251632244e-05,1.42149592648e-05,1.2715990124e-05,6.83730786477e-06
1420,2024-09-29 04:00:00,59.166666666666664,5.00720943819e-07,4.98668669024e-07,4.68958575084e-07,4.22348676921e-07,2.22086484314e-07,1.52793600137e-05,1.52186794367e-05,1.42224926094e-05,1.27414314193e-05,6.84248152538e-06
1421,2024-09-29 05:00:00,59.208333333333336,4.99475675042e-07,4.97537598676e-07,4.68487428407e-07,4.22402422373e-07,2.21781419896e-07,1.52711763803e-05,1.52139537022e-05,1.42372855407e-05,1.27690464069e-05,6.84632959747e-06
1422,2024-09-29 06:00:00,59.25,4.98267013427e-07,4.9646342859e-07,4.68180445523e-07,4.22412000489e-07,2.21433737124e-07,1.52639349835e-05,1.52108932525e-05,1.4257327166e-05,1.27953308038e-05,6.84882752466e-06
1423,2024-09-29 07:00:00,59.291666666666664,4.97076314332e-07,4.95375502396e-07,4.67816761329e-07,4.22164248448e-07,2.21065235451e-07,1.52571146828e-05,1.52073134814e-05,1.4275527974e-05,1.28137389765e-05,6.85067197992e-06
1424,2024-09-29 08:00:00,59.333333333333336,4.95902497732e-07,4.94249832173e-07,4.67458420417e-07,4.21882873525e-07,2.20724672317e-07,1.52508082465e-05,1.52025186253e-05,1.42938970384e-05,1.28311057779e-05,6.85335953676e-06
1425,2024-09-29 09:00:00,59.375,4.9472879482e-07,4.93078005093e-07,4.67162152518e-07,4.21630005576e-07,2.20421881636e-07,1.5244534552e-05,1.51962476593e-05,1.43142924571e-05,1.2849363884e-05,6.85720669935e-06
1426,2024-09-29 10:00:00,59.416666666666664,4.93555717185e-07,4.91908167533e-07,4.66884159778e-07,4.21200326173e-07,2.2012383738e-07,1.52381580847e-05,1.51899494085e-05,1.43352935993e-05,1.28621677504e-05,6.86121120452e-06
1427,2024-09-29 11:00:00,59.458333333333336,4.92275489705e-07,4.90540287501e-07,4.66526586251e-07,4.20348129637e-07,2.19789413336e-07,1.52281490955e-05,1.51773483594e-05,1.4353710867e-05,1.28618603412e-05,6.86415660311e-06
1428,2024-09-29 12:00:00,59.5,4.90909030759e-07,4.88956402478e-07,4.6591088676e-07,4.18774504851e-07,2.19432394033e-07,1.52153934323e-05,1.51579379235e-05,1.43637771544e-05,1.28391830003e-05,6.86650446369e-06
1429,2024-09-29 13:00:00,59.541666666666664,4.89528417802e-07,4.87588636133e-07,4.65165101105e-07,4.16881675847e-07,2.19125894318e-07,1.52022985276e-05,1.51453541548e-05,1.43697752719e-05,1.28065785248e-05,6.87046212988e-06
1430,2024-09-29 14:00:00,59.583333333333336,4.88203284021e-07,4.86551300583e-07,4.64522287302e-07,4.14905002799e-07,2.18838593469e-07,1.51909143824e-05,1.51430167534e-05,1.43793531606e-05,1.27713010443e-05,6.87499459673e-06
1431,2024-09-29 15:00:00,59.625,4.86928570353e-07,4.85405223571e-07,4.63977158915e-07,4.12965704299e-07,2.18574726318e-07,1.51810409079e-05,1.51370577441e-05,1.43922743518e-05,1.27370885821e-05,6.88023783368e-06
1432,2024-09-29 16:00:00,59.666666666666664,4.85775956349e-07,4.84313943616e-07,4.63339517864e-07,4.11213676443e-07,2.18327699031e-07,1.51749645738e-05,1.51326375999e-05,1.44020614243e-05,1.27085668282e-05,6.88598174747e-06
1433,2024-09-29 17:00:00,59.708333333333336,4.84802683332e-07,4.83337430524e-07,4.62504004872e-07,4.09619161701e-07,2.1813282558e-07,1.51744770847e-05,1.51317417476e-05,1.44050663948e-05,1.26847853608e-05,6.89324497216e-06
1434,2024-09-29 18:00:00,59.75,4.83856410938e-07,4.82456925965e-07,4.61527235984e-07,4.08093427495e-07,2.17993118667e-07,1.51747435666e-05,1.51339590957e-05,1.44031891978e-05,1.26629774968e-05,6.90207707521e-06
1435,2024-09-29 19:00:00,59.791666666666664,4.82793495848e-07,4.81516508444e-07,4.60485154008e-07,4.06528926078e-07,2.1784036619e-07,1.51710419232e-05,1.51341992023e-05,1.43989600474e-05,1.26398044813e-05,6.91041668688e-06
1436,2024-09-29 20:00:00,59.833333333333336,4.81657195905e-07,4.80520725432e-07,4.59517252693e-07,4.05030078809e-07,2.17648249645e-07,1.51650101543e-05,1.51326994455e-05,1.43970464705e-05,1.26185086629e-05,6.9175275712e-06
1437,2024-09-29 21:00:00,59.875,4.80516575863e-07,4.79483219351e-07,4.58750861299e-07,4.03782735248e-07,2.17416825876e-07,1.51588510562e-05,1.51298354467e-05,1.44017676575e-05,1.26048989841e-05,6.92341791364e-06
1438,2024-09-29 22:00:00,59.916666666666664,4.79416314647e-07,4.78442927943e-07,4.58190271502e-07,4.02910302455e-07,2.17133504066e-07,1.51539979925e-05,1.51268086483e-05,1.44133191498e-05,1.26028780869e-05,6.92770663591e-06
1439,2024-09-29 23:00:00,59.958333333333336,4.78369031498e-07,4.77410821986e-07,4.5764389256e-07,4.0260678702e-07,2.16805972286e-07,1.51508465933e-05,1.51239537445e-05,1.44254181578e-05,1.26186014313e-05,6.93063157087e-06
1440,2024-09-30 00:00:00,60.0,4.77345793115e-07,4.76358820833e-07,4.57180959756e-07,4.02969874358e-07,2.16438053258e-07,1.51483682203e-05,1.51203603309e-05,1.44402865772e-05,1.26552540678e-05,6.93230958859e-06
1441,2024-09-30 01:00:00,60.041666666666664,4.76352909118e-07,4.75317335713e-07,4.56770749224e-07,4.03675784355e-07,2.16028340105e-07,1.51467420437e-05,1.51169970195e-05,1.44568830365e-05,1.27027806229e-05,6.93268202667e-06
1442,2024-09-30 02:00:00,60.083333333333336,4.75325890648e-07,4.74203005751e-07,4.5641354518e-07,4.04518715413e-07,2.15632439904e-07,1.51438825924e-05,1.51111808009e-05,1.44752311826e-05,1.27547682496e-05,6.93349375069e-06
1443,2024-09-30 03:00:00,60.125,4.74271928397e-07,4.73046668503e-07,4.56091356682e-07,4.05190291985e-07,2.15261906078e-07,1.51401300172e-05,1.51039275806e-05,1.44947498484e-05,1.28015080918e-05,6.9350976446e-06
1444,2024-09-30 04:00:00,60.166666666666664,4.73231381193e-07,4.71888569109e-07,4.55769509244e-07,4.05494404276e-07,2.14879150917e-07,1.51364238263e-05,1.50963933265e-05,1.45142121255e-05,1.28367018988e-05,6.93629817761e-06
1445,2024-09-30 05:00:00,60.208333333333336,4.72179095823e-07,4.7071824838e-07,4.55391784726e-07,4.05455011787e-07,2.1453503507e-07,1.51322547026e-05,1.50883242895e-05,1.4531726265e-05,1.28610035972e-05,6.93869833412e-06
1446,2024-09-30 06:00:00,60.25,4.71123854595e-07,4.69536644232e-07,4.55038275504e-07,4.05466664688e-07,2.14206536953e-07,1.51276599354e-05,1.50796686285e-05,1.45500553117e-05,1.28869396576e-05,6.94157324688e-06
1447,2024-09-30 07:00:00,60.291666666666664,4.70082653692e-07,4.68449997015e-07,4.54677092421e-07,4.05550252935e-07,2.13907938473e-07,1.51235544763e-05,1.50740206664e-05,1.45681606227e-05,1.2915192201e-05,6.9453794822e-06
1448,2024-09-30 08:00:00,60.333333333333336,4.69031192551e-07,4.67321001452e-07,4.54313777709e-07,4.05951823268e-07,2.13615649614e-07,1.51190597535e-05,1.50669839059e-05,1.45862795762e-05,1.29537056637e-05,6.94936852597e-06
1449,2024-09-30 09:00:00,60.375,4.67985557862e-07,4.66262321197e-07,4.5391576009e-07,4.06395798791e-07,2.13317875364e-07,1.51147432916e-05,1.50621635839e-05,1.46032634802e-05,1.29936843223e-05,6.9531643021e-06
1450,2024-09-30 10:00:00,60.416666666666664,4.6691761213e-07,4.65062697685e-07,4.53383108834e-07,4.06400232578e-07,2.12966270396e-07,1.51095591718e-05,1.50527221194e-05,1.46155980474e-05,1.30195649035e-05,6.95523431204e-06
1451,2024-09-30 11:00:00,60.458333333333336,4.6576107593e-07,4.6362441708e-07,4.52666597539e-07,4.05267769565e-07,2.12587778492e-07,1.51015574374e-05,1.50356654558e-05,1.46215506902e-05,1.3008670976e-05,6.95652124705e-06
1452,2024-09-30 12:00:00,60.5,4.64527687427e-07,4.62396741341e-07,4.51848649163e-07,4.04087415973e-07,2.12246263231e-07,1.50911155288e-05,1.5025585526e-05,1.46241281982e-05,1.29961426865e-05,6.95900780556e-06
1453,2024-09-30 13:00:00,60.541666666666664,4.63314137278e-07,4.61511234562e-07,4.51003444368e-07,4.02847177838e-07,2.11933283367e-07,1.50814175868e-05,1.5026535948e-05,1.46258607856e-05,1.29815907712e-05,6.96238521414e-06
1454,2024-09-30 14:00:00,60.583333333333336,4.6216712235e-07,4.60613563291e-07,4.501659987e-07,4.01588664545e-07,2.11696473684e-07,1.50739751916e-05,1.50269470396e-05,1.46279098772e-05,1.29663430926e-05,6.96820052326e-06
1455,2024-09-30 15:00:00,60.625,4.61075245539e-07,4.59549681864e-07,4.49339978559e-07,4.00361642505e-07,2.11443463627e-07,1.50682180902e-05,1.50218265844e-05,1.4630422811e-05,1.29520512928e-05,6.97353607393e-06
1456,2024-09-30 16:00:00,60.666666666666664,4.60142643988e-07,4.58590051267e-07,4.48506341399e-07,3.99227047865e-07,2.11187355603e-07,1.5067726963e-05,1.50201067299e-05,1.46326883623e-05,1.2940776287e-05,6.97877976563e-06
1457,2024-09-30 17:00:00,60.708333333333336,4.59230477645e-07,4.57683881905e-07,4.47657470204e-07,3.98267104629e-07,2.10926486943e-07,1.50676687554e-05,1.5020099454e-05,1.46343490997e-05,1.29352647491e-05,6.98382291375e-06
1458,2024-09-30 18:00:00,60.75,4.58312769069e-07,4.56869400978e-07,4.46735782589e-07,3.97317052148e-07,2.10694054203e-07,1.50672558448e-05,1.50229616338e-05,1.46332777149e-05,1.29300597109e-05,6.98967505741e-06
1459,2024-09-30 19:00:00,60.791666666666664,4.57328837911e-07,4.55988555359e-07,4.45745428124e-07,3.96217359366e-07,2.1045025278e-07,1.50645164467e-05,1.50235237015e-05,1.46295533341e-05,1.2919841538e-05,6.99508655089e-06
1460,2024-09-30 20:00:00,60.833333333333336,4.56313728137e-07,4.55034637525e-07,4.44716732773e-07,3.95035215206e-07,2.10179024407e-07,1.50605974341e-05,1.50215964823e-05,1.46242136907e-05,1.29067657326e-05,6.99956899552e-06
1461,2024-09-30 21:00:00,60.875,4.55295150914e-07,4.54048461052e-07,4.43691703822e-07,3.93770221763e-07,2.09907994986e-07,1.50564856085e-05,1.50185469465e-05,1.46188103827e-05,1.28907486214e-05,7.00404370946e-06
1462,2024-09-30 22:00:00,60.916666666666664,4.54284162288e-07,4.5304403784e-07,4.42814950929e-07,3.92409845063e-07,2.09655965477e-07,1.50525684148e-05,1.50148116518e-05,1.46185802805e-05,1.2871342733e-05,7.00912232787e-06
1463,2024-09-30 23:00:00,60.958333333333336,4.53308842907e-07,4.52079660818e-07,4.4216619699e-07,3.91171397496e-07,2.0941442358e-07,1.50497517097e-05,1.50122523337e-05,1.46264528667e-05,1.28557840071e-05,7.01452381691e-06
1464,2024-10-01 00:00:00,61.0,4.52372177051e-07,4.51165306004e-07,4.41451049937e-07,3.9047631617e-07,2.09139471963e-07,1.50479727381e-05,1.50111100083e-05,1.46319180203e-05,1.28582159959e-05,7.01881981513e-06
1465,2024-10-01 01:00:00,61.041666666666664,4.51430622661e-07,4.5020374273e-07,4.40741757757e-07,3.90660176208e-07,2.08863184525e-07,1.50459773067e-05,1.50083224071e-05,1.46375532495e-05,1.28900246636e-05,7.02308352629e-06
1466,2024-10-01 02:00:00,61.083333333333336,4.50468178315e-07,4.49107716349e-07,4.40090190068e-07,3.90857877619e-07,2.0856748506e-07,1.50429041241e-05,1.50008891069e-05,1.46452130139e-05,1.29223717522e-05,7.02670831743e-06
1467,2024-10-01 03:00:00,61.125,4.49476544873e-07,4.48004442433e-07,4.39497171101e-07,3.91263171196e-07,2.08309174354e-07,1.50388932525e-05,1.49932002387e-05,1.46549518831e-05,1.29617783386e-05,7.0315618359e-06
1468,2024-10-01 04:00:00,61.166666666666664,4.48486815685e-07,4.46953322353e-07,4.39105377836e-07,3.92080636402e-07,2.08061180729e-07,1.50347595991e-05,1.49870693349e-05,1.46719003169e-05,1.30152329803e-05,7.03674186298e-06
1469,2024-10-01 05:00:00,61.208333333333336,4.47512405799e-07,4.45903452828e-07,4.38856147866e-07,3.93050868297e-07,2.07796915674e-07,1.50308969751e-05,1.49808656715e-05,1.46938600665e-05,1.30739626911e-05,7.04136664353e-06
1470,2024-10-01 06:00:00,61.25,4.46539530685e-07,4.44880214445e-07,4.38539586867e-07,3.94224429101e-07,2.07561043908e-07,1.50271471284e-05,1.4975544218e-05,1.47133096107e-05,1.31396627694e-05,7.04692001818e-06
1471,2024-10-01 07:00:00,61.291666666666664,4.45574414698e-07,4.43880850298e-07,4.38160157046e-07,3.95377441009e-07,2.07342168324e-07,1.50236874106e-05,1.49709421748e-05,1.47304517668e-05,1.32047734951e-05,7.05302409187e-06
1472,2024-10-01 08:00:00,61.333333333333336,4.44614414619e-07,4.42886857854e-07,4.37692847299e-07,3.95956135435e-07,2.07119612128e-07,1.50204350575e-05,1.49664792843e-05,1.47444270624e-05,1.32504746944e-05,7.05899219611e-06
1473,2024-10-01 09:00:00,61.375,4.43644552206e-07,4.41772073145e-07,4.37030337253e-07,3.95614677018e-07,2.06822932114e-07,1.50167816173e-05,1.49579218487e-05,1.47513619595e-05,1.32650593514e-05,7.06248965798e-06
1474,2024-10-01 10:00:00,61.416666666666664,4.42607046125e-07,4.40514781985e-07,4.3621594159e-07,3.94641290313e-07,2.06503699474e-07,1.50110663526e-05,1.4944652321e-05,1.47527462104e-05,1.32581508296e-05,7.06530408934e-06
1475,2024-10-01 11:00:00,61.458333333333336,4.41445052957e-07,4.27663621849e-07,4.35376989572e-07,3.93505104057e-07,2.06216483889e-07,1.50015448526e-05,1.45374378917e-05,1.47534465214e-05,1.32456298161e-05,7.06928631189e-06
1476,2024-10-01 12:00:00,61.5,4.40291813675e-07,4.33502066244e-07,4.34581323816e-07,3.92309090103e-07,2.06133606184e-07,1.49924917423e-05,1.47648997881e-05,1.47558012031e-05,1.32308632601e-05,7.08005200067e-06
1477,2024-10-01 13:00:00,61.541666666666664,4.39234923988e-07,4.37428411715e-07,4.337939572e-07,3.91024173041e-07,2.06175471362e-07,1.49864436025e-05,1.49278384924e-05,1.47585251398e-05,1.32128252517e-05,7.09492587703e-06
1478,2024-10-01 14:00:00,61.583333333333336,4.38361013266e-07,4.36882061194e-07,4.33045386217e-07,3.89664734257e-07,2.0619322072e-07,1.49863335537e-05,1.49386123667e-05,1.47626669786e-05,1.31919732667e-05,7.10903350409e-06
1479,2024-10-01 15:00:00,61.625,4.37560771616e-07,4.36113651858e-07,4.32299543718e-07,3.88494186154e-07,2.06090717825e-07,1.49884044731e-05,1.49416810018e-05,1.47669197759e-05,1.31776969283e-05,7.11914435669e-06
1480,2024-10-01 16:00:00,61.666666666666664,4.36711445673e-07,4.35254662534e-07,4.31530082778e-07,3.87597992813e-07,2.05874741255e-07,1.49886982399e-05,1.49415454871e-05,1.47702048707e-05,1.31731312649e-05,7.12544760972e-06
1481,2024-10-01 17:00:00,61.708333333333336,4.35831083223e-07,4.34353978562e-07,4.30711452282e-07,3.86839303701e-07,2.0562144698e-07,1.49878087541e-05,1.49398565554e-05,1.47714490595e-05,1.31734232127e-05,7.13046711098e-06
1482,2024-10-01 18:00:00,61.75,4.34531415294e-07,4.32949263995e-07,4.29708222782e-07,3.85953057958e-07,2.05261500241e-07,1.49723209688e-05,1.49206744027e-05,1.47657137859e-05,1.31692531795e-05,7.13175586498e-06
1483,2024-10-01 19:00:00,61.791666666666664,4.33865068317e-07,4.32320717891e-07,4.2869962158e-07,3.84943120935e-07,2.05058157121e-07,1.49786264956e-05,1.49281249833e-05,1.47592027133e-05,1.31605193019e-05,7.13843519407e-06
1484,2024-10-01 20:00:00,61.833333333333336,4.32905693515e-07,4.31272496826e-07,4.27824289773e-07,3.83736932008e-07,2.0486676533e-07,1.49748084368e-05,1.49210709424e-05,1.47577020471e-05,1.31446122396e-05,7.14547877578e-06
1485,2024-10-01 21:00:00,61.875,4.31927418276e-07,4.30351434488e-07,4.27122557767e-07,3.82746065952e-07,2.0473608231e-07,1.49704137584e-05,1.491830335e-05,1.47629089042e-05,1.31360802698e-05,7.15456417311e-06
1486,2024-10-01 22:00:00,61.916666666666664,4.30624254477e-07,4.28990347245e-07,4.26405449616e-07,3.82232713037e-07,2.04526912739e-07,1.49546403918e-05,1.49001516547e-05,1.47677237692e-05,1.31444085127e-05,7.16090153219e-06
1487,2024-10-01 23:00:00,61.958333333333336,4.29911182209e-07,4.28409435926e-07,4.25786140568e-07,3.81894693646e-07,2.04306914497e-07,1.49591387526e-05,1.49090574268e-05,1.47759847096e-05,1.31588940349e-05,7.16697968528e-06
1488,2024-10-02 00:00:00,62.0,4.28946975717e-07,4.27624712529e-07,4.25226573952e-07,3.81650636427e-07,2.04158965289e-07,1.49550805872e-05,1.49107063407e-05,1.47865821418e-05,1.31766364575e-05,7.17550437912e-06
1489,2024-10-02 01:00:00,62.041666666666664,4.27914926604e-07,4.26888277616e-07,4.24777937269e-07,3.81789703852e-07,2.04077750254e-07,1.49485440488e-05,1.49138331835e-05,1.48014969454e-05,1.32079467221e-05,7.18629326002e-06
1490,2024-10-02 02:00:00,62.083333333333336,4.26933439712e-07,4.26137006571e-07,4.24296473511e-07,3.82473700711e-07,2.03843654845e-07,1.49434117702e-05,1.49163088281e-05,1.48148465087e-05,1.32586319523e-05,7.19184617992e-06
1491,2024-10-02 03:00:00,62.125,4.25979919783e-07,4.25269377047e-07,4.23718859111e-07,3.8321854845e-07,2.03569086921e-07,1.4939072571e-05,1.49146699187e-05,1.48238677866e-05,1.33113253469e-05,7.19600120647e-06
1492,2024-10-02 04:00:00,62.166666666666664,4.25068378718e-07,4.24331318527e-07,4.23079427492e-07,3.8351117837e-07,2.03304892921e-07,1.49360948853e-05,1.49104498632e-05,1.48302960952e-05,1.33479543365e-05,7.2005009315e-06
1493,2024-10-02 05:00:00,62.208333333333336,4.24163147272e-07,4.23364724611e-07,4.22401029709e-07,3.8349921283e-07,2.03067585858e-07,1.49332190631e-05,1.49051156768e-05,1.48353710756e-05,1.33736484713e-05,7.20590605852e-06
1494,2024-10-02 06:00:00,62.25,4.23254732596e-07,4.2238590936e-07,4.21701486175e-07,3.83321690833e-07,2.0282902824e-07,1.49300931298e-05,1.48992612594e-05,1.48396602526e-05,1.33933626785e-05,7.21125570635e-06
1495,2024-10-02 07:00:00,62.291666666666664,4.223436747e-07,4.21400585537e-07,4.20982075866e-07,3.83007318305e-07,2.02595487053e-07,1.49267534653e-05,1.48930930663e-05,1.48432263813e-05,1.340820927e-05,7.21676724424e-06
1496,2024-10-02 08:00:00,62.333333333333336,4.21429660946e-07,4.20344150598e-07,4.20247971533e-07,3.82558198453e-07,2.02388747539e-07,1.49232419062e-05,1.48842927956e-05,1.48463068399e-05,1.34183956106e-05,7.22320783098e-06
1497,2024-10-02 09:00:00,62.375,4.20486088615e-07,4.19238006089e-07,4.19504914362e-07,3.81972000696e-07,2.0228668518e-07,1.49186407725e-05,1.48736853589e-05,1.48492490553e-05,1.34240845e-05,7.2332882155e-06
1498,2024-10-02 10:00:00,62.416666666666664,4.19430961074e-07,4.1836480591e-07,4.18818672188e-07,3.81456970899e-07,2.02501055924e-07,1.49100305862e-05,1.48714543684e-05,1.48545695993e-05,1.34324654937e-05,7.2544116847e-06
1499,2024-10-02 11:00:00,62.458333333333336,4.18469369379e-07,4.17755245508e-07,4.18247225298e-07,3.81405158123e-07,2.02794325332e-07,1.49047436935e-05,1.48787521539e-05,1.48646067828e-05,1.34579686346e-05,7.27832593839e-06
1500,2024-10-02 12:00:00,62.5,4.17527132868e-07,4.17070509684e-07,4.17854749912e-07,3.81949718076e-07,2.03205971161e-07,1.49001743921e-05,1.48833605635e-05,1.48822246047e-05,1.35061118272e-05,7.30646115699e-06
1501,2024-10-02 13:00:00,62.541666666666664,4.16679938553e-07,4.1627120595e-07,4.17493993154e-07,3.82641985652e-07,2.03553980782e-07,1.48991011883e-05,1.48838125824e-05,1.49015195348e-05,1.35603459057e-05,7.33248225515e-06
1502,2024-10-02 14:00:00,62.583333333333336,4.15948761656e-07,4.15357561678e-07,4.17049761836e-07,3.83531386206e-07,2.03743056204e-07,1.49021661855e-05,1.48801791511e-05,1.49176503328e-05,1.36223725349e-05,7.35305275157e-06
1503,2024-10-02 15:00:00,62.625,4.15311831148e-07,4.14483480426e-07,4.16472545339e-07,3.84361726447e-07,2.03649065611e-07,1.49084144141e-05,1.48779026858e-05,1.49281577251e-05,1.36823909997e-05,7.36379570299e-06
1504,2024-10-02 16:00:00,62.666666666666664,4.14645711544e-07,4.13630033336e-07,4.15717579472e-07,3.84483456628e-07,2.03300643875e-07,1.49134375533e-05,1.48763374455e-05,1.49308880282e-05,1.37157121571e-05,7.3656724453e-06
1505,2024-10-02 17:00:00,62.708333333333336,4.13895548945e-07,4.1272977569e-07,4.14896561551e-07,3.83832258422e-07,2.02775751745e-07,1.49153556777e-05,1.48730105138e-05,1.49306206367e-05,1.37197494041e-05,7.36134416002e-06
1506,2024-10-02 18:00:00,62.75,4.13100451624e-07,4.11875873851e-07,4.14073326738e-07,3.82766671692e-07,2.02176593689e-07,1.49155375766e-05,1.48711305883e-05,1.49301667989e-05,1.37080169225e-05,7.35432877264e-06
1507,2024-10-02 19:00:00,62.791666666666664,4.12263005956e-07,4.11018163504e-07,4.13228775642e-07,3.8130318103e-07,2.01592669669e-07,1.49141424117e-05,1.48690278365e-05,1.49287780005e-05,1.36811249831e-05,7.34775358069e-06
1508,2024-10-02 20:00:00,62.833333333333336,4.11400947087e-07,4.1017148078e-07,4.12295037222e-07,3.79621695856e-07,2.01049061843e-07,1.49117850015e-05,1.48672479554e-05,1.49236893776e-05,1.36457601911e-05,7.34250261303e-06
1509,2024-10-02 21:00:00,62.875,4.10541190377e-07,4.09348388075e-07,4.11276573686e-07,3.78063305106e-07,2.00564741704e-07,1.49094275912e-05,1.48662338688e-05,1.4914959138e-05,1.36147627927e-05,7.3392716331e-06
1510,2024-10-02 22:00:00,62.916666666666664,4.09703432069e-07,4.08510288707e-07,4.10216500768e-07,3.76852540285e-07,2.0012657842e-07,1.49077586684e-05,1.4864568584e-05,1.49041061377e-05,1.35967411552e-05,7.33760816729e-06
1511,2024-10-02 23:00:00,62.958333333333336,4.08895346027e-07,4.07653487855e-07,4.09215346053e-07,3.75962997623e-07,1.99727395511e-07,1.49070383486e-05,1.48621193148e-05,1.48954795804e-05,1.35908412631e-05,7.33727392799e-06
1512,2024-10-03 00:00:00,63.0,4.08097605487e-07,4.0678867208e-07,4.08290958376e-07,3.75347553927e-07,1.99352001573e-07,1.49065917867e-05,1.48592716869e-05,1.48899644046e-05,1.35953814606e-05,7.33773231332e-06
1513,2024-10-03 01:00:00,63.041666666666664,4.07324250773e-07,4.05937839787e-07,4.07395873481e-07,3.74724322683e-07,1.98994342782e-07,1.49069428517e-05,1.48568315126e-05,1.48855233419e-05,1.35995487653e-05,7.33878596293e-06
1514,2024-10-03 02:00:00,63.083333333333336,4.06562605804e-07,4.0508444954e-07,4.06508291917e-07,3.73812582666e-07,1.98650582206e-07,1.49076367961e-05,1.48541912495e-05,1.48812760017e-05,1.35924783535e-05,7.3403011811e-06
1515,2024-10-03 03:00:00,63.125,4.05881934284e-07,4.04297679779e-07,4.05584671626e-07,3.72402439552e-07,1.98291175479e-07,1.49110828715e-05,1.4853846551e-05,1.48753288158e-05,1.35659465741e-05,7.34120749257e-06
1516,2024-10-03 04:00:00,63.166666666666664,4.05152661642e-07,4.03467083743e-07,4.04621317784e-07,3.70801330973e-07,1.97973065497e-07,1.49127608893e-05,1.48518402057e-05,1.48675217133e-05,1.3531543118e-05,7.34358445698e-06
1517,2024-10-03 05:00:00,63.208333333333336,4.04472643822e-07,4.02599454219e-07,4.03679877081e-07,3.69435923631e-07,1.97646329525e-07,1.4916062355e-05,1.48483522935e-05,1.48606504808e-05,1.35055679493e-05,7.34561854188e-06
1518,2024-10-03 06:00:00,63.25,4.03791574399e-07,4.01970623898e-07,4.02775981456e-07,3.68275266283e-07,1.97338380303e-07,1.49192665049e-05,1.48535718836e-05,1.48553363033e-05,1.34870842885e-05,7.34831382943e-06
1519,2024-10-03 07:00:00,63.291666666666664,4.03106838576e-07,4.01577210596e-07,4.01912814141e-07,3.67263226053e-07,1.97064224494e-07,1.49222869368e-05,1.48672970681e-05,1.48516837726e-05,1.34742467708e-05,7.3522242019e-06
1520,2024-10-03 08:00:00,63.333333333333336,4.023972906e-07,4.01039756071e-07,4.01066643008e-07,3.66297740584e-07,1.96788576545e-07,1.49242496263e-05,1.48756207636e-05,1.48487051774e-05,1.34632991831e-05,7.35605408408e-06
1521,2024-10-03 09:00:00,63.375,4.01764879143e-07,4.00412346835e-07,4.00221694008e-07,3.65287235127e-07,1.96535182795e-07,1.49288607645e-05,1.48805938807e-05,1.48457183968e-05,1.3450608094e-05,7.36069205232e-06
1522,2024-10-03 10:00:00,63.416666666666664,4.01071304168e-07,3.99781100668e-07,3.99365006842e-07,3.64272011666e-07,1.96293996169e-07,1.49311808855e-05,1.4885350538e-05,1.48422786879e-05,1.34378487928e-05,7.36576066629e-06
1523,2024-10-03 11:00:00,63.458333333333336,4.00338223017e-07,3.99145108076e-07,3.98442523419e-07,3.63151485772e-07,1.96020323529e-07,1.49321340359e-05,1.4889889826e-05,1.48361505126e-05,1.34213196361e-05,7.36964375392e-06
1524,2024-10-03 12:00:00,63.5,3.9956481146e-07,3.67568532056e-07,3.97395297114e-07,3.61813846439e-07,1.95718030227e-07,1.49317138494e-05,1.37380611704e-05,1.48247891048e-05,1.33965140776e-05,7.37248228688e-06
1525,2024-10-03 13:00:00,63.541666666666664,3.98731913265e-07,3.4298494711e-07,3.96376265144e-07,3.60522761866e-07,1.95436456352e-07,1.49292573042e-05,1.28437641251e-05,1.48144863488e-05,1.33732855829e-05,7.37608070267e-06
1526,2024-10-03 14:00:00,63.583333333333336,3.97877386149e-07,3.49250342424e-07,3.95489252014e-07,3.59591496135e-07,1.95168979644e-07,1.49260422404e-05,1.31034657898e-05,1.48096241901e-05,1.33639605338e-05,7.38017206459e-06
1527,2024-10-03 15:00:00,63.625,3.97030731847e-07,3.48360970293e-07,3.94762906808e-07,3.5902294826e-07,1.94926926156e-07,1.49230991155e-05,1.30952312247e-05,1.48114831973e-05,1.33688890855e-05,7.3851738307e-06
1528,2024-10-03 16:00:00,63.666666666666664,3.96183821749e-07,3.64668494512e-07,3.93959510347e-07,3.58599606898e-07,1.94685213728e-07,1.49201587192e-05,1.37347433338e-05,1.48101744344e-05,1.33796775117e-05,7.39021834306e-06
1529,2024-10-03 17:00:00,63.708333333333336,3.95359592176e-07,3.70089736634e-07,3.93219949046e-07,3.58368509978e-07,1.94403625642e-07,1.49180104927e-05,1.3965933249e-05,1.48115987031e-05,1.33982593979e-05,7.39380629966e-06
1530,2024-10-03 18:00:00,63.75,3.94560913719e-07,3.75211413939e-07,3.92529074134e-07,3.58324086847e-07,1.94110739926e-07,1.49166608026e-05,1.41865748446e-05,1.48150102177e-05,1.34243946377e-05,7.39693950891e-06
1531,2024-10-03 19:00:00,63.791666666666664,3.93767152218e-07,3.91076099504e-07,3.91866507243e-07,3.58415377377e-07,1.93805092863e-07,1.49153511302e-05,1.48149329107e-05,1.4819511307e-05,1.34560759761e-05,7.39955112294e-06
1532,2024-10-03 20:00:00,63.833333333333336,3.92976033936e-07,3.91620631035e-07,3.91197886529e-07,3.58539551826e-07,1.93507474933e-07,1.49140796566e-05,1.48641793203e-05,1.48236158566e-05,1.34891815833e-05,7.40242967368e-06
1533,2024-10-03 21:00:00,63.875,3.92193669541e-07,3.91155879242e-07,3.90510166426e-07,3.58407532985e-07,1.93213850253e-07,1.49130473801e-05,1.4875125089e-05,1.48267527038e-05,1.35120790219e-05,7.40542554922e-06
1534,2024-10-03 22:00:00,63.916666666666664,3.91393456312e-07,3.8914902234e-07,3.89822957914e-07,3.57379406069e-07,1.92933725884e-07,1.49112865984e-05,1.48272838487e-05,1.48297121996e-05,1.34988122227e-05,7.40890527595e-06
1535,2024-10-03 23:00:00,63.958333333333336,3.9059270307e-07,3.61105463753e-07,3.89046789451e-07,3.56325301709e-07,1.92680445821e-07,1.49095239976e-05,1.37852402986e-05,1.48288017954e-05,1.34840065584e-05,7.41339363231e-06
1536,2024-10-04 00:00:00,64.0,3.89778250565e-07,3.72257318304e-07,3.88254676409e-07,3.55468245061e-07,1.92404044697e-07,1.49071083797e-05,1.42382568811e-05,1.48271356011e-05,1.3476877939e-05,7.41698113416e-06
1537,2024-10-04 01:00:00,64.04166666666667,3.88926054029e-07,3.59159656682e-07,3.87463359175e-07,3.54745878894e-07,1.92143389199e-07,1.49032921399e-05,1.3763804418e-05,1.48254284795e-05,1.34750380312e-05,7.42116435504e-06
1538,2024-10-04 02:00:00,64.08333333333333,3.87890622733e-07,3.41189405617e-07,3.86702822652e-07,3.54170509809e-07,1.91914708125e-07,1.48924209498e-05,1.31003134811e-05,1.48249782796e-05,1.34790434458e-05,7.42652082408e-06
1539,2024-10-04 03:00:00,64.125,3.8669813307e-07,3.47063519257e-07,3.85972242611e-07,3.53699363131e-07,1.91661115423e-07,1.48753424583e-05,1.33515095513e-05,1.48257595356e-05,1.34872607305e-05,7.43091231925e-06
1540,2024-10-04 04:00:00,64.16666666666667,3.85604892017e-07,3.81794961868e-07,3.85241463619e-07,3.53260020347e-07,1.9135097773e-07,1.48618819367e-05,1.47159025801e-05,1.48265016833e-05,1.3496862266e-05,7.43312148188e-06
1541,2024-10-04 05:00:00,64.20833333333333,3.84541323228e-07,3.83145334126e-07,3.8448814621e-07,3.52797798087e-07,1.9102860449e-07,1.48495346366e-05,1.47963755808e-05,1.48262370203e-05,1.35056288855e-05,7.43482587495e-06
1542,2024-10-04 06:00:00,64.25,3.83386549174e-07,3.82343017691e-07,3.83705298646e-07,3.52280210336e-07,1.90713279835e-07,1.48334593177e-05,1.47937889778e-05,1.48247236211e-05,1.35121717904e-05,7.43672808312e-06
1543,2024-10-04 07:00:00,64.29166666666667,3.8276115788e-07,3.81935137739e-07,3.82952634936e-07,3.51720814251e-07,1.90467645211e-07,1.48377075675e-05,1.48064445966e-05,1.48243452713e-05,1.35169520945e-05,7.44133240005e-06
1544,2024-10-04 08:00:00,64.33333333333333,3.81939202043e-07,3.81156496587e-07,3.82201335469e-07,3.51099657792e-07,1.90193432559e-07,1.48343233377e-05,1.48046838149e-05,1.48239932969e-05,1.35192231028e-05,7.44482667869e-06
1545,2024-10-04 09:00:00,64.375,3.8101887867e-07,3.80179500326e-07,3.81435796726e-07,3.50454115505e-07,1.89901584235e-07,1.4827060113e-05,1.4795138668e-05,1.48230683408e-05,1.3520550965e-05,7.4475801739e-06
1546,2024-10-04 10:00:00,64.41666666666667,3.80387376708e-07,3.7966714217e-07,3.80708428338e-07,3.49880878048e-07,1.89833130548e-07,1.48310518853e-05,1.48036260725e-05,1.48236631503e-05,1.35248556035e-05,7.45895476939e-06
1547,2024-10-04 11:00:00,64.45833333333333,3.7968860056e-07,3.78937187406e-07,3.79992798116e-07,3.49391825694e-07,1.89790711147e-07,1.48324188558e-05,1.48036215251e-05,1.48247690959e-05,1.35326827149e-05,7.47136073187e-06
1548,2024-10-04 12:00:00,64.5,3.78898761255e-07,3.78177560378e-07,3.79283989105e-07,3.49321283011e-07,1.89823452956e-07,1.48302278831e-05,1.48024046212e-05,1.48261851791e-05,1.35578320624e-05,7.48669071982e-06
1549,2024-10-04 13:00:00,64.54166666666667,3.78115714739e-07,3.7741841652e-07,3.78579869675e-07,3.49463732618e-07,1.89773686543e-07,1.48282169903e-05,1.4801143152e-05,1.4827756786e-05,1.35919108288e-05,7.49887749407e-06
1550,2024-10-04 14:00:00,64.58333333333333,3.77334231416e-07,3.76686756454e-07,3.77824335374e-07,3.50011589489e-07,1.89679752793e-07,1.48261651702e-05,1.4800885765e-05,1.48269409692e-05,1.36429534905e-05,7.50936760596e-06
1551,2024-10-04 15:00:00,64.625,3.76586513084e-07,3.75944381403e-07,3.77066811552e-07,3.50314024899e-07,1.89441919929e-07,1.48253029693e-05,1.48001445268e-05,1.48259614434e-05,1.36839516927e-05,7.51429070078e-06
1552,2024-10-04 16:00:00,64.66666666666667,3.75832343025e-07,3.75146498754e-07,3.76300164362e-07,3.50190532572e-07,1.8913135591e-07,1.48241151692e-05,1.47971322804e-05,1.48244917e-05,1.37073084261e-05,7.51639709051e-06
1553,2024-10-04 17:00:00,64.70833333333333,3.74948768922e-07,3.74165978201e-07,3.75479373815e-07,3.49747324435e-07,1.88746312801e-07,1.48176923176e-05,1.47868213389e-05,1.4820625438e-05,1.37173774419e-05,7.51555035094e-06
1554,2024-10-04 18:00:00,64.75,3.74296035943e-07,3.73498295403e-07,3.7463050262e-07,3.48629640712e-07,1.88371132026e-07,1.4820281649e-05,1.4788779481e-05,1.48152157635e-05,1.36991202453e-05,7.51512106945e-06
1555,2024-10-04 19:00:00,64.79166666666667,3.73555764099e-07,3.72681114413e-07,3.73719473146e-07,3.46991015476e-07,1.88026831438e-07,1.48193066707e-05,1.47847149492e-05,1.48068966155e-05,1.365882963e-05,7.515841844e-06
1556,2024-10-04 20:00:00,64.83333333333333,3.7278547893e-07,3.71757238327e-07,3.72829987327e-07,3.45491116605e-07,1.87691654219e-07,1.48170574903e-05,1.47763093992e-05,1.47994387589e-05,1.36239823405e-05,7.51689458411e-06
1557,2024-10-04 21:00:00,64.875,3.71991546899e-07,3.70885658185e-07,3.71990523718e-07,3.44324462276e-07,1.87382042327e-07,1.48137805809e-05,1.47699302033e-05,1.47941445903e-05,1.36028584166e-05,7.51890775064e-06
1558,2024-10-04 22:00:00,64.91666666666667,3.71203753957e-07,3.70019051843e-07,3.71178884961e-07,3.43396465041e-07,1.87057125345e-07,1.48106437337e-05,1.47637047121e-05,1.47900254888e-05,1.35916652653e-05,7.52028199713e-06
1559,2024-10-04 23:00:00,64.95833333333333,3.70367359892e-07,3.69195902294e-07,3.70368923086e-07,3.42572889167e-07,1.86768161825e-07,1.48055605678e-05,1.47592027133e-05,1.47858982018e-05,1.35847931233e-05,7.52305868446e-06
1560,2024-10-05 00:00:00,65.0,3.69516016008e-07,3.6839676909e-07,3.6956592453e-07,3.41802660841e-07,1.8646930755e-07,1.47997234308e-05,1.4755565644e-05,1.47820364873e-05,1.3580128325e-05,7.52538926463e-06
1561,2024-10-05 01:00:00,65.04166666666667,3.68731633671e-07,3.67726499917e-07,3.68770514569e-07,3.41055311992e-07,1.8617235753e-07,1.47965774886e-05,1.47570190165e-05,1.47784121509e-05,1.35763930302e-05,7.52778487367e-06
1562,2024-10-05 02:00:00,65.08333333333333,3.6796430436e-07,3.66964968634e-07,3.67964958059e-07,3.40298697665e-07,1.85881958714e-07,1.47940327224e-05,1.47546979861e-05,1.47742657646e-05,1.3572222997e-05,7.53040512791e-06
1563,2024-10-05 03:00:00,65.125,3.67218490283e-07,3.66272416841e-07,3.67156133052e-07,3.39533698934e-07,1.85593762581e-07,1.47923592522e-05,1.47550763359e-05,1.4769898371e-05,1.35676391437e-05,7.53309495849e-06
1564,2024-10-05 04:00:00,65.16666666666667,3.66513347672e-07,3.65522708989e-07,3.66351599723e-07,3.38757104146e-07,1.85316977763e-07,1.47922046381e-05,1.47530463437e-05,1.47656446643e-05,1.35625041366e-05,7.53621270633e-06
1565,2024-10-05 05:00:00,65.20833333333333,3.65827133919e-07,3.64789144669e-07,3.65552068615e-07,3.37977098752e-07,1.85048648405e-07,1.47927439684e-05,1.47515966091e-05,1.47615373862e-05,1.35571563078e-05,7.53965332478e-06
1566,2024-10-05 06:00:00,65.25,3.65173121963e-07,3.6406225945e-07,3.64761490346e-07,3.3720127135e-07,1.84789712421e-07,1.47944765558e-05,1.47503251355e-05,1.47577547978e-05,1.35519176183e-05,7.54345001042e-06
1567,2024-10-05 07:00:00,65.29166666666667,3.64549521237e-07,3.63350920907e-07,3.63973214235e-07,3.36428684022e-07,1.84528943237e-07,1.47973860294e-05,1.47496066347e-05,1.47539994941e-05,1.35467525979e-05,7.54715847506e-06
1568,2024-10-05 08:00:00,65.33333333333333,3.63945162007e-07,3.62668771459e-07,3.63184284424e-07,3.35663941087e-07,1.84272821002e-07,1.48010285557e-05,1.4749987713e-05,1.47501386891e-05,1.35418622449e-05,7.55103837946e-06
1569,2024-10-05 09:00:00,65.375,3.63332986808e-07,3.61980085017e-07,3.62395269349e-07,3.34912385824e-07,1.84044793627e-07,1.48043882291e-05,1.47500477397e-05,1.47462033055e-05,1.35374921229e-05,7.55604696678e-06
1570,2024-10-05 10:00:00,65.41666666666667,3.62659193343e-07,3.61329057341e-07,3.61617367162e-07,3.34167765459e-07,1.83856485592e-07,1.48052440636e-05,1.47515665958e-05,1.47426972035e-05,1.35333584694e-05,7.56266308599e-06
1571,2024-10-05 11:00:00,65.45833333333333,3.61925486914e-07,3.60690194157e-07,3.60830796353e-07,3.3345932593e-07,1.83743651405e-07,1.48035996972e-05,1.47535456563e-05,1.47387263496e-05,1.35307391247e-05,7.57235784477e-06
1572,2024-10-05 12:00:00,65.5,3.61110863878e-07,3.60044367653e-07,3.59989343224e-07,3.32899503519e-07,1.83739786053e-07,1.47986729644e-05,1.47552855196e-05,1.47321952682e-05,1.35344926093e-05,7.58652231525e-06
1573,2024-10-05 13:00:00,65.54166666666667,3.60298770374e-07,3.59406556072e-07,3.5915945773e-07,3.32566742145e-07,1.83737810744e-07,1.47938799273e-05,1.47573900904e-05,1.47261998791e-05,1.35480840981e-05,7.60076409279e-06
1574,2024-10-05 14:00:00,65.58333333333333,3.59498443459e-07,3.5865849668e-07,3.58420805924e-07,3.32426651539e-07,1.83772385753e-07,1.47895907503e-05,1.47550163092e-05,1.472441636e-05,1.35701466206e-05,7.61646560932e-06
1575,2024-10-05 15:00:00,65.625,3.58745694484e-07,3.5783665453e-07,3.57797802053e-07,3.32326095531e-07,1.8374356614e-07,1.47871496665e-05,1.47495547935e-05,1.4727924281e-05,1.35939935717e-05,7.62958461564e-06
1576,2024-10-05 16:00:00,65.66666666666667,3.58085685548e-07,3.57137594165e-07,3.57240679705e-07,3.32285452487e-07,1.83530659115e-07,1.47883793034e-05,1.47490318341e-05,1.47344026118e-05,1.36204871524e-05,7.63526622904e-06
1577,2024-10-05 17:00:00,65.70833333333333,3.57451767741e-07,3.56402580337e-07,3.56734403795e-07,3.32385980073e-07,1.83150632438e-07,1.47905630001e-05,1.47469472722e-05,1.47431446749e-05,1.36532062243e-05,7.63417301641e-06
1578,2024-10-05 18:00:00,65.75,3.56830071269e-07,3.55683340558e-07,3.56091021558e-07,3.32491765676e-07,1.8270291946e-07,1.4793153241e-05,1.47454420585e-05,1.47453483805e-05,1.36861990541e-05,7.63030675444e-06
1579,2024-10-05 19:00:00,65.79166666666667,3.56147353386e-07,3.54898702426e-07,3.55143527031e-07,3.3220436535e-07,1.82275698535e-07,1.47931232277e-05,1.47411510625e-05,1.47333103087e-05,1.37019633257e-05,7.62722766012e-06
1580,2024-10-05 20:00:00,65.83333333333333,3.55428511511e-07,3.54097664967e-07,3.53917613438e-07,3.31300611833e-07,1.81880281502e-07,1.47915106936e-05,1.47361151903e-05,1.47082373587e-05,1.36906210173e-05,7.62539866628e-06
1581,2024-10-05 21:00:00,65.875,3.54857405682e-07,3.53485887672e-07,3.52733451336e-07,3.29728607085e-07,1.81529628662e-07,1.47959872265e-05,1.47388764162e-05,1.46849079101e-05,1.36498019856e-05,7.62538320487e-06
1582,2024-10-05 22:00:00,65.91666666666667,3.54213312903e-07,3.52843755991e-07,3.51575579316e-07,3.27964329472e-07,1.81189534487e-07,1.47973678395e-05,1.47402997754e-05,1.46626944115e-05,1.36003527587e-05,7.62575564295e-06
1583,2024-10-05 23:00:00,65.95833333333333,3.53555378751e-07,3.5220196537e-07,3.50565358076e-07,3.26447064936e-07,1.80860240562e-07,1.47981027112e-05,1.47416676555e-05,1.46472211782e-05,1.35615291583e-05,7.62653280617e-06
1584,2024-10-06 00:00:00,66.0,3.5289113498e-07,3.51562050582e-07,3.49781970499e-07,3.25229905229e-07,1.80538933137e-07,1.47985019794e-05,1.4743036445e-05,1.46422216858e-05,1.35357367981e-05,7.62760282669e-06
1585,2024-10-06 01:00:00,66.04166666666667,3.52220808963e-07,3.50915684066e-07,3.49123439491e-07,3.24250549966e-07,1.80224049018e-07,1.47985738295e-05,1.47440532601e-05,1.46430093082e-05,1.35202926685e-05,7.62890340411e-06
1586,2024-10-06 02:00:00,66.08333333333333,3.51544429122e-07,3.50274774519e-07,3.48497565028e-07,3.23401991409e-07,1.79913158149e-07,1.47983264469e-05,1.47452146848e-05,1.4645281226e-05,1.35105037771e-05,7.63033676776e-06
1587,2024-10-06 03:00:00,66.125,3.50862279674e-07,3.49634404984e-07,3.4787660752e-07,3.2262738614e-07,1.7960724108e-07,1.47977698362e-05,1.47463151734e-05,1.46477350427e-05,1.35038808367e-05,7.63194202591e-06
1588,2024-10-06 04:00:00,66.16666666666667,3.50172967956e-07,3.49004153577e-07,3.47236209564e-07,3.21897914546e-07,1.79303953018e-07,1.47968457895e-05,1.47477585415e-05,1.4649224795e-05,1.34991632876e-05,7.63362368161e-06
1589,2024-10-06 05:00:00,66.20833333333333,3.49479421402e-07,3.48386663518e-07,3.46571397358e-07,3.21199763675e-07,1.79003393441e-07,1.47956798173e-05,1.47496839418e-05,1.46495103763e-05,1.3495753592e-05,7.63538628235e-06
1590,2024-10-06 06:00:00,66.25,3.4878158317e-07,3.47769088194e-07,3.45897831266e-07,3.20517358432e-07,1.78705306553e-07,1.47942701005e-05,1.47515847857e-05,1.46493221109e-05,1.34929632623e-05,7.63722164265e-06
1591,2024-10-06 07:00:00,66.29166666666667,3.48079623791e-07,3.4713721675e-07,3.45234809629e-07,3.1984495763e-07,1.78409564455e-07,1.47926193677e-05,1.47528471643e-05,1.46495622175e-05,1.34905385494e-05,7.63912339607e-06
1592,2024-10-06 08:00:00,66.33333333333333,3.47373003251e-07,3.46487269098e-07,3.44595918023e-07,3.19188359299e-07,1.78116735583e-07,1.47907112478e-05,1.47532928167e-05,1.46508737089e-05,1.34887523018e-05,7.64111700846e-06
1593,2024-10-06 09:00:00,66.375,3.46656833017e-07,3.45789771927e-07,3.43952251569e-07,3.18543726507e-07,1.77834223791e-07,1.47883993122e-05,1.4751710296e-05,1.46518977999e-05,1.34874826472e-05,7.64352898841e-06
1594,2024-10-06 10:00:00,66.41666666666667,3.45929549894e-07,3.45015990888e-07,3.43248899526e-07,3.17900202162e-07,1.77571692461e-07,1.47856417243e-05,1.47468717842e-05,1.46500442497e-05,1.34862875711e-05,7.64678225096e-06
1595,2024-10-06 11:00:00,66.45833333333333,3.45200589891e-07,3.44198156199e-07,3.4253952208e-07,3.17220411716e-07,1.77328573159e-07,1.47827595356e-05,1.47400705828e-05,1.46478469105e-05,1.34834426717e-05,7.6508431448e-06
1596,2024-10-06 12:00:00,66.5,3.44453781054e-07,3.43322312801e-07,3.41800244996e-07,3.16511233223e-07,1.77109484412e-07,1.4779085177e-05,1.47307546285e-05,1.46442071127e-05,1.34792780955e-05,7.65592722018e-06
1597,2024-10-06 13:00:00,66.54166666666667,3.43708677519e-07,3.42566153222e-07,3.4102319546e-07,3.15801202078e-07,1.76898652171e-07,1.47754399222e-05,1.47265627675e-05,1.4638751054e-05,1.34750489451e-05,7.66137600294e-06
1598,2024-10-06 14:00:00,66.58333333333333,3.42976392176e-07,3.41934679682e-07,3.40164746149e-07,3.15114959903e-07,1.76679535002e-07,1.47722748807e-05,1.47276832649e-05,1.46293887155e-05,1.34718275149e-05,7.66646917327e-06
1599,2024-10-06 15:00:00,66.625,3.41799733405e-07,3.40753871342e-07,3.39130536986e-07,3.14425392389e-07,1.76318508238e-07,1.47498340084e-05,1.47050441228e-05,1.46120164572e-05,1.34685296871e-05,7.66540233599e-06
1600,2024-10-06 16:00:00,66.66666666666667,3.41451567465e-07,3.40602696269e-07,3.38152460699e-07,3.13884896741e-07,1.76083545966e-07,1.47630207721e-05,1.47267464854e-05,1.45967696881e-05,1.34717447509e-05,7.66982157074e-06
1601,2024-10-06 17:00:00,66.70833333333333,3.39752403988e-07,3.39148186868e-07,3.36965626957e-07,3.13286875553e-07,1.75571798877e-07,1.47176315295e-05,1.46919774124e-05,1.45723852256e-05,1.34726351462e-05,7.66215725889e-06
1602,2024-10-06 18:00:00,66.75,3.39129712756e-07,3.38639921438e-07,3.35904559279e-07,3.1282726809e-07,1.75213571652e-07,1.47187365656e-05,1.46980573845e-05,1.45535223055e-05,1.34796746352e-05,7.66112771089e-06
1603,2024-10-06 19:00:00,66.79166666666667,3.37776953074e-07,3.37423500696e-07,3.35012714459e-07,3.12455455287e-07,1.74797065711e-07,1.46880283864e-05,1.46732700159e-05,1.45422600326e-05,1.3490695892e-05,7.65747154219e-06
1604,2024-10-06 20:00:00,66.83333333333333,3.38008277367e-07,3.37498363479e-07,3.34459798523e-07,3.12166719141e-07,1.74669011699e-07,1.47261653183e-05,1.4704588466e-05,1.4545886188e-05,1.35049258461e-05,7.66641551309e-06
1605,2024-10-06 21:00:00,66.875,3.37600710054e-07,3.37041910825e-07,3.33980437972e-07,3.11471495706e-07,1.74481357362e-07,1.47364935401e-05,1.47127520904e-05,1.45530802911e-05,1.35002546813e-05,7.67271649238e-06
1606,2024-10-06 22:00:00,66.91666666666667,3.36987341143e-07,3.36452842475e-07,3.3351352613e-07,3.10718945684e-07,1.74257110075e-07,1.47377868416e-05,1.47150667544e-05,1.45610392792e-05,1.34931387947e-05,7.67738947616e-06
1607,2024-10-06 23:00:00,66.95833333333333,3.36325427952e-07,3.35810824481e-07,3.33064633651e-07,3.10004537596e-07,1.73988482288e-07,1.47368764374e-05,1.47149894474e-05,1.45700751091e-05,1.34878473546e-05,7.68011796026e-06
1608,2024-10-07 00:00:00,67.0,3.35643846938e-07,3.35149877628e-07,3.32596016506e-07,3.09319176495e-07,1.73695298145e-07,1.47350301631e-05,1.47140226545e-05,1.45783078551e-05,1.34838819577e-05,7.68175596022e-06
1609,2024-10-07 01:00:00,67.04166666666667,3.34951948844e-07,3.34472304075e-07,3.32103752498e-07,3.08656012749e-07,1.73410001025e-07,1.47326873048e-05,1.47122709677e-05,1.45854392031e-05,1.34808860821e-05,7.68370318838e-06
1610,2024-10-07 02:00:00,67.08333333333333,3.34254792733e-07,3.33780832307e-07,3.3157323287e-07,3.07999528104e-07,1.7314239642e-07,1.47300524986e-05,1.47098317029e-05,1.45907142723e-05,1.34781348606e-05,7.68638437876e-06
1611,2024-10-07 03:00:00,67.125,3.33555220777e-07,3.3307276226e-07,3.31001103859e-07,3.0734852885e-07,1.72881371441e-07,1.47272185131e-05,1.47065729834e-05,1.45939338836e-05,1.34755728141e-05,7.68932022766e-06
1612,2024-10-07 04:00:00,67.16666666666667,3.32854000362e-07,3.32345820198e-07,3.30389696046e-07,3.06696961161e-07,1.7261683638e-07,1.47242244566e-05,1.47024011312e-05,1.45951917148e-05,1.3472928913e-05,7.6920759966e-06
1613,2024-10-07 05:00:00,67.20833333333333,3.3215349049e-07,3.3161711599e-07,3.29768084839e-07,3.06054346311e-07,1.72357161432e-07,1.47211885633e-05,1.46980682985e-05,1.45958920257e-05,1.34706406243e-05,7.69501912146e-06
1614,2024-10-07 06:00:00,67.25,3.31455538571e-07,3.30873717758e-07,3.29164294044e-07,3.05421451685e-07,1.72100016016e-07,1.47181563079e-05,1.46929833136e-05,1.45973972394e-05,1.34687352329e-05,7.69804137235e-06
1615,2024-10-07 07:00:00,67.29166666666667,3.3076369732e-07,3.30121622483e-07,3.28585400666e-07,3.04800522599e-07,1.71838607343e-07,1.47153041326e-05,1.46874308484e-05,1.46000566019e-05,1.34673173307e-05,7.70085352997e-06
1616,2024-10-07 08:00:00,67.33333333333333,3.30074300336e-07,3.2936108596e-07,3.28013868511e-07,3.04194799128e-07,1.71584531472e-07,1.47124646901e-05,1.46814063555e-05,1.46030179167e-05,1.34665433507e-05,7.70396036387e-06
1617,2024-10-07 09:00:00,67.375,3.29397011001e-07,3.28586082787e-07,3.27424999114e-07,3.03586432437e-07,1.71342293243e-07,1.47100827235e-05,1.46746615428e-05,1.46050724652e-05,1.34655956572e-05,7.70757014834e-06
1618,2024-10-07 10:00:00,67.41666666666667,3.28728106069e-07,3.27769896558e-07,3.26797902517e-07,3.0293787745e-07,1.71142517047e-07,1.47080327224e-05,1.46660158862e-05,1.4605193428e-05,1.34627398438e-05,7.71304075897e-06
1619,2024-10-07 11:00:00,67.45833333333333,3.28068693989e-07,3.26904938674e-07,3.26099893755e-07,3.02213180703e-07,1.70984222336e-07,1.47063856275e-05,1.46551101352e-05,1.46017746374e-05,1.34563033498e-05,7.72034400143e-06
1620,2024-10-07 12:00:00,67.5,3.27400584865e-07,3.26047370436e-07,3.2527614735e-07,3.01441986039e-07,1.70855642523e-07,1.47043756442e-05,1.46444890561e-05,1.45921703734e-05,1.34476786116e-05,7.72900330048e-06
1621,2024-10-07 13:00:00,67.54166666666667,3.26730230427e-07,3.25388384681e-07,3.24320410527e-07,3.00664851238e-07,1.70768757357e-07,1.47022019519e-05,1.46426900756e-05,1.45759950101e-05,1.34386900754e-05,7.7395225162e-06
1622,2024-10-07 14:00:00,67.58333333333333,3.26077554291e-07,3.24872900137e-07,3.23261645008e-07,2.99877370935e-07,1.70667490806e-07,1.47006958287e-05,1.4647243006e-05,1.45546218846e-05,1.34291231007e-05,7.74940235715e-06
1623,2024-10-07 15:00:00,67.625,3.25441646964e-07,3.24383393036e-07,3.22202737379e-07,2.99101770906e-07,1.70495837892e-07,1.46998017954e-05,1.46528382174e-05,1.45330859596e-05,1.34200072353e-05,7.75614898885e-06
1624,2024-10-07 16:00:00,67.66666666666667,3.24803238527e-07,3.23911621081e-07,3.21194818298e-07,2.98351949368e-07,1.70270482158e-07,1.4698744053e-05,1.46591419252e-05,1.45138974403e-05,1.3411981854e-05,7.76050092099e-06
1625,2024-10-07 17:00:00,67.70833333333333,3.24157753084e-07,3.23419783399e-07,3.20347311344e-07,2.97667583027e-07,1.70006003941e-07,1.46973115989e-05,1.46645543282e-05,1.45024760059e-05,1.34068986881e-05,7.76309934736e-06
1626,2024-10-07 18:00:00,67.75,3.23408215763e-07,3.2280928508e-07,3.19671016769e-07,2.9717583061e-07,1.69701650066e-07,1.4691107026e-05,1.46646252688e-05,1.44994774018e-05,1.34107840495e-05,7.76387605583e-06
1627,2024-10-07 19:00:00,67.79166666666667,3.22832192978e-07,3.22308949308e-07,3.19194043641e-07,2.97012263673e-07,1.69417219809e-07,1.46927168316e-05,1.46696820593e-05,1.45062067531e-05,1.34301399157e-05,7.76554406912e-06
1628,2024-10-07 20:00:00,67.83333333333333,3.22190004454e-07,3.21737360309e-07,3.18849913583e-07,2.96655571219e-07,1.69138957062e-07,1.46912843775e-05,1.4671448298e-05,1.4519526303e-05,1.34404572236e-05,7.76744673203e-06
1629,2024-10-07 21:00:00,67.875,3.21384817425e-07,3.21000896975e-07,3.18425975365e-07,2.96130792776e-07,1.68856814753e-07,1.46823767864e-05,1.46656348079e-05,1.45289368447e-05,1.34428146339e-05,7.76912293077e-06
1630,2024-10-07 22:00:00,67.91666666666667,3.20498656947e-07,3.20166350321e-07,3.17923024795e-07,2.95524756666e-07,1.68547813928e-07,1.46696702359e-05,1.46552602018e-05,1.45344356497e-05,1.34412766783e-05,7.7695458458e-06
1631,2024-10-07 23:00:00,67.95833333333333,3.19773931778e-07,3.19435002893e-07,3.17377299552e-07,2.94908375054e-07,1.68249542298e-07,1.46642869367e-05,1.46495203808e-05,1.45377216541e-05,1.34391621032e-05,7.77039804234e-06
1632,2024-10-08 00:00:00,68.0,3.18453771797e-07,3.18325447779e-07,3.16770780273e-07,2.9427684467e-07,1.67915516158e-07,1.46315023812e-05,1.46263528222e-05,1.45380226968e-05,1.34362844619e-05,7.76956039772e-06
1633,2024-10-08 01:00:00,68.04166666666667,3.17240449021e-07,3.1733702599e-07,3.1614092677e-07,2.93652959726e-07,1.67603317891e-07,1.4603476302e-05,1.46086304085e-05,1.45371086546e-05,1.3433705135e-05,7.76970227889e-06
1634,2024-10-08 02:00:00,68.08333333333333,3.1705022252e-07,3.16924740673e-07,3.15555524821e-07,2.93076482194e-07,1.67403712226e-07,1.46224738273e-05,1.46173588291e-05,1.45381509356e-05,1.34332431116e-05,7.77503646532e-06
1635,2024-10-08 03:00:00,68.125,3.16657775556e-07,3.16434721981e-07,3.14979814675e-07,2.92513561817e-07,1.67226261283e-07,1.46321344801e-05,1.46224710988e-05,1.45395779327e-05,1.34333495225e-05,7.78138200985e-06
1636,2024-10-08 04:00:00,68.16666666666667,3.16106763876e-07,3.15823569963e-07,3.14391854772e-07,2.91944388664e-07,1.6702171024e-07,1.46344273162e-05,1.4621936316e-05,1.45403773786e-05,1.34331066874e-05,7.78645699029e-06
1637,2024-10-08 05:00:00,68.20833333333333,3.1576516335e-07,3.15337871371e-07,3.13815803565e-07,2.91385532591e-07,1.66852217376e-07,1.46463817146e-05,1.4627161363e-05,1.45416624946e-05,1.34332785819e-05,7.79315723776e-06
1638,2024-10-08 06:00:00,68.25,3.1514500165e-07,3.1470705153e-07,3.13221221404e-07,2.90821361659e-07,1.66655695466e-07,1.46453812704e-05,1.46255970321e-05,1.45420071931e-05,1.34331530717e-05,7.79857782618e-06
1639,2024-10-08 07:00:00,68.29166666666667,3.14273307822e-07,3.13951488806e-07,3.12599922836e-07,2.90253467483e-07,1.66424285908e-07,1.46326065078e-05,1.46181573655e-05,1.45409985635e-05,1.34328092827e-05,7.8023513197e-06
1640,2024-10-08 08:00:00,68.33333333333333,3.13396185447e-07,3.13148461828e-07,3.11951140475e-07,2.89681025833e-07,1.66170323723e-07,1.46194670378e-05,1.46084103108e-05,1.45385729411e-05,1.34322035592e-05,7.80505251896e-06
1641,2024-10-08 09:00:00,68.375,3.13099860705e-07,3.12666401214e-07,3.11323901769e-07,2.89138142762e-07,1.66018878645e-07,1.46333632074e-05,1.46135726027e-05,1.45370167957e-05,1.34329093271e-05,7.81255312177e-06
1642,2024-10-08 10:00:00,68.41666666666667,3.1243621379e-07,3.1198763395e-07,3.1066102224e-07,2.88579656171e-07,1.65850806866e-07,1.46300690176e-05,1.46094980664e-05,1.45336498463e-05,1.34328265631e-05,7.81925336923e-06
1643,2024-10-08 11:00:00,68.45833333333333,3.11706429557e-07,3.11263875119e-07,3.0994607414e-07,2.87998403792e-07,1.65748474501e-07,1.46236761793e-05,1.46032989505e-05,1.4527606254e-05,1.34315960167e-05,7.82902134233e-06
1644,2024-10-08 12:00:00,68.5,3.11181452162e-07,3.10637005896e-07,3.09222713213e-07,2.87402627919e-07,1.65706978805e-07,1.46268412209e-05,1.46015745486e-05,1.452098968e-05,1.34295769385e-05,7.84168605605e-06
1645,2024-10-08 13:00:00,68.54166666666667,3.10100091383e-07,3.09659299091e-07,3.08408061755e-07,2.86731761889e-07,1.6548892745e-07,1.46037609738e-05,1.45832627823e-05,1.45099793372e-05,1.34239407998e-05,7.84602434578e-06
1646,2024-10-08 14:00:00,68.58333333333333,3.09744194738e-07,3.09149385203e-07,3.07691578882e-07,2.86126152105e-07,1.65430989796e-07,1.46147503983e-05,1.45868953041e-05,1.45034646266e-05,1.34212941703e-05,7.85797783465e-06
1647,2024-10-08 15:00:00,68.625,3.09001450205e-07,3.08418321993e-07,3.06941274175e-07,2.85517444354e-07,1.65258356333e-07,1.46074098666e-05,1.45800349856e-05,1.4495236428e-05,1.34184620038e-05,7.86451164458e-06
1648,2024-10-08 16:00:00,68.66666666666667,3.08551733497e-07,3.07860659632e-07,3.06229679836e-07,2.84962766273e-07,1.65081146974e-07,1.46138281707e-05,1.45812964547e-05,1.44887726492e-05,1.34181773319e-05,7.87085446063e-06
1649,2024-10-08 17:00:00,68.70833333333333,3.07938506694e-07,3.07227651319e-07,3.05552305235e-07,2.8445344924e-07,1.64820662008e-07,1.46124166349e-05,1.45789208545e-05,1.44840259964e-05,1.34200909088e-05,7.87324461271e-06
1650,2024-10-08 18:00:00,68.75,3.07297284508e-07,3.06586400711e-07,3.04999616674e-07,2.83966215875e-07,1.64521864576e-07,1.46095926539e-05,1.45760750456e-05,1.44856521729e-05,1.34230676849e-05,7.87379667599e-06
1651,2024-10-08 19:00:00,68.79166666666667,3.06720806975e-07,3.0599065326e-07,3.04569368836e-07,2.83478328811e-07,1.64226776178e-07,1.46097781908e-05,1.45753174365e-05,1.44935556818e-05,1.34259662445e-05,7.87450153439e-06
1652,2024-10-08 20:00:00,68.83333333333333,3.06160842456e-07,3.0540823559e-07,3.04151427599e-07,2.82973928734e-07,1.63947944998e-07,1.46106949614e-05,1.45751246237e-05,1.45020758282e-05,1.34279953272e-05,7.87594672147e-06
1653,2024-10-08 21:00:00,68.875,3.05576634219e-07,3.04813994489e-07,3.0368988746e-07,2.82453441969e-07,1.6367779665e-07,1.46103939187e-05,1.45742933455e-05,1.45083167808e-05,1.34291749418e-05,7.87777116784e-06
1654,2024-10-08 22:00:00,68.91666666666667,3.04988873268e-07,3.04223476633e-07,3.03194127582e-07,2.81925622403e-07,1.63419514365e-07,1.46098636833e-05,1.45735730257e-05,1.45127451106e-05,1.34299361889e-05,7.88012857811e-06
1655,2024-10-08 23:00:00,68.95833333333333,3.04361748249e-07,3.03614712038e-07,3.02673413444e-07,2.81394392232e-07,1.63163790035e-07,1.46074153236e-05,1.45719168358e-05,1.45158392115e-05,1.34304718813e-05,7.88257602835e-06
1656,2024-10-09 00:00:00,69.0,3.03760145925e-07,3.03029111137e-07,3.02137380004e-07,2.8087012538e-07,1.62918738056e-07,1.46061902342e-05,1.45713174788e-05,1.45180765685e-05,1.34312958835e-05,7.88551005826e-06
1657,2024-10-09 01:00:00,69.04166666666667,3.03148880221e-07,3.02451297785e-07,3.01588357843e-07,2.80356090343e-07,1.62681615734e-07,1.46044967551e-05,1.45710482684e-05,1.45195754158e-05,1.34325719046e-05,7.88880061009e-06
1658,2024-10-09 02:00:00,69.08333333333333,3.02535482888e-07,3.01879168774e-07,3.01030297578e-07,2.79852514495e-07,1.62450859875e-07,1.46026559378e-05,1.45709973367e-05,1.45205412991e-05,1.34343181344e-05,7.89237401477e-06
1659,2024-10-09 03:00:00,69.125,3.01917822298e-07,3.01314116768e-07,3.00467036141e-07,2.7935845992e-07,1.62226697853e-07,1.46005304487e-05,1.45712301673e-05,1.45211724885e-05,1.34364881887e-05,7.89624300523e-06
1660,2024-10-09 04:00:00,69.16666666666667,3.0133725204e-07,3.00783113971e-07,2.99902609413e-07,2.78872477111e-07,1.62016917216e-07,1.46001166286e-05,1.45730518852e-05,1.45216681631e-05,1.34390102176e-05,7.90078865975e-06
1661,2024-10-09 05:00:00,69.20833333333333,3.00551420196e-07,3.0011986496e-07,2.9931879908e-07,2.78372255025e-07,1.61784484476e-07,1.4589663806e-05,1.45684307427e-05,1.45211397466e-05,1.34407882797e-05,7.90420199337e-06
1662,2024-10-09 06:00:00,69.25,3.00028176525e-07,2.99591420116e-07,2.98745646887e-07,2.77873937193e-07,1.61604233995e-07,1.45918738781e-05,1.45703615999e-05,1.45210460687e-05,1.34425927172e-05,7.91014372226e-06
1663,2024-10-09 07:00:00,69.29166666666667,2.99465170883e-07,2.99033871443e-07,2.98169283042e-07,2.77370560298e-07,1.6144338133e-07,1.45920839714e-05,1.4570860003e-05,1.45207177411e-05,1.3444090655e-05,7.91701859271e-06
1664,2024-10-09 08:00:00,69.33333333333333,2.98868883419e-07,2.98438038726e-07,2.97585756925e-07,2.76860532722e-07,1.61289491984e-07,1.45906078615e-05,1.45694184539e-05,1.45199546751e-05,1.34452056955e-05,7.9242290667e-06
1665,2024-10-09 09:00:00,69.375,2.98267963217e-07,2.97821031836e-07,2.96994130622e-07,2.76344877648e-07,1.61129747767e-07,1.45888443512e-05,1.45668673213e-05,1.45187013914e-05,1.34459842229e-05,7.93116214481e-06
1666,2024-10-09 10:00:00,69.41666666666667,2.97660022852e-07,2.97187995102e-07,2.96389856658e-07,2.75820212892e-07,1.61014682476e-07,1.45867243191e-05,1.45635021909e-05,1.45167223309e-05,1.34462561618e-05,7.94028710516e-06
1667,2024-10-09 11:00:00,69.45833333333333,2.97032102026e-07,2.96531169397e-07,2.95771656056e-07,2.75293217555e-07,1.60979098496e-07,1.45835820149e-05,1.45589110616e-05,1.45139392771e-05,1.34463543873e-05,7.95330379333e-06
1668,2024-10-09 12:00:00,69.5,2.96405886502e-07,2.95853908483e-07,2.95138079309e-07,2.74806012612e-07,1.60986189712e-07,1.45804906424e-05,1.45533022078e-05,1.45103031173e-05,1.34484434966e-05,7.96840777184e-06
1669,2024-10-09 13:00:00,69.54166666666667,2.95768955993e-07,2.9520475664e-07,2.94515814403e-07,2.74371558362e-07,1.6104401368e-07,1.45768517541e-05,1.45490284922e-05,1.45072235682e-05,1.34532137963e-05,7.98596101959e-06
1670,2024-10-09 14:00:00,69.58333333333333,2.95138363526e-07,2.94598152095e-07,2.93955991992e-07,2.74043031823e-07,1.61136711085e-07,1.45734666148e-05,1.45467920447e-05,1.45074372995e-05,1.34634274218e-05,8.0051850091e-06
1671,2024-10-09 15:00:00,69.625,2.94529485245e-07,2.94024857794e-07,2.93515569183e-07,2.74003554068e-07,1.61143077548e-07,1.45710700963e-05,1.4546149032e-05,1.45139947563e-05,1.34886140586e-05,8.02021895652e-06
1672,2024-10-09 16:00:00,69.66666666666667,2.93924045991e-07,2.93445054922e-07,2.93069376767e-07,2.74266568567e-07,1.60912250635e-07,1.45687572513e-05,1.4545114027e-05,1.45201656778e-05,1.35296068038e-05,8.02374052e-06
1673,2024-10-09 17:00:00,69.70833333333333,2.93275803642e-07,2.9281605407e-07,2.92431764137e-07,2.74576564152e-07,1.60592293241e-07,1.45642388816e-05,1.45415524457e-05,1.45160047396e-05,1.35732007038e-05,8.02290651336e-06
1674,2024-10-09 18:00:00,69.75,2.92697649229e-07,2.92255947443e-07,2.91709369549e-07,2.74564911251e-07,1.60298611718e-07,1.45631574924e-05,1.45413441714e-05,1.45071498991e-05,1.36000853672e-05,8.02335034678e-06
1675,2024-10-09 19:00:00,69.79166666666667,2.92044205707e-07,2.91619699055e-07,2.91007296482e-07,2.74016514368e-07,1.6001965264e-07,1.45582534969e-05,1.45372623592e-05,1.44993246067e-05,1.3598924852e-05,8.02447630122e-06
1676,2024-10-09 20:00:00,69.83333333333333,2.91350545467e-07,2.90930330493e-07,2.90281462867e-07,2.73038438081e-07,1.5973284917e-07,1.45512622112e-05,1.45304566104e-05,1.4490173271e-05,1.35752106871e-05,8.02517843113e-06
1677,2024-10-09 21:00:00,69.875,2.90769520461e-07,2.90342313747e-07,2.89541418397e-07,2.72060901807e-07,1.594435588e-07,1.45498252095e-05,1.45286503539e-05,1.44800860653e-05,1.35513628265e-05,8.02575232228e-06
1678,2024-10-09 22:00:00,69.91666666666667,2.90140206971e-07,2.89697169364e-07,2.88797622261e-07,2.71024106269e-07,1.59146523515e-07,1.4545886188e-05,1.452390552e-05,1.44696859934e-05,1.35242971737e-05,8.02591148386e-06
1679,2024-10-09 23:00:00,69.95833333333333,2.89519618946e-07,2.89033835088e-07,2.88173566787e-07,2.70046371043e-07,1.58875494094e-07,1.4542284589e-05,1.45181556945e-05,1.44656787597e-05,1.35002337629e-05,8.02731574367e-06
1680,2024-10-10 00:00:00,70.0,2.88862082698e-07,2.88345148647e-07,2.87590069092e-07,2.69275801656e-07,1.58656348503e-07,1.45367712321e-05,1.4511041627e-05,1.44638061101e-05,1.34869469548e-05,8.03128114057e-06
1681,2024-10-10 01:00:00,70.04166666666667,2.88260054049e-07,2.876789722e-07,2.87025642365e-07,2.68629008815e-07,1.58453701715e-07,1.45339481605e-05,1.45049716593e-05,1.44628993439e-05,1.34800648084e-05,8.03603325039e-06
1682,2024-10-10 02:00:00,70.08333333333333,2.87613858063e-07,2.87019503276e-07,2.86465564159e-07,2.68050399654e-07,1.58216266755e-07,1.45288340718e-05,1.44991599882e-05,1.44621772051e-05,1.3476701497e-05,8.03902639746e-06
1683,2024-10-10 03:00:00,70.125,2.86650077896e-07,2.86012237893e-07,2.85865155547e-07,2.67466646164e-07,1.57871610895e-07,1.45075819091e-05,1.44756668305e-05,1.44593122968e-05,1.34730589707e-05,8.03656257631e-06
1684,2024-10-10 04:00:00,70.16666666666667,2.85263212163e-07,2.84949265961e-07,2.8523439255e-07,2.66851827746e-07,1.574846209e-07,1.44647492561e-05,1.44491950778e-05,1.44548084791e-05,1.34677620736e-05,8.03191323939e-06
1685,2024-10-10 05:00:00,70.20833333333333,2.84478346657e-07,2.84226132408e-07,2.84624178448e-07,2.66249003289e-07,1.57175790605e-07,1.44522700793e-05,1.44398136399e-05,1.44512632687e-05,1.34629817694e-05,8.0311901911e-06
1686,2024-10-10 06:00:00,70.25,2.84189724198e-07,2.83725398731e-07,2.84056341116e-07,2.65679773293e-07,1.56962656206e-07,1.44649311551e-05,1.44416480907e-05,1.44498044392e-05,1.34598149089e-05,8.03531656857e-06
1687,2024-10-10 07:00:00,70.29166666666667,2.83878392793e-07,2.8319831813e-07,2.83500469322e-07,2.6511310125e-07,1.56758275693e-07,1.44763980643e-05,1.44420837387e-05,1.44489213199e-05,1.3456706256e-05,8.03987040854e-06
1688,2024-10-10 08:00:00,70.33333333333333,2.83163046788e-07,2.82496955606e-07,2.82935161522e-07,2.64531024641e-07,1.56497208081e-07,1.4467184883e-05,1.44335499499e-05,1.44475607158e-05,1.34527699629e-05,8.04149658507e-06
1689,2024-10-10 09:00:00,70.375,2.82834434984e-07,2.82023847831e-07,2.82407654595e-07,2.63987232074e-07,1.5629683503e-07,1.44776622619e-05,1.44366058521e-05,1.44481036841e-05,1.34507499752e-05,8.04620958661e-06
1690,2024-10-10 10:00:00,70.41666666666667,2.82336117152e-07,2.81461637996e-07,2.81861304074e-07,2.63442842652e-07,1.56072800905e-07,1.44794257722e-05,1.44350506162e-05,1.44475970956e-05,1.34486544994e-05,8.04968294688e-06
1691,2024-10-10 11:00:00,70.45833333333333,2.81755347942e-07,2.80886325754e-07,2.81285565507e-07,2.62910646143e-07,1.55894340992e-07,1.44769683175e-05,1.44327850649e-05,1.44454324982e-05,1.34471447382e-05,8.05546551419e-06
1692,2024-10-10 12:00:00,70.5,2.81134077795e-07,2.80306721834e-07,2.80666853314e-07,2.62414573626e-07,1.55882730724e-07,1.44724835991e-05,1.44303367051e-05,1.4440907762e-05,1.34475267259e-05,8.06975913292e-06
1693,2024-10-10 13:00:00,70.54166666666667,2.80459204305e-07,2.7981550943e-07,2.80120900698e-07,2.61967727511e-07,1.55993745921e-07,1.44652349263e-05,1.44323648783e-05,1.44403820741e-05,1.34505189635e-05,8.09029552329e-06
1694,2024-10-10 14:00:00,70.58333333333333,2.79865048469e-07,2.79373409739e-07,2.79756790178e-07,2.61589889305e-07,1.56097797799e-07,1.44621135405e-05,1.44368877955e-05,1.44499654198e-05,1.34572519528e-05,8.11050176708e-06
1695,2024-10-10 15:00:00,70.625,2.79300564898e-07,2.7883854159e-07,2.79313582041e-07,2.61303881643e-07,1.56193664225e-07,1.44605228343e-05,1.44366558743e-05,1.44551395351e-05,1.34689698825e-05,8.13029782876e-06
1696,2024-10-10 16:00:00,70.66666666666667,2.78804662912e-07,2.78310096746e-07,2.78741424609e-07,2.61178428218e-07,1.56037899046e-07,1.44623300002e-05,1.44366558743e-05,1.44530395119e-05,1.34893844006e-05,8.13733731775e-06
1697,2024-10-10 17:00:00,70.70833333333333,2.779758006e-07,2.77498486412e-07,2.78133342135e-07,2.61256474232e-07,1.55610948127e-07,1.44466885104e-05,1.44218493006e-05,1.44491295941e-05,1.35210320877e-05,8.13046335679e-06
1698,2024-10-10 18:00:00,70.75,2.77762467249e-07,2.771980121e-07,2.7758159149e-07,2.61476827745e-07,1.55266349111e-07,1.44629420902e-05,1.44335235746e-05,1.44479163282e-05,1.35603113449e-05,8.12789130578e-06
1699,2024-10-10 19:00:00,70.79166666666667,2.77140713933e-07,2.7661343438e-07,2.76828274082e-07,2.61406427171e-07,1.54873148972e-07,1.44578616528e-05,1.44303285197e-05,1.44354626173e-05,1.35837935886e-05,8.12271809991e-06
1700,2024-10-10 20:00:00,70.83333333333333,2.75870860378e-07,2.75610915423e-07,2.75613899703e-07,2.6082298632e-07,1.54436420985e-07,1.44187997648e-05,1.44052182804e-05,1.43973038575e-05,1.3579354345e-05,8.11510926724e-06
1701,2024-10-10 21:00:00,70.875,2.75898713653e-07,2.75389879789e-07,2.74605355344e-07,2.59874212816e-07,1.54222618676e-07,1.44474661283e-05,1.44208497659e-05,1.43699608088e-05,1.35544942168e-05,8.11913469079e-06
1702,2024-10-10 22:00:00,70.91666666666667,2.75293302821e-07,2.74750476592e-07,2.73720672794e-07,2.58689993871e-07,1.53935133085e-07,1.44429377542e-05,1.44145278682e-05,1.43495235534e-05,1.35166719701e-05,8.11922745925e-06
1703,2024-10-10 23:00:00,70.95833333333333,2.74928538602e-07,2.74323753047e-07,2.73107048088e-07,2.57611873167e-07,1.53700042915e-07,1.44509749589e-05,1.44192936204e-05,1.43440220199e-05,1.34845795401e-05,8.12204234535e-06
1704,2024-10-11 00:00:00,71.0,2.73637738246e-07,2.73417043672e-07,2.72667762147e-07,2.56671739862e-07,1.53390601554e-07,1.44102150443e-05,1.43987235788e-05,1.43484958244e-05,1.3460135051e-05,8.12082180346e-06
1705,2024-10-11 01:00:00,71.04166666666667,2.72904230769e-07,2.72421317504e-07,2.72299985227e-07,2.55899465174e-07,1.5303373857e-07,1.43985462273e-05,1.43733041114e-05,1.43570159707e-05,1.34448364406e-05,8.11700738268e-06
1706,2024-10-11 02:00:00,71.08333333333333,2.72532844292e-07,2.72183882544e-07,2.7197117447e-07,2.55281634054e-07,1.52861005631e-07,1.44059249578e-05,1.43878023664e-05,1.43675006257e-05,1.34378005896e-05,8.12296639197e-06
1707,2024-10-11 03:00:00,71.125,2.72362797205e-07,2.71879940783e-07,2.71583786571e-07,2.54730110782e-07,1.52720758706e-07,1.44239729707e-05,1.43987617776e-05,1.4374660168e-05,1.34343163154e-05,8.13062069938e-06
1708,2024-10-11 04:00:00,71.16666666666667,2.71374915428e-07,2.71075435876e-07,2.71076856961e-07,2.54151387935e-07,1.52435973177e-07,1.43986690091e-05,1.43831366586e-05,1.43752649819e-05,1.34293713927e-05,8.1305306594e-06
1709,2024-10-11 05:00:00,71.20833333333333,2.71170307542e-07,2.70709705319e-07,2.70581267614e-07,2.53607879586e-07,1.52287000788e-07,1.44148489198e-05,1.43907054735e-05,1.43763008964e-05,1.34262254505e-05,8.13763836049e-06
1710,2024-10-11 06:00:00,71.25,2.70733949037e-07,2.70240548161e-07,2.70069620001e-07,2.53043964449e-07,1.52141339527e-07,1.4418691535e-05,1.43927154568e-05,1.43763954839e-05,1.34218980747e-05,8.1448815763e-06
1711,2024-10-11 07:00:00,71.29166666666667,2.7031799732e-07,2.69766928795e-07,2.69562718813e-07,2.52457368788e-07,1.51986583319e-07,1.4423569155e-05,1.43944353113e-05,1.4376706531e-05,1.34162492031e-05,8.15161729406e-06
1712,2024-10-11 08:00:00,71.33333333333333,2.69958121635e-07,2.69360498351e-07,2.6907733286e-07,2.51886262959e-07,1.51825275907e-07,1.44315208672e-05,1.43996921906e-05,1.43781635416e-05,1.34113570311e-05,8.15801013232e-06
1713,2024-10-11 09:00:00,71.375,2.6951627774e-07,2.68898872946e-07,2.68589076313e-07,2.5133147119e-07,1.51645551227e-07,1.44351943163e-05,1.44019586514e-05,1.43794250107e-05,1.34072852234e-05,8.16340525489e-06
1714,2024-10-11 10:00:00,71.41666666666667,2.68994398311e-07,2.68402686743e-07,2.68090218469e-07,2.5078645649e-07,1.51476896804e-07,1.44344849105e-05,1.44023288158e-05,1.43800389196e-05,1.34036781674e-05,8.16935425973e-06
1715,2024-10-11 11:00:00,71.45833333333333,2.68570460094e-07,2.67954817446e-07,2.6758362992e-07,2.50244710287e-07,1.51347293809e-07,1.44388714034e-05,1.44052673932e-05,1.43801298691e-05,1.34001693368e-05,8.17736781755e-06
1716,2024-10-11 12:00:00,71.5,2.6807094855e-07,2.6747039783e-07,2.67050438651e-07,2.49702821975e-07,1.51247007807e-07,1.44391442518e-05,1.44062623804e-05,1.43786446642e-05,1.33965768327e-05,8.18692933535e-06
1717,2024-10-11 13:00:00,71.54166666666667,2.67233616569e-07,2.66765340484e-07,2.66469896815e-07,2.49149934461e-07,1.51131146708e-07,1.4421085325e-05,1.43953502629e-05,1.43744846355e-05,1.33923385874e-05,8.19555953058e-06
1718,2024-10-11 14:00:00,71.58333333333333,2.66829431439e-07,2.66331397825e-07,2.65933891797e-07,2.48629959287e-07,1.51256713821e-07,1.44262121466e-05,1.43989818753e-05,1.43726529132e-05,1.33898120112e-05,8.21712910692e-06
1719,2024-10-11 15:00:00,71.625,2.66248605385e-07,2.65785047304e-07,2.65392202436e-07,2.48120471724e-07,1.51351500222e-07,1.4421609194e-05,1.43964934978e-05,1.43704719449e-05,1.33878202178e-05,8.23705431685e-06
1720,2024-10-11 16:00:00,71.66666666666667,2.65631456386e-07,2.65215589934e-07,2.64874387312e-07,2.47599672321e-07,1.51326418063e-07,1.44149653352e-05,1.43926854435e-05,1.43696070154e-05,1.33851517603e-05,8.25060305942e-06
1721,2024-10-11 17:00:00,71.70833333333333,2.6493270866e-07,2.64552994622e-07,2.64365638714e-07,2.47061052505e-07,1.5121113961e-07,1.44039413499e-05,1.43837341966e-05,1.436923867e-05,1.3381435565e-05,8.25931419968e-06
1722,2024-10-11 18:00:00,71.75,2.64370186187e-07,2.6399780495e-07,2.63879286422e-07,2.46532664505e-07,1.51172201868e-07,1.44003188325e-05,1.43805373227e-05,1.43700481203e-05,1.33782077683e-05,8.27214080346e-06
1723,2024-10-11 19:00:00,71.79166666666667,2.63621814156e-07,2.63248267629e-07,2.63363205022e-07,2.45998336368e-07,1.5107814022e-07,1.43864508573e-05,1.43666411532e-05,1.43691358971e-05,1.33745988933e-05,8.28195425129e-06
1724,2024-10-11 20:00:00,71.83333333333333,2.62974197085e-07,2.6259453989e-07,2.62838057097e-07,2.45470175742e-07,1.509893508e-07,1.43779789141e-05,1.43578599818e-05,1.43675842992e-05,1.33712537718e-05,8.29207510833e-06
1725,2024-10-11 21:00:00,71.875,2.62526384631e-07,2.62089287162e-07,2.62322544131e-07,2.44944999395e-07,1.5096009065e-07,1.43803945321e-05,1.43571196531e-05,1.43664628922e-05,1.33679823193e-05,8.30547196529e-06
1726,2024-10-11 22:00:00,71.91666666666667,2.62032983755e-07,2.61515850752e-07,2.61803080548e-07,2.44403622673e-07,1.5095027095e-07,1.43802317325e-05,1.43525612657e-05,1.43650631799e-05,1.33637286126e-05,8.31991201267e-06
1727,2024-10-11 23:00:00,71.95833333333333,2.61604668594e-07,2.60996756651e-07,2.61283958025e-07,2.43864121785e-07,1.50944842403e-07,1.43835814015e-05,1.43508677866e-05,1.43636088978e-05,1.33594930958e-05,8.33462945593e-06
1728,2024-10-12 00:00:00,72.0,2.61180531425e-07,2.60468766555e-07,2.60759293269e-07,2.43354350005e-07,1.50985798086e-07,1.43871557157e-05,1.43485840454e-05,1.43617753565e-05,1.33568619276e-05,8.35188893689e-06
1729,2024-10-12 01:00:00,72.04166666666667,2.60849617462e-07,2.59972608774e-07,2.60229995774e-07,2.42870527245e-07,1.51061883003e-07,1.43959978232e-05,1.43479510371e-05,1.43596034832e-05,1.33556368382e-05,8.37110565044e-06
1730,2024-10-12 02:00:00,72.08333333333333,2.59406817804e-07,2.58955822119e-07,2.59609350906e-07,2.42350267854e-07,1.50949290401e-07,1.43435545397e-05,1.43184352055e-05,1.43522984217e-05,1.33523690238e-05,8.37988955027e-06
1731,2024-10-12 03:00:00,72.125,2.59704279415e-07,2.58805783915e-07,2.59111487821e-07,2.41910527166e-07,1.51070437937e-07,1.43873212437e-05,1.43367487908e-05,1.43517236211e-05,1.33534995257e-05,8.4017201516e-06
1732,2024-10-12 04:00:00,72.16666666666667,2.58548965348e-07,2.57966178197e-07,2.58528814356e-07,2.41424061187e-07,1.50931128928e-07,1.43504103107e-05,1.43168481372e-05,1.43464312714e-05,1.33520161398e-05,8.40910979605e-06
1733,2024-10-12 05:00:00,72.20833333333333,2.5796822456e-07,2.57538061987e-07,2.5802143e-07,2.40981819388e-07,1.50903872509e-07,1.43450879477e-05,1.43198167279e-05,1.43452889461e-05,1.3352937458e-05,8.42278586788e-06
1734,2024-10-12 06:00:00,72.25,2.57970981465e-07,2.57396550296e-07,2.57564238382e-07,2.40567771925e-07,1.50954164724e-07,1.43720999404e-05,1.43388779179e-05,1.43469069371e-05,1.33553794512e-05,8.44085207063e-06
1735,2024-10-12 07:00:00,72.29166666666667,2.57659621639e-07,2.57115942759e-07,2.5710315299e-07,2.40155088704e-07,1.50966201318e-07,1.43815905176e-05,1.43503184518e-05,1.43482729982e-05,1.33578669193e-05,8.45683098305e-06
1736,2024-10-12 08:00:00,72.33333333333333,2.57317907426e-07,2.56767009432e-07,2.56642010754e-07,2.39748914055e-07,1.50962335965e-07,1.43893557834e-05,1.43578545249e-05,1.43495899465e-05,1.33606854433e-05,8.47197043186e-06
1737,2024-10-12 09:00:00,72.375,2.5666057013e-07,2.56226087458e-07,2.56153640521e-07,2.39322048401e-07,1.50918808117e-07,1.43794459291e-05,1.43545794344e-05,1.43493252835e-05,1.33622907015e-05,8.48491708894e-06
1738,2024-10-12 10:00:00,72.41666666666667,2.56171119872e-07,2.55706908092e-07,2.55661745996e-07,2.38866562086e-07,1.50985485448e-07,1.43789839058e-05,1.43525603562e-05,1.43488041431e-05,1.33621842906e-05,8.5040810518e-06
1739,2024-10-12 11:00:00,72.45833333333333,2.55590435927e-07,2.55126622051e-07,2.5515171842e-07,2.38386277829e-07,1.51028984874e-07,1.43733523146e-05,1.43469942486e-05,1.4347191609e-05,1.33605944939e-05,8.52202174428e-06
1740,2024-10-12 12:00:00,72.5,2.55280582451e-07,2.54670936783e-07,2.54669316746e-07,2.37895548594e-07,1.51113084712e-07,1.43829365697e-05,1.43483748616e-05,1.43470597322e-05,1.33583016577e-05,8.5423434939e-06
1741,2024-10-12 13:00:00,72.54166666666667,2.54662097632e-07,2.54075047224e-07,2.5414365723e-07,2.37350207044e-07,1.51080755018e-07,1.43751130963e-05,1.4341779206e-05,1.43444076457e-05,1.33528128572e-05,8.55615326145e-06
1742,2024-10-12 14:00:00,72.58333333333333,2.53971990105e-07,2.53459745636e-07,2.53569481856e-07,2.36764918782e-07,1.50953553657e-07,1.43631668834e-05,1.43339575516e-05,1.43388888318e-05,1.33449721034e-05,8.56463702803e-06
1743,2024-10-12 15:00:00,72.625,2.53392443028e-07,2.5292644068e-07,2.52993203276e-07,2.36212258642e-07,1.50797575316e-07,1.43573224705e-05,1.43306506288e-05,1.43330807987e-05,1.33389194161e-05,8.57151189848e-06
1744,2024-10-12 16:00:00,72.66666666666667,2.52698896475e-07,2.52353231645e-07,2.52394897871e-07,2.35699843643e-07,1.50539037236e-07,1.43448705785e-05,1.43249726534e-05,1.43258466778e-05,1.33351213663e-05,8.57258055476e-06
1745,2024-10-12 17:00:00,72.70833333333333,2.52591547678e-07,2.52049318306e-07,2.51868584655e-07,2.35350768207e-07,1.50309261926e-07,1.43656234286e-05,1.43344814205e-05,1.43225715874e-05,1.33407338581e-05,8.57530903886e-06
1746,2024-10-12 18:00:00,72.75,2.51631917081e-07,2.51355004366e-07,2.51324564715e-07,2.34999646409e-07,1.4992841102e-07,1.43378165376e-05,1.432170302e-05,1.43183087857e-05,1.33463126986e-05,8.56938186189e-06
1747,2024-10-12 19:00:00,72.79166666666667,2.51593348821e-07,2.51063198675e-07,2.50849438999e-07,2.34644716102e-07,1.49712633402e-07,1.43623983604e-05,1.43317674883e-05,1.43180195664e-05,1.33515741254e-05,8.57282520883e-06
1748,2024-10-12 20:00:00,72.83333333333333,2.51044355082e-07,2.50547088854e-07,2.50361267717e-07,2.34247679032e-07,1.49454535858e-07,1.43578245115e-05,1.43289589687e-05,1.43169772855e-05,1.33543517222e-05,8.57379927766e-06
1749,2024-10-12 21:00:00,72.875,2.50647758548e-07,2.50114425171e-07,2.49880628189e-07,2.33843834962e-07,1.49244016256e-07,1.43618744914e-05,1.43308388942e-05,1.43163088069e-05,1.33566718432e-05,8.57745544636e-06
1750,2024-10-12 22:00:00,72.91666666666667,2.50045587791e-07,2.4959416578e-07,2.49381258755e-07,2.33431038055e-07,1.49020706885e-07,1.4354049199e-05,1.43276256495e-05,1.43144789035e-05,1.33584317155e-05,8.58033672557e-06
1751,2024-10-12 23:00:00,72.95833333333333,2.49645438544e-07,2.49175968747e-07,2.48883480936e-07,2.3302777663e-07,1.48826899249e-07,1.4357748114e-05,1.43302158904e-05,1.43126544572e-05,1.33606990858e-05,8.58488783706e-06
1752,2024-10-13 00:00:00,73.0,2.49203935709e-07,2.4874273663e-07,2.48381013535e-07,2.32625538388e-07,1.48632480546e-07,1.43590614243e-05,1.43319148265e-05,1.43104834933e-05,1.33629864649e-05,8.58938074089e-06
1753,2024-10-13 01:00:00,73.04166666666667,2.48573059025e-07,2.48210284326e-07,2.47865045822e-07,2.32221424312e-07,1.48410563838e-07,1.43494062286e-05,1.4327867575e-05,1.43074612424e-05,1.33651356009e-05,8.59225929162e-06
1754,2024-10-13 02:00:00,73.08333333333333,2.48197750352e-07,2.4779086516e-07,2.47358116212e-07,2.31831322139e-07,1.48232089714e-07,1.43544584716e-05,1.43302877404e-05,1.43048846439e-05,1.33680605359e-05,8.59763076733e-06
1755,2024-10-13 03:00:00,73.125,2.47741212434e-07,2.47324805969e-07,2.46845672791e-07,2.31441191545e-07,1.48046567006e-07,1.43547813423e-05,1.43299475894e-05,1.43019187817e-05,1.33709500005e-05,8.60258205648e-06
1756,2024-10-13 04:00:00,73.16666666666667,2.47276972232e-07,2.46847463359e-07,2.46333030418e-07,2.31051686228e-07,1.47867652345e-07,1.43546076288e-05,1.43288789332e-05,1.4298872884e-05,1.33738358272e-05,8.60790623847e-06
1757,2024-10-13 05:00:00,73.20833333333333,2.467743343e-07,2.46348122346e-07,2.45818085887e-07,2.30666074685e-07,1.47689931396e-07,1.43521774589e-05,1.43264715007e-05,1.42956278069e-05,1.33769181048e-05,8.61329499457e-06
1758,2024-10-13 06:00:00,73.25,2.4617676786e-07,2.45796229592e-07,2.45294188517e-07,2.30284769032e-07,1.47497857483e-07,1.4344178453e-05,1.43209317685e-05,1.42917879202e-05,1.33802268465e-05,8.61784792505e-06
1759,2024-10-13 07:00:00,73.29166666666667,2.45796996978e-07,2.45365981755e-07,2.44783734615e-07,2.29922989092e-07,1.47355592617e-07,1.4348820514e-05,1.43224215208e-05,1.42886592585e-05,1.33846469907e-05,8.62531487655e-06
1760,2024-10-13 08:00:00,73.33333333333333,2.45375559871e-07,2.44929111659e-07,2.44269301675e-07,2.29567021393e-07,1.4721481989e-07,1.43509860209e-05,1.43234910865e-05,1.428521864e-05,1.33893763632e-05,8.63287368702e-06
1761,2024-10-13 09:00:00,73.375,2.44917515602e-07,2.44490962586e-07,2.43747393824e-07,2.29211821079e-07,1.47066586464e-07,1.43509323607e-05,1.43244706123e-05,1.42812505146e-05,1.33941130116e-05,8.63999684952e-06
1762,2024-10-13 10:00:00,73.41666666666667,2.44450632181e-07,2.44056877818e-07,2.43218039486e-07,2.28855881801e-07,1.46911361298e-07,1.43502920764e-05,1.43257093441e-05,1.42767521538e-05,1.33987623485e-05,8.64669800649e-06
1763,2024-10-13 11:00:00,73.45833333333333,2.43976558068e-07,2.43609690642e-07,2.42681750251e-07,2.2849724246e-07,1.46751844454e-07,1.4349162484e-05,1.43262222991e-05,1.42717526614e-05,1.34032043206e-05,8.6531326815e-06
1764,2024-10-13 12:00:00,73.5,2.43263855282e-07,2.42989557364e-07,2.42117863536e-07,2.28122530643e-07,1.4651767799e-07,1.43339402712e-05,1.43165561894e-05,1.42650342241e-05,1.34066531245e-05,8.65513266035e-06
1765,2024-10-13 13:00:00,73.54166666666667,2.4246193675e-07,2.42318009214e-07,2.41547127189e-07,2.27746312476e-07,1.46235592524e-07,1.43133329402e-05,1.43037150337e-05,1.42578201121e-05,1.34099727802e-05,8.65424226504e-06
1766,2024-10-13 14:00:00,73.58333333333333,2.41841007664e-07,2.4168747359e-07,2.4098218887e-07,2.27372382255e-07,1.45949798025e-07,1.43032975757e-05,1.42931503433e-05,1.42508670251e-05,1.34133815664e-05,8.65307993081e-06
1767,2024-10-13 15:00:00,73.625,2.41801899392e-07,2.41501851406e-07,2.4047656666e-07,2.27032572298e-07,1.45829758935e-07,1.43275892697e-05,1.43087336255e-05,1.42473618325e-05,1.34187630465e-05,8.66171285452e-06
1768,2024-10-13 16:00:00,73.66666666666667,2.4114712005e-07,2.40957547248e-07,2.39939794255e-07,2.26669797598e-07,1.45589538647e-07,1.43153720273e-05,1.43030365507e-05,1.42419548865e-05,1.34227448143e-05,8.66320078785e-06
1769,2024-10-13 17:00:00,73.70833333333333,2.40377346472e-07,2.40295946696e-07,2.39381307665e-07,2.26290325145e-07,1.45303843624e-07,1.42962426253e-05,1.42902990774e-05,1.42351891554e-05,1.34256879392e-05,8.66195023264e-06
1770,2024-10-13 18:00:00,73.75,2.39966226445e-07,2.39913731548e-07,2.38876538106e-07,2.25931145792e-07,1.45150877984e-07,1.42982116813e-05,1.42940480146e-05,1.42315766425e-05,1.34297906698e-05,8.66859500093e-06
1771,2024-10-13 19:00:00,73.79166666666667,2.39223709286e-07,2.39168969074e-07,2.38334294522e-07,2.25534961373e-07,1.44904518606e-07,1.42802864502e-05,1.42761555253e-05,1.4225654013e-05,1.34316132971e-05,8.66962545842e-06
1772,2024-10-13 20:00:00,73.83333333333333,2.38591752577e-07,2.38722805079e-07,2.37804670178e-07,2.25133419463e-07,1.44735253116e-07,1.42689441418e-05,1.4276035472e-05,1.42203916766e-05,1.34330221044e-05,8.67524704518e-06
1773,2024-10-13 21:00:00,73.875,2.38305474909e-07,2.38325085888e-07,2.37280872284e-07,2.24728083253e-07,1.44635635024e-07,1.42783092087e-05,1.42788148878e-05,1.42153721754e-05,1.34341180456e-05,8.68502502271e-06
1774,2024-10-13 22:00:00,73.91666666666667,2.37683465798e-07,2.37844758999e-07,2.36742693005e-07,2.24303761343e-07,1.44509769484e-07,1.42675426105e-05,1.42765975397e-05,1.42093986142e-05,1.34339979923e-05,8.69322229846e-06
1775,2024-10-13 23:00:00,73.95833333333333,2.37307105522e-07,2.3733400667e-07,2.36204172666e-07,2.23871140292e-07,1.44386802958e-07,1.4271393411e-05,1.42725066326e-05,1.42033259181e-05,1.34333058668e-05,8.70158783073e-06
1776,2024-10-14 00:00:00,74.0,2.35785606151e-07,2.36334457782e-07,2.35583641484e-07,2.23382315312e-07,1.44023630355e-07,1.4206168089e-05,1.42388480526e-05,1.41922346302e-05,1.34291676659e-05,8.69545146998e-06
1777,2024-10-14 01:00:00,74.04166666666667,2.35955710082e-07,2.36147457144e-07,2.35076058175e-07,2.229648004e-07,1.4404101023e-07,1.42426670209e-05,1.42540257002e-05,1.4187880879e-05,1.34292631628e-05,8.71228530741e-06
1778,2024-10-14 02:00:00,74.08333333333333,2.35714111341e-07,2.35737445564e-07,2.34557916201e-07,2.22544031203e-07,1.43986113699e-07,1.42542876347e-05,1.42557109939e-05,1.41828149935e-05,1.34291140057e-05,8.72477357916e-06
1779,2024-10-14 03:00:00,74.125,2.35147510352e-07,2.35156164763e-07,2.34003039168e-07,2.22102244152e-07,1.43816848208e-07,1.42462904478e-05,1.42469862112e-05,1.41754180731e-05,1.34276269819e-05,8.73033332027e-06
1780,2024-10-14 04:00:00,74.16666666666667,2.34718584124e-07,2.34744163663e-07,2.33468767874e-07,2.21671328404e-07,1.43752572512e-07,1.42466378747e-05,1.42484350363e-05,1.41692016769e-05,1.3426737496e-05,8.74226134329e-06
1781,2024-10-14 05:00:00,74.20833333333333,2.34237404584e-07,2.34176056324e-07,2.32922616306e-07,2.21228006581e-07,1.43581459611e-07,1.42437820614e-05,1.42403541759e-05,1.41621949297e-05,1.34250303745e-05,8.74770194059e-06
1782,2024-10-14 06:00:00,74.25,2.33683593365e-07,2.33665332416e-07,2.32389993471e-07,2.20785352667e-07,1.43446925449e-07,1.42364842759e-05,1.42356693686e-05,1.41559603435e-05,1.34233032441e-05,8.75536443345e-06
1783,2024-10-14 07:00:00,74.29166666666667,2.33219424217e-07,2.3313018005e-07,2.31864362377e-07,2.20341334511e-07,1.4326354858e-07,1.4234579794e-05,1.4229424778e-05,1.41500922837e-05,1.3421429685e-05,8.7600428742e-06
1784,2024-10-14 08:00:00,74.33333333333333,2.31973288578e-07,2.3207174138e-07,2.31261424233e-07,2.19841552962e-07,1.4284024985e-07,1.4184795873e-05,1.41910959428e-05,1.41394148159e-05,1.34160836751e-05,8.7500002337e-06
1785,2024-10-14 09:00:00,74.375,2.31078018942e-07,2.31388511907e-07,2.30691938441e-07,2.19362149778e-07,1.42520150348e-07,1.41562777571e-05,1.41755544973e-05,1.41307000376e-05,1.34119063659e-05,8.74623037816e-06
1786,2024-10-14 10:00:00,74.41666666666667,2.29604850688e-07,2.30526964629e-07,2.30104248544e-07,2.18855319645e-07,1.42098016909e-07,1.40921429193e-05,1.41489663292e-05,1.4120846572e-05,1.34059964694e-05,8.73617591424e-06
1787,2024-10-14 11:00:00,74.45833333333333,2.29281695852e-07,2.29884236091e-07,2.29550408903e-07,2.18372008476e-07,1.41879638704e-07,1.40984257087e-05,1.4135701349e-05,1.41130121847e-05,1.34014753712e-05,8.7386024461e-06
1788,2024-10-14 12:00:00,74.5,2.28976986705e-07,2.2947503453e-07,2.29048723099e-07,2.17941760638e-07,1.41737359627e-07,1.41058417285e-05,1.4136730897e-05,1.41082700793e-05,1.34001356855e-05,8.74569104781e-06
1789,2024-10-14 13:00:00,74.54166666666667,2.27936055808e-07,2.28658464607e-07,2.28477247788e-07,2.17470670805e-07,1.41424067124e-07,1.40677839227e-05,1.41125765367e-05,1.40991151056e-05,1.33962148539e-05,8.74219313118e-06
1790,2024-10-14 14:00:00,74.58333333333333,2.27529639574e-07,2.28079400699e-07,2.2792512766e-07,2.17025444726e-07,1.41250495744e-07,1.40687561725e-05,1.41029768201e-05,1.40910315167e-05,1.33938183353e-05,8.74729812494e-06
1791,2024-10-14 15:00:00,74.625,2.26649419233e-07,2.27392760621e-07,2.27326609092e-07,2.16569532085e-07,1.40953744676e-07,1.40403126352e-05,1.40866395668e-05,1.40799256769e-05,1.3390692402e-05,8.74474972079e-06
1792,2024-10-14 16:00:00,74.66666666666667,2.24413980732e-07,2.26195552955e-07,2.26595901154e-07,2.16043332557e-07,1.40334108778e-07,1.39275934998e-05,1.40385118357e-05,1.40604561238e-05,1.33831499625e-05,8.72210512171e-06
1793,2024-10-14 17:00:00,74.70833333333333,2.25041333124e-07,2.26078071819e-07,2.26018443072e-07,2.15645883372e-07,1.4035840934e-07,1.39923813549e-05,1.40572756209e-05,1.4050379832e-05,1.33835274028e-05,8.73945282365e-06
1794,2024-10-14 18:00:00,74.75,2.25346738603e-07,2.25735320214e-07,2.25455366376e-07,2.15258040726e-07,1.40299903251e-07,1.40372612805e-05,1.40620086313e-05,1.40411530083e-05,1.33844632728e-05,8.7516655185e-06
1795,2024-10-14 19:00:00,74.79166666666667,2.24966299811e-07,2.25278924404e-07,2.24900475132e-07,2.14853230318e-07,1.40131703574e-07,1.40394249684e-05,1.40595766425e-05,1.40324191307e-05,1.33843050207e-05,8.75703335623e-06
1796,2024-10-14 20:00:00,74.83333333333333,2.24853039299e-07,2.249225588e-07,2.24384606895e-07,2.14463241832e-07,1.3998963766e-07,1.40582205859e-05,1.40633064802e-05,1.40260890475e-05,1.33850289785e-05,8.76401645655e-06
1797,2024-10-14 21:00:00,74.875,2.24041770025e-07,2.24328090326e-07,2.23839464297e-07,2.14046451674e-07,1.39720825132e-07,1.40333204399e-05,1.40520651257e-05,1.4017864487e-05,1.33840330818e-05,8.76303693076e-06
1798,2024-10-14 22:00:00,74.91666666666667,2.23336542149e-07,2.23744322625e-07,2.23291607426e-07,2.13629263612e-07,1.39462187576e-07,1.40149522849e-05,1.4041382201e-05,1.40093925438e-05,1.33829589686e-05,8.76265858096e-06
1799,2024-10-14 23:00:00,74.95833333333333,2.22849365628e-07,2.23161919166e-07,2.22751722845e-07,2.13219195189e-07,1.3920337949e-07,1.40101883517e-05,1.40306829053e-05,1.40013426062e-05,1.33822723001e-05,8.762222933e-06
1800,2024-10-15 00:00:00,75.0,2.22992071031e-07,2.22884210643e-07,2.22276071327e-07,2.12843445979e-07,1.39112700026e-07,1.40451047628e-05,1.4039058442e-05,1.39972962643e-05,1.33836847453e-05,8.77235015651e-06
1801,2024-10-15 01:00:00,75.04166666666667,2.22782915671e-07,2.22467562594e-07,2.21810481094e-07,2.12455375959e-07,1.38973888397e-07,1.40579331855e-05,1.40386346175e-05,1.39938711072e-05,1.33842722789e-05,8.77943966771e-06
1802,2024-10-15 02:00:00,75.08333333333333,2.22457472887e-07,2.22022293883e-07,2.21373454679e-07,2.12062417404e-07,1.38828028184e-07,1.40634001582e-05,1.40363399623e-05,1.39922576636e-05,1.33845005621e-05,8.78607897903e-06
1803,2024-10-15 03:00:00,75.125,2.2188457649e-07,2.21475943363e-07,2.20941458906e-07,2.11656981719e-07,1.38637560099e-07,1.40531428769e-05,1.40275660669e-05,1.39909534482e-05,1.33838912006e-05,8.78988248587e-06
1804,2024-10-15 04:00:00,75.16666666666667,2.21282789425e-07,2.20886732905e-07,2.20523304506e-07,2.11247126458e-07,1.38422564078e-07,1.40409938467e-05,1.4015963643e-05,1.39905114338e-05,1.33829498736e-05,8.79210801941e-06
1805,2024-10-15 05:00:00,75.20833333333333,2.21428905434e-07,2.2066686256e-07,2.20182101884e-07,2.10885971796e-07,1.38410356954e-07,1.40762340379e-05,1.40277052196e-05,1.39949361255e-05,1.33850462589e-05,8.80720745045e-06
1806,2024-10-15 06:00:00,75.25,2.21120842525e-07,2.20303959964e-07,2.19811440161e-07,2.10509568888e-07,1.38321780696e-07,1.40825968629e-05,1.40303172884e-05,1.39974290505e-05,1.33861267386e-05,8.81745381776e-06
1807,2024-10-15 07:00:00,75.29166666666667,2.20836980702e-07,2.19969365389e-07,2.19421934844e-07,2.10132057532e-07,1.38228656965e-07,1.40904439832e-05,1.40346764965e-05,1.39986350405e-05,1.33870844365e-05,8.82739823282e-06
1808,2024-10-15 08:00:00,75.33333333333333,2.2048845949e-07,2.1963219865e-07,2.19019497649e-07,2.09751476632e-07,1.38124065074e-07,1.40941156133e-05,1.40388347063e-05,1.39989397212e-05,1.33877920234e-05,8.83659686224e-06
1809,2024-10-15 09:00:00,75.375,2.19628688569e-07,2.19108159172e-07,2.18595218371e-07,2.09349551028e-07,1.37917695042e-07,1.40650199683e-05,1.40309903145e-05,1.39977983054e-05,1.33870862555e-05,8.8392635007e-06
1810,2024-10-15 10:00:00,75.41666666666667,2.19455642991e-07,2.18817035602e-07,2.18205130409e-07,2.08974100246e-07,1.37796035915e-07,1.40799475048e-05,1.40380388984e-05,1.39987951115e-05,1.33880221256e-05,8.84732980921e-06
1811,2024-10-15 11:00:00,75.45833333333333,2.19169393745e-07,2.18575465283e-07,2.17802551106e-07,2.08601534268e-07,1.3767441942e-07,1.40877309605e-05,1.40483089126e-05,1.39989097079e-05,1.33890944198e-05,8.85539793671e-06
1812,2024-10-15 12:00:00,75.5,2.18402092855e-07,2.18146894326e-07,2.17365951016e-07,2.08213535302e-07,1.37504812869e-07,1.40644933708e-05,1.40466700032e-05,1.39967569339e-05,1.33891317091e-05,8.86038196768e-06
1813,2024-10-15 13:00:00,75.54166666666667,2.17984634787e-07,2.17788723944e-07,2.16952727783e-07,2.07842958844e-07,1.37373817211e-07,1.40634929267e-05,1.40496067615e-05,1.399606208e-05,1.33902476591e-05,8.86783345777e-06
1814,2024-10-15 14:00:00,75.58333333333333,2.17652527112e-07,2.17464858565e-07,2.165533175e-07,2.07484973203e-07,1.37245464771e-07,1.40678512253e-05,1.40547990668e-05,1.39962039611e-05,1.33921321321e-05,8.87544410944e-06
1815,2024-10-15 15:00:00,75.625,2.17393520074e-07,2.1715086973e-07,2.16156166744e-07,2.07138981523e-07,1.37153577384e-07,1.40768606798e-05,1.40605725392e-05,1.39964267873e-05,1.33947551149e-05,8.88542672328e-06
1816,2024-10-15 16:00:00,75.66666666666667,2.16945252873e-07,2.16720323465e-07,2.1574793152e-07,2.0679294721e-07,1.37026205493e-07,1.4073474631e-05,1.40586380439e-05,1.39958674481e-05,1.33973417178e-05,8.89310467755e-06
1817,2024-10-15 17:00:00,75.70833333333333,2.1639519332e-07,2.16217500792e-07,2.15330501874e-07,2.06434279448e-07,1.36825420327e-07,1.40634447234e-05,1.40518859553e-05,1.39946478157e-05,1.33990524773e-05,8.89597140485e-06
1818,2024-10-15 18:00:00,75.75,2.15593402686e-07,2.1567161923e-07,2.14910073737e-07,2.06072328979e-07,1.36631413739e-07,1.40370593726e-05,1.40421661854e-05,1.39931671583e-05,1.34005022119e-05,8.89926286618e-06
1819,2024-10-15 19:00:00,75.79166666666667,2.15233427525e-07,2.15169976059e-07,2.1449845633e-07,2.05726479408e-07,1.36519304306e-07,1.40390184242e-05,1.40352067319e-05,1.3992190361e-05,1.3402964214e-05,8.90784485819e-06
1820,2024-10-15 20:00:00,75.83333333333333,2.14667949194e-07,2.14591921122e-07,2.14065252635e-07,2.05359555139e-07,1.36311072652e-07,1.4027729776e-05,1.40231886689e-05,1.3989713807e-05,1.34039764816e-05,8.91009767656e-06
1821,2024-10-15 21:00:00,75.875,2.14363055306e-07,2.1423342389e-07,2.13645392932e-07,2.04987799179e-07,1.36240018378e-07,1.40334868775e-05,1.40254333019e-05,1.39880294228e-05,1.34045767481e-05,8.92130537977e-06
1822,2024-10-15 22:00:00,75.91666666666667,2.13883211586e-07,2.13755939171e-07,2.13209062849e-07,2.04587493613e-07,1.36166136144e-07,1.40276906677e-05,1.40198062581e-05,1.39851954373e-05,1.34032188726e-05,8.93234118848e-06
1823,2024-10-15 23:00:00,75.95833333333333,2.13347220779e-07,2.13238948277e-07,2.12763239915e-07,2.04172380336e-07,1.36122793037e-07,1.40181064126e-05,1.40115007525e-05,1.39816647788e-05,1.34008105306e-05,8.94540698937e-06
1824,2024-10-16 00:00:00,76.0,2.12605499428e-07,2.12635114849e-07,2.12314702708e-07,2.03743582006e-07,1.36131745876e-07,1.39948624565e-05,1.39973772093e-05,1.39779031088e-05,1.33974308483e-05,8.96195797395e-06
1825,2024-10-16 01:00:00,76.04166666666667,2.1233120151e-07,2.12155072177e-07,2.11888618651e-07,2.03314598934e-07,1.36120775096e-07,1.40022402775e-05,1.39913008752e-05,1.39755557029e-05,1.33939483931e-05,8.97718564374e-06
1826,2024-10-16 02:00:00,76.08333333333333,2.10979777648e-07,2.11313903264e-07,2.11417898299e-07,2.02845384933e-07,1.35896328857e-07,1.39385256261e-05,1.396128755e-05,1.39702005981e-05,1.33877401822e-05,8.97832524061e-06
1827,2024-10-16 03:00:00,76.125,2.11371769865e-07,2.11196251598e-07,2.11034802078e-07,2.02452767439e-07,1.36040824827e-07,1.39899166243e-05,1.39789926834e-05,1.3970571672e-05,1.33865323733e-05,9.00383383851e-06
1828,2024-10-16 04:00:00,76.16666666666667,2.11121914617e-07,2.10835082726e-07,2.10626581065e-07,2.02051936071e-07,1.36058446287e-07,1.39990015668e-05,1.39805524668e-05,1.39692265293e-05,1.33847443067e-05,9.02099509403e-06
1829,2024-10-16 05:00:00,76.20833333333333,2.10816395452e-07,2.10450238569e-07,2.10217578456e-07,2.01657243792e-07,1.36037385801e-07,1.40045121952e-05,1.39804860737e-05,1.39677786137e-05,1.3383323676e-05,9.03561794985e-06
1830,2024-10-16 06:00:00,76.25,2.1024941077e-07,2.09964525766e-07,2.09799566164e-07,2.01256327159e-07,1.35913296617e-07,1.39928188219e-05,1.3973654859e-05,1.39656785905e-05,1.33814410219e-05,9.04341777641e-06
1831,2024-10-16 07:00:00,76.29166666666667,2.09701298104e-07,2.09504975146e-07,2.09385873973e-07,2.00858210064e-07,1.35781732524e-07,1.39823396239e-05,1.3968510757e-05,1.39638086694e-05,1.33796902446e-05,9.05072465684e-06
1832,2024-10-16 08:00:00,76.33333333333333,2.09234912063e-07,2.09072055668e-07,2.08975777127e-07,2.00465706257e-07,1.3564566359e-07,1.39770700116e-05,1.39651001518e-05,1.39621170092e-05,1.33782605189e-05,9.05773140403e-06
1833,2024-10-16 09:00:00,76.375,2.09007623653e-07,2.08723378137e-07,2.0857645211e-07,2.00088649649e-07,1.35566224913e-07,1.39875974128e-05,1.39673556987e-05,1.39610838232e-05,1.33778166855e-05,9.0685334726e-06
1834,2024-10-16 10:00:00,76.41666666666667,2.08332238572e-07,2.08206571983e-07,2.08155285009e-07,1.99699414338e-07,1.35428209092e-07,1.39680396387e-05,1.39584499266e-05,1.39585272336e-05,1.33765115606e-05,9.07543926587e-06
1835,2024-10-16 11:00:00,76.45833333333333,2.07982353118e-07,2.07784793815e-07,2.07743482861e-07,1.99320780325e-07,1.35358376951e-07,1.39702251545e-05,1.3955968825e-05,1.39565363497e-05,1.33758649099e-05,9.0869361884e-06
1836,2024-10-16 12:00:00,76.5,2.07806053254e-07,2.07454277756e-07,2.07344186265e-07,1.98955234509e-07,1.35347846708e-07,1.39840867632e-05,1.39595613291e-05,1.39553249028e-05,1.33760468088e-05,9.1024357971e-06
1837,2024-10-16 13:00:00,76.54166666666667,2.07557008025e-07,2.07099020599e-07,2.06940399039e-07,1.98586377564e-07,1.35346851948e-07,1.39931125887e-05,1.3961469449e-05,1.39537578434e-05,1.33759531309e-05,9.11862025532e-06
1838,2024-10-16 14:00:00,76.58333333333333,2.07047136769e-07,2.06636869393e-07,2.06522528856e-07,1.98210358349e-07,1.35274461854e-07,1.39844596561e-05,1.39560406751e-05,1.3951175788e-05,1.33753310365e-05,9.13001076697e-06
1839,2024-10-16 15:00:00,76.625,2.06633586686e-07,2.06217436016e-07,2.0611341256e-07,1.97848351036e-07,1.35182133931e-07,1.39821058838e-05,1.39532894536e-05,1.39491194204e-05,1.33756175273e-05,9.14003157959e-06
1840,2024-10-16 16:00:00,76.66666666666667,2.06399917602e-07,2.0589894234e-07,2.0571538073e-07,1.97500298782e-07,1.35064581741e-07,1.39918920468e-05,1.39572521221e-05,1.39477533594e-05,1.33768053274e-05,9.14833162824e-06
1841,2024-10-16 17:00:00,76.70833333333333,2.05759022265e-07,2.05414238508e-07,2.05293645195e-07,1.97137055125e-07,1.34807606855e-07,1.39740150189e-05,1.39498433782e-05,1.39447156471e-05,1.33769190143e-05,9.14716201805e-06
1842,2024-10-16 18:00:00,76.75,2.05467259207e-07,2.05063841463e-07,2.04891307476e-07,1.967948009e-07,1.34604192681e-07,1.3979745745e-05,1.39514668263e-05,1.3942932128e-05,1.3378415133e-05,9.14958945941e-06
1843,2024-10-16 19:00:00,76.79166666666667,2.04869408549e-07,2.04595977493e-07,2.04479277954e-07,1.96443238565e-07,1.34348667302e-07,1.39645762829e-05,1.39450203278e-05,1.39404273796e-05,1.33792300403e-05,9.14843985811e-06
1844,2024-10-16 20:00:00,76.83333333333333,2.04702729434e-07,2.04295005801e-07,2.04091890055e-07,1.96107066586e-07,1.34172438493e-07,1.3978721654e-05,1.39498934004e-05,1.39395442602e-05,1.33810390253e-05,9.15265718504e-06
1845,2024-10-16 21:00:00,76.875,2.04395064429e-07,2.03960539125e-07,2.03704189516e-07,1.95767029254e-07,1.33991278517e-07,1.39832236528e-05,1.39524645419e-05,1.39385847433e-05,1.33825333251e-05,9.15651708056e-06
1846,2024-10-16 22:00:00,76.91666666666667,2.0389629185e-07,2.03540395205e-07,2.03306498747e-07,1.95415097437e-07,1.33780616807e-07,1.39745825436e-05,1.39491294249e-05,1.39368821692e-05,1.33831572384e-05,9.15833697945e-06
1847,2024-10-16 23:00:00,76.95833333333333,2.03555416078e-07,2.03187781267e-07,2.02914577585e-07,1.95063066144e-07,1.33606292252e-07,1.39766798384e-05,1.39503654282e-05,1.39355124702e-05,1.33837120302e-05,9.16261979e-06
1848,2024-10-17 00:00:00,77.0,2.03025791734e-07,2.02752204359e-07,2.02510364034e-07,1.94702266754e-07,1.33407340286e-07,1.39657158797e-05,1.39458470585e-05,1.3933232367e-05,1.33836074383e-05,9.1651945695e-06
1849,2024-10-17 01:00:00,77.04166666666667,2.02526379667e-07,2.023219281e-07,2.02104885716e-07,1.94345275872e-07,1.3321670167e-07,1.39567282531e-05,1.39416279126e-05,1.39307976497e-05,1.33837138492e-05,9.16831595532e-06
1850,2024-10-17 02:00:00,77.08333333333333,2.0214402241e-07,2.01911817044e-07,2.01699080549e-07,1.93992576669e-07,1.33033523753e-07,1.39557732837e-05,1.39387439049e-05,1.39282728924e-05,1.33840658236e-05,9.17191846384e-06
1851,2024-10-17 03:00:00,77.125,2.01443569381e-07,2.01379236842e-07,2.01282972512e-07,1.93636395807e-07,1.32799797825e-07,1.39327412398e-05,1.39272824526e-05,1.39249677886e-05,1.33841303978e-05,9.17201850825e-06
1852,2024-10-17 04:00:00,77.16666666666667,2.01132706934e-07,2.0095922082e-07,2.00878972123e-07,1.93293431039e-07,1.32637424599e-07,1.39365210998e-05,1.39234889502e-05,1.39224375744e-05,1.33850626298e-05,9.17701800063e-06
1853,2024-10-17 05:00:00,77.20833333333333,2.01015836865e-07,2.00665454031e-07,2.00494554292e-07,1.92970318835e-07,1.32546460918e-07,1.39536532515e-05,1.39283511089e-05,1.3921205209e-05,1.33873254526e-05,9.18696787267e-06
1854,2024-10-17 06:00:00,77.25,2.00405992246e-07,2.00139197659e-07,2.0008484114e-07,1.92625222439e-07,1.32351090087e-07,1.39364638017e-05,1.39169960676e-05,1.39181483974e-05,1.33880103022e-05,9.18967180041e-06
1855,2024-10-17 07:00:00,77.29166666666667,2.00223979618e-07,1.99852607352e-07,1.99695236347e-07,1.92292674228e-07,1.32252125695e-07,1.39490930451e-05,1.39222183861e-05,1.39164267239e-05,1.33895082399e-05,9.19903413887e-06
1856,2024-10-17 08:00:00,77.33333333333333,1.99478321861e-07,1.99315124405e-07,1.99277096158e-07,1.91935711769e-07,1.32046920953e-07,1.39224848681e-05,1.39099074659e-05,1.39126505019e-05,1.33892481244e-05,9.20100865187e-06
1857,2024-10-17 09:00:00,77.375,1.99186885652e-07,1.98919963168e-07,1.98879860136e-07,1.91603277244e-07,1.31940751658e-07,1.39274679896e-05,1.39074418257e-05,1.39102703542e-05,1.33906569317e-05,9.209912605e-06
1858,2024-10-17 10:00:00,77.41666666666667,1.98976323418e-07,1.98569054533e-07,1.98479440883e-07,1.91270856931e-07,1.31865959929e-07,1.39380072142e-05,1.39080320878e-05,1.39076055348e-05,1.33920157168e-05,9.22103481571e-06
1859,2024-10-17 11:00:00,77.45833333333333,1.98102767968e-07,1.97999852958e-07,1.98038932808e-07,1.90897523566e-07,1.3166761903e-07,1.39024914461e-05,1.38933874041e-05,1.3902073988e-05,1.3390445929e-05,9.22358231037e-06
1860,2024-10-17 12:00:00,77.5,1.9727214351e-07,1.97392907353e-07,1.97587837647e-07,1.90514640508e-07,1.31409876758e-07,1.38698342198e-05,1.38760342452e-05,1.38957102536e-05,1.33881394504e-05,9.22187973629e-06
1861,2024-10-17 13:00:00,77.54166666666667,1.97134184532e-07,1.97111958755e-07,1.97182146167e-07,1.90174219483e-07,1.31316994612e-07,1.38857203638e-05,1.38816631079e-05,1.3892464267e-05,1.33887642733e-05,9.23166408029e-06
1862,2024-10-17 14:00:00,77.58333333333333,1.96668480612e-07,1.96651882334e-07,1.96748231929e-07,1.89811004248e-07,1.31125318603e-07,1.3878464415e-05,1.38748846439e-05,1.38871655508e-05,1.33877310873e-05,9.2344771474e-06
1863,2024-10-17 15:00:00,77.625,1.96557607524e-07,1.9644049587e-07,1.96345624204e-07,1.89470085843e-07,1.31074173737e-07,1.38962077472e-05,1.38858022183e-05,1.38840168802e-05,1.33882185764e-05,9.24722098716e-06
1864,2024-10-17 16:00:00,77.66666666666667,1.96271997766e-07,1.96145450104e-07,1.95937488456e-07,1.89124492067e-07,1.30977355184e-07,1.39015146488e-05,1.3890655282e-05,1.38804016387e-05,1.33883122544e-05,9.25670519791e-06
1865,2024-10-17 17:00:00,77.70833333333333,1.95095651634e-07,1.95434083139e-07,1.9547417196e-07,1.8873515728e-07,1.30637758389e-07,1.38434534165e-05,1.3865758774e-05,1.3872798263e-05,1.33852463478e-05,9.248965398e-06
1866,2024-10-17 18:00:00,77.75,1.95246300905e-07,1.95209224785e-07,1.95067343611e-07,1.88397152101e-07,1.3054018666e-07,1.38793238875e-05,1.38751956911e-05,1.38691257234e-05,1.33857629407e-05,9.25829408516e-06
1867,2024-10-17 19:00:00,77.79166666666667,1.95116271584e-07,1.94943936549e-07,1.94660870534e-07,1.88062898587e-07,1.30413440047e-07,1.38952445923e-05,1.38816958497e-05,1.38654122566e-05,1.3386496903e-05,9.26554002945e-06
1868,2024-10-17 20:00:00,77.83333333333333,1.94804059106e-07,1.94608034576e-07,1.94251427388e-07,1.8771994803e-07,1.30257490127e-07,1.38981667988e-05,1.38830673677e-05,1.38614223033e-05,1.33865551106e-05,9.27069959289e-06
1869,2024-10-17 21:00:00,77.875,1.94433837919e-07,1.94239134998e-07,1.93845266949e-07,1.87367589888e-07,1.30091024175e-07,1.38968980536e-05,1.38819696076e-05,1.38576015161e-05,1.33858748086e-05,9.27509063331e-06
1870,2024-10-17 22:00:00,77.91666666666667,1.9409451113e-07,1.93878335608e-07,1.93445941932e-07,1.87009007391e-07,1.29937404836e-07,1.38977957249e-05,1.38813584272e-05,1.38542091008e-05,1.33846797326e-05,9.28038207348e-06
1871,2024-10-17 23:00:00,77.95833333333333,1.93736170218e-07,1.93506110691e-07,1.93048407482e-07,1.86644086853e-07,1.29787849801e-07,1.38972882269e-05,1.387984139e-05,1.38508848977e-05,1.33829644255e-05,9.28595090954e-06
1872,2024-10-18 00:00:00,78.0,1.93373139723e-07,1.93131143078e-07,1.92650063013e-07,1.8627775944e-07,1.29642259594e-07,1.38963969221e-05,1.38780460475e-05,1.38474415508e-05,1.3381086319e-05,9.29179077502e-06
1873,2024-10-18 01:00:00,78.04166666666667,1.93009284999e-07,1.92760396089e-07,1.92249501652e-07,1.85913606288e-07,1.29497720991e-07,1.38954183058e-05,1.38764844451e-05,1.38437753776e-05,1.33793046189e-05,9.29769157665e-06
1874,2024-10-18 02:00:00,78.08333333333333,1.92643398123e-07,1.92393684983e-07,1.91848400277e-07,1.85553219012e-07,1.29359889911e-07,1.38942486956e-05,1.38751374834e-05,1.38400055221e-05,1.33777393785e-05,9.30406531552e-06
1875,2024-10-18 03:00:00,78.125,1.92273688526e-07,1.92032544533e-07,1.91447881548e-07,1.85197194469e-07,1.29220637746e-07,1.38927662192e-05,1.38741379487e-05,1.38362120197e-05,1.33764360726e-05,9.31033082452e-06
1876,2024-10-18 04:00:00,78.16666666666667,1.91899943047e-07,1.91678623196e-07,1.91049522869e-07,1.84846015827e-07,1.29084838818e-07,1.38909499583e-05,1.38736204462e-05,1.38325103762e-05,1.33754301714e-05,9.31684462557e-06
1877,2024-10-18 05:00:00,78.20833333333333,1.91518310544e-07,1.91329846189e-07,1.90657274857e-07,1.84501047329e-07,1.28954880552e-07,1.38884997796e-05,1.38734330903e-05,1.38291870826e-05,1.33748235385e-05,9.32379134611e-06
1878,2024-10-18 06:00:00,78.25,1.91128620486e-07,1.90983186599e-07,1.90273084399e-07,1.84162033179e-07,1.28824623857e-07,1.38854420584e-05,1.38733821586e-05,1.38263885674e-05,1.33745998028e-05,9.33072533371e-06
1879,2024-10-18 07:00:00,78.29166666666667,1.90729693372e-07,1.90633002717e-07,1.89894564073e-07,1.83826912803e-07,1.28691453938e-07,1.388173132e-05,1.38730729304e-05,1.38239402077e-05,1.33746098072e-05,9.33744649956e-06
1880,2024-10-18 08:00:00,78.33333333333333,1.90325081917e-07,1.90279195067e-07,1.89518544857e-07,1.8349400932e-07,1.28554717094e-07,1.38775803862e-05,1.38724890348e-05,1.38216109917e-05,1.3374728951e-05,9.34389936447e-06
1881,2024-10-18 09:00:00,78.375,1.89920328353e-07,1.89918893057e-07,1.8913999611e-07,1.83162114809e-07,1.28420921897e-07,1.38733494168e-05,1.38714094646e-05,1.38190334837e-05,1.33748735607e-05,9.35056868911e-06
1882,2024-10-18 10:00:00,78.41666666666667,1.89518956972e-07,1.89540159568e-07,1.88742163232e-07,1.82827506023e-07,1.28281016032e-07,1.38694167617e-05,1.38690729727e-05,1.38149807754e-05,1.33747753353e-05,9.35679418035e-06
1883,2024-10-18 11:00:00,78.45833333333333,1.8912371047e-07,1.89140223483e-07,1.88276146673e-07,1.82476739496e-07,1.2814847139e-07,1.38658961077e-05,1.38652785608e-05,1.38058421726e-05,1.33734429255e-05,9.36360993364e-06
1884,2024-10-18 12:00:00,78.5,1.88736905216e-07,1.8872717078e-07,1.87639315641e-07,1.82094524348e-07,1.28014050915e-07,1.38629811772e-05,1.38606401379e-05,1.37840006573e-05,1.33697294586e-05,9.37033564696e-06
1885,2024-10-18 13:00:00,78.54166666666667,1.8835740434e-07,1.88327732076e-07,1.87075798408e-07,1.81705942737e-07,1.27907711089e-07,1.38603800224e-05,1.38567229442e-05,1.37674560392e-05,1.3365466657e-05,9.37916047405e-06
1886,2024-10-18 14:00:00,78.58333333333333,1.87984952049e-07,1.87943754781e-07,1.866131214e-07,1.81310937819e-07,1.27811432549e-07,1.38581854117e-05,1.38538089232e-05,1.37582828756e-05,1.33606545205e-05,9.38872562983e-06
1887,2024-10-18 15:00:00,78.625,1.87618653058e-07,1.87581619571e-07,1.86219651255e-07,1.80917268722e-07,1.2772183311e-07,1.38563636938e-05,1.38523919304e-05,1.37541692311e-05,1.33558696689e-05,9.39877099881e-06
1888,2024-10-18 16:00:00,78.66666666666667,1.8725074824e-07,1.87225239756e-07,1.85900930205e-07,1.80552859774e-07,1.27619472323e-07,1.38542936838e-05,1.3851253243e-05,1.3755560758e-05,1.33532048494e-05,9.40780773817e-06
1889,2024-10-18 17:00:00,78.70833333333333,1.86884591358e-07,1.86865662499e-07,1.85634021932e-07,1.80252641258e-07,1.27481825984e-07,1.38522354973e-05,1.38497553053e-05,1.37607949e-05,1.33553103296e-05,9.41415237321e-06
1890,2024-10-18 18:00:00,78.75,1.8651735445e-07,1.86501239341e-07,1.85397368568e-07,1.79991914706e-07,1.27310698872e-07,1.38499963214e-05,1.38477962537e-05,1.37682864079e-05,1.33603398353e-05,9.41794314713e-06
1891,2024-10-18 19:00:00,78.79166666666667,1.86149961223e-07,1.86135352465e-07,1.85085411886e-07,1.79709701342e-07,1.27122362414e-07,1.38476698339e-05,1.38456416607e-05,1.37700917549e-05,1.33636995088e-05,9.4204033303e-06
1892,2024-10-18 20:00:00,78.83333333333333,1.85780407946e-07,1.85769934546e-07,1.8474646879e-07,1.79410733381e-07,1.2693823237e-07,1.38451059684e-05,1.38434306791e-05,1.37697998071e-05,1.33657367769e-05,9.42314363783e-06
1893,2024-10-18 21:00:00,78.875,1.85407301956e-07,1.85399414931e-07,1.84396114378e-07,1.79106891096e-07,1.26763410435e-07,1.38421864904e-05,1.38407349368e-05,1.37685874506e-05,1.3367356587e-05,9.42655242397e-06
1894,2024-10-18 22:00:00,78.91666666666667,1.8503759236e-07,1.85028056876e-07,1.84043557283e-07,1.78805038331e-07,1.26593931782e-07,1.38394525493e-05,1.38379118653e-05,1.3767150449e-05,1.33690782604e-05,9.4303413789e-06
1895,2024-10-18 23:00:00,78.95833333333333,1.84664855851e-07,1.84653842439e-07,1.83693373401e-07,1.78506866177e-07,1.26438266079e-07,1.38364066515e-05,1.38347832035e-05,1.37658325912e-05,1.3371035493e-05,9.43514351093e-06
1896,2024-10-19 00:00:00,79.0,1.84296823136e-07,1.84281120141e-07,1.83339906812e-07,1.78211635671e-07,1.2628881052e-07,1.383367362e-05,1.38317036544e-05,1.37642109621e-05,1.33731737151e-05,9.4404003903e-06
1897,2024-10-19 01:00:00,79.04166666666667,1.8386509737e-07,1.83873936521e-07,1.829765921e-07,1.77914571964e-07,1.26137578604e-07,1.38261093525e-05,1.38259420055e-05,1.37617898872e-05,1.33751318572e-05,9.44551175053e-06
1898,2024-10-19 02:00:00,79.08333333333333,1.83463527037e-07,1.83482413263e-07,1.82607791999e-07,1.77612307084e-07,1.25983078192e-07,1.38208451972e-05,1.38213254104e-05,1.37588922371e-05,1.33766534418e-05,9.45034935285e-06
1899,2024-10-19 03:00:00,79.125,1.82968065587e-07,1.83020461009e-07,1.82224439982e-07,1.77294239734e-07,1.25811098428e-07,1.38084478749e-05,1.38113091452e-05,1.37548313432e-05,1.33769299282e-05,9.45387364482e-06
1900,2024-10-19 04:00:00,79.16666666666667,1.8247979483e-07,1.82566793683e-07,1.81842793268e-07,1.76969592758e-07,1.25658516481e-07,1.3796591702e-05,1.38018758662e-05,1.3750832295e-05,1.33766498038e-05,9.45885949477e-06
1901,2024-10-19 05:00:00,79.20833333333333,1.82110326818e-07,1.82221313594e-07,1.81478000627e-07,1.7665239227e-07,1.25565705389e-07,1.37936849569e-05,1.38005943882e-05,1.37480437843e-05,1.33768753585e-05,9.46836098592e-06
1902,2024-10-19 06:00:00,79.25,1.81677265232e-07,1.81826450785e-07,1.81112142172e-07,1.76344983061e-07,1.25469668433e-07,1.37859196911e-05,1.37955894388e-05,1.37451133924e-05,1.33778039526e-05,9.4776514743e-06
1903,2024-10-19 07:00:00,79.29166666666667,1.81330392479e-07,1.81488118756e-07,1.80750845402e-07,1.76059444357e-07,1.25392759287e-07,1.37846363941e-05,1.37948909469e-05,1.37424667628e-05,1.33803650897e-05,9.4883971542e-06
1904,2024-10-19 08:00:00,79.33333333333333,1.80949342621e-07,1.8110910105e-07,1.80382613735e-07,1.7578582856e-07,1.2529919502e-07,1.37806555358e-05,1.37910828926e-05,1.37392289616e-05,1.33838093461e-05,9.49789136939e-06
1905,2024-10-19 09:00:00,79.375,1.80557677254e-07,1.80711353437e-07,1.8001043145e-07,1.75514458078e-07,1.25213688307e-07,1.37757133416e-05,1.37857805385e-05,1.37356282721e-05,1.33873963932e-05,9.50803678279e-06
1906,2024-10-19 10:00:00,79.41666666666667,1.8021908943e-07,1.8034413074e-07,1.79641119757e-07,1.75234006861e-07,1.25138868157e-07,1.37747192639e-05,1.37827564686e-05,1.37321894726e-05,1.33902485686e-05,9.5190034699e-06
1907,2024-10-19 11:00:00,79.45833333333333,1.79870255579e-07,1.79973497438e-07,1.79279069812e-07,1.74933248331e-07,1.25062754819e-07,1.37728784466e-05,1.37793877002e-05,1.37292554427e-05,1.33914891194e-05,9.52987284109e-06
1908,2024-10-19 12:00:00,79.5,1.79524462851e-07,1.79605663675e-07,1.78931202299e-07,1.74617696302e-07,1.24982832972e-07,1.37712013384e-05,1.37761444421e-05,1.37273636938e-05,1.33915373226e-05,9.54044662649e-06
1909,2024-10-19 13:00:00,79.54166666666667,1.79092438657e-07,1.79194472594e-07,1.78583078991e-07,1.74291258759e-07,1.24874645735e-07,1.3762863091e-05,1.37695087687e-05,1.37254019137e-05,1.33906987685e-05,9.54884671955e-06
1910,2024-10-19 14:00:00,79.58333333333333,1.7861299284e-07,1.78762491032e-07,1.78228049208e-07,1.73960813754e-07,1.24753213981e-07,1.37508131957e-05,1.37611878017e-05,1.3722856238e-05,1.3389500964e-05,9.55622635956e-06
1911,2024-10-19 15:00:00,79.625,1.78428877007e-07,1.78462613576e-07,1.77895827846e-07,1.73648260215e-07,1.2468768773e-07,1.37614360938e-05,1.37629431265e-05,1.372200677e-05,1.33896292027e-05,9.56786152528e-06
1912,2024-10-19 16:00:00,79.66666666666667,1.78081464242e-07,1.7810255315e-07,1.77560707471e-07,1.73335322984e-07,1.24584346395e-07,1.37594188345e-05,1.37599854497e-05,1.37208744491e-05,1.33896783154e-05,9.57656993705e-06
1913,2024-10-19 17:00:00,79.70833333333333,1.77375795829e-07,1.77567073933e-07,1.77202650775e-07,1.73003471104e-07,1.24383134903e-07,1.37296083267e-05,1.3743377167e-05,1.37179076773e-05,1.3388214029e-05,9.57771408139e-06
1914,2024-10-19 18:00:00,79.75,1.76889216164e-07,1.77094619858e-07,1.76852424261e-07,1.72675640897e-07,1.24201008589e-07,1.37166416607e-05,1.37315510074e-05,1.37154884214e-05,1.338700622e-05,9.58029067988e-06
1915,2024-10-19 19:00:00,79.79166666666667,1.7675830577e-07,1.76808200081e-07,1.7652703832e-07,1.7237093175e-07,1.24105582699e-07,1.37312135848e-05,1.37340803121e-05,1.37149363582e-05,1.33875382744e-05,9.58955115493e-06
1916,2024-10-19 20:00:00,79.83333333333333,1.7654897988e-07,1.76516451234e-07,1.76199847601e-07,1.72068340021e-07,1.24020274939e-07,1.37396582431e-05,1.37361384986e-05,1.37141869345e-05,1.33881840156e-05,9.59958560998e-06
1917,2024-10-19 21:00:00,79.875,1.76063664981e-07,1.76082011194e-07,1.75847048922e-07,1.71747686295e-07,1.23867820889e-07,1.372654242e-05,1.37270199048e-05,1.37113875098e-05,1.33873718369e-05,9.60441047937e-06
1918,2024-10-19 22:00:00,79.91666666666667,1.75403016556e-07,1.75568814598e-07,1.75473232389e-07,1.71413688577e-07,1.23683037145e-07,1.36996495712e-05,1.37116803671e-05,1.37068836921e-05,1.3385461898e-05,9.60671604844e-06
1919,2024-10-19 23:00:00,79.95833333333333,1.74959353672e-07,1.7509732686e-07,1.75092139898e-07,1.71080245082e-07,1.23511341599e-07,1.36896260301e-05,1.36995258799e-05,1.37017423185e-05,1.33835355882e-05,9.61000841926e-06
1920,2024-10-20 00:00:00,80.0,1.7472822833e-07,1.7469996294e-07,1.74704425149e-07,1.70752400663e-07,1.23358034898e-07,1.36962053148e-05,1.36930975714e-05,1.36960079544e-05,1.33819912662e-05,9.61470323091e-06
1921,2024-10-20 01:00:00,80.04166666666667,1.74484583226e-07,1.74363805172e-07,1.74317349888e-07,1.70432798541e-07,1.23269046526e-07,1.37017386805e-05,1.3691366803e-05,1.36902544909e-05,1.33810381158e-05,9.62442481978e-06
1922,2024-10-20 02:00:00,80.08333333333333,1.73987430685e-07,1.7392649454e-07,1.7391602114e-07,1.70105892039e-07,1.23159821896e-07,1.36872768053e-05,1.36816133818e-05,1.36833123179e-05,1.33794583235e-05,9.63258207776e-06
1923,2024-10-20 03:00:00,80.125,1.73179287799e-07,1.73327734387e-07,1.73492608724e-07,1.69756390278e-07,1.23002749319e-07,1.36481648951e-05,1.36590333568e-05,1.36745638883e-05,1.33760458993e-05,9.63700495049e-06
1924,2024-10-20 04:00:00,80.16666666666667,1.72982410618e-07,1.72987682845e-07,1.73123595459e-07,1.69435949715e-07,1.2297566343e-07,1.36571024996e-05,1.36567341542e-05,1.36700400617e-05,1.33748644657e-05,9.6516459962e-06
1925,2024-10-20 05:00:00,80.20833333333333,1.72651709818e-07,1.72562664602e-07,1.72752081085e-07,1.69109782178e-07,1.22951703929e-07,1.36554317578e-05,1.36476492116e-05,1.3665262486e-05,1.33731800815e-05,9.66660172708e-06
1926,2024-10-20 06:00:00,80.25,1.71968110863e-07,1.72073868043e-07,1.72372352836e-07,1.68777361864e-07,1.2300176877e-07,1.36257121994e-05,1.36334147101e-05,1.36597736855e-05,1.33709481815e-05,9.68755375652e-06
1927,2024-10-20 07:00:00,80.29166666666667,1.71598856014e-07,1.71630162527e-07,1.72014736677e-07,1.68460019268e-07,1.23220530668e-07,1.36207891046e-05,1.36226763061e-05,1.36559783641e-05,1.33698595164e-05,9.72207453742e-06
1928,2024-10-20 08:00:00,80.33333333333333,1.71106179891e-07,1.71262712456e-07,1.71672652982e-07,1.68142037182e-07,1.23538342223e-07,1.36060252771e-05,1.3617897821e-05,1.36533681143e-05,1.33686671688e-05,9.76457704382e-06
1929,2024-10-20 09:00:00,80.375,1.70524657506e-07,1.70770348973e-07,1.71311114627e-07,1.67808693163e-07,1.23900406379e-07,1.358407917e-05,1.36030948852e-05,1.36491562444e-05,1.33662015287e-05,9.81089215202e-06
1930,2024-10-20 10:00:00,80.41666666666667,1.69968174646e-07,1.7039421607e-07,1.70981664382e-07,1.67494434322e-07,1.24644699895e-07,1.35639202199e-05,1.35974778459e-05,1.36474445753e-05,1.3365207451e-05,9.8881073427e-06
1931,2024-10-20 11:00:00,80.45833333333333,1.7036461486e-07,1.7024440524e-07,1.70708830183e-07,1.67216143154e-07,1.25473746948e-07,1.36198350447e-05,1.3609900634e-05,1.36502039823e-05,1.33670337163e-05,9.97215101961e-06
1932,2024-10-20 12:00:00,80.5,1.69223696389e-07,1.69568750152e-07,1.70333223082e-07,1.66860829154e-07,1.25832713138e-07,1.35528671308e-05,1.35802156365e-05,1.36447042678e-05,1.33626535899e-05,1.00189981822e-05
1933,2024-10-20 13:00:00,80.54166666666667,1.68748158558e-07,1.69242042602e-07,1.70002365962e-07,1.66538569601e-07,1.26374416709e-07,1.35390291689e-05,1.35783839141e-05,1.36427261168e-05,1.33608627948e-05,1.0080568245e-05
1934,2024-10-20 14:00:00,80.58333333333333,1.68217525243e-07,1.68654239019e-07,1.69616498624e-07,1.66190460504e-07,1.26730256511e-07,1.35206582854e-05,1.35555346787e-05,1.36362677949e-05,1.33569392347e-05,1.01274445115e-05
1935,2024-10-20 15:00:00,80.625,1.68173372117e-07,1.68495915887e-07,1.69332324162e-07,1.65901468563e-07,1.27304119246e-07,1.35412919917e-05,1.35671134558e-05,1.36379221658e-05,1.33577068482e-05,1.01918822111e-05
1936,2024-10-20 16:00:00,80.66666666666667,1.68153874824e-07,1.68228311281e-07,1.6906592748e-07,1.65613514014e-07,1.27640220171e-07,1.35639475047e-05,1.35698792292e-05,1.3640970792e-05,1.33585072035e-05,1.02371577668e-05
1937,2024-10-20 17:00:00,80.70833333333333,1.67688625652e-07,1.67902655335e-07,1.68780545096e-07,1.65310552802e-07,1.27793541083e-07,1.35507161758e-05,1.35678947117e-05,1.36424478114e-05,1.33580506372e-05,1.02677231553e-05
1938,2024-10-20 18:00:00,80.75,1.67315150179e-07,1.67536839513e-07,1.68493826891e-07,1.65008572139e-07,1.28023643242e-07,1.35447753564e-05,1.35625905386e-05,1.36437674882e-05,1.33576204462e-05,1.03047304947e-05
1939,2024-10-20 19:00:00,80.79166666666667,1.67143269891e-07,1.67273853435e-07,1.68227373365e-07,1.64726813523e-07,1.28504979102e-07,1.35549380502e-05,1.3565530935e-05,1.36466778713e-05,1.3358772776e-05,1.03624161056e-05
1940,2024-10-20 20:00:00,80.83333333333333,1.67206962942e-07,1.6706893291e-07,1.67967016296e-07,1.64460644214e-07,1.28924199316e-07,1.35841091833e-05,1.35731324917e-05,1.36500348162e-05,1.33611356432e-05,1.04151067717e-05
1941,2024-10-20 21:00:00,80.875,1.66980996141e-07,1.66796809253e-07,1.67687531416e-07,1.64185181006e-07,1.29188549636e-07,1.35898490043e-05,1.3575236153e-05,1.3651793779e-05,1.33626926981e-05,1.04552809717e-05
1942,2024-10-20 22:00:00,80.91666666666667,1.66634038123e-07,1.66466605833e-07,1.67391917216e-07,1.63897340144e-07,1.29341302113e-07,1.35857935675e-05,1.3572563148e-05,1.36521903187e-05,1.33631892822e-05,1.04864284367e-05
1943,2024-10-20 23:00:00,80.95833333333333,1.66302100979e-07,1.66161640891e-07,1.67094768244e-07,1.63613563586e-07,1.29476902089e-07,1.35829568535e-05,1.35718964884e-05,1.36524067784e-05,1.33639559863e-05,1.05162362161e-05
1944,2024-10-21 00:00:00,81.0,1.65975052369e-07,1.65858750734e-07,1.66792887057e-07,1.63324870073e-07,1.29365261614e-07,1.3580459381e-05,1.35713826239e-05,1.36521775858e-05,1.33642506626e-05,1.0525522157e-05
1945,2024-10-21 01:00:00,81.04166666666667,1.65596702573e-07,1.65501660376e-07,1.66479750874e-07,1.63010938081e-07,1.29184400066e-07,1.35736891025e-05,1.35663667606e-05,1.36509743243e-05,1.33624171212e-05,1.05290519059e-05
1946,2024-10-21 02:00:00,81.08333333333333,1.65149302234e-07,1.6511981471e-07,1.66162806181e-07,1.62683363669e-07,1.29072091681e-07,1.35611462611e-05,1.35592190418e-05,1.36494045364e-05,1.33594076033e-05,1.05383551272e-05
1947,2024-10-21 03:00:00,81.125,1.64978231965e-07,1.64893990018e-07,1.65862161339e-07,1.62363392064e-07,1.29079012368e-07,1.35711670737e-05,1.35648069772e-05,1.36491235025e-05,1.33569546961e-05,1.05574572444e-05
1948,2024-10-21 04:00:00,81.16666666666667,1.64541972936e-07,1.64531130054e-07,1.65549522535e-07,1.62016476679e-07,1.29003026927e-07,1.35593209052e-05,1.35590544232e-05,1.36478038257e-05,1.33522053147e-05,1.05697918116e-05
1949,2024-10-21 05:00:00,81.20833333333333,1.64369112099e-07,1.64270929304e-07,1.6525099511e-07,1.61680915767e-07,1.28988730808e-07,1.35691025207e-05,1.35616965053e-05,1.36475900945e-05,1.33483345053e-05,1.05872313725e-05
1950,2024-10-21 06:00:00,81.25,1.63961999533e-07,1.63902512895e-07,1.64941340586e-07,1.61341333182e-07,1.28877189809e-07,1.35594937092e-05,1.35553382279e-05,1.36464004754e-05,1.3344083527e-05,1.05966601041e-05
1951,2024-10-21 07:00:00,81.29166666666667,1.63657333019e-07,1.63602763337e-07,1.64639786249e-07,1.61016060929e-07,1.28768007812e-07,1.35582959047e-05,1.35545706144e-05,1.36458265843e-05,1.33409657792e-05,1.06062225314e-05
1952,2024-10-21 08:00:00,81.33333333333333,1.63439324297e-07,1.63332956049e-07,1.64344271525e-07,1.60700579954e-07,1.28659308984e-07,1.35642549139e-05,1.35562204377e-05,1.3645697436e-05,1.33386110974e-05,1.06157795017e-05
1953,2024-10-21 09:00:00,81.375,1.6321757812e-07,1.63064072467e-07,1.64048799434e-07,1.60387358505e-07,1.28531667087e-07,1.35698874146e-05,1.3557888451e-05,1.36455173561e-05,1.33363901114e-05,1.06237303044e-05
1954,2024-10-21 10:00:00,81.41666666666667,1.62656903058e-07,1.62654345104e-07,1.63731868952e-07,1.6005657244e-07,1.28295710056e-07,1.35472810143e-05,1.35477794174e-05,1.36435010063e-05,1.33326520881e-05,1.06227171273e-05
1955,2024-10-21 11:00:00,81.45833333333333,1.62686632166e-07,1.62482308497e-07,1.63443885981e-07,1.59754833362e-07,1.28195878801e-07,1.35738155222e-05,1.35574009619e-05,1.36438402478e-05,1.33312751132e-05,1.06329262053e-05
1956,2024-10-21 12:00:00,81.5,1.62144587534e-07,1.62091524203e-07,1.63128206054e-07,1.59430726399e-07,1.27948851514e-07,1.35526870508e-05,1.35487498483e-05,1.36418138936e-05,1.33279863803e-05,1.06309307739e-05
1957,2024-10-21 13:00:00,81.54166666666667,1.62085129318e-07,1.61872449667e-07,1.6283318871e-07,1.5912881679e-07,1.27794450577e-07,1.35720038088e-05,1.35544260047e-05,1.36414619192e-05,1.33265029945e-05,1.06365923784e-05
1958,2024-10-21 14:00:00,81.58333333333333,1.61933755294e-07,1.61665568044e-07,1.62541468285e-07,1.58831582553e-07,1.27652057813e-07,1.35835434776e-05,1.35610698635e-05,1.36413327709e-05,1.33253588501e-05,1.06432307803e-05
1959,2024-10-21 15:00:00,81.625,1.61676737775e-07,1.61422562428e-07,1.62247289381e-07,1.58533694616e-07,1.274920578e-07,1.35859218062e-05,1.35646932904e-05,1.36409416882e-05,1.33241073854e-05,1.06484394564e-05
1960,2024-10-21 16:00:00,81.66666666666667,1.61370167007e-07,1.61141372246e-07,1.61949628819e-07,1.58225461178e-07,1.27268322103e-07,1.3584152839e-05,1.35650598168e-05,1.3640198631e-05,1.33219191412e-05,1.06480774775e-05
1961,2024-10-21 17:00:00,81.70833333333333,1.61049982239e-07,1.60851087116e-07,1.61652650377e-07,1.57915934551e-07,1.27031327679e-07,1.3581418898e-05,1.35646296258e-05,1.36394564834e-05,1.33195680974e-05,1.0646532246e-05
1962,2024-10-21 18:00:00,81.75,1.6047870588e-07,1.60479331157e-07,1.61346463301e-07,1.57599089334e-07,1.26748801677e-07,1.35575164677e-05,1.3557290913e-05,1.36378812385e-05,1.33165485749e-05,1.06411180241e-05
1963,2024-10-21 19:00:00,81.79166666666667,1.60477569011e-07,1.6027587435e-07,1.6106396572e-07,1.57305606763e-07,1.26581653603e-07,1.35815935209e-05,1.35641830639e-05,1.36382495839e-05,1.33154417199e-05,1.06453344415e-05
1964,2024-10-21 20:00:00,81.83333333333333,1.59807015621e-07,1.59826583968e-07,1.60754012768e-07,1.56985080935e-07,1.26277043933e-07,1.35490099638e-05,1.35502887133e-05,1.36362414196e-05,1.33119920065e-05,1.06379193312e-05
1965,2024-10-21 21:00:00,81.875,1.59905397368e-07,1.59665560773e-07,1.60479231681e-07,1.56701332799e-07,1.26143135049e-07,1.35813434099e-05,1.35607206175e-05,1.36371600092e-05,1.33116081997e-05,1.064490516e-05
1966,2024-10-21 22:00:00,81.91666666666667,1.59538586786e-07,1.59317508519e-07,1.60185351206e-07,1.56399323714e-07,1.25910901261e-07,1.35740465339e-05,1.35551917992e-05,1.36364014907e-05,1.33096200443e-05,1.06435927592e-05
1967,2024-10-21 23:00:00,81.95833333333333,1.59344324402e-07,1.59102000907e-07,1.59904558927e-07,1.56113301841e-07,1.25763676806e-07,1.35812724693e-05,1.35607242555e-05,1.36367016239e-05,1.33089424708e-05,1.06495608634e-05
1968,2024-10-22 00:00:00,82.0,1.59104303066e-07,1.58845608667e-07,1.59620938689e-07,1.55822235115e-07,1.25586964828e-07,1.35845293698e-05,1.35627778945e-05,1.36367061714e-05,1.33077764986e-05,1.06529469122e-05
1969,2024-10-22 01:00:00,82.04166666666667,1.58630882652e-07,1.58479977586e-07,1.59323192861e-07,1.55517582812e-07,1.25347739299e-07,1.35680402309e-05,1.35554428198e-05,1.36354492497e-05,1.33053972604e-05,1.0651080629e-05
1970,2024-10-22 02:00:00,82.08333333333333,1.58509834591e-07,1.58264640504e-07,1.59044617476e-07,1.55226572929e-07,1.2520393966e-07,1.35816599141e-05,1.35609388963e-05,1.36357766678e-05,1.33041212393e-05,1.0657267012e-05
1971,2024-10-22 03:00:00,82.125,1.58161256536e-07,1.57946132617e-07,1.58756606083e-07,1.54925629658e-07,1.25020221731e-07,1.35757036333e-05,1.35575146487e-05,1.36352418849e-05,1.33019393616e-05,1.06601182779e-05
1972,2024-10-22 04:00:00,82.16666666666667,1.57575669846e-07,1.57448397431e-07,1.58447207355e-07,1.54602801672e-07,1.24715199945e-07,1.3549223695e-05,1.35386480906e-05,1.36328117151e-05,1.32978129841e-05,1.06524921648e-05
1973,2024-10-22 05:00:00,82.20833333333333,1.57219687935e-07,1.57147539426e-07,1.58156154839e-07,1.54297453037e-07,1.24492331111e-07,1.35426435008e-05,1.35366308314e-05,1.36319022204e-05,1.32951327032e-05,1.06517582026e-05
1974,2024-10-22 06:00:00,82.25,1.57161920811e-07,1.56947038477e-07,1.57880279517e-07,1.5400969744e-07,1.24358422227e-07,1.35618920467e-05,1.35431819217e-05,1.36322487378e-05,1.32939185278e-05,1.06586085167e-05
1975,2024-10-22 07:00:00,82.29166666666667,1.57040176418e-07,1.56693388931e-07,1.57600084094e-07,1.53721160245e-07,1.24200099094e-07,1.3575912817e-05,1.35451382448e-05,1.36321696118e-05,1.32925870275e-05,1.0663365174e-05
1976,2024-10-22 08:00:00,82.33333333333333,1.5639942319e-07,1.56260554718e-07,1.57289562708e-07,1.53408180381e-07,1.23898942661e-07,1.3545533875e-05,1.35315094667e-05,1.36294129334e-05,1.32890918394e-05,1.06557718027e-05
1977,2024-10-22 09:00:00,82.375,1.56327146783e-07,1.56076168878e-07,1.57005274559e-07,1.53120652158e-07,1.23719729572e-07,1.35641712404e-05,1.35394657264e-05,1.36288708745e-05,1.32877457872e-05,1.06586112452e-05
1978,2024-10-22 10:00:00,82.41666666666667,1.56021044972e-07,1.55800776724e-07,1.5670717346e-07,1.52823545818e-07,1.23496761262e-07,1.35620830406e-05,1.353987318e-05,1.36270746225e-05,1.32855193442e-05,1.06576635517e-05
1979,2024-10-22 11:00:00,82.45833333333333,1.55991799033e-07,1.55721977535e-07,1.56433429765e-07,1.52547826815e-07,1.23375500038e-07,1.35837854032e-05,1.35577838591e-05,1.36273438329e-05,1.32850946102e-05,1.06655261334e-05
1980,2024-10-22 12:00:00,82.5,1.55605405894e-07,1.55457598794e-07,1.56140401941e-07,1.52253505803e-07,1.23180015521e-07,1.35741638587e-05,1.35594536914e-05,1.36258813654e-05,1.32829964059e-05,1.06669504021e-05
1981,2024-10-22 13:00:00,82.54166666666667,1.55233138344e-07,1.55196985929e-07,1.55847914129e-07,1.51956697891e-07,1.23003147223e-07,1.3565532754e-05,1.35610434882e-05,1.3624411622e-05,1.32806180773e-05,1.06700281322e-05
1982,2024-10-22 14:00:00,82.58333333333333,1.54842084044e-07,1.54838062372e-07,1.55545620828e-07,1.51647512325e-07,1.22782338963e-07,1.35552145366e-05,1.35538930408e-05,1.36220305649e-05,1.32770901473e-05,1.06692432382e-05
1983,2024-10-22 15:00:00,82.625,1.5480512161e-07,1.54709439926e-07,1.5527214714e-07,1.51363479972e-07,1.22689414184e-07,1.35759355544e-05,1.3566726011e-05,1.36221196954e-05,1.32757049869e-05,1.06795059764e-05
1984,2024-10-22 16:00:00,82.66666666666667,1.54648276407e-07,1.54501464067e-07,1.54993259116e-07,1.51077117039e-07,1.22580104289e-07,1.35860800583e-05,1.35724831125e-05,1.36216804094e-05,1.32740642584e-05,1.06883753688e-05
1985,2024-10-22 17:00:00,82.70833333333333,1.54416213149e-07,1.54254010454e-07,1.5470934045e-07,1.5078533977e-07,1.22429085536e-07,1.35895934363e-05,1.35747168315e-05,1.36207454489e-05,1.32718914756e-05,1.06935058284e-05
1986,2024-10-22 18:00:00,82.75,1.5416000565e-07,1.5399557185e-07,1.54424682819e-07,1.50492283524e-07,1.22263486446e-07,1.35909949677e-05,1.35759009936e-05,1.36196931635e-05,1.32695504362e-05,1.06973047878e-05
1987,2024-10-22 19:00:00,82.79166666666667,1.53925611812e-07,1.537353711e-07,1.54142369979e-07,1.50199809923e-07,1.22104580669e-07,1.35942782435e-05,1.3576854144e-05,1.36187927637e-05,1.32672039399e-05,1.07016767288e-05
1988,2024-10-22 20:00:00,82.83333333333333,1.533627767e-07,1.53316250362e-07,1.53839508243e-07,1.49889430645e-07,1.21847094192e-07,1.35684276756e-05,1.35636691994e-05,1.36160197144e-05,1.32632194436e-05,1.06973920992e-05
1989,2024-10-22 21:00:00,82.875,1.53006268988e-07,1.53015363935e-07,1.53550544724e-07,1.49591045329e-07,1.21658771945e-07,1.35607870106e-05,1.35608297569e-05,1.36144199132e-05,1.32602372105e-05,1.06991119537e-05
1990,2024-10-22 22:00:00,82.91666666666667,1.52946242338e-07,1.52790050834e-07,1.53278207904e-07,1.49308874597e-07,1.21526483099e-07,1.35793761729e-05,1.35646196213e-05,1.36142443807e-05,1.32586355903e-05,1.07057439891e-05
1991,2024-10-22 23:00:00,82.95833333333333,1.52765991857e-07,1.52533885966e-07,1.53001096237e-07,1.49026789131e-07,1.21377880191e-07,1.35872842293e-05,1.35656182465e-05,1.36135968205e-05,1.32569903144e-05,1.0710904462e-05
1992,2024-10-23 00:00:00,83.0,1.52530759578e-07,1.52265045017e-07,1.52718598656e-07,1.4874528631e-07,1.21215691706e-07,1.35902782858e-05,1.35654490805e-05,1.36124217534e-05,1.32553450385e-05,1.07148352981e-05
1993,2024-10-23 01:00:00,83.04166666666667,1.5225778327e-07,1.51988146513e-07,1.52431638867e-07,1.48465559846e-07,1.21042148749e-07,1.35898853841e-05,1.35645195769e-05,1.36107983053e-05,1.32538098114e-05,1.07177265818e-05
1994,2024-10-23 02:00:00,83.08333333333333,1.51934585801e-07,1.51691693873e-07,1.52139932652e-07,1.48186998672e-07,1.20852263308e-07,1.35849622893e-05,1.35618101922e-05,1.36086955536e-05,1.32523291541e-05,1.07191381176e-05
1995,2024-10-23 03:00:00,83.125,1.51745396693e-07,1.51459275344e-07,1.5185575819e-07,1.47920260929e-07,1.20694707562e-07,1.3591973584e-05,1.35647978823e-05,1.36072112582e-05,1.32518598548e-05,1.07233936433e-05
1996,2024-10-23 04:00:00,83.16666666666667,1.51299488493e-07,1.51121156478e-07,1.51557259187e-07,1.47644911408e-07,1.20479654697e-07,1.35759310069e-05,1.35582986331e-05,1.36043881866e-05,1.32505729198e-05,1.07225223474e-05
1997,2024-10-23 05:00:00,83.20833333333333,1.51173637164e-07,1.50920499209e-07,1.51273653159e-07,1.47388320215e-07,1.20335172937e-07,1.35885702548e-05,1.35641193992e-05,1.36028475026e-05,1.32509212563e-05,1.0727912013e-05
1998,2024-10-23 06:00:00,83.25,1.50940081767e-07,1.50682666344e-07,1.50984320157e-07,1.47132112716e-07,1.20178214047e-07,1.3591547031e-05,1.35666023198e-05,1.36007447509e-05,1.32512623168e-05,1.0732190276e-05
1999,2024-10-23 07:00:00,83.29166666666667,1.50685622202e-07,1.50437884372e-07,1.50690979694e-07,1.46878122109e-07,1.20026015793e-07,1.35925993163e-05,1.35684231282e-05,1.3598231817e-05,1.32517552629e-05,1.0736915101e-05
2000,2024-10-23 08:00:00,83.33333333333333,1.50440854441e-07,1.50199184645e-07,1.50395266019e-07,1.46627343156e-07,1.1988529991e-07,1.35944383146e-05,1.35707396112e-05,1.35954542202e-05,1.32524946821e-05,1.07426913019e-05
2001,2024-10-23 09:00:00,83.375,1.50179261027e-07,1.49953933715e-07,1.50094109586e-07,1.46377615806e-07,1.19756137451e-07,1.35946711453e-05,1.35724503707e-05,1.35921363835e-05,1.32532895805e-05,1.07495789052e-05
2002,2024-10-23 10:00:00,83.41666666666667,1.49914512804e-07,1.49705684294e-07,1.49784838754e-07,1.46128158462e-07,1.19646017538e-07,1.35945629154e-05,1.35738928293e-05,1.35880336529e-05,1.32540708364e-05,1.0758292774e-05
2003,2024-10-23 11:00:00,83.45833333333333,1.49649437731e-07,1.49449931541e-07,1.49455843257e-07,1.45877351088e-07,1.19560780831e-07,1.35944192152e-05,1.35747259264e-05,1.3582102838e-05,1.32546956593e-05,1.07694077087e-05
2004,2024-10-23 12:00:00,83.5,1.49386025328e-07,1.49184401721e-07,1.49106014646e-07,1.45624383663e-07,1.1948992551e-07,1.35944183057e-05,1.35746868182e-05,1.35742211569e-05,1.3255086742e-05,1.07819087134e-05
2005,2024-10-23 13:00:00,83.54166666666667,1.49121277104e-07,1.48912519649e-07,1.48751453821e-07,1.45370634641e-07,1.19416952771e-07,1.35942173074e-05,1.35739683174e-05,1.35658210638e-05,1.32553614094e-05,1.07942023533e-05
2006,2024-10-23 14:00:00,83.58333333333333,1.48855747284e-07,1.48639117015e-07,1.48394605048e-07,1.4511739721e-07,1.19329797599e-07,1.35938698804e-05,1.35730151669e-05,1.35571372084e-05,1.32556360768e-05,1.08051335701e-05
2007,2024-10-23 15:00:00,83.625,1.4859115538e-07,1.48368130226e-07,1.48044833281e-07,1.4486501243e-07,1.19215400218e-07,1.35935324579e-05,1.35721584229e-05,1.35490181492e-05,1.32559371195e-05,1.08134427137e-05
2008,2024-10-23 16:00:00,83.66666666666667,1.48326677163e-07,1.4809685922e-07,1.47709471321e-07,1.44614091369e-07,1.19076062788e-07,1.3593177755e-05,1.35711688927e-05,1.35421332743e-05,1.32563263833e-05,1.08193416963e-05
2009,2024-10-23 17:00:00,83.70833333333333,1.4806227e-07,1.47830547803e-07,1.47396661987e-07,1.44365600363e-07,1.1890584517e-07,1.359282669e-05,1.35705104185e-05,1.35372401928e-05,1.3256882994e-05,1.08222548079e-05
2010,2024-10-23 18:00:00,83.75,1.47802666106e-07,1.47571412867e-07,1.47095548186e-07,1.4411881466e-07,1.18729957421e-07,1.3592992218e-05,1.35704403874e-05,1.35333666549e-05,1.32575451062e-05,1.08245794763e-05
2011,2024-10-23 19:00:00,83.79166666666667,1.47519941152e-07,1.47309705767e-07,1.46801141909e-07,1.43872014746e-07,1.1855303228e-07,1.35911514008e-05,1.35700975079e-05,1.35300606416e-05,1.32581535581e-05,1.08267877295e-05
2012,2024-10-23 20:00:00,83.83333333333333,1.47269830109e-07,1.47075709833e-07,1.46521117017e-07,1.43627474358e-07,1.18394062554e-07,1.35924319693e-05,1.35723621497e-05,1.3528031559e-05,1.32589184432e-05,1.0830642168e-05
2013,2024-10-23 21:00:00,83.875,1.46926865341e-07,1.46790696931e-07,1.46242427945e-07,1.43377363315e-07,1.18222871492e-07,1.35849522849e-05,1.35699619932e-05,1.35260679599e-05,1.3259114894e-05,1.08334097604e-05
2014,2024-10-23 22:00:00,83.91666666666667,1.46523561284e-07,1.46459797179e-07,1.45956278175e-07,1.43122150575e-07,1.18045896613e-07,1.35716563818e-05,1.3563389075e-05,1.35233522087e-05,1.32587865664e-05,1.08356634883e-05
2015,2024-10-23 23:00:00,83.95833333333333,1.46090343378e-07,1.46102607346e-07,1.45660507656e-07,1.42863001429e-07,1.17874904504e-07,1.35553118525e-05,1.35543286888e-05,1.35196769406e-05,1.32580380523e-05,1.08385002022e-05
2016,2024-10-24 00:00:00,84.0,1.45954828668e-07,1.45898198411e-07,1.45390302464e-07,1.42620976362e-07,1.17861340243e-07,1.3566227608e-05,1.35592799779e-05,1.35183017846e-05,1.32588320412e-05,1.08561225716e-05
2017,2024-10-24 01:00:00,84.04166666666667,1.45774848193e-07,1.45656301243e-07,1.45120523598e-07,1.42384720903e-07,1.18001899807e-07,1.35727168527e-05,1.35605905598e-05,1.35168893394e-05,1.32601089717e-05,1.08887616079e-05
2018,2024-10-24 02:00:00,84.08333333333333,1.45510213656e-07,1.45374301042e-07,1.44848741002e-07,1.42143022686e-07,1.1806429967e-07,1.3571369891e-05,1.35580985443e-05,1.35152458824e-05,1.3260833839e-05,1.09140337372e-05
2019,2024-10-24 03:00:00,84.125,1.45230274029e-07,1.45085465419e-07,1.44583822248e-07,1.41895768024e-07,1.1816089085e-07,1.35687841976e-05,1.35549244078e-05,1.35142199724e-05,1.32609984576e-05,1.09427564894e-05
2020,2024-10-24 04:00:00,84.16666666666667,1.44947989611e-07,1.44794640278e-07,1.44320608797e-07,1.41645514873e-07,1.18268992821e-07,1.35661121021e-05,1.35514937938e-05,1.35133168442e-05,1.32608383865e-05,1.09727088784e-05
2021,2024-10-24 05:00:00,84.20833333333333,1.44666742585e-07,1.44500205579e-07,1.44057210605e-07,1.41394181696e-07,1.18357050383e-07,1.35634400067e-05,1.35476375362e-05,1.35123500513e-05,1.32605291583e-05,1.10007949843e-05
2022,2024-10-24 06:00:00,84.25,1.44389431966e-07,1.44212961573e-07,1.43794920859e-07,1.41142393772e-07,1.18443757913e-07,1.35609780045e-05,1.35443769977e-05,1.35114378281e-05,1.32601298901e-05,1.10288283395e-05
2023,2024-10-24 07:00:00,84.29166666666667,1.44113144529e-07,1.43930193985e-07,1.43532517427e-07,1.40888602118e-07,1.18418228112e-07,1.35585942189e-05,1.35415111799e-05,1.35104601213e-05,1.32594896058e-05,1.1045912288e-05
2024,2024-10-24 08:00:00,84.33333333333333,1.43844061995e-07,1.43655384477e-07,1.43272913533e-07,1.40635322055e-07,1.18337787569e-07,1.35569162012e-05,1.35393247547e-05,1.35096915983e-05,1.32588484121e-05,1.10576083898e-05
2025,2024-10-24 09:00:00,84.375,1.43566680322e-07,1.43367572036e-07,1.43007056863e-07,1.40386006819e-07,1.18285790052e-07,1.35544505611e-05,1.35358586704e-05,1.35082855195e-05,1.32585373649e-05,1.10721011879e-05
2026,2024-10-24 10:00:00,84.41666666666667,1.43281923215e-07,1.43074430525e-07,1.42739224884e-07,1.40142418559e-07,1.18276489047e-07,1.35510517794e-05,1.3531804143e-05,1.35066402436e-05,1.32587301778e-05,1.10908677016e-05
2027,2024-10-24 11:00:00,84.45833333333333,1.42991481766e-07,1.42777125234e-07,1.42476025644e-07,1.39900222962e-07,1.18224576795e-07,1.35471127578e-05,1.35272894113e-05,1.35053815029e-05,1.32590148496e-05,1.11054741865e-05
2028,2024-10-24 12:00:00,84.5,1.42695824934e-07,1.42481894727e-07,1.42218667065e-07,1.39656577858e-07,1.18166646246e-07,1.35426962515e-05,1.35228992804e-05,1.35046238938e-05,1.3259114894e-05,1.11195131467e-05
2029,2024-10-24 13:00:00,84.54166666666667,1.42383555612e-07,1.42153453453e-07,1.41962004818e-07,1.39413515399e-07,1.18037966956e-07,1.35368900374e-05,1.35152995426e-05,1.35038726512e-05,1.3259210391e-05,1.11264589577e-05
2030,2024-10-24 14:00:00,84.58333333333333,1.42082512866e-07,1.41829318068e-07,1.41715474911e-07,1.39174773039e-07,1.17907006825e-07,1.35318296088e-05,1.35080072141e-05,1.35040345413e-05,1.32596724143e-05,1.11332192319e-05
2031,2024-10-24 15:00:00,84.625,1.41778727425e-07,1.41500251516e-07,1.41479148397e-07,1.38931667948e-07,1.17814735745e-07,1.35264635901e-05,1.35002055686e-05,1.35051313919e-05,1.32596787807e-05,1.114384213e-05
2032,2024-10-24 16:00:00,84.66666666666667,1.4147870786e-07,1.41180038327e-07,1.41244356655e-07,1.38683901696e-07,1.17778924391e-07,1.35214004331e-05,1.34931842695e-05,1.35063355629e-05,1.32591931106e-05,1.11601239041e-05
2033,2024-10-24 17:00:00,84.70833333333333,1.41188962743e-07,1.40866063703e-07,1.41004662169e-07,1.38432881158e-07,1.17753792495e-07,1.35172431328e-05,1.34867141242e-05,1.35070313263e-05,1.32583400045e-05,1.11775198093e-05
2034,2024-10-24 18:00:00,84.75,1.40907488344e-07,1.40560842965e-07,1.4075894228e-07,1.38181235343e-07,1.17723708115e-07,1.35138243422e-05,1.34810507006e-05,1.35071068144e-05,1.32573777591e-05,1.11944445962e-05
2035,2024-10-24 19:00:00,84.79166666666667,1.4063257936e-07,1.40268596738e-07,1.40509357038e-07,1.37930669553e-07,1.1774806552e-07,1.35109694384e-05,1.34766023621e-05,1.35067639349e-05,1.32564737214e-05,1.12168818305e-05
2036,2024-10-24 20:00:00,84.83333333333333,1.40224486245e-07,1.39869840154e-07,1.40247536251e-07,1.37670767231e-07,1.17704800573e-07,1.34953106681e-05,1.34619212986e-05,1.3505194147e-05,1.32546219902e-05,1.12328252726e-05
2037,2024-10-24 21:00:00,84.875,1.39949420941e-07,1.39614030559e-07,1.39989424497e-07,1.37419391422e-07,1.17682247947e-07,1.34924766826e-05,1.34608617373e-05,1.35039308589e-05,1.32535433295e-05,1.12506822916e-05
2038,2024-10-24 22:00:00,84.91666666666667,1.39774854802e-07,1.39386372666e-07,1.39736982874e-07,1.37177806891e-07,1.17692863455e-07,1.34993706524e-05,1.3462453353e-05,1.35031623358e-05,1.32533587021e-05,1.12717707452e-05
2039,2024-10-24 23:00:00,84.95833333333333,1.3952643485e-07,1.39131302035e-07,1.39482068562e-07,1.36935824457e-07,1.17663631727e-07,1.34990359584e-05,1.34612719194e-05,1.3502103684e-05,1.32530876726e-05,1.12889483717e-05
2040,2024-10-25 00:00:00,85.0,1.39179960001e-07,1.38830714036e-07,1.39221100426e-07,1.36688839802e-07,1.17561889112e-07,1.3489149751e-05,1.34555984914e-05,1.35004102049e-05,1.32522845888e-05,1.12989846457e-05
2041,2024-10-25 01:00:00,85.04166666666667,1.38931994798e-07,1.38598494459e-07,1.38964310281e-07,1.3644721264e-07,1.17455222437e-07,1.3488807781e-05,1.34565116241e-05,1.34990687002e-05,1.32519526233e-05,1.13083488031e-05
2042,2024-10-25 02:00:00,85.08333333333333,1.38681897965e-07,1.38357236779e-07,1.38707889619e-07,1.36205713375e-07,1.1732484495e-07,1.34882193379e-05,1.34565107146e-05,1.34977117341e-05,1.32515860969e-05,1.13152846097e-05
2043,2024-10-25 03:00:00,85.125,1.38379490977e-07,1.38081730938e-07,1.38450644727e-07,1.35961784054e-07,1.17172660907e-07,1.3482444956e-05,1.34531774165e-05,1.34962238008e-05,1.32509358082e-05,1.13200512715e-05
2044,2024-10-25 04:00:00,85.16666666666667,1.38153069429e-07,1.37831875691e-07,1.38196782018e-07,1.35720725325e-07,1.1703038183e-07,1.3484000192e-05,1.34523070301e-05,1.34950159918e-05,1.32505165311e-05,1.13257347039e-05
2045,2024-10-25 05:00:00,85.20833333333333,1.37845802328e-07,1.37544049039e-07,1.3793977871e-07,1.35476099672e-07,1.16871191835e-07,1.34776018967e-05,1.34477168103e-05,1.34934525704e-05,1.32496998049e-05,1.13297755888e-05
2046,2024-10-25 06:00:00,85.25,1.3754041106e-07,1.37258723498e-07,1.3768338647e-07,1.35232909315e-07,1.16716194043e-07,1.34713527586e-05,1.34433585117e-05,1.34918991535e-05,1.32489758471e-05,1.13342239274e-05
2047,2024-10-25 07:00:00,85.29166666666667,1.37498645358e-07,1.37077051932e-07,1.37437581316e-07,1.35001798185e-07,1.16613598777e-07,1.34909323606e-05,1.34490746859e-05,1.34913343572e-05,1.32493896672e-05,1.13437399705e-05
2048,2024-10-25 08:00:00,85.33333333333333,1.37309925208e-07,1.36849010346e-07,1.37188891358e-07,1.34768498583e-07,1.1649186149e-07,1.34961201184e-05,1.34501660796e-05,1.34904375955e-05,1.32495433718e-05,1.13513915494e-05
2049,2024-10-25 09:00:00,85.375,1.3708965696e-07,1.36621991942e-07,1.36939760864e-07,1.34535767415e-07,1.16370806325e-07,1.34980955409e-05,1.34512356453e-05,1.34894544317e-05,1.32497189043e-05,1.13591440822e-05
2050,2024-10-25 10:00:00,85.41666666666667,1.36856854738e-07,1.36392202421e-07,1.36689735086e-07,1.3430374679e-07,1.16273078277e-07,1.34988167702e-05,1.34520760184e-05,1.34883412102e-05,1.32499308165e-05,1.13693422463e-05
2051,2024-10-25 11:00:00,85.45833333333333,1.36576446153e-07,1.36149978403e-07,1.36434607612e-07,1.34072891456e-07,1.16275614914e-07,1.34946785693e-05,1.3451635823e-05,1.34866941153e-05,1.32502491397e-05,1.13901178338e-05
2052,2024-10-25 12:00:00,85.5,1.35967496817e-07,1.35629235842e-07,1.36138012863e-07,1.33806565827e-07,1.16171420927e-07,1.34579167934e-05,1.34236452141e-05,1.34808906296e-05,1.32470277094e-05,1.14008589662e-05
2053,2024-10-25 13:00:00,85.54166666666667,1.3591167658e-07,1.35563496428e-07,1.35903832188e-07,1.33588073936e-07,1.16243711545e-07,1.34758956847e-05,1.3440652765e-05,1.34812071337e-05,1.32484901769e-05,1.14287186079e-05
2054,2024-10-25 14:00:00,85.58333333333333,1.35747228569e-07,1.35375771038e-07,1.35663171363e-07,1.33367493049e-07,1.16279728957e-07,1.34831616379e-05,1.34455631269e-05,1.34808378789e-05,1.32497061713e-05,1.14530321298e-05
2055,2024-10-25 15:00:00,85.625,1.35510447308e-07,1.35146592584e-07,1.35419526259e-07,1.33141995207e-07,1.16265432837e-07,1.34831943797e-05,1.34463061841e-05,1.34801175591e-05,1.32503919303e-05,1.14722506623e-05
2056,2024-10-25 16:00:00,85.66666666666667,1.35167127269e-07,1.34861792844e-07,1.35175767468e-07,1.32908581918e-07,1.16174831533e-07,1.34726187753e-05,1.34414922286e-05,1.34793290272e-05,1.32502373162e-05,1.14836575449e-05
2057,2024-10-25 17:00:00,85.70833333333333,1.35053653594e-07,1.34682295538e-07,1.34946660069e-07,1.32683453558e-07,1.16071603884e-07,1.34849624374e-05,1.34470346893e-05,1.34799493026e-05,1.32508530442e-05,1.14933454824e-05
2058,2024-10-25 18:00:00,85.75,1.34854786893e-07,1.34472102786e-07,1.34717538458e-07,1.32456008828e-07,1.1593079563e-07,1.34888468892e-05,1.34494666781e-05,1.34805204652e-05,1.32511822812e-05,1.14991371447e-05
2059,2024-10-25 19:00:00,85.79166666666667,1.34647521577e-07,1.34264482199e-07,1.34488033154e-07,1.32228279881e-07,1.15778007626e-07,1.34919218908e-05,1.34521033033e-05,1.34810079544e-05,1.32514232973e-05,1.15036600619e-05
2060,2024-10-25 20:00:00,85.83333333333333,1.34437115662e-07,1.34064023882e-07,1.34257675199e-07,1.32000508302e-07,1.15624473551e-07,1.34946967592e-05,1.34554493343e-05,1.34813617478e-05,1.32516024678e-05,1.15080902106e-05
2061,2024-10-25 21:00:00,85.875,1.34216008973e-07,1.33871338903e-07,1.34027004606e-07,1.31772353029e-07,1.15474826146e-07,1.34963074743e-05,1.34595775307e-05,1.34816382342e-05,1.32516861413e-05,1.1512913261e-05
2062,2024-10-25 22:00:00,85.91666666666667,1.33985579964e-07,1.3368590146e-07,1.33795921897e-07,1.31543572479e-07,1.1532949884e-07,1.34968440761e-05,1.34644715217e-05,1.34818274091e-05,1.3251656128e-05,1.15181746878e-05
2063,2024-10-25 23:00:00,85.95833333333333,1.33749438191e-07,1.33500293487e-07,1.33564384441e-07,1.31313825591e-07,1.15188178995e-07,1.34966476253e-05,1.3469399164e-05,1.34819256346e-05,1.3251481505e-05,1.15238426588e-05
2064,2024-10-26 00:00:00,86.0,1.33509274747e-07,1.33302052063e-07,1.33332321184e-07,1.31082600774e-07,1.15048415239e-07,1.34959136631e-05,1.34730880745e-05,1.34819256346e-05,1.32511095217e-05,1.15296579679e-05
2065,2024-10-26 01:00:00,86.04166666666667,1.33249642431e-07,1.33074067321e-07,1.33098438937e-07,1.30848562208e-07,1.1490685381e-07,1.34931178764e-05,1.34737538247e-05,1.34816964419e-05,1.32504019348e-05,1.15353013825e-05
2066,2024-10-26 02:00:00,86.08333333333333,1.33021785587e-07,1.32851354806e-07,1.32865267233e-07,1.30614722593e-07,1.14778188731e-07,1.34934716698e-05,1.34748424898e-05,1.34814936246e-05,1.32496634251e-05,1.15422599265e-05
2067,2024-10-26 03:00:00,86.125,1.32784037987e-07,1.32615227244e-07,1.32631072347e-07,1.30379220309e-07,1.14652543459e-07,1.34927668114e-05,1.34744395837e-05,1.34811398311e-05,1.32487002702e-05,1.15495449791e-05
2068,2024-10-26 04:00:00,86.16666666666667,1.3254333453e-07,1.32372065309e-07,1.32396053232e-07,1.30142240096e-07,1.14533676765e-07,1.34917017931e-05,1.34731999424e-05,1.34806532515e-05,1.32475315695e-05,1.15575567179e-05
2069,2024-10-26 05:00:00,86.20833333333333,1.32119566842e-07,1.32009517984e-07,1.32148571197e-07,1.29891716938e-07,1.14364958392e-07,1.34719120979e-05,1.3459699403e-05,1.34788515425e-05,1.32449322336e-05,1.15605926112e-05
2070,2024-10-26 06:00:00,86.25,1.31934385195e-07,1.31801243697e-07,1.31915584234e-07,1.29657081516e-07,1.14280389596e-07,1.34763713504e-05,1.34618358061e-05,1.34784813781e-05,1.32439017761e-05,1.15722486953e-05
2071,2024-10-26 07:00:00,86.29166666666667,1.31686547888e-07,1.31548830495e-07,1.31680010895e-07,1.29419206019e-07,1.14185326083e-07,1.34743877425e-05,1.34593938128e-05,1.34778010761e-05,1.32424875119e-05,1.15828897833e-05
2072,2024-10-26 08:00:00,86.33333333333333,1.31463906428e-07,1.31305739615e-07,1.31445347051e-07,1.29181188413e-07,1.1410180889e-07,1.34748297569e-05,1.34578067446e-05,1.34771680678e-05,1.32410032165e-05,1.15947750601e-05
2073,2024-10-26 09:00:00,86.375,1.31176776108e-07,1.31004512127e-07,1.31206348897e-07,1.28938182797e-07,1.13974444105e-07,1.34686024467e-05,1.34502124638e-05,1.34760430228e-05,1.32389595819e-05,1.16020992209e-05
2074,2024-10-26 10:00:00,86.41666666666667,1.30992034997e-07,1.30812495058e-07,1.3097412932e-07,1.28705863744e-07,1.13885953112e-07,1.34728843477e-05,1.34537522172e-05,1.34755709951e-05,1.32379873321e-05,1.16133187475e-05
2075,2024-10-26 11:00:00,86.45833333333333,1.30753917915e-07,1.30557353373e-07,1.30739451265e-07,1.28480692752e-07,1.13820775027e-07,1.34716847242e-05,1.34508627525e-05,1.34748233904e-05,1.32377826958e-05,1.1627321328e-05
2076,2024-10-26 12:00:00,86.5,1.30507359586e-07,1.30299056877e-07,1.30505981133e-07,1.28260552401e-07,1.13756023268e-07,1.34696310852e-05,1.34476113089e-05,1.34741649163e-05,1.3238093743e-05,1.16414730655e-05
2077,2024-10-26 13:00:00,86.54166666666667,1.30260275455e-07,1.30056477587e-07,1.30276774257e-07,1.28045542169e-07,1.13714484939e-07,1.3467431927e-05,1.3445890545e-05,1.34739038913e-05,1.32389077407e-05,1.16582068586e-05
2078,2024-10-26 14:00:00,86.58333333333333,1.29985480157e-07,1.29786187131e-07,1.30042820956e-07,1.27833629904e-07,1.1360310026e-07,1.34623032864e-05,1.34412912303e-05,1.34731044454e-05,1.32400264192e-05,1.16673445518e-05
2079,2024-10-26 15:00:00,86.625,1.29730821641e-07,1.29548695327e-07,1.29804618609e-07,1.27623195567e-07,1.13426928294e-07,1.34592046379e-05,1.34400197567e-05,1.34718029585e-05,1.32412505991e-05,1.16691717267e-05
2080,2024-10-26 16:00:00,86.66666666666667,1.29511747105e-07,1.29325471221e-07,1.29560334017e-07,1.27406238448e-07,1.1321819926e-07,1.34598085424e-05,1.34401980176e-05,1.34698047987e-05,1.32417135319e-05,1.16672517834e-05
2081,2024-10-26 17:00:00,86.70833333333333,1.29304922325e-07,1.29110034663e-07,1.29319559505e-07,1.27172569364e-07,1.13003117974e-07,1.34616875584e-05,1.34410920509e-05,1.3468115867e-05,1.32403074531e-05,1.16645151138e-05
2082,2024-10-26 18:00:00,86.75,1.29085790945e-07,1.28881481487e-07,1.29084000378e-07,1.26932604871e-07,1.12802084118e-07,1.34622450787e-05,1.3440557268e-05,1.34669162435e-05,1.32381528601e-05,1.16633018479e-05
2083,2024-10-26 19:00:00,86.79166666666667,1.28864201088e-07,1.28648508735e-07,1.28852562398e-07,1.26693848301e-07,1.12612518421e-07,1.34625015562e-05,1.34394740599e-05,1.34660967888e-05,1.32360628413e-05,1.16633145808e-05
2084,2024-10-26 20:00:00,86.83333333333333,1.28642142272e-07,1.28414313849e-07,1.28624137119e-07,1.26456441762e-07,1.12429646038e-07,1.34626525323e-05,1.34381934913e-05,1.3465540178e-05,1.3234063772e-05,1.16640267152e-05
2085,2024-10-26 21:00:00,86.875,1.2843062791e-07,1.28190265514e-07,1.28397743993e-07,1.2621863732e-07,1.12244826767e-07,1.34639676617e-05,1.34379497467e-05,1.34651436383e-05,1.32319673867e-05,1.16644969239e-05
2086,2024-10-26 22:00:00,86.91666666666667,1.28210373873e-07,1.27965435581e-07,1.28172942482e-07,1.2598005128e-07,1.12068448743e-07,1.34642996272e-05,1.34375559355e-05,1.34648644234e-05,1.32297318487e-05,1.16658320621e-05
2087,2024-10-26 23:00:00,86.95833333333333,1.27915726011e-07,1.27690796603e-07,1.27946208295e-07,1.25739532564e-07,1.11869248087e-07,1.34568053909e-05,1.34319243443e-05,1.3464336007e-05,1.32272525661e-05,1.16647725008e-05
2088,2024-10-27 00:00:00,87.0,1.27435953345e-07,1.27251553295e-07,1.27706897501e-07,1.25489023617e-07,1.11575538142e-07,1.34297924888e-05,1.34089732455e-05,1.34624406201e-05,1.32236864374e-05,1.16537703434e-05
2089,2024-10-27 01:00:00,87.04166666666667,1.27167709252e-07,1.26927901078e-07,1.27472389977e-07,1.25240333659e-07,1.11310605178e-07,1.34249421535e-05,1.33981275212e-05,1.34610027089e-05,1.32202530949e-05,1.16456867545e-05
2090,2024-10-27 02:00:00,87.08333333333333,1.26797729649e-07,1.26563193703e-07,1.2722937015e-07,1.24985263028e-07,1.11051292606e-07,1.34091797008e-05,1.33828116304e-05,1.34586134664e-05,1.32160876092e-05,1.16382043416e-05
2091,2024-10-27 03:00:00,87.125,1.26458289174e-07,1.26414548163e-07,1.27008135564e-07,1.2474770017e-07,1.1094910235e-07,1.33962503241e-05,1.33902258312e-05,1.34584788611e-05,1.3213719285e-05,1.16473511298e-05
2092,2024-10-27 04:00:00,87.16666666666667,1.26348268736e-07,1.26168387737e-07,1.26787043087e-07,1.2451310738e-07,1.10806652742e-07,1.340752533e-05,1.33872918013e-05,1.34583115141e-05,1.32116228997e-05,1.16523133329e-05
2093,2024-10-27 05:00:00,87.20833333333333,1.26287417856e-07,1.26125158317e-07,1.2657993409e-07,1.24296349213e-07,1.107344616e-07,1.34240963234e-05,1.34058882395e-05,1.34595920827e-05,1.32113909785e-05,1.16646669994e-05
2094,2024-10-27 06:00:00,87.25,1.26109966914e-07,1.25949668472e-07,1.26365023334e-07,1.24076237284e-07,1.10658284314e-07,1.3428199054e-05,1.34104020617e-05,1.34600022648e-05,1.32107634272e-05,1.16768251246e-05
2095,2024-10-27 07:00:00,87.29166666666667,1.25904165316e-07,1.25741649981e-07,1.26146787238e-07,1.23854434264e-07,1.10560868904e-07,1.34292713483e-05,1.34114316097e-05,1.34600159072e-05,1.32099148686e-05,1.16867440738e-05
2096,2024-10-27 08:00:00,87.33333333333333,1.25571745002e-07,1.2544701633e-07,1.25918234062e-07,1.23625397919e-07,1.1040450687e-07,1.34168521981e-05,1.34031588459e-05,1.34588863148e-05,1.32082541313e-05,1.16904093375e-05
2097,2024-10-27 09:00:00,87.375,1.25386861782e-07,1.25268869056e-07,1.2569923058e-07,1.23405882846e-07,1.10294649858e-07,1.34201991386e-05,1.34072543005e-05,1.34587335197e-05,1.32075729198e-05,1.16989222079e-05
2098,2024-10-27 10:00:00,87.41666666666667,1.25207478163e-07,1.25075487745e-07,1.25480852375e-07,1.2319047471e-07,1.10192708291e-07,1.34241054184e-05,1.34096762849e-05,1.34586116474e-05,1.32073100758e-05,1.17083172881e-05
2099,2024-10-27 11:00:00,87.45833333333333,1.24997015405e-07,1.2486209755e-07,1.2526095361e-07,1.22978278227e-07,1.10091690431e-07,1.34246538437e-05,1.34099354909e-05,1.34582915052e-05,1.32073828354e-05,1.17179260997e-05
2100,2024-10-27 12:00:00,87.5,1.24780683564e-07,1.24645097799e-07,1.25040358512e-07,1.22767801258e-07,1.0998069655e-07,1.34245301524e-05,1.34097799673e-05,1.34578549478e-05,1.32076111186e-05,1.17264507935e-05
2101,2024-10-27 13:00:00,87.54166666666667,1.24564451198e-07,1.24429419657e-07,1.24818939184e-07,1.22556073734e-07,1.09853360186e-07,1.34243982757e-05,1.34097354021e-05,1.34572819661e-05,1.32076584123e-05,1.17331064757e-05
2102,2024-10-27 14:00:00,87.58333333333333,1.24312961702e-07,1.24187835127e-07,1.24592290263e-07,1.22337667108e-07,1.09690958539e-07,1.34204501592e-05,1.34068577609e-05,1.34560914375e-05,1.32069208121e-05,1.1735814951e-05
2103,2024-10-27 15:00:00,87.625,1.24096843024e-07,1.23972611732e-07,1.24367076637e-07,1.22119459434e-07,1.09541353766e-07,1.34202400659e-05,1.34067622639e-05,1.34550018629e-05,1.32061413751e-05,1.17398276416e-05
2104,2024-10-27 16:00:00,87.66666666666667,1.23891865655e-07,1.23758397308e-07,1.24143411995e-07,1.21903525496e-07,1.09390249747e-07,1.34211450131e-05,1.34067240651e-05,1.34540223371e-05,1.3205558389e-05,1.17435893117e-05
2105,2024-10-27 17:00:00,87.70833333333333,1.23670119478e-07,1.23532274188e-07,1.23920727901e-07,1.21688643162e-07,1.09224806977e-07,1.34201727633e-05,1.34053343572e-05,1.34530964715e-05,1.3205038158e-05,1.17456875159e-05
2106,2024-10-27 18:00:00,87.75,1.23443513189e-07,1.23300736732e-07,1.23699123833e-07,1.21474272419e-07,1.09061865317e-07,1.34186366267e-05,1.34033089125e-05,1.3452238818e-05,1.32045279315e-05,1.17480385597e-05
2107,2024-10-27 19:00:00,87.79166666666667,1.23210824654e-07,1.2306611552e-07,1.23479026115e-07,1.21261180652e-07,1.08924020026e-07,1.34163883558e-05,1.34008942041e-05,1.34514957608e-05,1.3204109564e-05,1.17532717923e-05
2108,2024-10-27 20:00:00,87.83333333333333,1.22978732975e-07,1.22829661109e-07,1.23260747387e-07,1.21049509971e-07,1.08776887942e-07,1.34141828312e-05,1.33982275656e-05,1.34509036798e-05,1.32038085212e-05,1.17574518299e-05
2109,2024-10-27 21:00:00,87.875,1.22744211239e-07,1.22591742979e-07,1.23043733424e-07,1.20837299278e-07,1.08652045583e-07,1.34116762638e-05,1.33953481054e-05,1.34504016387e-05,1.32034001581e-05,1.17642057376e-05
2110,2024-10-27 22:00:00,87.91666666666667,1.22480500409e-07,1.22326795804e-07,1.22824744153e-07,1.20621734823e-07,1.0852223653e-07,1.34059246193e-05,1.33894545797e-05,1.34496403916e-05,1.32025743369e-05,1.17705103548e-05
2111,2024-10-27 23:00:00,87.95833333333333,1.22198571262e-07,1.2204972677e-07,1.22603381669e-07,1.20405530879e-07,1.08392057996e-07,1.33981129693e-05,1.33821722557e-05,1.34485790113e-05,1.32016430143e-05,1.1776914107e-05
2112,2024-10-28 00:00:00,88.0,1.21940146869e-07,1.21800624697e-07,1.2238342606e-07,1.20190719599e-07,1.0828197361e-07,1.33928069772e-05,1.33778967211e-05,1.34476276799e-05,1.32008162836e-05,1.17855943245e-05
2113,2024-10-28 01:00:00,88.04166666666667,1.21709135215e-07,1.21570778333e-07,1.22164280469e-07,1.19974814083e-07,1.08169430746e-07,1.33904650284e-05,1.33757030198e-05,1.34467163662e-05,1.3199811292e-05,1.17939034681e-05
2114,2024-10-28 02:00:00,88.08333333333333,1.21542015563e-07,1.21388410435e-07,1.21949511822e-07,1.19760542816e-07,1.08074814875e-07,1.33951070893e-05,1.33786952574e-05,1.34462388814e-05,1.31989299916e-05,1.18040798043e-05
2115,2024-10-28 03:00:00,88.125,1.21243672879e-07,1.21112378793e-07,1.21727268265e-07,1.19538796639e-07,1.07943009198e-07,1.33852272484e-05,1.33713192554e-05,1.34448855533e-05,1.31971737574e-05,1.18102316264e-05
2116,2024-10-28 04:00:00,88.16666666666667,1.21030183209e-07,1.2087441803e-07,1.21509316386e-07,1.19319722103e-07,1.07824355666e-07,1.33846488097e-05,1.33680750878e-05,1.34439615067e-05,1.31956639962e-05,1.18177640616e-05
2117,2024-10-28 05:00:00,88.20833333333333,1.20875114362e-07,1.20668460113e-07,1.21297304645e-07,1.19105877161e-07,1.0773372594e-07,1.33904877657e-05,1.3368297914e-05,1.3443645912e-05,1.31946890178e-05,1.18284078781e-05
2118,2024-10-28 06:00:00,88.25,1.20679189308e-07,1.20438684803e-07,1.21083658655e-07,1.18890760348e-07,1.07629048784e-07,1.3391804714e-05,1.33658477353e-05,1.34431029437e-05,1.31935257741e-05,1.18374773592e-05
2119,2024-10-28 07:00:00,88.29166666666667,1.20487896993e-07,1.2020353779e-07,1.20869728448e-07,1.18674897465e-07,1.07502764024e-07,1.33936800921e-05,1.33626908791e-05,1.34424808493e-05,1.31922270157e-05,1.18439875223e-05
2120,2024-10-28 08:00:00,88.33333333333333,1.2031891572e-07,1.19976377277e-07,1.2065494559e-07,1.18458245879e-07,1.07346885159e-07,1.33983594424e-05,1.33603507493e-05,1.34417168738e-05,1.3190793652e-05,1.18470152302e-05
2121,2024-10-28 09:00:00,88.375,1.20115203117e-07,1.19720837688e-07,1.20436581597e-07,1.18239043445e-07,1.07180184727e-07,1.33991507028e-05,1.33547528094e-05,1.34405063363e-05,1.31890274133e-05,1.18488715088e-05
2122,2024-10-28 10:00:00,88.41666666666667,1.19831753409e-07,1.19443384961e-07,1.20215474908e-07,1.1801732569e-07,1.0700215114e-07,1.33909770739e-05,1.33466392072e-05,1.34389365485e-05,1.3186929209e-05,1.18494644994e-05
2123,2024-10-28 11:00:00,88.45833333333333,1.19761082829e-07,1.19294256251e-07,1.200065185e-07,1.17807324784e-07,1.06897331875e-07,1.34064457598e-05,1.33528519655e-05,1.343868189e-05,1.31861061163e-05,1.18581838251e-05
2124,2024-10-28 12:00:00,88.5,1.19589969927e-07,1.19113330754e-07,1.19793256204e-07,1.1759676255e-07,1.06782238163e-07,1.3410601241e-05,1.33555358843e-05,1.3437909729e-05,1.31851966216e-05,1.18658945212e-05
2125,2024-10-28 13:00:00,88.54166666666667,1.19402699283e-07,1.18955739481e-07,1.1957838808e-07,1.17386427689e-07,1.06666085742e-07,1.34128940772e-05,1.33609019031e-05,1.34369174702e-05,1.31842807605e-05,1.18735542856e-05
2126,2024-10-28 14:00:00,88.58333333333333,1.19209211391e-07,1.18818540784e-07,1.19362425721e-07,1.1717627757e-07,1.06548100121e-07,1.34144129333e-05,1.3368639884e-05,1.34357578645e-05,1.31833448904e-05,1.1881028513e-05
2127,2024-10-28 15:00:00,88.625,1.18966482887e-07,1.18643924907e-07,1.191403598e-07,1.16962503682e-07,1.06399269839e-07,1.3410266547e-05,1.33722051032e-05,1.34338524731e-05,1.31819460876e-05,1.18849620776e-05
2128,2024-10-28 16:00:00,88.66666666666667,1.18650433478e-07,1.18408479466e-07,1.18912922176e-07,1.16744544698e-07,1.06207785677e-07,1.33977173391e-05,1.33688499773e-05,1.34312749651e-05,1.31800079544e-05,1.18839161587e-05
2129,2024-10-28 17:00:00,88.70833333333333,1.1847022563e-07,1.18237934998e-07,1.18696632967e-07,1.16534785377e-07,1.06043529513e-07,1.34004058054e-05,1.33727307912e-05,1.34298988996e-05,1.3178946574e-05,1.18857042253e-05
2130,2024-10-28 18:00:00,88.75,1.18329417376e-07,1.18091300294e-07,1.18488628686e-07,1.16331413835e-07,1.05896297953e-07,1.34075080496e-05,1.33792555062e-05,1.34294186864e-05,1.31785691337e-05,1.18892658065e-05
2131,2024-10-28 19:00:00,88.79166666666667,1.1812522871e-07,1.17895716301e-07,1.18279764649e-07,1.16125335126e-07,1.05725696642e-07,1.34073852678e-05,1.33801686388e-05,1.34288011395e-05,1.3177839719e-05,1.18901125461e-05
2132,2024-10-28 20:00:00,88.83333333333333,1.17795593724e-07,1.17608720984e-07,1.18062146726e-07,1.15909855936e-07,1.05508014769e-07,1.33929752337e-05,1.33706289489e-05,1.34271440402e-05,1.31759943542e-05,1.18856032714e-05
2133,2024-10-28 21:00:00,88.875,1.17492533036e-07,1.17367378039e-07,1.17850660786e-07,1.15698504999e-07,1.05311272591e-07,1.3381518329e-05,1.33662024382e-05,1.34261345011e-05,1.31745673571e-05,1.18834541354e-05
2134,2024-10-28 22:00:00,88.91666666666667,1.17102814556e-07,1.17034012703e-07,1.1762843144e-07,1.15476524343e-07,1.05078058255e-07,1.33600888148e-05,1.33511930471e-05,1.34238498504e-05,1.31718725243e-05,1.18771167763e-05
2135,2024-10-28 23:00:00,88.95833333333333,1.16720954679e-07,1.16742981504e-07,1.17411609324e-07,1.15257975608e-07,1.04855793381e-07,1.33394478325e-05,1.33409203045e-05,1.34221299959e-05,1.31695142045e-05,1.18719881357e-05
2136,2024-10-29 00:00:00,89.0,1.16617904666e-07,1.16498561908e-07,1.17198041494e-07,1.15042126936e-07,1.04671741497e-07,1.335061188e-05,1.33358944368e-05,1.34207357405e-05,1.31674096338e-05,1.18711204777e-05
2137,2024-10-29 01:00:00,89.04166666666667,1.16487768764e-07,1.16351756674e-07,1.16999842703e-07,1.14840865706e-07,1.04536084677e-07,1.3358684555e-05,1.33420098791e-05,1.34210604301e-05,1.31669266921e-05,1.18757434393e-05
2138,2024-10-29 02:00:00,89.08333333333333,1.16476009282e-07,1.16220938651e-07,1.16803889227e-07,1.14642944027e-07,1.04423229175e-07,1.33803287099e-05,1.33499306685e-05,1.34216052174e-05,1.31667829919e-05,1.18829175335e-05
2139,2024-10-29 03:00:00,89.125,1.16322482313e-07,1.16051879218e-07,1.16603445122e-07,1.14442052279e-07,1.04285703628e-07,1.33857047331e-05,1.33534458655e-05,1.3421595213e-05,1.3166253666e-05,1.18872931125e-05
2140,2024-10-29 04:00:00,89.16666666666667,1.16112666149e-07,1.15854341232e-07,1.163986596e-07,1.14236932802e-07,1.0412836815e-07,1.33845514938e-05,1.33536404974e-05,1.34210413307e-05,1.31651886477e-05,1.18893658509e-05
2141,2024-10-29 05:00:00,89.20833333333333,1.15885910645e-07,1.15651076271e-07,1.1619307827e-07,1.14030285658e-07,1.03968488929e-07,1.33813828143e-05,1.33531366373e-05,1.34203510243e-05,1.31638971652e-05,1.18911402751e-05
2142,2024-10-29 06:00:00,89.25,1.15740697026e-07,1.15478485441e-07,1.15990957283e-07,1.13826104098e-07,1.03821975017e-07,1.33875873871e-05,1.33561397888e-05,1.34200136017e-05,1.31628430609e-05,1.18944053611e-05
2143,2024-10-29 07:00:00,89.29166666666667,1.15436186832e-07,1.15236645115e-07,1.15782327725e-07,1.13616117403e-07,1.03628046588e-07,1.33753883347e-05,1.33511539389e-05,1.34188803713e-05,1.31610759126e-05,1.18922434922e-05
2144,2024-10-29 08:00:00,89.33333333333333,1.15296877823e-07,1.15068232276e-07,1.15579759097e-07,1.13411651625e-07,1.03476786251e-07,1.33822568387e-05,1.33546218422e-05,1.34184047056e-05,1.31599044835e-05,1.18949647003e-05
2145,2024-10-29 09:00:00,89.375,1.14973730092e-07,1.14789528993e-07,1.15367775777e-07,1.13198751706e-07,1.03269428564e-07,1.33677576741e-05,1.33452822411e-05,1.34167885335e-05,1.31577062348e-05,1.1891158465e-05
2146,2024-10-29 10:00:00,89.41666666666667,1.1493653318e-07,1.14695133391e-07,1.15173406812e-07,1.13001547675e-07,1.03163110055e-07,1.33864614327e-05,1.33573157655e-05,1.34171796162e-05,1.31572905957e-05,1.18989601106e-05
2147,2024-10-29 11:00:00,89.45833333333333,1.14757774838e-07,1.14524254968e-07,1.14973396137e-07,1.12800726981e-07,1.03024753173e-07,1.33886669573e-05,1.33604153234e-05,1.3416874026e-05,1.31564183903e-05,1.1903088307e-05
2148,2024-10-29 12:00:00,89.5,1.1458521243e-07,1.14355991343e-07,1.14773420989e-07,1.12601014735e-07,1.02893977783e-07,1.33915573315e-05,1.33637722683e-05,1.3416530237e-05,1.31556416818e-05,1.19081214507e-05
2149,2024-10-29 13:00:00,89.54166666666667,1.1439659886e-07,1.14174930843e-07,1.14572735299e-07,1.12401473018e-07,1.02759187826e-07,1.33925341288e-05,1.33655939862e-05,1.34160591188e-05,1.3154844055e-05,1.19126989375e-05
2150,2024-10-29 14:00:00,89.58333333333333,1.14222082459e-07,1.14002503437e-07,1.14373762017e-07,1.12203956348e-07,1.02627986109e-07,1.33950998134e-05,1.33683497552e-05,1.34157389766e-05,1.31542383315e-05,1.19176665976e-05
2151,2024-10-29 15:00:00,89.625,1.13996961204e-07,1.13798762413e-07,1.1417255763e-07,1.12005267283e-07,1.02476263919e-07,1.33916473715e-05,1.33673502205e-05,1.34151086968e-05,1.31534497996e-05,1.19202077258e-05
2152,2024-10-29 16:00:00,89.66666666666667,1.13825606718e-07,1.13626484222e-07,1.13975282545e-07,1.11810905423e-07,1.02340656838e-07,1.33944340632e-05,1.33699868456e-05,1.34148949655e-05,1.31531287479e-05,1.19245632959e-05
2153,2024-10-29 17:00:00,89.70833333333333,1.13632424359e-07,1.1344331341e-07,1.13778149569e-07,1.11617346477e-07,1.02196160867e-07,1.33945932248e-05,1.33712956085e-05,1.34146575874e-05,1.3152858628e-05,1.19278283819e-05
2154,2024-10-29 18:00:00,89.75,1.13437444327e-07,1.1325967364e-07,1.13581933192e-07,1.11424633076e-07,1.02043856032e-07,1.33945004563e-05,1.33725152409e-05,1.34144866024e-05,1.31526467158e-05,1.19300984807e-05
2155,2024-10-29 19:00:00,89.79166666666667,1.13238854738e-07,1.13068999497e-07,1.13386043665e-07,1.11232118627e-07,1.01888801396e-07,1.33939192892e-05,1.33728563014e-05,1.34143110699e-05,1.31524102471e-05,1.19319911391e-05
2156,2024-10-29 20:00:00,89.83333333333333,1.13038360894e-07,1.12874268154e-07,1.1319035309e-07,1.11039760498e-07,1.01728474533e-07,1.33930388984e-05,1.3372666217e-05,1.34141128001e-05,1.31521455842e-05,1.19331871247e-05
2157,2024-10-29 21:00:00,89.875,1.12839849464e-07,1.12672871921e-07,1.12994626988e-07,1.10846954726e-07,1.01566371313e-07,1.33923776957e-05,1.3371642126e-05,1.34138654175e-05,1.31517790578e-05,1.19341229947e-05
2158,2024-10-29 22:00:00,89.91666666666667,1.12648457673e-07,1.12477977154e-07,1.12799419583e-07,1.10654092111e-07,1.01404218356e-07,1.33925686896e-05,1.33713756441e-05,1.34136353154e-05,1.31513570523e-05,1.19350270325e-05
2159,2024-10-29 23:00:00,89.95833333333333,1.12454216605e-07,1.12283757403e-07,1.12604254809e-07,1.10461236602e-07,1.01246875772e-07,1.33923704198e-05,1.33711009767e-05,1.3413362467e-05,1.3150885934e-05,1.19364922284e-05
2160,2024-10-30 00:00:00,90.0,1.12263641938e-07,1.12089153959e-07,1.1240923925e-07,1.10268736364e-07,1.01090314786e-07,1.3392584151e-05,1.33707526402e-05,1.34130623337e-05,1.31504129968e-05,1.1938021089e-05
2161,2024-10-30 01:00:00,90.04166666666667,1.12078495818e-07,1.11903027289e-07,1.12214685544e-07,1.10076356918e-07,1.00925639401e-07,1.3393440895e-05,1.33714247568e-05,1.34127740239e-05,1.31499118652e-05,1.19385094877e-05
2162,2024-10-30 02:00:00,90.08333333333333,1.11890379628e-07,1.11713447382e-07,1.12020160259e-07,1.09884162214e-07,1.00774521172e-07,1.33938719955e-05,1.33715884658e-05,1.34124438773e-05,1.31493898152e-05,1.19406404337e-05
2163,2024-10-30 03:00:00,90.125,1.11704288486e-07,1.11519668167e-07,1.11825364968e-07,1.09692372519e-07,1.00627815414e-07,1.33944986374e-05,1.33712337629e-05,1.34120336952e-05,1.31488714032e-05,1.19433098007e-05
2164,2024-10-30 04:00:00,90.16666666666667,1.11516520462e-07,1.11324801821e-07,1.11630306776e-07,1.09501165468e-07,1.00484157883e-07,1.33948624352e-05,1.33706889756e-05,1.34115443871e-05,1.31483820951e-05,1.19463593364e-05
2165,2024-10-30 05:00:00,90.20833333333333,1.11318705365e-07,1.11098472644e-07,1.11434815153e-07,1.09310015262e-07,1.00360139754e-07,1.33938501676e-05,1.33662379085e-05,1.34109513965e-05,1.31478527692e-05,1.19518645079e-05
2166,2024-10-30 06:00:00,90.25,1.11088986898e-07,1.1088551588e-07,1.11239288003e-07,1.09121906178e-07,1.00299551775e-07,1.33884741444e-05,1.33633066071e-05,1.34102983793e-05,1.31476499519e-05,1.19657215691e-05
2167,2024-10-30 07:00:00,90.29166666666667,1.10863531688e-07,1.10673120446e-07,1.11044528239e-07,1.08936504262e-07,1.00166786865e-07,1.338365837e-05,1.33604198709e-05,1.34096981128e-05,1.31477418108e-05,1.1970288142e-05
2168,2024-10-30 08:00:00,90.33333333333333,1.10547020427e-07,1.10386551455e-07,1.1084294016e-07,1.08745396687e-07,1.00014759141e-07,1.33679704959e-05,1.33485191327e-05,1.34082338263e-05,1.31471206259e-05,1.19729065773e-05
2169,2024-10-30 09:00:00,90.375,1.10342860182e-07,1.10197703407e-07,1.10649089891e-07,1.08562474566e-07,9.99111477995e-08,1.33659505082e-05,1.3348378161e-05,1.34076644827e-05,1.31474616865e-05,1.19814412756e-05
2170,2024-10-30 10:00:00,90.41666666666667,1.10171541223e-07,1.10026491029e-07,1.10457747837e-07,1.0838181197e-07,9.98089788595e-08,1.33679141072e-05,1.33503190227e-05,1.34073534355e-05,1.31480355776e-05,1.19898450066e-05
2171,2024-10-30 11:00:00,90.45833333333333,1.09965888839e-07,1.09815616156e-07,1.10265141018e-07,1.08201049898e-07,9.97129987468e-08,1.33656767503e-05,1.33474213726e-05,1.34068495754e-05,1.31485776365e-05,1.1999210983e-05
2172,2024-10-30 12:00:00,90.5,1.09757301914e-07,1.09601671738e-07,1.10074772408e-07,1.08025531631e-07,9.9594871017e-08,1.33630819619e-05,1.33441435537e-05,1.34065967359e-05,1.31497727125e-05,1.20057302411e-05
2173,2024-10-30 13:00:00,90.54166666666667,1.09544707527e-07,1.09389574732e-07,1.09888880218e-07,1.07858596721e-07,9.95088385025e-08,1.33600242407e-05,1.33411149363e-05,1.34068741318e-05,1.31520628202e-05,1.20166569104e-05
2174,2024-10-30 14:00:00,90.58333333333333,1.09339254095e-07,1.09180845698e-07,1.097038691e-07,1.07700095953e-07,9.94000188825e-08,1.33578387249e-05,1.33384901346e-05,1.34072470246e-05,1.31554270411e-05,1.20246531878e-05
2175,2024-10-30 15:00:00,90.625,1.09145034344e-07,1.08980458435e-07,1.09518339286e-07,1.0755165647e-07,9.92644970665e-08,1.33569938043e-05,1.33368675961e-05,1.34075071401e-05,1.31600281748e-05,1.20290114864e-05
2176,2024-10-30 16:00:00,90.66666666666667,1.08958616352e-07,1.08785847885e-07,1.09335118736e-07,1.07415004891e-07,9.90941657619e-08,1.33570301841e-05,1.33358762469e-05,1.34079828058e-05,1.3166071767e-05,1.2028565834e-05
2177,2024-10-30 17:00:00,90.70833333333333,1.08786956332e-07,1.0860178179e-07,1.0914455828e-07,1.07264803262e-07,9.88942190361e-08,1.33588600875e-05,1.33361372718e-05,1.34074907692e-05,1.31703227453e-05,1.20240374599e-05
2178,2024-10-30 18:00:00,90.75,1.08622622008e-07,1.08424849543e-07,1.08942920463e-07,1.07064110466e-07,9.87029338262e-08,1.3361605852e-05,1.33371831907e-05,1.34055744638e-05,1.31680708364e-05,1.2020592294e-05
2179,2024-10-30 19:00:00,90.79166666666667,1.08459261128e-07,1.08241430041e-07,1.08732706394e-07,1.06812905187e-07,9.85270602882e-08,1.33644416564e-05,1.33373205244e-05,1.34025203806e-05,1.3159291484e-05,1.20190761663e-05
2180,2024-10-30 20:00:00,90.83333333333333,1.08299715862e-07,1.08059801107e-07,1.08524083942e-07,1.06591876659e-07,9.83551302625e-08,1.33677658596e-05,1.33376379381e-05,1.33995963552e-05,1.31542883537e-05,1.20180693557e-05
2181,2024-10-30 21:00:00,90.875,1.08131935406e-07,1.07877056621e-07,1.08324002213e-07,1.06389670407e-07,9.81901919772e-08,1.33700195875e-05,1.33377434395e-05,1.33976864163e-05,1.31516244437e-05,1.20179493024e-05
2182,2024-10-30 22:00:00,90.91666666666667,1.07968304519e-07,1.07687753825e-07,1.08130450371e-07,1.06195017224e-07,9.80262484518e-08,1.33727853608e-05,1.3337051314e-05,1.33965431814e-05,1.31498745759e-05,1.20179493024e-05
2183,2024-10-30 23:00:00,90.95833333333333,1.07803167282e-07,1.0750527224e-07,1.07940714145e-07,1.06003888334e-07,9.78643157623e-08,1.33753246701e-05,1.33371622724e-05,1.33958346851e-05,1.31485294332e-05,1.2018185771e-05
2184,2024-10-31 00:00:00,91.0,1.07639543501e-07,1.07370496494e-07,1.07753848511e-07,1.05814578433e-07,9.77066392238e-08,1.33780240503e-05,1.33432104121e-05,1.33954426929e-05,1.31473789224e-05,1.20189451991e-05
2185,2024-10-31 01:00:00,91.04166666666667,1.07469212196e-07,1.07219698009e-07,1.07566926033e-07,1.05625190372e-07,9.75601395226e-08,1.33797911985e-05,1.33472331072e-05,1.3394996131e-05,1.3146173842e-05,1.20210752357e-05
2186,2024-10-31 02:00:00,91.08333333333333,1.07295512919e-07,1.07069688227e-07,1.07380394354e-07,1.05436477327e-07,9.74133200771e-08,1.33810417537e-05,1.33513904075e-05,1.33945522975e-05,1.31450078698e-05,1.20231370602e-05
2187,2024-10-31 03:00:00,91.125,1.07111837622e-07,1.06915479137e-07,1.07194530585e-07,1.05249505111e-07,9.727096284e-08,1.33809035106e-05,1.33549538077e-05,1.33941484819e-05,1.3144015611e-05,1.20257273011e-05
2188,2024-10-31 04:00:00,91.16666666666667,1.06924574084e-07,1.06751627982e-07,1.0700905051e-07,1.05064756895e-07,9.71300764263e-08,1.33802059281e-05,1.33572484629e-05,1.33937528517e-05,1.31432616399e-05,1.2028493984e-05
2189,2024-10-31 05:00:00,91.20833333333333,1.06734354688e-07,1.06578660564e-07,1.06823108581e-07,1.04881955565e-07,9.6987783138e-08,1.3379016309e-05,1.33583198476e-05,1.33932608151e-05,1.31427123051e-05,1.20310387501e-05
2190,2024-10-31 06:00:00,91.25,1.06529455479e-07,1.06388156951e-07,1.06637159547e-07,1.04701356918e-07,9.68786721955e-08,1.33756539071e-05,1.33570665639e-05,1.33927233037e-05,1.31424048959e-05,1.20379190776e-05
2191,2024-10-31 07:00:00,91.29166666666667,1.06324087312e-07,1.06193311922e-07,1.06450222859e-07,1.04521461708e-07,9.67508171357e-08,1.33722342071e-05,1.33552584884e-05,1.33920166263e-05,1.31421493279e-05,1.20424410852e-05
2192,2024-10-31 08:00:00,91.33333333333333,1.06080449314e-07,1.05961902364e-07,1.06258433163e-07,1.04338418794e-07,9.66030100358e-08,1.33639969135e-05,1.33487947096e-05,1.33906596602e-05,1.31414581119e-05,1.20444265121e-05
2193,2024-10-31 09:00:00,91.375,1.05870945788e-07,1.05765593617e-07,1.06068014816e-07,1.04156683278e-07,9.64721849073e-08,1.33600797199e-05,1.33467092382e-05,1.33894309329e-05,1.31408887682e-05,1.20486265587e-05
2194,2024-10-31 10:00:00,91.41666666666667,1.05703733766e-07,1.05607611545e-07,1.05881404977e-07,1.03977782828e-07,9.63514708019e-08,1.33615094455e-05,1.33493986141e-05,1.33886378535e-05,1.31406322907e-05,1.20539571071e-05
2195,2024-10-31 11:00:00,91.45833333333333,1.05517322879e-07,1.05421932517e-07,1.05692770092e-07,1.03799465023e-07,9.62301029972e-08,1.33605408337e-05,1.33485427796e-05,1.33875491883e-05,1.31404285639e-05,1.20592630992e-05
2196,2024-10-31 12:00:00,91.5,1.05329419853e-07,1.05233390002e-07,1.05502856229e-07,1.03623406744e-07,9.61214610129e-08,1.33594112413e-05,1.33473031383e-05,1.33862604343e-05,1.31405067805e-05,1.20663471534e-05
2197,2024-10-31 13:00:00,91.54166666666667,1.05142461848e-07,1.05047156751e-07,1.05312686571e-07,1.03452229894e-07,9.60584856102e-08,1.3358508113e-05,1.33464427563e-05,1.3384948943e-05,1.31412598421e-05,1.20799431897e-05
2198,2024-10-31 14:00:00,91.58333333333333,1.04956889402e-07,1.04854230187e-07,1.0512370352e-07,1.03282843611e-07,9.59859391969e-08,1.33577541419e-05,1.33447265398e-05,1.33837766043e-05,1.31422393679e-05,1.20924241855e-05
2199,2024-10-31 15:00:00,91.625,1.04774315446e-07,1.04659122258e-07,1.04937392109e-07,1.03114508931e-07,9.58721528832e-08,1.33573257699e-05,1.33426683533e-05,1.33828925755e-05,1.31433052957e-05,1.20991362564e-05
2200,2024-10-31 16:00:00,91.66666666666667,1.04594775507e-07,1.04462785089e-07,1.04751698871e-07,1.0294773034e-07,9.57169277171e-08,1.33572293635e-05,1.33403427753e-05,1.3382022189e-05,1.3144530385e-05,1.20999475257e-05
2201,2024-10-31 17:00:00,91.70833333333333,1.04417075875e-07,1.04273503609e-07,1.04563859793e-07,1.02782742317e-07,9.55371319833e-08,1.33572675622e-05,1.33388066388e-05,1.33807834573e-05,1.31459291879e-05,1.20971717479e-05
2202,2024-10-31 18:00:00,91.75,1.04241884458e-07,1.04089885156e-07,1.04367003928e-07,1.02612268904e-07,9.53597023567e-08,1.33575622385e-05,1.33379417093e-05,1.33782832563e-05,1.31465249069e-05,1.20946115203e-05
2203,2024-10-31 19:00:00,91.79166666666667,1.04066565143e-07,1.03907339621e-07,1.04152015012e-07,1.02422276882e-07,9.51909129299e-08,1.33577668748e-05,1.3337132259e-05,1.33733456096e-05,1.31444212457e-05,1.20931863421e-05
2204,2024-10-31 20:00:00,91.83333333333333,1.03896695691e-07,1.03729831835e-07,1.03940429597e-07,1.02235595989e-07,9.50249514631e-08,1.335867546e-05,1.33369112518e-05,1.33687881316e-05,1.31426795633e-05,1.20921522466e-05
2205,2024-10-31 21:00:00,91.875,1.03725817269e-07,1.03548572383e-07,1.03751673919e-07,1.02056766593e-07,9.48698826164e-08,1.33594412546e-05,1.33361327244e-05,1.33671501317e-05,1.31419392346e-05,1.20925933516e-05
2206,2024-10-31 22:00:00,91.91666666666667,1.03548828179e-07,1.03358736681e-07,1.0357370428e-07,1.01880381465e-07,9.47232834392e-08,1.33593621285e-05,1.33342000481e-05,1.33668954732e-05,1.31414799398e-05,1.20941667774e-05
2207,2024-10-31 23:00:00,91.95833333333333,1.03371640137e-07,1.03166918564e-07,1.03399642626e-07,1.01703300004e-07,9.45792066886e-08,1.3359201148e-05,1.33319663291e-05,1.33671182994e-05,1.31408805828e-05,1.20960839922e-05
2208,2024-11-01 00:00:00,92.0,1.03199596424e-07,1.02982937733e-07,1.03227520754e-07,1.01526438812e-07,9.44369631384e-08,1.33596804517e-05,1.33307075885e-05,1.33675566758e-05,1.31402657644e-05,1.20982422231e-05
