30240.000000  0.0681998  -0.0731354
30300.000000  0.586889  -0.124747
30360.000000  0.699574  -0.0244296
30420.000000  1.06733  0.266114
30480.000000  1.10246  0.688895
30540.000000  2.28973  1.43078
30600.000000  1.98969  1.34206
30660.000000  1.49722  1.16976
30720.000000  1.76121  1.14374
30780.000000  1.22873  0.860365
30840.000000  0.157466  0.682059
30900.000000  -0.8  9.79717e-17
30960.000000  -0.433013  0.25
31020.000000  -2.22524  -0.899056
31080.000000  -2.16129  -0.786646
31140.000000  -1.26381  -1.67713
31200.000000  -0.688895  -1.10246
31260.000000  -0.380083  -1.2432
31320.000000  -0.339919  -1.04616
31380.000000  -1.88405  -1.31923
31440.000000  -0.535304  -0.594516
31500.000000  -0.337146  -0.834465
31560.000000  0.219186  -0.449397
31620.000000  0.612234  -0.339367
31680.000000  -0.551608  0.430963
31740.000000  -0.69282  -0.4
31800.000000  0.554095  0.70921
31860.000000  0.669413  0.20466
31920.000000  0.247214  -0.760845
31980.000000  0.503202  -0.326783
32040.000000  0.41145  -0.566312
32100.000000  0.22051  -0.769009
32160.000000  -0.432624  -1.33148
32220.000000  -0.123607  -0.380423
32280.000000  -0.78236  -1.03823
32340.000000  -0.886327  0.156283
32400.000000  -1.13462  -0.390682
32460.000000  -0.629156  -0.30686
32520.000000  -0.791274  -0.764124
32580.000000  -0.536231  0.449951
32640.000000  -0.972522  -1.00708
32700.000000  -0.70921  0.554095
32760.000000  -0.520909  -1.51283
32820.000000  -0.181596  -0.356403
32880.000000  0.0938607  -0.592613
32940.000000  -0.658218  -0.613799
33000.000000  -0.0695866  -0.495134
33060.000000  -0.0348995  -0.999391
33120.000000  0.719035  0.350697
33180.000000  0.215802  -0.208398
33240.000000  0.273512  -0.644353
33300.000000  0.766044  -0.642788
33360.000000  0.440524  -0.544002
33420.000000  0.157466  -0.682059
33480.000000  0.338095  -0.725046
33540.000000  -0.134971  -0.584622
33600.000000  -0.679239  -0.590453
33660.000000  -1.73867  -0.465874
33720.000000  -0.566312  -0.41145
33780.000000  -1.91261  0.584743
33840.000000  -1.68346  0.236594
33900.000000  -0.465878  -1.21365
33960.000000  -0.87462  0.48481
34020.000000  -1.10246  0.688895
34080.000000  -1.0064  0.653567
34140.000000  -0.898794  0.438371
34200.000000  0.636396  0.636396
34260.000000  0.790151  0.125148
34320.000000  1.37873  0.243107
34380.000000  1  0
34440.000000  0.822191  0.366063
34500.000000  0.956305  -0.292372
34560.000000  0.595528  0.0731216
34620.000000  0.193185  0.0517638
34680.000000  1.63135  0.760713
34740.000000  0.586889  0.124747
34800.000000  0.353553  -0.353553
34860.000000  0.159727  -0.120363
34920.000000  -0.0584743  -0.191261
34980.000000  0.0927184  -0.0374607
35040.000000  -0.281908  0.102606
35100.000000  -1.59903  0.0558392
35160.000000  -1.96325  -0.381618
35220.000000  -1.92252  0.551275
35280.000000  -1.53802  -0.44102
35340.000000  -1.17795  -0.228971
35400.000000  -1.19708  0.0837078
35460.000000  -3.03767  -1.28941
35520.000000  -3.33786  -1.34858
35580.000000  -2.44703  -1.14107
35640.000000  -1.64438  -0.732126
35700.000000  -1.61129  -1.00685
35760.000000  -0.699041  -0.0366352
35820.000000  0.575472  -0.555727
35880.000000  0.494975  -0.494975
35940.000000  0.419335  -0.27232
36000.000000  0.331615  -0.223677
36060.000000  0.392651  -0.0763236
36120.000000  -0.123607  -0.380423
36180.000000  0.262424  -0.301884
36240.000000  0.0838671  -0.0544639
36300.000000  0.596713  -0.0627171
36360.000000  0.362523  0.169047
36420.000000  0.516419  0.971242
36480.000000  0.9  1.55885
36540.000000  0.269941  1.16924
36600.000000  -0.65  1.12583
36660.000000  -1.37428  0.267133
36720.000000  -1.19708  -0.0837078
36780.000000  -1.29822  -0.0680367
36840.000000  0.236594  1.68346
36900.000000  -0.721665  -0.830181
36960.000000  -0.544789  1.06921
37020.000000  -1.2998  0.0226881
37080.000000  -0.463525  -1.42658
37140.000000  -0.445503  0.226995
37200.000000  1.15911  -0.310583
37260.000000  0.576757  -0.165382
37320.000000  0.409576  -0.286788
37380.000000  0.319454  -0.240726
37440.000000  0.048481  -0.087462
37500.000000  0.173205  -0.1
37560.000000  0.222943  0.200739
37620.000000  0.254414  0.158976
37680.000000  0.299269  -0.0209269
37740.000000  0.184698  0.236403
37800.000000  0.685734  0.41203
37860.000000  1.47053  2.26441
37920.000000  0.529007  0.728115
37980.000000  -0.802975  1.72198
38040.000000  -0.334015  2.37664
38100.000000  0.748807  2.17469
38160.000000  -0.255926  2.08435
38220.000000  -0.898682  2.11716
38280.000000  -1.87111  0.95338
38340.000000  -1.82709  -0.813473
38400.000000  -1.80701  0.587132
38460.000000  -1.40037  0.537552
38520.000000  -1.39233  0.14634
38580.000000  -0.899903  1.07246
38640.000000  1.36412  0.314931
38700.000000  0.399756  -0.0139598
38760.000000  0.291089  -0.0725766
38820.000000  0.497261  0.0522642
38880.000000  -0.187789  -0.353179
38940.000000  -0.0725766  -0.291089
39000.000000  0.299269  0.0209269
39060.000000  1.53802  0.44102
39120.000000  1.6495  0.411267
39180.000000  1.67734  1.08928
39240.000000  2.0572  1.23609
39300.000000  1.81242  1.41602
39360.000000  1.6458  2.26525
39420.000000  0.896149  2.75806
39480.000000  0.271774  2.58576
39540.000000  -0.209269  2.99269
39600.000000  -0.665317  3.13007
39660.000000  -0.562378  2.43593
39720.000000  1.05209  2.15711
39780.000000  -1.0159  2.39331
39840.000000  0.935589  3.06018
39900.000000  1.34858  3.33786
39960.000000  1.5  2.59808
40020.000000  1.37779  2.20493
40080.000000  1.73553  2.06832
40140.000000  1.96224  1.70575
40200.000000  2.04788  1.43394
40260.000000  2.98746  1.14678
40320.000000  3.02566  1.04182
40380.000000  2.13842  1.08958
40440.000000  2.31604  1.74526
40500.000000  0.787846  0.138919
40560.000000  2.02511  0.859608
40620.000000  3.53833  1.08178
40680.000000  0.845723  0.307818
40740.000000  2.22752  1.13498
40800.000000  0.697348  3.02055
40860.000000  0.6  1.03923
40920.000000  -2.5747  -0.36185
40980.000000  -3.01787  -3.47166
41040.000000  -2.73349  -2.6397
41100.000000  -3.2754  0.402169
41160.000000  -3.80145  1.53589
41220.000000  -3.95817  1.68014
41280.000000  -2.09909  -1.16354
41340.000000  -2.20921  -0.937755
41400.000000  -2.30126  -0.976828
41460.000000  -1.88091  -2.58885
41520.000000  -2.44537  0.519779
41580.000000  -1.8974  0.0994383
41640.000000  -0.644353  -0.273512
41700.000000  -2.38396  -1.26757
41760.000000  -1.25831  -0.61372
41820.000000  -0.704207  -1.32442
41880.000000  -1.50961  -0.98035
41940.000000  0.886598  -0.95076
42000.000000  0.490175  -0.754804
42060.000000  0.480631  -0.137819
42120.000000  1.51471  0.771784
42180.000000  1.58931  0.845049
42240.000000  1.51741  1.14345
42300.000000  0.978572  1.62862
42360.000000  1.06247  1.57517
42420.000000  0.957656  2.63114
42480.000000  0.411267  1.6495
42540.000000  0.122018  1.39467
42600.000000  -0.525329  1.6168
42660.000000  -1.7119  -0.556231
42720.000000  -1.19982  -0.0209429
42780.000000  -1.11432  0.669549
42840.000000  -2.2384  -1.50982
42900.000000  -0.528297  -0.459241
42960.000000  0.315204  0.246265
43020.000000  0.592613  -0.0938607
43080.000000  0.684703  -0.145538
43140.000000  0.359518  0.175348
43200.000000  1.39886  -1.13278
43260.000000  1.31557  0.478828
43320.000000  1.32373  0.455795
43380.000000  1.13462  0.390682
43440.000000  0.891241  0.125256
43500.000000  1.25831  0.61372
43560.000000  0.942884  0.566542
43620.000000  -0.377592  -0.466288
43680.000000  0.301884  0.262424
43740.000000  1.18459  1.97148
43800.000000  1  1.73205
43860.000000  0.156283  0.886327
43920.000000  -0.188151  1.79014
43980.000000  -0.026168  0.499315
44040.000000  0.621717  -0.503456
44100.000000  0.453154  -0.211309
44160.000000  0.103956  0.489074
44220.000000  0.203365  1.28399
44280.000000  0.681998  0.731354
44340.000000  1.59391  0.139449
44400.000000  0.298858  0.0261467
44460.000000  0.46679  -0.179184
44520.000000  -0.00523572  -0.299954
44580.000000  -0.0967688  -0.388118
44640.000000  0.38637  0.103528
44700.000000  0.298858  -0.0261467
44760.000000  0.736404  0.312585
44820.000000  1.01256  0.429804
44880.000000  0.190211  0.0618034
44940.000000  0.226413  -0.196818
45000.000000  0.112382  0.278155
45060.000000  1.89123  1.47759
45120.000000  0.803007  1.14681
45180.000000  0.898682  2.11716
45240.000000  -0.41411  1.54548
45300.000000  0.584743  1.91261
45360.000000  -0.183027  2.09201
45420.000000  0.183027  2.09201
45480.000000  0.332659  1.56504
45540.000000  -2.05388  0.788409
45600.000000  -1.0286  0.618046
45660.000000  -0.612836  0.51423
45720.000000  -0.802957  -0.891774
45780.000000  -0.172073  -0.245746
45840.000000  -0.481452  -0.638908
45900.000000  0.103528  -0.38637
45960.000000  0.347329  0.35967
46020.000000  0.0209269  -0.299269
46080.000000  -0.0707107  -0.0707107
46140.000000  0.0390731  -0.0920505
46200.000000  -0.131511  -0.269638
46260.000000  -0.388573  -0.31466
46320.000000  -0.1  -0.173205
46380.000000  0.0876742  -0.179759
46440.000000  -0.0415823  -0.19563
46500.000000  -0.0898794  -0.0438371
46560.000000  -0.299269  -0.0209269
46620.000000  -0.891241  -0.125256
46680.000000  -0.952628  0.55
46740.000000  -0.89507  -0.0940756
46800.000000  -1.65643  0.382417
46860.000000  -1.05194  0.321609
46920.000000  -1.5429  -0.927069
46980.000000  0.311868  1.46722
47040.000000  -0.764121  1.05172
47100.000000  0.225743  1.28025
47160.000000  0.00698096  0.399939
47220.000000  -0.202456  -0.876933
47280.000000  1.21365  0.465878
47340.000000  0.397018  0.0487477
47400.000000  -0.179184  -0.46679
47460.000000  -0.200739  -0.222943
47520.000000  -0.123607  -0.380423
47580.000000  -0  -0
47640.000000  -0.185437  -0.0749213
47700.000000  -0.240726  -0.319454
47760.000000  0.185437  -0.0749213
47820.000000  0.414519  0.279596
47880.000000  0.535304  0.594516
47940.000000  0.340999  0.365677
48000.000000  -0.0209269  0.299269
48060.000000  -0.599634  0.0209397
48120.000000  -1.05739  0.303201
48180.000000  -1.10461  0.468877
48240.000000  -1.8  2.20436e-16
48300.000000  -2.94562  -1.25034
48360.000000  -2.68883  -1.08636
48420.000000  -2.69638  -1.31511
48480.000000  -1.90526  -1.1
48540.000000  -1.72022  -1.20451
48600.000000  -0.327661  -0.229431
48660.000000  0.653506  -0.250858
48720.000000  0.179759  -0.0876742
48780.000000  0.149843  -0.370874
48840.000000  0.229813  -0.192836
48900.000000  0.286891  -0.0877115
48960.000000  0.125864  -0.155429
49020.000000  0.0694658  -0.071934
49080.000000  0.0766044  -0.0642788
49140.000000  0.199239  -0.0174311
49200.000000  0.319454  0.240726
49260.000000  0.301884  0.262424
49320.000000  0.208398  0.215802
49380.000000  0.143347  0.373432
49440.000000  -0.520201  0.468391
49500.000000  -1.90211  -0.618034
49560.000000  -2.72511  -0.991858
49620.000000  -1.99388  -0.92976
49680.000000  -1.94248  -1.03284
49740.000000  -2.90018  -1.35238
49800.000000  -2.67302  -1.36197
49860.000000  -1.78201  -0.907981
49920.000000  -1.41842  -1.10819
49980.000000  -1.32115  -1.06984
50040.000000  -1.0286  -0.618046
50100.000000  -0.262386  -0.145443
50160.000000  0.385673  0.459627
50220.000000  0.242705  0.176336
50280.000000  0.299954  -0.00523572
50340.000000  0  0
50400.000000  0.198054  -0.0278346
50460.000000  0  0
50520.000000  0  0
50580.000000  -0.0907981  -0.178201
50640.000000  0.245746  0.172073
50700.000000  -0.167734  -0.108928
50760.000000  -0.891241  0.125256
50820.000000  -0.588976  0.114485
50880.000000  -1.08329  0.191013
50940.000000  -0.741747  0.299685
51000.000000  -0.878499  0.661997
51060.000000  -2.47567  -0.347933
51120.000000  -2.57741  -1.09405
51180.000000  -2.40572  -1.22577
51240.000000  -2.4432  -0.889252
51300.000000  -1.85437  -0.749213
51360.000000  -1.51471  -0.771784
51420.000000  -1.69291  -0.862582
51480.000000  -1.12583  -0.65
51540.000000  -0.519615  -0.3
51600.000000  -0.594516  -0.535304
51660.000000  0.257519  0.428584
51720.000000  -1.66893  -0.674292
51780.000000  -1.10461  -0.468877
51840.000000  -1.52795  -0.745231
51900.000000  -1.01256  -0.429804
51960.000000  -0.560148  -0.215021
52020.000000  -0.278155  -0.112382
52080.000000  -0.0990268  -0.0139173
52140.000000  -0.393923  0.0694593
52200.000000  -0.460252  -0.195366
52260.000000  -0.528297  -0.459241
52320.000000  -0.25715  -0.154511
52380.000000  -0.0517638  0.193185
52440.000000  0.0104714  0.599909
52500.000000  -0.0551275  0.192252
52560.000000  -0.0469472  0.0882948
52620.000000  -0.110255  0.384505
52680.000000  0.0488295  0.698295
52740.000000  0.0522642  0.497261
52800.000000  0.145153  0.582177
52860.000000  0.363192  0.712805
52920.000000  0.146243  -1.19106
52980.000000  0.0226881  -1.2998
53040.000000  -0.905651  -0.787271
53100.000000  -1.10246  -0.688895
53160.000000  -0.43731  -0.242405
53220.000000  -0.655322  -0.458861
53280.000000  -0.459627  -0.385673
53340.000000  -0.466288  -0.377592
53400.000000  -1.06921  -0.544789
53460.000000  -0.377355  -0.32803
53520.000000  0.468391  -0.520201
53580.000000  0.0173648  -0.0984808
53640.000000  0.165808  -0.111839
53700.000000  0.0515038  0.0857167
53760.000000  -0.567311  0.195341
53820.000000  0.0575696  1.09849
53880.000000  -0.227898  0.661863
53940.000000  -1.0049  0.44741
54000.000000  -0.952628  0.55
54060.000000  -0.728115  0.529007
54120.000000  -1.48349  -0.599371
54180.000000  -2.14361  -0.494892
54240.000000  -1.60738  -0.553466
54300.000000  -1.65691  -0.703316
54360.000000  -2.00824  -0.613981
54420.000000  -1.57432  -0.872657
54480.000000  -0.259808  -0.15
54540.000000  0.359518  0.175348
54600.000000  0.860674  -0.263135
54660.000000  0.496273  0.0609347
54720.000000  0.391435  -0.580326
54780.000000  0.699893  -0.0122167
54840.000000  -0.104587  -1.19543
54900.000000  -0.645062  -1.68044
54960.000000  -0.104189  -0.590885
55020.000000  0.228703  -1.07596
55080.000000  0.66883  -0.602218
55140.000000  -0.61372  -1.25831
55200.000000  -0.870919  -3.49306
55260.000000  -0.156283  -0.886327
55320.000000  -0.648936  -1.99722
55380.000000  0.130734  -1.49429
55440.000000  -1.1153  -1.28301
55500.000000  -1.06921  -0.544789
55560.000000  -1.46156  -0.337427
55620.000000  -0.886327  -0.156283
55680.000000  -1.32442  -0.704207
55740.000000  -0.27232  -0.419335
55800.000000  0.436329  0.787158
55860.000000  0.257519  0.428584
55920.000000  0.479181  -0.361089
55980.000000  1.01256  -0.429804
56040.000000  0.75471  -0.656059
56100.000000  1.0199  -0.412067
56160.000000  0.472806  -0.369397
56220.000000  0.416795  -0.431604
56280.000000  0.306418  -0.257115
56340.000000  0.0651136  -0.189104
56400.000000  -0.0104698  -0.299817
56460.000000  0.093358  0.0358368
56520.000000  1.06921  0.544789
56580.000000  1.13137  1.13137
56640.000000  0.0732889  2.09872
56700.000000  -0.139513  1.99513
56760.000000  0.459652  1.84356
56820.000000  0.167008  1.18832
56880.000000  -2.47275  -0.803444
56940.000000  -2.76151  -1.17219
57000.000000  -1.73574  -0.7728
57060.000000  -2.08451  -0.972022
57120.000000  -0.927184  -0.374607
57180.000000  -0.699893  0.0122167
57240.000000  -1.20534  -0.486989
57300.000000  -0.0920505  -0.0390731
57360.000000  0.298357  0.0313585
57420.000000  0.469846  -0.17101
57480.000000  0.353553  -0.353553
57540.000000  0.342867  -0.206015
57600.000000  -0.35967  -0.347329
57660.000000  -0.409199  -0.438812
57720.000000  0.0279026  -0.399026
57780.000000  0.496273  -0.0609347
57840.000000  -0.0749213  -0.185437
57900.000000  1.05194  0.321609
57960.000000  0.893292  0.109682
58020.000000  1.39659  0.0976591
58080.000000  0.927184  0.374607
58140.000000  0.264884  0.140841
58200.000000  -0.466288  -0.377592
58260.000000  0.145443  0.262386
58320.000000  0.0522934  0.597717
58380.000000  0.272394  0.534604
58440.000000  0.899903  1.07246
58500.000000  0.120961  0.485148
58560.000000  0.195341  0.567311
58620.000000  0.260455  0.756415
58680.000000  0.175348  0.359518
58740.000000  -0.262386  -0.145443
58800.000000  0.524772  -0.290886
58860.000000  0.691382  -0.109504
58920.000000  0.478152  -0.146186
58980.000000  0.235114  -0.323607
59040.000000  0.292541  -0.272799
59100.000000  0.579555  -0.155291
59160.000000  0.399318  -0.300908
59220.000000  0.347329  -0.35967
59280.000000  0.460252  0.195366
59340.000000  0.876933  0.202456
59400.000000  0.898794  0.438371
59460.000000  0.655322  0.458861
59520.000000  1.53209  1.28558
59580.000000  0.263023  0.539276
59640.000000  -0.503456  0.621717
59700.000000  -1.38956  0.170617
59760.000000  -1.52169  -0.494427
59820.000000  -2.26924  -0.781364
59880.000000  -2.24059  -0.860083
59940.000000  -1.40936  -0.950628
60000.000000  -0.699431  -0.566388
60060.000000  -0.409199  0.438812
60120.000000  -0.449397  0.219186
60180.000000  0.301884  0.262424
60240.000000  0.167758  0.248711
60300.000000  0.219406  0.2046
60360.000000  0.570634  -0.18541
60420.000000  0.323607  -0.235114
60480.000000  1.31557  0.478828
60540.000000  0.359518  0.175348
60600.000000  0.342867  0.206015
60660.000000  0.365677  0.340999
60720.000000  0.463592  0.187303
60780.000000  0.535304  0.594516
60840.000000  1.2276  1.31644
60900.000000  0.751155  1.41272
60960.000000  0.146186  0.478152
61020.000000  -1.20534  -0.486989
61080.000000  -1.14757  -0.350846
61140.000000  -0.798904  0.0418688
61200.000000  -0.794037  0.0974955
61260.000000  -0.399318  0.300908
61320.000000  -0.592613  0.0938607
61380.000000  -1.09849  -0.0575696
61440.000000  -1.94164  -1.41068
61500.000000  -1.57602  -1.23132
61560.000000  -0.808915  -0.394534
61620.000000  -0.55631  -0.224764
61680.000000  1.19836  0.0628031
61740.000000  1.09732  0.0767321
61800.000000  0.498782  0.0348782
61860.000000  0.55631  -0.224764
61920.000000  0.145443  -0.262386
61980.000000  0.165382  -0.576757
62040.000000  1.09983  0.0191976
62100.000000  0.699041  0.0366352
62160.000000  0.751754  0.273616
62220.000000  1.87558  1.94222
62280.000000  1.60591  1.78355
62340.000000  2.94562  1.25034
62400.000000  2.64928  1.17954
62460.000000  1.9096  2.04779
62520.000000  0.749213  1.85437
62580.000000  1.21365  0.465878
62640.000000  1.31452  2.47225
62700.000000  1.16582  1.86571
62760.000000  -0.173648  0.984808
62820.000000  -0.350697  0.719035
62880.000000  -1.13462  -0.390682
62940.000000  0.233897  -0.765044
63000.000000  0.194842  -1.38638
63060.000000  -0.15309  -1.08929
63120.000000  0.169345  -0.679207
63180.000000  0.263023  -0.539276
63240.000000  0.693188  -0.0974212
63300.000000  0.136197  -0.267302
63360.000000  0.239591  -0.180545
63420.000000  0.760845  -0.247214
63480.000000  0.9  -2.20436e-16
63540.000000  0.790151  0.125148
63600.000000  1.19543  0.104587
63660.000000  1.09625  0.488084
63720.000000  1.2557  0.336465
63780.000000  1.65448  1.59771
63840.000000  1.01428  2.17514
63900.000000  0.921138  1.66178
63960.000000  -0.0906834  1.29683
64020.000000  -0.551275  1.92252
64080.000000  -0.430042  1.1203
64140.000000  -0.653506  0.250858
64200.000000  -2.30126  -0.976828
64260.000000  -1.79759  -0.876742
64320.000000  0.852877  0.981122
64380.000000  -1.0049  0.44741
64440.000000  -0.951057  0.309017
64500.000000  -0.246265  -0.315204
64560.000000  1.19106  -0.146243
64620.000000  0.672883  -0.192946
64680.000000  0.449397  -0.219186
64740.000000  0.375877  -0.136808
64800.000000  0.167758  -0.248711
64860.000000  1.53009  0.467795
64920.000000  0.961262  0.275637
64980.000000  1.69291  0.862582
65040.000000  1.86571  1.16582
65100.000000  1.86716  0.716736
65160.000000  0.356403  0.181596
65220.000000  0.243107  1.37873
65280.000000  1.16582  1.86571
65340.000000  0.362537  1.86509
65400.000000  -0.584743  1.91261
65460.000000  -0.337146  0.834465
65520.000000  -2.72511  -0.991858
65580.000000  -1.78542  -0.649838
65640.000000  -2.4432  -0.889252
65700.000000  -1.6168  -0.525329
65760.000000  -0.277837  1.57569
65820.000000  0.325568  0.945519
65880.000000  0.570634  0.18541
65940.000000  0.109682  -0.893292
66000.000000  0.284716  -0.639482
66060.000000  0.520201  -0.468391
66120.000000  0.375877  -0.136808
66180.000000  0.143347  -0.373432
66240.000000  -0.114485  -0.588976
66300.000000  0.584622  -0.134971
66360.000000  0.653506  -0.250858
66420.000000  0.323607  -0.235114
66480.000000  0.495134  0.0695866
66540.000000  0.590885  -0.104189
66600.000000  0.629156  0.30686
66660.000000  0.541634  0.718772
66720.000000  -0.554095  -0.70921
66780.000000  -0.893292  0.109682
66840.000000  -0.678438  0.423935
66900.000000  -1.05172  0.764121
66960.000000  -2.4432  -0.889252
67020.000000  -2.33686  -1.13976
67080.000000  -2.80955  -1.31012
67140.000000  -1.07855  -0.526045
67200.000000  -0.658218  -0.613799
67260.000000  -1.02694  -0.394205
67320.000000  -0.838671  -0.544639
67380.000000  0.250858  -0.653506
67440.000000  0.447354  -0.66323
67500.000000  0.566388  -0.699431
67560.000000  0.248711  -0.167758
67620.000000  0.349848  -0.193924
67680.000000  0.772741  -0.207055
67740.000000  1.31193  0.727214
67800.000000  0.952628  0.55
67860.000000  0.649029  0.262225
67920.000000  0.299685  -0.741747
67980.000000  0.584622  -0.134971
68040.000000  0.882948  -0.469472
68100.000000  -1.2216  -0.444626
68160.000000  -2.09829  -1.69917
68220.000000  -3.83689  -1.70829
68280.000000  -2.76212  -1.40737
68340.000000  -3.17417  -1.21845
68400.000000  -2.66976  -1.93969
68460.000000  -2.51601  -1.63392
68520.000000  -0.498988  -2.34755
68580.000000  -2.26577  -1.05655
68640.000000  -2.67302  -1.36197
68700.000000  -0.712805  -0.363192
68760.000000  -0.625193  -0.647406
68820.000000  -1.26883  -0.591666
68880.000000  -1.41272  -0.751155
68940.000000  -2.03078  -1.07978
69000.000000  -1.13701  -0.630253
69060.000000  -1.03823  -0.78236
69120.000000  -0.923492  -1.18202
69180.000000  -1.73583  -1.50894
69240.000000  -1.39256  -0.97508
69300.000000  -1.08757  -0.507142
69360.000000  -0.424024  -0.26496
69420.000000  -0.0417519  -0.29708
69480.000000  -0.21773  -0.873266
69540.000000  -0.939693  -0.34202
69600.000000  0.293011  -0.850967
69660.000000  -1.91261  -0.584743
69720.000000  -2.52277  -0.628997
69780.000000  -1.66893  -0.674292
69840.000000  -1.92252  -0.551275
69900.000000  -3.34707  -1.0233
69960.000000  -1.44889  -0.388229
70020.000000  -1.8513  -0.427407
70080.000000  -1.6168  -0.525329
70140.000000  -1.55429  1.25864
70200.000000  -1.22447  0.678733
70260.000000  0.66323  0.447354
70320.000000  0.472759  0.162784
70380.000000  0.939693  0.34202
70440.000000  0.978148  0.207912
70500.000000  0.712805  -0.363192
70560.000000  0.404508  -0.293893
70620.000000  0.452826  -0.393635
70680.000000  0.438812  -0.409199
70740.000000  0.134971  -0.584622
70800.000000  0.404508  -0.293893
70860.000000  0.287736  -0.277863
70920.000000  0.428584  -0.257519
70980.000000  -0.817459  0.736044
71040.000000  -0.95076  0.886598
71100.000000  -1.47447  1.03244
71160.000000  -1.16843  0.569882
71220.000000  -1.88747  0.920579
71280.000000  -1.84356  -0.459652
71340.000000  1.03481  1.59347
71400.000000  1.80611  1.87028
71460.000000  1.3845  1.70972
71520.000000  0.609226  1.58709
71580.000000  1.68346  0.236594
71640.000000  0.120961  0.485148
71700.000000  0.629156  0.30686
71760.000000  0.290886  -0.524772
71820.000000  0.111338  -0.792214
71880.000000  0.145153  -0.582177
71940.000000  0.184698  -0.236403
72000.000000  0.584622  0.134971
72060.000000  2.09232  0.679837
72120.000000  2.13252  0.861595
72180.000000  2.44703  1.14107
72240.000000  1.29904  0.75
72300.000000  1.34819  0.657557
72360.000000  1.27207  0.794879
72420.000000  1.29289  1.65482
72480.000000  0.651136  1.89104
72540.000000  0.273512  0.644353
72600.000000  -0.48481  0.87462
72660.000000  -1.17795  0.228971
72720.000000  -2.3638  -0.81392
72780.000000  -2.25526  -0.820848
72840.000000  -2.87427  -1.16128
72900.000000  -2.37522  -1.05752
72960.000000  -1.72198  -0.802975
73020.000000  -0.988673  -0.482208
73080.000000  -0.866025  -0.5
73140.000000  -0.586889  0.124747
73200.000000  0.676148  -0.181173
73260.000000  0.999391  -0.0348995
73320.000000  0.596713  -0.0627171
73380.000000  0.226995  -0.445503
73440.000000  0.582177  0.145153
73500.000000  0.453154  0.211309
73560.000000  2.02511  0.859608
73620.000000  2.20921  0.937755
73680.000000  1.92416  1.06658
73740.000000  2.22943  2.00739
73800.000000  1.0239  0.954798
73860.000000  1.53209  1.28558
73920.000000  1.95089  2.40915
73980.000000  1.70575  1.96224
74040.000000  0.824061  1.37147
74100.000000  -0.81392  2.3638
74160.000000  0.0732889  2.09872
74220.000000  -0.517387  2.24105
74280.000000  -0.0383953  2.19966
74340.000000  0.798102  1.50101
74400.000000  1.51283  0.520909
74460.000000  0.795618  -0.0836228
74520.000000  0.787271  0.905651
74580.000000  1.09933  0.0383894
74640.000000  0.97437  -0.224951
74700.000000  0.661863  -0.227898
74760.000000  -0.0209397  -0.599634
74820.000000  0.21773  -0.873266
74880.000000  1.94709  0.786674
74940.000000  2.30126  0.976828
75000.000000  2.07956  0.292264
75060.000000  2.51601  1.63392
75120.000000  1.51471  0.771784
75180.000000  1.47244  0.286213
75240.000000  2.2109  0.633966
75300.000000  2.94828  0.957953
75360.000000  0.848528  0.848528
75420.000000  0.406737  0.913545
75480.000000  -0.41411  1.54548
75540.000000  0.146243  1.19106
75600.000000  -0.181367  2.59367
75660.000000  -0.132537  1.89537
75720.000000  -0.0261786  1.49977
75780.000000  -0.526269  1.72135
75840.000000  2.08451  0.972022
75900.000000  1.69145  0.615636
75960.000000  1.07979  0.20989
76020.000000  1.67907  0.265939
76080.000000  0.819152  0.573576
76140.000000  0.699893  0.0122167
76200.000000  -0.422618  -0.906308
76260.000000  0.487185  0.112476
76320.000000  0.234439  -0.552303
76380.000000  0.463592  0.187303
76440.000000  0.567311  0.195341
76500.000000  0.485148  0.120961
76560.000000  -0.287736  -0.277863
76620.000000  -0.0763236  -0.392651
76680.000000  1.01766  0.635903
76740.000000  0.661997  0.878499
76800.000000  0.842649  0.707066
76860.000000  0.347329  0.35967
76920.000000  -0.899863  0.0157072
76980.000000  -0.389748  -0.0899804
77040.000000  -0.283656  0.0976704
77100.000000  -1.51741  -1.14345
77160.000000  -2.31796  -0.936516
77220.000000  -2.96602  -1.44662
77280.000000  -3.17208  -1.47916
77340.000000  -2.78626  -1.35895
77400.000000  -1.52795  -0.745231
77460.000000  -0.718772  -0.541634
77520.000000  -2.57176e-16  -1.4
77580.000000  -1.61783  -0.789068
77640.000000  -0.87462  -0.48481
77700.000000  -0.453154  -0.211309
77760.000000  -1.06252  -0.284701
77820.000000  0.796956  -0.0697246
77880.000000  0.339367  0.612234
77940.000000  0.289778  0.0776457
78000.000000  0.0716736  0.186716
78060.000000  0.728115  0.529007
78120.000000  -0.109504  0.691382
78180.000000  -1.24964  -0.358329
78240.000000  -1.46722  -0.311868
78300.000000  -2.01865  -0.578838
78360.000000  -2.17469  -0.748807
78420.000000  -1.33883  -0.40932
78480.000000  -1.70193  -0.586023
78540.000000  -2.15192  -0.457406
78600.000000  -1.45544  -0.362883
78660.000000  -1.73867  -0.465874
78720.000000  -2.05388  -0.788409
78780.000000  -1.21365  -0.465878
78840.000000  -0.368202  -0.156292
78900.000000  0.669413  -0.20466
78960.000000  0.293444  -0.0623735
79020.000000  0.257115  -0.306418
79080.000000  0.669413  0.20466
79140.000000  -0.0695866  -0.495134
79200.000000  0.873266  0.21773
79260.000000  0.369397  -0.472806
79320.000000  -0.0731216  -0.595528
79380.000000  1.2216  0.444626
79440.000000  2.27401  1.26051
79500.000000  1.87939  0.68404
79560.000000  0.794037  0.0974955
79620.000000  -0.0927184  -0.0374607
79680.000000  1.6961  1.05984
79740.000000  1.22465e-16  2
79800.000000  0.200458  2.29125
79860.000000  -0.180925  1.28735
79920.000000  -2.13465  -0.532228
79980.000000  -0.980107  -0.49939
80040.000000  -1.52795  -0.745231
80100.000000  -0.61372  1.25831
80160.000000  -1.28025  -0.225743
80220.000000  -0.693188  0.0974212
80280.000000  0.235114  0.323607
80340.000000  -0.590453  -0.679239
80400.000000  0.771345  0.919253
80460.000000  -0.459241  -0.528297
80520.000000  0.180545  0.239591
80580.000000  0.396107  0.0556692
80640.000000  0.262386  0.145443
80700.000000  0.794653  -0.422524
80760.000000  0.756415  -0.260455
80820.000000  1.42658  0.463525
80880.000000  2.30703  0.66153
80940.000000  2.44537  0.519779
81000.000000  2.05388  0.788409
81060.000000  1.59748  0.581434
81120.000000  1.13206  0.984089
81180.000000  0.491756  1.83526
81240.000000  0.978572  1.62862
81300.000000  0.781364  2.26924
81360.000000  0.0871557  0.996195
81420.000000  -1.10461  -0.468877
81480.000000  -1.18177  -0.208378
81540.000000  -1.05659  0.918483
81600.000000  -1.21365  0.465878
81660.000000  1.39915  0.0488593
81720.000000  -0.936783  -1.0404
81780.000000  -1.13206  -0.984089
81840.000000  -1.32373  -0.455795
81900.000000  -0.857167  -0.515038
81960.000000  -1.95051  -1.21881
82020.000000  -0.952628  -0.55
82080.000000  -0.21773  -0.873266
82140.000000  -0.408591  -0.801906
82200.000000  0.0348623  -0.398478
82260.000000  0.490814  -0.0954045
82320.000000  0.598538  0.0418539
82380.000000  0.543785  -0.253571
82440.000000  0  -0
82500.000000  0.0835039  -0.594161
82560.000000  -0.0940756  0.89507
82620.000000  -0.0776457  0.289778
82680.000000  0.678733  1.22447
82740.000000  -0.547232  1.50351
82800.000000  -0.551275  1.92252
82860.000000  1.24964  0.358329
82920.000000  1.00708  0.972522
82980.000000  1.2276  1.31644
83040.000000  -0.818398  0.877624
83100.000000  0.0244334  -1.39979
83160.000000  -0.225743  -1.28025
83220.000000  -0.612234  -0.339367
83280.000000  -0.956305  0.292372
83340.000000  -0.592613  0.0938607
83400.000000  0.229431  -0.327661
83460.000000  0.339219  -0.211968
83520.000000  0.27232  -0.419335
83580.000000  0.35967  -0.347329
83640.000000  0.393635  -0.452826
83700.000000  0.48541  -0.352671
83760.000000  0.699893  -0.0122167
83820.000000  0.891241  0.125256
83880.000000  1.06921  0.544789
83940.000000  0.398478  0.0348623
84000.000000  -0.0732703  -1.39808
84060.000000  -2.78766  -0.799348
84120.000000  -1.69963  -2.82865
84180.000000  -3.00009  -1.80263
84240.000000  -2.96602  -1.44662
84300.000000  -2.53766  -1.18333
84360.000000  -1.74098  -1.17431
84420.000000  -1.60869  -1.34985
84480.000000  -0.789404  -2.58202
84540.000000  -1.26757  -2.38396
84600.000000  -2.59808  -1.5
84660.000000  -1.13262  -0.822899
84720.000000  -0.551608  -0.430963
84780.000000  -1.45718  -0.875565
84840.000000  -0.479181  -0.361089
84900.000000  0.638908  -0.481452
84960.000000  0.573406  -0.401504
85020.000000  0.582177  0.145153
85080.000000  0.8  0
85140.000000  0.873266  0.21773
85200.000000  0.253571  -0.543785
85260.000000  0.588976  -0.114485
85320.000000  1.09581  0.0958713
85380.000000  0.134056  1.0918
85440.000000  -0.332659  1.56504
85500.000000  -0.0523492  1.49909
85560.000000  0.330765  1.15351
85620.000000  1.63414  0.468584
85680.000000  1.2998  0.0226881
85740.000000  -2.02254  1.46946
85800.000000  -1.24356  0.838789
85860.000000  1.37873  0.243107
85920.000000  1.68044  0.645062
85980.000000  1.31193  0.727214
86040.000000  0.552303  0.234439
86100.000000  1.13462  0.390682
86160.000000  0.883464  0.171728
86220.000000  0.901067  0.630934
86280.000000  0.796956  0.0697246
86340.000000  0.765044  0.233897
86400.000000  0.460252  -0.195366
86460.000000  0.5  -1.22465e-16
86520.000000  0.592613  0.0938607
86580.000000  -0.592613  -0.0938607
86640.000000  -0.939693  0.34202
86700.000000  -0.587069  -0.381247
86760.000000  0.401478  0.445887
86820.000000  0.8  0
86880.000000  0.860674  0.263135
86940.000000  0.911941  0.615112
87000.000000  0.866812  0.677228
87060.000000  1.01256  0.429804
87120.000000  0.303201  1.05739
87180.000000  0.209057  1.98904
87240.000000  -0.275637  0.961262
87300.000000  0.648936  1.99722
87360.000000  0.156434  0.987688
87420.000000  1.2216  0.444626
87480.000000  0.321609  1.05194
87540.000000  -0.9  1.10218e-16
87600.000000  0.599909  -0.0104714
87660.000000  0.396107  0.0556692
87720.000000  1.19836  0.0628031
87780.000000  0.5  0
87840.000000  0.259808  -0.15
87900.000000  0.499315  -0.026168
87960.000000  0.499695  0.0174497
88020.000000  0.281908  -0.102606
88080.000000  0.499695  0.0174497
88140.000000  0.485148  0.120961
88200.000000  0.795618  0.0836228
88260.000000  0.669413  0.20466
88320.000000  0.524847  -0.603768
88380.000000  0.0974212  -0.693188
88440.000000  -0.790151  -0.125148
88500.000000  -1.09983  -0.0191976
88560.000000  -0.999848  -0.0174524
88620.000000  -1.28735  0.180925
88680.000000  -1.19543  0.104587
88740.000000  -0.978148  0.207912
88800.000000  -1.19836  -0.0628031
88860.000000  -0.422524  -0.794653
88920.000000  -0.684703  0.145538
88980.000000  -0.676148  -0.181173
89040.000000  0.0782172  -0.493844
89100.000000  -0.18541  -0.570634
89160.000000  -0.0522642  -0.497261
89220.000000  0.647406  -0.625193
89280.000000  0.486261  -0.503538
89340.000000  0.551608  -0.430963
89400.000000  0.264884  -0.140841
89460.000000  0.2  -0.34641
89520.000000  0.414519  -0.279596
89580.000000  0.120961  -0.485148
89640.000000  -0.272394  -0.534604
89700.000000  -1.11809  -0.842541
89760.000000  -0.638908  -0.481452
89820.000000  -1.42561  -0.726385
89880.000000  -2.04788  -1.43394
89940.000000  -2.01163  -1.11506
90000.000000  -3.08145  -1.4369
90060.000000  -2.91305  -1.06026
90120.000000  -2.14292  -1.2876
90180.000000  -1.91673  -1.44436
90240.000000  -1.6853  -1.41413
90300.000000  -1.14783  -0.610313
90360.000000  -0.599103  -0.922538
90420.000000  0.0695866  -0.495134
90480.000000  1.2998  0.0226881
90540.000000  0.613799  -0.658218
90600.000000  -1.41602  -1.81242
90660.000000  -2.08609  -2.01451
90720.000000  -1.13498  -2.22752
90780.000000  -1.07978  -2.03078
90840.000000  -0.887498  -1.90325
90900.000000  -0.381618  -1.96325
90960.000000  -1.03244  -1.47447
91020.000000  -0.876742  -1.79759
91080.000000  -1.29289  -1.65482
91140.000000  -0.415823  -1.9563
91200.000000  -0.906352  -2.96454
91260.000000  -0.973977  -2.41068
91320.000000  -2.36147  -1.30899
91380.000000  -2.26525  -1.6458
91440.000000  -2.67302  -1.36197
91500.000000  -3.26691  -1.73704
91560.000000  -2.29363  -1.60601
91620.000000  -2.52163  -1.97012
91680.000000  -2.74344  -3.04689
91740.000000  -1.80611  -1.87028
91800.000000  -1.83848  -1.83848
91860.000000  -1.72642  -1.66718
91920.000000  -1.3391  -2.22863
91980.000000  -1.55885  -0.9
92040.000000  -2.15632  -1.6249
92100.000000  -1.22559  -2.62829
92160.000000  -0.165596  -1.89277
92220.000000  -0.927051  -2.85317
92280.000000  -1.13278  -1.39886
92340.000000  -1.48492  -1.48492
92400.000000  -0.995858  -0.835624
92460.000000  -1.29313  -1.77984
92520.000000  -0.526269  -1.72135
92580.000000  -1.89884  -0.066309
92640.000000  -2.89823  -0.101209
92700.000000  -2.79957  -0.0488667
92760.000000  -3.46054  -0.992294
92820.000000  -2.28286  -0.280299
92880.000000  -4.04457  -1.97267
92940.000000  -1.98969  -1.34206
93000.000000  -2.81873  -1.90126
93060.000000  -3.46054  -0.992294
93120.000000  -2.85122  -1.45277
93180.000000  -2.2944  -0.16044
93240.000000  -0.730929  -2.39076
93300.000000  0.305294  -1.5706
93360.000000  -0.931757  -2.42731
93420.000000  -3.87663  -1.33483
93480.000000  -0.987688  -0.156434
93540.000000  0.250858  -0.653506
93600.000000  -0.891007  -0.45399
93660.000000  0.731354  -0.681998
93720.000000  0.390682  -1.13462
93780.000000  0.234736  -0.441474
93840.000000  0.35967  -0.347329
93900.000000  0.472759  -0.162784
93960.000000  0.396107  0.0556692
94020.000000  -0.596713  0.0627171
94080.000000  0.299685  0.741747
94140.000000  -0.897808  -0.0627808
94200.000000  -0.644353  0.273512
94260.000000  -1.36941  0.291076
94320.000000  -0.44741  -1.0049
94380.000000  -0.945519  0.325568
94440.000000  -1.19666  -0.50795
94500.000000  -0.919239  -0.919239
94560.000000  -0.9  1.10218e-16
94620.000000  0.114981  1.09397
94680.000000  1  1.73205
94740.000000  0.492529  0.630409
94800.000000  0.756415  -0.260455
94860.000000  0.669131  -0.743145
94920.000000  0.861926  -1.10322
94980.000000  0.754804  -0.490175
95040.000000  -0.0697565  -0.997564
95100.000000  0.819152  -0.573576
95160.000000  0.299685  -0.741747
95220.000000  -0.707066  -0.842649
95280.000000  0.247214  -0.760845
95340.000000  0.350846  -1.14757
95400.000000  -0.488352  -1.41828
95460.000000  -0.404912  -1.75387
95520.000000  -1.13752  -1.26335
95580.000000  -1.59727  -1.20363
95640.000000  -1.81865  -1.05
95700.000000  -2.19464  -0.153464
95760.000000  -2.29566  1.22063
95820.000000  -3.17615  -0.389982
95880.000000  -2.19163  -0.191743
95940.000000  -2.45238  -2.20813
96000.000000  -1.94286  -1.5733
96060.000000  -1.96021  -0.998779
96120.000000  -2.84672  -0.553346
96180.000000  -1.27782  -0.962904
96240.000000  0.385892  -1.34577
96300.000000  -0.236594  -1.68346
96360.000000  -1.0918  0.134056
96420.000000  -1.47281  -0.62517
96480.000000  -0.978148  -0.207912
96540.000000  0.317793  -0.623705
96600.000000  0.205212  -0.563816
96660.000000  -0.587132  -1.80701
96720.000000  -0.528297  -0.459241
96780.000000  -2.56799  -0.40673
96840.000000  -1.37779  -2.20493
96900.000000  -1.06247  -1.57517
96960.000000  -3.02055  -0.697348
97020.000000  -1.98559  -0.683693
97080.000000  -2.57741  -1.09405
97140.000000  -2.79616  -0.146541
97200.000000  -2.24974  -0.478197
97260.000000  -2.16129  -0.786646
97320.000000  -1.98509  -0.243739
97380.000000  -1.35191  -1.86074
97440.000000  -1.8513  -0.427407
97500.000000  -1.21353  -0.881678
97560.000000  -0.699431  -0.566388
97620.000000  1.35688  0.847871
97680.000000  1.49178  0.156793
97740.000000  0.760845  0.247214
97800.000000  0.590453  -0.679239
97860.000000  0.5  -0.866025
97920.000000  0.169345  -0.679207
97980.000000  0.421271  -0.559045
98040.000000  -0.350697  -0.719035
98100.000000  0.599909  -0.0104714
98160.000000  0.394005  -0.307831
98220.000000  0.689365  -0.121554
98280.000000  1.05801  1.45623
98340.000000  1.14374  1.76121
98400.000000  1.51061  1.45878
98460.000000  1.41606  2.18054
98520.000000  1.47841  1.7619
98580.000000  0.526269  1.72135
98640.000000  0.832905  1.70771
98700.000000  -2.08451  -0.972022
98760.000000  -2.30126  -0.976828
98820.000000  -0.586023  -1.70193
98880.000000  -1.43446  -0.438558
98940.000000  -1.21365  -0.465878
99000.000000  -1.73205  -1
99060.000000  -0.374607  -0.927184
99120.000000  0.109682  -0.893292
99180.000000  0.0958713  -1.09581
99240.000000  0.366063  -0.822191
99300.000000  0.307818  -0.845723
99360.000000  0.4  -0.69282
99420.000000  0.145153  -0.582177
99480.000000  -0.576757  -0.165382
99540.000000  -0.438812  -0.409199
99600.000000  0.0522934  -0.597717
99660.000000  0.0871557  -0.996195
99720.000000  0.224764  -0.55631
99780.000000  0.172078  -1.08646
99840.000000  -0.886598  0.95076
99900.000000  -0.799513  -0.0279196
99960.000000  -0.409199  -0.438812
100020.000000  -0.779496  -0.179961
100080.000000  -0.706358  -0.375577
100140.000000  -0.951057  -0.309017
100200.000000  -0.373432  -0.143347
100260.000000  -0.466288  -0.377592
100320.000000  -0.66574  -0.216312
100380.000000  -0.539276  -0.263023
100440.000000  0.0471024  0.898767
100500.000000  0.3  -0.519615
100560.000000  0.32863  -0.618063
100620.000000  -0.601815  0.798636
100680.000000  -0.380083  -1.2432
100740.000000  0.0174524  0.999848
100800.000000  -0.794653  0.422524
100860.000000  -0.777146  -0.62932
100920.000000  -1.46722  0.311868
100980.000000  -0.981122  0.852877
101040.000000  -1.29921  -0.0453693
101100.000000  -0.194991  -1.58807
101160.000000  -0.387848  -0.699696
101220.000000  -0.9  -1.55885
101280.000000  -0.187789  -0.353179
101340.000000  -0.140841  -0.264884
101400.000000  -0.594516  -0.535304
101460.000000  -0.51423  -0.612836
101520.000000  -0.599103  -0.922538
101580.000000  -0.804489  -0.750198
101640.000000  -0.377592  -0.466288
101700.000000  -0.822191  -0.366063
101760.000000  -0.876933  0.202456
101820.000000  -0.962082  -0.533291
101880.000000  -0.251728  -0.310858
101940.000000  0.0488295  -0.698295
102000.000000  0.539276  -0.263023
102060.000000  -0.0731216  -0.595528
102120.000000  0.511948  -0.477399
102180.000000  0.335516  -0.497423
102240.000000  0.436329  -0.787158
102300.000000  -0.263023  -0.539276
102360.000000  0.103956  -0.489074
102420.000000  -0.469472  -0.882948
102480.000000  -0.207912  -0.978148
102540.000000  -1.83697e-16  -1
102600.000000  -1.03823  -0.78236
102660.000000  -0.208378  -1.18177
102720.000000  0.0415823  -0.19563
102780.000000  -0.822191  -0.366063
102840.000000  -0.496273  -0.0609347
102900.000000  -0.356403  -0.181596
102960.000000  -0.657557  1.34819
103020.000000  -0.873266  -0.21773
103080.000000  -0.972522  -1.00708
103140.000000  -1.72135  -0.526269
103200.000000  -2.25526  0.820848
103260.000000  -1.28871  -0.547024
103320.000000  -0.6  7.34788e-17
103380.000000  0.171728  0.883464
103440.000000  0.224764  0.55631
103500.000000  0.449397  -0.219186
103560.000000  0.470228  -0.647214
103620.000000  0.623705  -0.317793
103680.000000  0.70921  -0.554095
103740.000000  0.612836  -0.51423
103800.000000  0.685734  -0.41203
103860.000000  0.565685  -0.565685
103920.000000  0.855951  0.278115
103980.000000  0.798904  0.0418688
104040.000000  0.598538  0.0418539
104100.000000  -0.965926  -0.258819
104160.000000  0.364661  2.0681
104220.000000  -0.374241  1.76067
104280.000000  -0.236594  1.68346
104340.000000  -0.40932  1.33883
104400.000000  -1.33148  -0.432624
104460.000000  -0.331615  0.223677
104520.000000  -0.669413  0.20466
104580.000000  -1.34187  0.871422
104640.000000  -0.299685  0.741747
104700.000000  0.187121  0.880333
104760.000000  0.263135  0.860674
104820.000000  0.0837078  1.19708
104880.000000  0.0471024  0.898767
104940.000000  0.566312  0.41145
105000.000000  0.956305  0.292372
105060.000000  1.21244  0.7
105120.000000  1.16065  0.78287
105180.000000  0.612836  0.51423
105240.000000  0.669131  0.743145
105300.000000  0.865136  0.248074
105360.000000  1.10461  0.468877
105420.000000  1.16065  0.78287
105480.000000  0.421271  0.559045
105540.000000  0.245746  0.172073
105600.000000  -0.424264  0.424264
105660.000000  0.37082  1.14127
105720.000000  -0.763243  0.476927
105780.000000  -0.356403  0.181596
105840.000000  -1.19343  0.125434
105900.000000  -2.29513  0.701692
105960.000000  -2.28254  -0.741641
106020.000000  -1.53802  -0.44102
106080.000000  -1.74896  -0.742389
106140.000000  -1.40037  -0.537552
106200.000000  -1.11809  -0.842541
106260.000000  0.0627171  -0.596713
106320.000000  -0.649029  -0.262225
106380.000000  0.4  -0.69282
106440.000000  0.421271  -0.559045
106500.000000  0.284716  -0.639482
106560.000000  0.257115  -0.306418
106620.000000  1.1  0
106680.000000  0.499315  -0.026168
106740.000000  0.503538  0.486261
106800.000000  0.699574  0.0244296
106860.000000  0.661863  -0.227898
106920.000000  0.404508  -0.293893
106980.000000  1.24651  1.43395
107040.000000  0.421271  0.559045
107100.000000  -0.20876  1.4854
107160.000000  -1.61803  1.17557
107220.000000  -1.22447  0.678733
107280.000000  -1.19106  0.146243
107340.000000  -1.68044  0.645062
107400.000000  -1.45009  -0.676189
107460.000000  -1.66178  0.921138
107520.000000  1.20534  0.486989
107580.000000  0.891996  1.6776
107640.000000  -1.04199  1.07901
107700.000000  -0.263135  0.860674
107760.000000  0.334565  -0.371572
107820.000000  0.69282  -0.4
107880.000000  0.657785  -0.239414
107940.000000  0.567311  -0.195341
108000.000000  0.244042  -0.548127
108060.000000  0.4  -9.79717e-17
108120.000000  1.24741  0.635587
108180.000000  1.16843  0.569882
108240.000000  1.92252  0.551275
108300.000000  1.7659  0.938943
108360.000000  1.80005  1.08158
108420.000000  1.20754  1.04969
108480.000000  1.22288  1.18092
108540.000000  0.609226  1.58709
108600.000000  0.881678  1.21353
108660.000000  -0.676148  0.181173
108720.000000  -2.31796  -0.936516
108780.000000  -2.41068  -0.973977
108840.000000  -1.23613  -0.65726
108900.000000  0.573389  1.49373
108960.000000  -0.15688  1.79315
109020.000000  1.37032  0.610105
109080.000000  -1.0239  0.954798
109140.000000  -0.693188  0.0974212
109200.000000  1.55885  0.9
109260.000000  1.28575  0.772557
109320.000000  1.08646  0.172078
109380.000000  1.96596  1.37658
109440.000000  2.73582  1.84534
109500.000000  1.6383  1.14715
109560.000000  1.53713  1.11679
109620.000000  1.0286  0.618046
109680.000000  2.15711  1.05209
109740.000000  2.20493  1.37779
109800.000000  2.01451  2.08609
109860.000000  1.69917  2.09829
109920.000000  1.09274  1.30228
109980.000000  1.01766  0.635903
110040.000000  1.18832  -0.167008
110100.000000  0.779496  -0.179961
110160.000000  -0.478152  -0.146186
110220.000000  -1.48882  -0.182804
110280.000000  -2.85594  -0.50358
110340.000000  -3.08145  -1.4369
110400.000000  -2.59611  -1.0489
110460.000000  -1.58709  -0.609226
110520.000000  -0.249494  -1.17378
110580.000000  -0.87462  -0.48481
110640.000000  -0.539276  -0.263023
110700.000000  1.82709  0.813473
110760.000000  1.69145  0.615636
110820.000000  1.15351  0.330765
110880.000000  1.17795  0.228971
110940.000000  0.696165  0.0731699
111000.000000  1.16924  0.269941
111060.000000  1.60381  0.817183
111120.000000  1.6168  0.525329
111180.000000  2.04932  1.04418
111240.000000  1.55885  0.9
111300.000000  1.50982  2.2384
111360.000000  1.03244  1.47447
111420.000000  0.32863  0.618063
111480.000000  1.45009  0.676189
111540.000000  0.736044  0.817459
111600.000000  -1.05194  -0.321609
111660.000000  -1.65643  -0.382417
111720.000000  -1.34187  -0.871422
111780.000000  -2.40887  -2.67532
111840.000000  -1.53209  -1.28558
111900.000000  -1.97735  -0.964417
111960.000000  -2.48639  -0.760166
112020.000000  -0.93358  -0.358368
112080.000000  -0.508829  -0.317952
112140.000000  -0.575472  -0.555727
112200.000000  0.361089  -0.479181
112260.000000  0.70921  -0.554095
112320.000000  0.566312  -0.41145
112380.000000  0.971242  0.516419
112440.000000  0.612234  0.339367
112500.000000  0.0669131  -0.0743145
112560.000000  0.397809  0.0418114
112620.000000  0.198904  0.0209057
112680.000000  -0.0325568  -0.0945519
112740.000000  -0.893292  0.109682
112800.000000  -0.779496  -0.179961
112860.000000  -2.31822  -0.621166
112920.000000  -2.68883  -1.08636
112980.000000  -2.55793  -1.13886
113040.000000  -2.28386  -1.01684
113100.000000  -1.85437  -0.749213
113160.000000  -1.18761  -0.528758
113220.000000  -1.57517  -1.06247
113280.000000  -0.718772  -0.541634
113340.000000  -0.479181  -0.361089
113400.000000  -0.371572  -0.334565
113460.000000  -0.932853  -0.582911
113520.000000  -0.190809  -0.981627
113580.000000  -0.169345  -0.679207
113640.000000  0.281683  -0.529769
113700.000000  0.0627808  -0.897808
113760.000000  -0.0609347  -0.496273
113820.000000  -0.573576  -0.819152
113880.000000  -0.551608  -0.430963
113940.000000  -0.994845  -0.671031
114000.000000  0.0871557  -0.996195
114060.000000  0.248052  -1.27612
114120.000000  -0.0731699  -0.696165
114180.000000  -1.50101  -0.798102
114240.000000  -1.72198  -0.802975
114300.000000  -1.06921  -0.544789
114360.000000  -1.68044  -0.645062
114420.000000  -1.94248  -1.03284
114480.000000  -1.31064  -0.917722
114540.000000  -1.35191  -1.86074
114600.000000  -1.91845  -0.854147
114660.000000  -1.97735  -0.964417
114720.000000  -3.12021  -1.07437
114780.000000  -1.30701  -0.501715
114840.000000  -1.71433  -1.03008
114900.000000  -1.76336  -2.42705
114960.000000  -5.03325  -2.45488
115020.000000  -3.17861  -1.6901
115080.000000  -1.86408  -2.22153
115140.000000  -1.76336  -2.42705
115200.000000  -2.8679  -2.49302
115260.000000  -4.79181  -3.61089
115320.000000  -3.31697  -2.40992
115380.000000  -3.61401  -1.17426
115440.000000  -3.34295  -2.00865
115500.000000  -3.40999  -3.65677
115560.000000  -3.19543  -3.30896
115620.000000  -4.1509  -3.60832
115680.000000  -2.91097  -2.44259
115740.000000  -2.89826  -2.60961
115800.000000  -3.27441  -2.46744
115860.000000  -2.72001  -2.20262
115920.000000  -1.69706  -1.69706
115980.000000  -1.44333  -1.66036
116040.000000  -2.2672  -2.11419
116100.000000  -1.78355  -1.60591
116160.000000  -2.52795  -2.1212
116220.000000  -1.73583  -1.50894
116280.000000  -1.38417  -1.83686
116340.000000  -0.362883  -1.45544
116400.000000  -0.95338  -1.87111
116460.000000  -0.281582  -1.77784
116520.000000  -0.139513  -1.99513
116580.000000  0.250295  -1.5803
116640.000000  0.374241  -1.76067
116700.000000  -0.472397  -2.04618
116760.000000  -0.324375  -1.66877
116820.000000  0.194842  -1.38638
116880.000000  -0.0836228  -0.795618
116940.000000  -0.350697  -0.719035
117000.000000  0.808915  -0.394534
117060.000000  -0.0575696  -1.09849
117120.000000  -2.20436e-16  -1.2
117180.000000  -0.771345  -0.919253
117240.000000  -1.18177  -0.208378
117300.000000  -2.11478  -0.606402
117360.000000  -1.79649  -0.618579
117420.000000  -0.167008  1.18832
117480.000000  0.618579  1.79649
117540.000000  0.680899  1.7738
117600.000000  0.985058  1.26082
117660.000000  1.03366  0.376222
117720.000000  -0.736404  -0.312585
117780.000000  -1.5429  -0.927069
117840.000000  -0.829038  -0.559193
117900.000000  -0.321394  -0.383022
117960.000000  -0.112382  -0.278155
118020.000000  0.362523  -0.169047
118080.000000  0.365418  -0.162695
118140.000000  0.579555  -0.155291
118200.000000  0.0956305  -0.0292372
118260.000000  0.153209  0.128558
118320.000000  0.852877  0.981122
118380.000000  2.73714  1.45536
118440.000000  1.73205  1
118500.000000  1.07775  0.726951
118560.000000  0.253571  0.543785
118620.000000  -1.19343  0.125434
118680.000000  -1.05659  0.918483
118740.000000  -0.603768  0.524847
118800.000000  -1.46722  0.311868
118860.000000  -1.81698  -0.555506
118920.000000  -1.79759  -0.876742
118980.000000  -1.50101  -0.798102
119040.000000  -1.07775  -0.726951
119100.000000  -0.771451  -0.463534
119160.000000  -1.1203  -0.430042
119220.000000  -0.593634  -0.370943
119280.000000  0.401478  -0.445887
119340.000000  0.365677  -0.340999
119400.000000  0.394005  -0.307831
119460.000000  0.669413  -0.20466
119520.000000  0.756415  -0.260455
119580.000000  0.373432  -0.143347
119640.000000  0.375877  -0.136808
119700.000000  -0.0121869  -0.0992546
119760.000000  0.441474  0.234736
119820.000000  0.377355  0.32803
119880.000000  0.259808  0.15
119940.000000  0.630934  -0.901067
120000.000000  0.459241  -0.528297
120060.000000  0.242405  -0.43731
120120.000000  -0.820535  -1.93306
120180.000000  0.382026  -2.16658
120240.000000  -0.789404  -2.58202
120300.000000  -2.52163  -1.97012
120360.000000  -2.80543  -2.70917
120420.000000  -2.85228  -2.65979
120480.000000  -1.89123  -1.47759
120540.000000  -2.33144  -1.88796
120600.000000  -1.97003  -1.53915
120660.000000  -1.62635  -1.62635
120720.000000  -0.752444  -2.06732
120780.000000  -0.478197  -2.24974
120840.000000  -0.508036  -2.03762
120900.000000  -0.465878  -1.21365
120960.000000  -2.93915e-16  -1.6
121020.000000  0.156793  -1.49178
121080.000000  -0.0244296  -0.699574
121140.000000  0.337146  -0.834465
121200.000000  0.587069  -0.381247
121260.000000  0.219186  -0.449397
121320.000000  0.0990268  0.0139173
121380.000000  -0.475528  0.154508
121440.000000  -0.0417519  0.29708
121500.000000  -0.736404  0.312585
121560.000000  -1.0286  0.618046
121620.000000  -0.869333  0.232937
121680.000000  -0.777146  0.62932
121740.000000  -0.838789  1.24356
121800.000000  -2.15192  -0.457406
121860.000000  -1.83686  -1.38417
121920.000000  -1.63492  -1.47209
121980.000000  -1.6776  -0.891996
122040.000000  -1.06921  -0.544789
122100.000000  0.27232  0.419335
122160.000000  0.41203  -0.685734
122220.000000  0.71934  -0.694658
122280.000000  0.323607  -0.235114
122340.000000  0.365677  -0.340999
122400.000000  0.449397  -0.219186
122460.000000  0.431604  -0.416795
122520.000000  0.154508  -0.475528
122580.000000  0.281683  -0.529769
122640.000000  0.326783  -0.503202
122700.000000  0.472806  -0.369397
122760.000000  0.520201  -0.468391
122820.000000  -0.319454  -0.240726
122880.000000  -0.441474  0.234736
122940.000000  -1.96052  -0.752573
123000.000000  -3.03767  -1.28941
123060.000000  -2.76212  -1.40737
123120.000000  -1.47224  -0.85
123180.000000  -0.985058  -1.26082
123240.000000  -1.91845  -0.854147
123300.000000  -0.881049  -1.088
123360.000000  -2.25526  -0.820848
123420.000000  -1.98969  -1.34206
123480.000000  -1.53209  -1.28558
123540.000000  -1.82709  -0.813473
123600.000000  -0.441474  -0.234736
123660.000000  -0.636396  -0.636396
123720.000000  -0.438812  -0.409199
123780.000000  0.215021  0.560148
123840.000000  1.12763  0.410424
123900.000000  0.499924  -0.0087262
123960.000000  0.114485  -0.588976
124020.000000  0.295442  0.0520945
124080.000000  -0.224951  -0.97437
124140.000000  0.227898  0.661863
124200.000000  -0.298357  -0.0313585
124260.000000  0.803007  1.14681
124320.000000  0.0906834  1.29683
124380.000000  1.04007  0.358125
124440.000000  -1.15351  0.330765
124500.000000  0.350846  1.14757
124560.000000  -1.37873  -0.243107
124620.000000  -1.37428  0.267133
124680.000000  -1.55899  0.359922
124740.000000  1.41272  0.751155
124800.000000  -1.40037  0.537552
124860.000000  -0.771451  0.463534
124920.000000  -0.850967  -0.293011
124980.000000  0.339367  -0.612234
125040.000000  0.299685  -0.741747
125100.000000  0.782518  -0.166329
125160.000000  0.181596  -0.356403
125220.000000  0.116949  -0.382522
125280.000000  0.117557  -0.161803
125340.000000  0.269638  -0.131511
125400.000000  1.76165  0.711753
125460.000000  1.07855  0.526045
125520.000000  1.59347  1.03481
125580.000000  0.240726  0.319454
125640.000000  0.156292  0.368202
125700.000000  -0.0348623  0.398478
125760.000000  -0.599178  0.0314016
125820.000000  -0.377592  0.466288
125880.000000  -0.192946  0.672883
125940.000000  -1.09849  -0.0575696
126000.000000  -0.756415  -0.260455
126060.000000  -1.37032  -0.610105
126120.000000  -1.88151  -0.264429
126180.000000  -0.104635  1.49635
126240.000000  -1.088  -0.881049
126300.000000  -0.990268  0.139173
126360.000000  -1.70771  -0.832905
126420.000000  -0.433013  -0.25
126480.000000  0.399756  0.0139598
126540.000000  0.498782  0.0348782
126600.000000  0.490814  -0.0954045
126660.000000  -0.286694  -0.746864
126720.000000  -0.0418539  -0.598538
126780.000000  2.67302  1.36197
126840.000000  1.59347  1.03481
126900.000000  0.560148  0.215021
126960.000000  0.88892  0.140791
127020.000000  -1.27782  -0.962904
127080.000000  -1.56486  -0.664243
127140.000000  -1.1203  -0.430042
127200.000000  -0.911941  -0.615112
127260.000000  -0.730836  -0.325389
127320.000000  -0.0837078  1.19708
127380.000000  1.76165  0.711753
127440.000000  0.85505  2.34923
127500.000000  1.12382  2.78155
127560.000000  1.18261  3.08082
127620.000000  1.03528  3.8637
127680.000000  1.21127  2.85357
127740.000000  1.14374  1.76121
127800.000000  0.972022  2.08451
127860.000000  0.694658  0.71934
127920.000000  0.790151  0.125148
127980.000000  1.29806  0.524449
128040.000000  -2.93915e-16  -1.6
128100.000000  -1.30156  -2.92335
128160.000000  -0.162241  -3.09575
128220.000000  -0.581434  -1.59748
128280.000000  -0.68404  -1.87939
128340.000000  -1.61803  -1.17557
128400.000000  -1.35191  -1.86074
128460.000000  -1.60697  -1.91511
128520.000000  -1.61803  -1.17557
128580.000000  -1.44436  -1.91673
128640.000000  -1.47209  -1.63492
128700.000000  -2.11419  -2.2672
128760.000000  -1.62635  -1.62635
128820.000000  -1.11679  -1.53713
128880.000000  -1.31923  -1.88405
128940.000000  -1.54269  -1.83851
129000.000000  -1.757  -1.32399
129060.000000  -3.38012  -1.50493
129120.000000  -2.87427  -1.16128
129180.000000  -1.35446  -1.73362
129240.000000  -0.891774  -0.802957
129300.000000  -0.950628  -1.40936
129360.000000  -1.07181  -0.247446
129420.000000  -1.0286  -0.618046
129480.000000  -0.15309  -1.08929
129540.000000  -0.50795  -1.19666
129600.000000  -0.180925  -1.28735
129660.000000  -0.7  -1.21244
129720.000000  -0.40932  -1.33883
129780.000000  -1.15094  -1.11145
129840.000000  -1.34985  -1.60869
129900.000000  -1.0649  -0.745649
129960.000000  -1.28575  -0.772557
130020.000000  -0.569431  -1.27896
130080.000000  -1.76121  -1.14374
130140.000000  -1.26187  -1.80213
130200.000000  -2.43214  -1.57945
130260.000000  -1.62862  -0.978572
130320.000000  -1.82388  -1.23022
130380.000000  -2.45934  -1.53677
130440.000000  -2.26441  -1.47053
130500.000000  -1.80213  -1.26187
130560.000000  -1.67713  -1.26381
130620.000000  -1.93218  -1.73974
130680.000000  -1.20444  -1.33766
130740.000000  -1.13278  -1.39886
130800.000000  -1.24651  -1.43395
130860.000000  -0.0383953  -2.19966
130920.000000  0.0401405  -2.29965
130980.000000  -0.181367  -2.59367
131040.000000  0.268113  -2.1836
131100.000000  -0.104587  -1.19543
131160.000000  -0.749213  -1.85437
131220.000000  -0.54352  -2.02844
131280.000000  -0.146489  -2.09488
131340.000000  -0.329932  -1.87113
131400.000000  -0.674292  -1.66893
131460.000000  -1.3845  -1.70972
131520.000000  -0.771784  -1.51471
131580.000000  -1.0898  -1.55639
131640.000000  -0.569402  -2.12504
131700.000000  -0.964417  -1.97735
131760.000000  -1.5733  -1.94286
131820.000000  -3.5507  -2.05
131880.000000  -2.21171  -1.54866
131940.000000  -1.57945  -2.43214
132000.000000  -3.14863  -1.74531
132060.000000  -3.17152  -1.90564
132120.000000  -1.37779  -2.20493
132180.000000  -1.07978  -2.03078
132240.000000  -3.12285e-16  -1.7
132300.000000  -0.813473  -1.82709
132360.000000  -0.817183  -1.60381
132420.000000  0.104528  -0.994522
132480.000000  -0.486989  -1.20534
132540.000000  -0.0261786  -1.49977
132600.000000  -0.188151  -1.79014
132660.000000  -0.0575696  -1.09849
132720.000000  0.113302  -1.29505
132780.000000  0.0831647  -0.391259
132840.000000  -0.143868  -0.138932
132900.000000  -1.63135  -0.760713
132960.000000  -0.122018  -1.39467
133020.000000  -1.54072  -0.718451
133080.000000  -2.02511  -0.859608
133140.000000  -0.786646  -2.16129
133200.000000  -0.337427  -1.46156
133260.000000  -0.553466  -1.60738
133320.000000  -0.847871  -1.35688
133380.000000  -1.65808  -1.11839
133440.000000  -1.22288  -1.18092
133500.000000  -1.17557  -1.61803
133560.000000  -1  -1.73205
133620.000000  -0.404912  -1.75387
133680.000000  -1.11145  -1.15094
133740.000000  0.104635  -1.49635
133800.000000  -0.125434  -1.19343
133860.000000  -0.104635  -1.49635
133920.000000  -0.0767789  -2.19866
133980.000000  0.0628191  -1.7989
134040.000000  0.0593291  -1.69896
134100.000000  0.413456  -1.44189
134160.000000  0.338691  -1.35841
134220.000000  -2.56785  -0.834346
134280.000000  -1.16924  -0.269941
134340.000000  0.22051  -0.769009
134400.000000  -1.74896  -0.742389
134460.000000  -1.84356  -0.459652
134520.000000  -2.42731  -0.931757
134580.000000  -2.30703  -0.66153
134640.000000  -1.75387  -0.404912
134700.000000  -1.76693  -0.343456
134760.000000  -1.49373  -0.573389
134820.000000  -0.388229  1.44889
134880.000000  2.10115  0.935494
134940.000000  1.32442  0.704207
135000.000000  -0.529919  -0.848048
135060.000000  -0.536231  -0.449951
135120.000000  0.712805  0.363192
135180.000000  0.845723  0.307818
135240.000000  0.699893  -0.0122167
135300.000000  0.492404  0.0868241
135360.000000  0.623705  -0.317793
135420.000000  0.192252  -0.0551275
135480.000000  1.18761  0.528758
135540.000000  1.48685  0.824176
135600.000000  1.55303  0.691452
135660.000000  1.40037  0.537552
135720.000000  1.45009  0.676189
135780.000000  1.43446  0.438558
135840.000000  0.136197  0.267302
135900.000000  0.46488  0.996939
135960.000000  0.584743  1.91261
136020.000000  0.325568  0.945519
136080.000000  -0.785302  0.152647
136140.000000  -1.33651  -0.680986
136200.000000  -1.09397  0.114981
136260.000000  -1.17378  -0.249494
136320.000000  -1.65643  -0.382417
136380.000000  -1.38956  -0.170617
136440.000000  0.69282  0.4
136500.000000  0.751754  -0.273616
136560.000000  0.613799  -0.658218
136620.000000  -0.581434  -1.59748
136680.000000  0.0628191  -1.7989
136740.000000  0.172078  -1.08646
136800.000000  0.194991  -1.58807
136860.000000  -0.284701  -1.06252
136920.000000  -0.0139619  -0.799878
136980.000000  0.490175  -0.754804
137040.000000  0.535304  -0.594516
137100.000000  0.555727  -0.575472
137160.000000  0.430963  -0.551608
137220.000000  0.612836  -0.51423
137280.000000  0.247446  -1.07181
137340.000000  0.0767321  -1.09732
137400.000000  -1.21365  -0.465878
137460.000000  0.228703  -1.07596
137520.000000  0.520201  -0.468391
137580.000000  0.728115  0.529007
137640.000000  0.5  0
137700.000000  0.0868241  0.492404
137760.000000  0.397809  -0.0418114
137820.000000  0.978148  0.207912
137880.000000  0.224951  -0.97437
137940.000000  0.629156  0.30686
138000.000000  0.816959  1.25801
138060.000000  1.69291  0.862582
138120.000000  0.736404  0.312585
138180.000000  1.27207  0.794879
138240.000000  0.736044  0.817459
138300.000000  1.13308  1.88577
138360.000000  0.657785  0.239414
138420.000000  0.873266  0.21773
138480.000000  -0.479181  -0.361089
138540.000000  -0.883464  -0.171728
138600.000000  -1.28871  -0.547024
138660.000000  -0.0157072  -0.899863
138720.000000  -0.152647  -0.785302
138780.000000  -0.259808  -0.15
138840.000000  -0.17101  0.469846
138900.000000  -0.0415823  0.19563
138960.000000  -0.378207  0.130227
139020.000000  3.67394e-17  0.6
139080.000000  -0.284716  0.639482
139140.000000  -0.511948  -0.477399
139200.000000  -0.656059  -0.75471
139260.000000  -0.401478  -0.445887
139320.000000  -0.187789  -0.353179
139380.000000  -0.472759  0.162784
139440.000000  0.35967  -0.347329
139500.000000  0.397018  -0.0487477
139560.000000  0.854861  0.692252
139620.000000  0.600017  0.360527
139680.000000  0.834465  0.337146
139740.000000  0.389748  0.0899804
139800.000000  0.299817  0.0104698
139860.000000  0.187303  -0.463592
139920.000000  0.389748  -0.0899804
139980.000000  0.38637  -0.103528
140040.000000  0.391259  -0.0831647
140100.000000  0.0174524  0.999848
140160.000000  -0.325389  -0.730836
140220.000000  1.08757  0.507142
140280.000000  -1.08329  -0.191013
140340.000000  -1.5961  0.11161
140400.000000  -1.35768  -1.02309
140460.000000  -0.771451  -0.463534
140520.000000  0.12941  -0.482963
140580.000000  -0.610313  -1.14783
140640.000000  -0.582911  -0.932853
140700.000000  -1.48349  -0.599371
140760.000000  -1.05172  -0.764121
140820.000000  -1.51741  -1.14345
140880.000000  -0.655322  -0.458861
140940.000000  0.121554  -0.689365
141000.000000  0.390731  -0.920505
141060.000000  0.0523492  -1.49909
141120.000000  -0.0296691  -1.69974
141180.000000  0.277837  -1.57569
141240.000000  0.470228  -0.647214
141300.000000  0.162784  -0.472759
141360.000000  0.234736  -0.441474
141420.000000  0.623705  -0.317793
141480.000000  0.282843  -0.282843
141540.000000  0.0969619  -0.174924
141600.000000  0.248711  -0.167758
141660.000000  -0.193924  0.349848
141720.000000  -0.169047  0.362523
141780.000000  -0.385673  0.459627
141840.000000  -0.88892  -0.140791
141900.000000  -1.08929  -0.15309
141960.000000  -1.2557  -0.336465
142020.000000  -1.05194  -0.321609
142080.000000  -0.817183  -1.60381
142140.000000  -0.322531  -0.840222
142200.000000  -0.335468  -0.217856
142260.000000  -0.629156  -0.30686
142320.000000  -0.0831647  -0.391259
142380.000000  0.323607  0.235114
142440.000000  0.489074  -0.103956
142500.000000  0.393635  -0.452826
142560.000000  0.361089  -0.479181
142620.000000  0.0348623  -0.398478
142680.000000  0.224764  -0.55631
142740.000000  0.215021  -0.560148
142800.000000  0.361089  -0.479181
142860.000000  0.0422618  -0.0906308
142920.000000  0.0978148  0.0207912
142980.000000  -0.639482  -0.284716
143040.000000  -0.34641  -0.2
143100.000000  -0.845723  -0.307818
143160.000000  -1.35841  -0.338691
143220.000000  -1.22917  -0.423239
143280.000000  -1.99513  -0.139513
143340.000000  -2.59611  -1.0489
143400.000000  -1.38276  -0.219008
143460.000000  -1.34577  -0.385892
143520.000000  -0.913545  -0.406737
143580.000000  -0.796956  -0.0697246
143640.000000  -0.787846  0.138919
143700.000000  -0.913545  -0.406737
143760.000000  0.682059  0.157466
143820.000000  1.2557  0.336465
143880.000000  1.49429  0.130734
143940.000000  1.94248  1.03284
144000.000000  1.99186  1.15
144060.000000  2.17514  1.01428
144120.000000  1.5429  0.927069
144180.000000  1.66178  0.921138
144240.000000  1.59347  1.03481
144300.000000  1.73205  1
144360.000000  1.94248  1.03284
144420.000000  1.757  1.32399
144480.000000  1.13498  2.22752
144540.000000  2.45238  2.20813
144600.000000  0.887498  1.90325
144660.000000  1.83686  1.38417
144720.000000  1.22577  2.40572
144780.000000  1.09446  3.00702
144840.000000  1.70458  2.34615
144900.000000  2.26441  1.47053
144960.000000  1.3845  1.70972
145020.000000  1.11506  2.01163
145080.000000  1.0037  1.11472
145140.000000  1.30228  1.09274
145200.000000  1.01256  0.429804
145260.000000  0.597717  0.0522934
145320.000000  0  -0
145380.000000  0.307818  -0.845723
145440.000000  0.499924  -0.0087262
145500.000000  0.123607  -0.380423
145560.000000  0.161803  -0.117557
145620.000000  0.122021  -0.274064
145680.000000  0.0978148  0.0207912
145740.000000  0.0544639  -0.0838671
145800.000000  -0.0347296  0.196962
145860.000000  -1.04007  -0.358125
145920.000000  -1.1782  -0.549404
145980.000000  -1.05954  -0.563366
146040.000000  -0.736404  -0.312585
146100.000000  -0.644353  -0.273512
146160.000000  -1.2557  -0.336465
146220.000000  -1.23637  -0.401722
146280.000000  -1.94059  -0.483844
146340.000000  -1.78542  -0.649838
146400.000000  -1.52795  -0.745231
146460.000000  -1.31557  -0.478828
146520.000000  -0.669413  -0.20466
146580.000000  0.639482  0.284716
146640.000000  1.45544  0.362883
146700.000000  1.22447  0.678733
146760.000000  1.01766  0.635903
146820.000000  1.23613  0.65726
146880.000000  0.247446  1.07181
146940.000000  0.340999  0.365677
147000.000000  0.769009  0.22051
147060.000000  1.38076  0.586097
147120.000000  1.0649  0.745649
147180.000000  1.63414  0.468584
147240.000000  0.801906  0.408591
147300.000000  0.171728  0.883464
147360.000000  -0.898794  0.438371
147420.000000  -1.10461  0.468877
147480.000000  0.043631  2.49962
147540.000000  0.0767789  2.19866
147600.000000  0.148165  1.69353
147660.000000  1.58931  0.845049
147720.000000  -0.999235  -1.37533
147780.000000  1.74653  0.435459
147840.000000  1.17557  1.61803
147900.000000  0.188151  1.79014
147960.000000  0.865136  0.248074
148020.000000  -0.371572  0.334565
148080.000000  -0.35  0.606218
148140.000000  0.997564  -0.0697565
148200.000000  -0.380356  0.815677
148260.000000  -0.224764  0.55631
148320.000000  0.0697246  0.796956
148380.000000  -0.114485  0.588976
148440.000000  -0.719035  0.350697
148500.000000  0.00523572  0.299954
148560.000000  0.170617  1.38956
148620.000000  0.12941  0.482963
148680.000000  -0.0836228  0.795618
148740.000000  0.408591  0.801906
148800.000000  -0.722178  0.958363
148860.000000  -0.563366  1.05954
148920.000000  -0.630409  0.492529
148980.000000  0.20989  1.07979
149040.000000  1.33651  0.680986
149100.000000  1.09625  0.488084
149160.000000  -1.56486  -0.664243
149220.000000  0.68404  1.87939
149280.000000  1.09274  1.30228
149340.000000  -1.17017  1.0912
149400.000000  -0.794653  0.422524
149460.000000  -0.286694  0.746864
149520.000000  -0.258819  0.965926
149580.000000  -0.27232  0.419335
149640.000000  -0.317793  0.623705
149700.000000  -0.222943  0.200739
149760.000000  -0.0572427  0.294488
149820.000000  0.139173  0.990268
149880.000000  0.0627808  0.897808
149940.000000  -0.0157072  0.899863
150000.000000  -0.00698096  0.399939
150060.000000  -0.173648  0.984808
150120.000000  1.04095e-16  1.7
150180.000000  0.153464  2.19464
150240.000000  -0.0366501  2.09968
150300.000000  -0.432624  1.33148
150360.000000  -0.741887  1.18727
150420.000000  -0.964181  1.14907
150480.000000  -1.59727  1.20363
150540.000000  1.11809  0.842541
150600.000000  -1.0918  0.134056
150660.000000  -1.16843  -0.569882
150720.000000  -0.199239  -0.0174311
150780.000000  1.14681  0.803007
150840.000000  1.41272  0.751155
150900.000000  2.58626  3.55967
150960.000000  2.40726  3.19454
151020.000000  0.680899  1.7738
151080.000000  1.09274  1.30228
151140.000000  1.09274  1.30228
151200.000000  1.36412  0.314931
151260.000000  0.492404  0.0868241
151320.000000  0.277863  -0.287736
151380.000000  0.489074  -0.103956
151440.000000  -0.149843  -0.370874
151500.000000  0.0417519  -0.29708
151560.000000  0.251728  0.310858
151620.000000  -0.424264  0.424264
151680.000000  -0.876933  -0.202456
151740.000000  -2.10115  -0.935494
151800.000000  -2.46657  -1.09819
151860.000000  -1.31557  -0.478828
151920.000000  -1.57621  -0.636831
151980.000000  -1.91845  -0.854147
152040.000000  -1.2216  -0.444626
152100.000000  -1.45718  -0.875565
152160.000000  -0.55631  -0.224764
152220.000000  -0.295442  -0.0520945
152280.000000  -0.0868241  -0.492404
152340.000000  -0.679207  0.169345
152400.000000  0.0209397  0.599634
152460.000000  0.987688  -0.156434
152520.000000  0.499695  -0.0174497
152580.000000  0  -0
152640.000000  0.0976704  -0.283656
152700.000000  -0.0876742  -0.179759
152760.000000  -0.181173  -0.676148
152820.000000  0.068404  -0.187939
152880.000000  0.435711  0.670936
152940.000000  1.09983  0.0191976
153000.000000  0.524772  0.290886
153060.000000  -0.269638  0.131511
153120.000000  -0.399939  0.00698096
153180.000000  -0.869333  0.232937
153240.000000  -0.736404  -0.312585
153300.000000  -1.45544  0.362883
153360.000000  -0.990268  -0.139173
153420.000000  -0.913545  -0.406737
153480.000000  -1.14757  -0.350846
153540.000000  -1.52169  0.494427
153600.000000  -1.86716  -0.716736
153660.000000  -2.0098  -0.894821
153720.000000  -1.64545  -0.95
153780.000000  -1.06921  -0.544789
153840.000000  -0.580326  -0.391435
153900.000000  -0.257519  -0.428584
153960.000000  0.193538  -0.776237
154020.000000  0.211968  -0.339219
154080.000000  0.349848  -0.193924
154140.000000  0.3  -0.519615
154200.000000  0.167758  -0.248711
154260.000000  0.285317  -0.0927051
154320.000000  0.211309  -0.453154
154380.000000  0.0544639  -0.0838671
154440.000000  -0.259808  0.15
154500.000000  -1.05739  -0.303201
154560.000000  -1.74896  -0.742389
154620.000000  -1.43446  -0.438558
154680.000000  -2.52067  -0.967593
154740.000000  -3.36089  -1.29012
154800.000000  -2.94828  -0.957953
154860.000000  -2.42731  -0.931757
154920.000000  -2.24059  -0.860083
154980.000000  -2.0398  -0.824135
155040.000000  -1.39078  -0.56191
155100.000000  -1.97735  -0.964417
155160.000000  -0.882948  -0.469472
155220.000000  -2.40572  -1.22577
155280.000000  -0.882948  -0.469472
155340.000000  -0.618063  -0.32863
155400.000000  -0.0366352  -0.699041
155460.000000  -0.156434  -0.987688
155520.000000  -0.0418794  -1.19927
155580.000000  -0.692252  -0.854861
155640.000000  -1.06984  -1.32115
155700.000000  -0.86987  -0.966088
155760.000000  -0.409199  -0.438812
155820.000000  -0.162695  -0.365418
155880.000000  -0.193538  -0.776237
155940.000000  -0.281683  -0.529769
156000.000000  -0.737237  -0.516219
156060.000000  -0.528297  -0.459241
156120.000000  -2.09232  -0.679837
156180.000000  -1.32373  -0.455795
156240.000000  -2.0098  -0.894821
156300.000000  -2.11716  -0.898682
156360.000000  -1.35688  -0.847871
156420.000000  -1.81698  -0.555506
156480.000000  -1.11262  -0.449528
156540.000000  -1.40037  -0.537552
156600.000000  -1.97335  -0.718242
156660.000000  -0.644353  -0.273512
156720.000000  0.588976  -0.114485
156780.000000  0.621717  -0.503456
156840.000000  0.593634  -0.370943
156900.000000  0.223677  -0.331615
156960.000000  0.353179  -0.187789
157020.000000  0.906308  0.422618
157080.000000  1.95051  1.21881
157140.000000  1.67713  1.26381
157200.000000  1.6383  1.14715
157260.000000  1.59727  1.20363
157320.000000  1.83851  1.54269
157380.000000  1.84508  1.19821
157440.000000  1.30713  2.01281
157500.000000  0.677228  0.866812
157560.000000  -0.191013  1.08329
157620.000000  -0.432624  1.33148
157680.000000  -0.167008  1.18832
157740.000000  -1.60738  -0.553466
157800.000000  -1.41272  -0.751155
157860.000000  -1.50961  -0.98035
157920.000000  -0.988673  -0.482208
157980.000000  -0.730836  -0.325389
158040.000000  -0.278155  -0.112382
158100.000000  -0.0725766  -0.291089
158160.000000  0.0945519  -0.0325568
158220.000000  0.279596  -0.414519
158280.000000  0.242705  -0.176336
158340.000000  0.32863  0.618063
158400.000000  0.262386  -0.145443
158460.000000  0.383022  0.321394
158520.000000  0.804489  0.750198
158580.000000  0.776237  0.193538
158640.000000  0.69282  0.4
158700.000000  0.246265  -0.315204
158760.000000  0.629156  0.30686
158820.000000  0.0122167  0.699893
158880.000000  -0.10751  0.280074
158940.000000  0.125434  1.19343
159000.000000  -0.20876  1.4854
159060.000000  -0.121869  0.992546
159120.000000  -1.55899  -0.359922
159180.000000  -1.59391  0.139449
159240.000000  -0.99863  -0.052336
159300.000000  -0.488352  1.41828
159360.000000  -0.380083  1.2432
159420.000000  -1.25801  -0.816959
159480.000000  -1.18761  -0.528758
159540.000000  -0.251601  -0.163392
159600.000000  0.00698096  -0.399939
159660.000000  -0.203368  -0.456773
159720.000000  0.104528  -0.994522
159780.000000  0.0278346  -0.198054
159840.000000  0.0139513  -0.199513
159900.000000  0.317952  -0.508829
159960.000000  0.282843  -0.282843
160020.000000  0.17101  -0.469846
160080.000000  0.472759  0.162784
160140.000000  0  -0
160200.000000  0.453154  0.211309
160260.000000  0.0522642  0.497261
160320.000000  0.165382  0.576757
160380.000000  -0  0
160440.000000  -0.370874  -0.149843
160500.000000  -0.592613  0.0938607
160560.000000  0.3  0.519615
160620.000000  -0.728115  -0.529007
160680.000000  -0.140791  -0.88892
160740.000000  0.854861  0.692252
160800.000000  -1.13308  -1.88577
160860.000000  -2.68468  -1.55
160920.000000  -1.0049  -0.44741
160980.000000  -0.330765  1.15351
161040.000000  0.649029  0.262225
161100.000000  -0.791274  -0.764124
161160.000000  -1.28575  -0.772557
161220.000000  -0.70921  -0.554095
161280.000000  -1.26082  -0.985058
161340.000000  -0.48541  -0.352671
161400.000000  -1.16572  -0.943981
161460.000000  -0.585083  -0.545599
161520.000000  -0.0226881  -1.2998
161580.000000  0.239414  -0.657785
161640.000000  0.594516  -0.535304
161700.000000  0.440524  -0.544002
161760.000000  0.48541  -0.352671
161820.000000  -0.658218  -0.613799
161880.000000  0.145153  -0.582177
161940.000000  -0.730836  -0.325389
162000.000000  -0.394005  -0.307831
162060.000000  -0.190809  0.981627
162120.000000  0.277837  1.57569
162180.000000  0.305294  1.5706
162240.000000  0.195341  0.567311
162300.000000  0.122018  1.39467
162360.000000  -0.0976591  1.39659
162420.000000  0.109682  0.893292
162480.000000  0.684703  0.145538
162540.000000  0.795618  0.0836228
162600.000000  0.798904  -0.0418688
162660.000000  0.445503  -0.226995
162720.000000  0.267652  -0.297258
162780.000000  0.350697  -0.719035
162840.000000  0.26496  -0.424024
162900.000000  0.286788  -0.409576
162960.000000  0.150942  -0.131212
163020.000000  0.242705  -0.176336
163080.000000  -0.321394  -0.383022
163140.000000  -0.0348995  -0.999391
163200.000000  -0.273616  -0.751754
163260.000000  -0.491491  -0.344146
163320.000000  -0.891007  -0.45399
163380.000000  -1.79315  -0.15688
163440.000000  -1.66877  -0.324375
163500.000000  -2.11907  -1.12673
163560.000000  -2.03532  -1.27181
163620.000000  -1.79649  -0.618579
163680.000000  -2.4432  -0.889252
163740.000000  -1.94709  -0.786674
163800.000000  -1.26883  -0.591666
163860.000000  0.452826  -0.393635
163920.000000  0.284716  -0.639482
163980.000000  0.508829  -0.317952
164040.000000  0.984808  -0.173648
164100.000000  0.845723  -0.307818
164160.000000  0.534604  -0.272394
164220.000000  0.445887  -0.401478
164280.000000  0.536231  -0.449951
164340.000000  0.593634  -0.370943
164400.000000  0.375877  -0.136808
164460.000000  0.211309  -0.453154
164520.000000  0.271892  -0.126785
164580.000000  -0.289778  0.0776457
164640.000000  0.4  0.69282
164700.000000  0.410424  1.12763
164760.000000  0.845237  1.81262
164820.000000  1.40834e-16  2.3
164880.000000  -1.04182  3.02566
164940.000000  -0.725766  2.91089
165000.000000  -0.572427  2.94488
165060.000000  -0.967593  2.52067
165120.000000  -0.517638  1.93185
165180.000000  -0.222677  1.58443
165240.000000  -0.435459  1.74653
165300.000000  0.0731216  0.595528
165360.000000  1.31985  1.36675
165420.000000  1.57517  1.06247
165480.000000  1.41828  0.488352
165540.000000  1.72135  0.526269
165600.000000  2.13842  1.08958
165660.000000  1.88577  1.13308
165720.000000  1.72135  0.526269
165780.000000  1.87111  0.95338
165840.000000  1.11432  0.669549
165900.000000  0.299954  0.00523572
165960.000000  0.319454  0.240726
166020.000000  -1.14127  -0.37082
166080.000000  -1.53802  -0.44102
166140.000000  -1.29806  -0.524449
166200.000000  -1.22917  0.423239
166260.000000  -0.268113  2.1836
166320.000000  -0.188151  1.79014
166380.000000  1.14127  0.37082
166440.000000  -0.635587  1.24741
166500.000000  -1.76693  0.343456
166560.000000  -1.37428  -0.267133
166620.000000  -1.05739  0.303201
166680.000000  0.0627808  -0.897808
166740.000000  -1.18202  -0.923492
166800.000000  -0.746134  -0.503274
166860.000000  -0.116949  -0.382522
166920.000000  0.599178  -0.0314016
166980.000000  0.567311  -0.195341
167040.000000  0.0831647  -0.391259
167100.000000  0.424264  -0.424264
167160.000000  0.46679  0.179184
167220.000000  1.50101  0.798102
167280.000000  1.76121  1.14374
167340.000000  0.452826  0.393635
167400.000000  -0.253571  -0.543785
167460.000000  0.0967688  -0.388118
167520.000000  0.698295  -0.0488295
167580.000000  0.918483  1.05659
167640.000000  0.458861  0.655322
167700.000000  -0.653506  -0.250858
167760.000000  -1.2432  -0.380083
167820.000000  0.978148  -0.207912
167880.000000  2.05411  0.436615
167940.000000  0.822899  1.13262
168000.000000  -1.34985  -1.60869
168060.000000  -1.74098  -1.17431
168120.000000  -0.891774  -0.802957
168180.000000  0.250858  -0.653506
168240.000000  0.236403  0.184698
168300.000000  0.670936  -0.435711
168360.000000  0.593634  -0.370943
168420.000000  0.435711  -0.670936
168480.000000  0.335516  -0.497423
168540.000000  0.529007  -0.728115
168600.000000  0.573576  -0.819152
168660.000000  0.459241  -0.528297
168720.000000  0.594516  -0.535304
168780.000000  0.552303  -0.234439
168840.000000  0.529769  -0.281683
168900.000000  0.482963  -0.12941
168960.000000  -0.886327  0.156283
169020.000000  -0.982982  0.688292
169080.000000  -2.4432  -0.889252
169140.000000  -1.76165  -0.711753
169200.000000  -2.59541  -0.744221
169260.000000  -2.41068  -0.973977
169320.000000  -2.0098  -0.894821
169380.000000  -1.72198  -0.802975
169440.000000  -1.4854  -0.20876
169500.000000  -1.96052  -0.752573
169560.000000  -0.647214  -0.470228
169620.000000  -0.162784  -0.472759
169680.000000  0.145443  -0.262386
169740.000000  0.618063  -0.32863
169800.000000  0.535304  -0.594516
169860.000000  0.520201  -0.468391
169920.000000  0.393635  -0.452826
169980.000000  0.279596  -0.414519
170040.000000  0.536231  -0.449951
170100.000000  0.445503  -0.226995
170160.000000  0.404508  -0.293893
170220.000000  0.360527  -0.600017
170280.000000  0.486261  0.503538
170340.000000  0.0278346  0.198054
170400.000000  -1.58931  -0.845049
170460.000000  -1.32646  -0.894709
170520.000000  -0.314498  -1.26138
170580.000000  -3.28876  -1.46425
170640.000000  -2.49482  -1.27117
170700.000000  -3.12972  -1.32849
170760.000000  -2.56601  -2.2306
170820.000000  -1.50942  -1.31212
170880.000000  -1.18903  -1.07061
170940.000000  -1.32646  -0.894709
171000.000000  -1.47658  -1.19571
171060.000000  -0.945613  -0.738794
171120.000000  -0.125256  -0.891241
171180.000000  0.181173  -0.676148
171240.000000  -0.0226881  -1.2998
171300.000000  0.172078  -1.08646
171360.000000  0.273512  -0.644353
171420.000000  0.351658  -0.828454
171480.000000  0.253571  -0.543785
171540.000000  0.35  -0.606218
171600.000000  0.165382  -0.576757
171660.000000  0.499315  -0.026168
171720.000000  0.93358  0.358368
171780.000000  0.352671  0.48541
171840.000000  0.358125  1.04007
171900.000000  0.0244296  0.699574
171960.000000  -0.34641  0.2
172020.000000  -0.840222  0.322531
172080.000000  -0.533291  0.962082
172140.000000  -0.922538  0.599103
172200.000000  -1.39233  0.14634
172260.000000  -1.79649  -0.618579
172320.000000  -1.91261  -0.584743
172380.000000  -1.37032  -0.610105
172440.000000  -0.899452  -0.0314095
172500.000000  0.765044  0.233897
172560.000000  0.896575  -0.0784402
172620.000000  0.676148  -0.181173
172680.000000  0.371572  -0.334565
172740.000000  0.6  0
172800.000000  0.897808  0.0627808
172860.000000  1.35946  0.633927
172920.000000  0.848048  0.529919
172980.000000  1.29904  0.75
173040.000000  1.39078  0.56191
173100.000000  0.629156  0.30686
173160.000000  0.456773  0.203368
173220.000000  0.618063  0.32863
173280.000000  0.356403  0.181596
173340.000000  -0.801906  0.408591
173400.000000  -0.277863  0.287736
173460.000000  -0.855951  0.278115
173520.000000  -0.995858  0.835624
173580.000000  -0.483844  -1.94059
173640.000000  -0.691452  -1.55303
173700.000000  -0.139513  -1.99513
173760.000000  -0.752444  -2.06732
173820.000000  0.0471215  -2.69959
173880.000000  -0.0122167  -0.699893
173940.000000  -0.247446  -1.07181
174000.000000  0.387848  -0.699696
174060.000000  0.777817  -0.777817
174120.000000  0.65726  -1.23613
174180.000000  0.406737  -0.913545
174240.000000  0.317952  -0.508829
174300.000000  -0.507142  -1.08757
174360.000000  -1.35446  -1.73362
174420.000000  -1.74896  -0.742389
174480.000000  -1.40517  -1.5606
174540.000000  -0.122018  -1.39467
174600.000000  0.174311  -1.99239
174660.000000  -0.264429  -1.88151
174720.000000  -1.67734  -1.08928
174780.000000  -2.68883  -1.08636
174840.000000  -2.31662  -1.18038
174900.000000  -2.18655  -1.21202
174960.000000  -2.03532  -1.27181
175020.000000  -2.48711  -1.67758
175080.000000  -2.22153  -1.86408
175140.000000  -2.2384  -1.50982
175200.000000  -2.04932  -1.04418
175260.000000  -2.85122  -1.45277
175320.000000  -1.99186  -1.15
175380.000000  -1.6961  -1.05984
175440.000000  -0.848048  -0.529919
175500.000000  -0.615112  -0.911941
175560.000000  -0.224951  -0.97437
175620.000000  -1.83697e-16  -1
175680.000000  0.339919  -1.04616
175740.000000  0.192946  -0.672883
175800.000000  0.30686  -0.629156
175860.000000  0.743145  -0.669131
175920.000000  0.790151  -0.125148
175980.000000  0.356403  -0.181596
176040.000000  0.34641  -0.2
176100.000000  0.465878  1.21365
176160.000000  -0.677228  0.866812
176220.000000  -1.22873  0.860365
176280.000000  -1.19708  0.0837078
176340.000000  -0.284701  1.06252
176400.000000  -1.86509  -0.362537
176460.000000  -2.01865  -0.578838
176520.000000  -2.51141  -0.67293
176580.000000  -2.59611  -1.0489
176640.000000  -2.56785  -0.834346
176700.000000  -0.891007  -0.45399
176760.000000  -1.26138  -0.314498
176820.000000  0.503456  0.621717
176880.000000  -0.342867  0.206015
176940.000000  0.146186  -0.478152
177000.000000  0.698295  0.0488295
177060.000000  0.499924  -0.0087262
177120.000000  0.452826  -0.393635
177180.000000  0.282843  -0.282843
177240.000000  0.245746  -0.172073
177300.000000  0.145153  -0.582177
177360.000000  -0.262225  -0.649029
177420.000000  0.730836  0.325389
177480.000000  1.38957  1.2958
177540.000000  1.03008  1.71433
177600.000000  0.716736  1.86716
177660.000000  0.584743  1.91261
177720.000000  -0.291076  1.36941
177780.000000  -0.338691  1.35841
177840.000000  -0.43412  2.46202
177900.000000  0.35345  1.66285
177960.000000  -1.70193  -0.586023
178020.000000  -1.49977  0.0261786
178080.000000  1.63414  0.468584
178140.000000  -1.33148  0.432624
178200.000000  -0.414519  0.279596
178260.000000  0.20466  -0.669413
178320.000000  0.566388  -0.699431
178380.000000  0.555727  -0.575472
178440.000000  0.440524  -0.544002
178500.000000  0.404508  -0.293893
178560.000000  0.0907981  -0.178201
178620.000000  0.120363  -0.159727
178680.000000  0.0798636  -0.0601815
178740.000000  -0.0415823  -0.19563
178800.000000  0.404508  -0.293893
178860.000000  0.498097  -0.0435779
178920.000000  0.0587785  -0.0809017
178980.000000  0.0695866  0.495134
179040.000000  -0.456773  -0.203368
179100.000000  -0.187303  0.463592
179160.000000  -0.55631  0.224764
179220.000000  -1.09581  0.0958713
179280.000000  -1.20003  0.721053
179340.000000  -0.956305  0.292372
179400.000000  -0.615661  0.788011
179460.000000  -1.53009  -0.467795
179520.000000  -0.927184  -0.374607
179580.000000  -0.368202  -0.156292
179640.000000  -0.222943  -0.200739
179700.000000  0.0313585  0.298357
179760.000000  0.251601  -0.163392
179820.000000  0.165382  -0.576757
179880.000000  0.449951  -0.536231
179940.000000  0.712805  -0.363192
180000.000000  0.226995  -0.445503
180060.000000  0.699574  0.0244296
180120.000000  0.385673  -0.459627
180180.000000  -0.125148  -0.790151
180240.000000  -1.14681  -0.803007
180300.000000  -1.35688  -0.847871
180360.000000  -1.04954  -0.581772
180420.000000  -0.368202  -0.156292
180480.000000  -1.07775  -0.726951
180540.000000  -0.878499  -0.661997
180600.000000  -0.952628  -0.55
180660.000000  -1.04954  -0.581772
180720.000000  -1.49373  -0.573389
180780.000000  -0.828454  -0.351658
180840.000000  -1.41272  -0.751155
180900.000000  -1.6776  -0.891996
180960.000000  -0.962082  -0.533291
181020.000000  -1.44189  -0.413456
181080.000000  -1.34577  -0.385892
181140.000000  -0.370874  -0.149843
181200.000000  0.30686  -0.629156
181260.000000  0.143347  -0.373432
181320.000000  0.286788  -0.409576
181380.000000  0.286788  -0.409576
181440.000000  0.492404  -0.0868241
181500.000000  0.181596  -0.356403
181560.000000  0.257115  -0.306418
181620.000000  0.219186  -0.449397
181680.000000  0.0625738  -0.395075
181740.000000  0.6  -1.46958e-16
181800.000000  0.399756  -0.0139598
181860.000000  0.342867  0.206015
181920.000000  0.587785  0.809017
181980.000000  0.771784  1.51471
182040.000000  0.551275  1.92252
182100.000000  -1.43754  1.08327
182160.000000  -1.18202  0.923492
182220.000000  -1.96962  -0.347296
182280.000000  -2.00824  -0.613981
182340.000000  -2.40315  -0.689093
182400.000000  -1.1203  -0.430042
182460.000000  -0.49939  -0.980107
182520.000000  0.428584  0.257519
182580.000000  0.987688  -0.156434
182640.000000  0.760845  -0.247214
182700.000000  1.90325  0.887498
182760.000000  1.78542  0.649838
182820.000000  0.653506  0.250858
182880.000000  0.389748  0.0899804
182940.000000  0.264884  -0.140841
183000.000000  -0.0749213  -0.185437
183060.000000  0.0782172  -0.493844
183120.000000  0.165382  -0.576757
183180.000000  0.399318  0.300908
183240.000000  0.475528  0.154508
183300.000000  0.108928  0.167734
183360.000000  0.472759  -0.162784
183420.000000  1.35688  0.847871
183480.000000  0.818398  0.877624
183540.000000  0.569402  2.12504
183600.000000  0.179961  0.779496
183660.000000  -0.499315  0.026168
183720.000000  -0.399756  0.0139598
183780.000000  -0.520201  -0.468391
183840.000000  -0.342867  -0.206015
183900.000000  -0.398478  0.0348623
183960.000000  -0.764121  -1.05172
184020.000000  -1.31064  -0.917722
184080.000000  -0.109682  -0.893292
184140.000000  0.229813  0.192836
184200.000000  0.0695866  -0.495134
184260.000000  0.399452  0.0209344
184320.000000  0.394534  -0.808915
184380.000000  0.639482  0.284716
184440.000000  0.0835039  -0.594161
184500.000000  0.590885  0.104189
184560.000000  1.61129  1.00685
184620.000000  0.382522  0.116949
184680.000000  0.382522  0.116949
184740.000000  1.93306  0.820535
184800.000000  0.765044  0.233897
184860.000000  -0.598538  0.0418539
184920.000000  -0.0575696  1.09849
184980.000000  -0.35  0.606218
185040.000000  -1.5429  -0.927069
185100.000000  -1.83848  -1.83848
185160.000000  -1.40936  -0.950628
185220.000000  -1.39078  -0.56191
185280.000000  -0.62932  -0.777146
185340.000000  -0.248711  0.167758
185400.000000  -0.537552  -1.40037
185460.000000  -1.09933  0.0383894
185520.000000  -0.590885  -0.104189
185580.000000  0.520201  0.468391
185640.000000  0.644353  -0.273512
185700.000000  2.608  0.698811
185760.000000  1.69586  0.118586
185820.000000  1.02694  0.394205
185880.000000  0.939693  -0.34202
185940.000000  0.125148  -0.790151
186000.000000  1.28735  -0.180925
186060.000000  0.822191  -0.366063
186120.000000  1.27159  0.270285
186180.000000  0.798051  -0.0558052
186240.000000  0.592613  0.0938607
186300.000000  0.566542  0.942884
186360.000000  -0.0418794  -1.19927
186420.000000  -2.4432  -0.889252
186480.000000  -0.951057  -0.309017
186540.000000  -0.745649  -1.0649
186600.000000  -0.580613  -2.32871
186660.000000  -0.337427  -1.46156
186720.000000  -0.902723  -1.19795
186780.000000  -0.954798  -1.0239
186840.000000  -0.824135  -2.0398
186900.000000  -1.05984  -1.6961
186960.000000  -0.901067  -0.630934
187020.000000  0.179961  -0.779496
187080.000000  0.18541  -0.570634
187140.000000  -0.0938607  -0.592613
187200.000000  -1.10218e-16  -0.6
187260.000000  0.409199  -0.438812
187320.000000  0.491491  -0.344146
187380.000000  0.693188  -0.0974212
187440.000000  1.07596  0.228703
187500.000000  1.98969  1.34206
187560.000000  1.32442  0.704207
187620.000000  0.685734  0.41203
187680.000000  1.36412  0.314931
187740.000000  1.26757  2.38396
187800.000000  1.73362  1.35446
187860.000000  1.54866  2.21171
187920.000000  1.53209  1.28558
187980.000000  1.09703  1.023
188040.000000  0.83359  0.863208
188100.000000  -0.848048  -0.529919
188160.000000  0.689365  -0.121554
188220.000000  -0.370943  -0.593634
188280.000000  -0.494975  -0.494975
188340.000000  -1.80611  -1.87028
188400.000000  -2.03078  -1.07978
188460.000000  -0.581434  -1.59748
188520.000000  -0.894821  -2.0098
188580.000000  -1.59727  -1.20363
188640.000000  -0.328512  -2.07415
188700.000000  -0.664243  -1.56486
188760.000000  -1.00685  -1.61129
188820.000000  -0.0349048  -1.9997
188880.000000  -0.83359  -0.863208
188940.000000  0.0837588  -2.39854
189000.000000  -0.752444  -2.06732
189060.000000  -1.72642  -1.66718
189120.000000  -1.48629  -1.33826
189180.000000  -1.6853  -1.41413
189240.000000  -1.88577  -1.13308
189300.000000  -3.15581  -0.964827
189360.000000  -1.37147  -0.824061
189420.000000  -1.5733  -1.94286
189480.000000  -1.96021  -0.998779
189540.000000  -1.08327  -1.43754
189600.000000  -1.45548  -1.2213
189660.000000  -1.41198  -1.27135
189720.000000  -0.497032  -1.62572
189780.000000  -0.891996  -1.6776
189840.000000  -1.8414  -1.97465
189900.000000  -2.14492  -1.79981
189960.000000  -2.18866  -1.90257
190020.000000  -3.84833  -2.13316
190080.000000  -2.03532  -1.27181
190140.000000  -2.48687  -2.01383
190200.000000  -2.78626  -1.35895
190260.000000  -2.94032  -1.49817
190320.000000  -2.94032  -1.49817
190380.000000  -1.88577  -1.13308
190440.000000  -1.61803  -1.17557
190500.000000  0.188151  -1.79014
190560.000000  -0.222677  -1.58443
190620.000000  -0.413456  -1.44189
190680.000000  -1.26051  -2.27401
190740.000000  -1.11283  -1.7809
190800.000000  -1.3435  -1.3435
190860.000000  -1.5606  -1.40517
190920.000000  -1.38417  -1.83686
190980.000000  -0.940456  -1.29443
191040.000000  -1.14715  -1.6383
191100.000000  -0.921138  -1.66178
191160.000000  -1.13278  -1.39886
191220.000000  -0.219008  -1.38276
191280.000000  -0.130734  -1.49429
191340.000000  0.219365  -1.78658
191400.000000  -0.130734  -1.49429
191460.000000  0.207178  -1.68733
191520.000000  0.203365  -1.28399
191580.000000  0.167246  -1.59124
191640.000000  0.130734  -1.49429
191700.000000  0.586023  -1.70193
191760.000000  0.284701  -1.06252
191820.000000  0.167246  -1.59124
191880.000000  -0.0785039  -1.49794
191940.000000  0.234736  -0.441474
192000.000000  0.61372  1.25831
192060.000000  0.413456  1.44189
192120.000000  0.618579  1.79649
192180.000000  -1.06658  1.92416
192240.000000  -1.03481  1.59347
192300.000000  0.615636  1.69145
192360.000000  -0.824176  1.48685
192420.000000  0.336465  1.2557
192480.000000  -0.380083  1.2432
192540.000000  0.0767789  2.19866
192600.000000  0.44102  1.53802
192660.000000  1.12763  0.410424
192720.000000  1.23613  0.65726
192780.000000  1.87939  0.68404
192840.000000  1.81262  0.845237
192900.000000  0.855951  0.278115
192960.000000  1.09625  0.488084
193020.000000  1.96052  0.752573
193080.000000  2.24699  1.09593
193140.000000  1.02441  0.80036
193200.000000  0.567311  0.195341
193260.000000  1.22447  0.678733
193320.000000  1.26335  1.13752
193380.000000  0.46679  0.179184
193440.000000  0.380423  0.123607
193500.000000  0.635587  1.24741
193560.000000  0.0157072  0.899863
193620.000000  0.17101  0.469846
193680.000000  0.897808  -0.0627808
193740.000000  -0.456773  -0.203368
193800.000000  -0.292372  -0.956305
193860.000000  3.08082  1.18261
193920.000000  0.661863  0.227898
193980.000000  0.603768  0.524847
194040.000000  -0.472806  -0.369397
194100.000000  0.248074  -0.865136
194160.000000  0.70921  -0.554095
194220.000000  0.12941  -0.482963
194280.000000  -0.410424  -1.12763
194340.000000  0.481452  -0.638908
194400.000000  0.385673  -0.459627
194460.000000  0.772741  -0.207055
194520.000000  0.323607  -0.235114
194580.000000  0.672883  0.192946
194640.000000  -0.463534  -0.771451
194700.000000  1.07596  0.228703
194760.000000  -0.135887  -1.29288
194820.000000  0.669413  -0.20466
194880.000000  0.475528  0.154508
194940.000000  0.322531  -0.840222
195000.000000  -0.359922  -1.55899
195060.000000  -0.229963  -2.18795
195120.000000  -0.75  -1.29904
195180.000000  -2.73714  -1.45536
195240.000000  -2.04932  -1.04418
195300.000000  -1.06658  -1.92416
195360.000000  -0.889919  -0.646564
195420.000000  -1.3435  -1.3435
195480.000000  -1.99186  -1.15
195540.000000  -0.737237  -0.516219
195600.000000  -0.234439  -0.552303
195660.000000  -0.310858  -0.251728
195720.000000  -0.246265  -0.315204
195780.000000  0.131212  0.150942
195840.000000  0.117557  0.161803
195900.000000  -0.0656059  -0.075471
195960.000000  -0.111839  -0.165808
196020.000000  0  0
196080.000000  -0.0449902  -0.194874
196140.000000  0.00349048  -0.19997
196200.000000  0.519615  0.3
196260.000000  1.29443  0.940456
196320.000000  0.718772  0.541634
196380.000000  0.492529  0.630409
196440.000000  -0.576757  -0.165382
196500.000000  -0.340999  -0.365677
196560.000000  0.154511  0.25715
196620.000000  -0.309017  -0.951057
196680.000000  1.42658  0.463525
196740.000000  0.808915  0.394534
196800.000000  0.776237  -0.193538
196860.000000  0.551608  -0.430963
196920.000000  0.771345  -0.919253
196980.000000  0.615112  -0.911941
197040.000000  0.766044  -0.642788
197100.000000  0.677228  -0.866812
197160.000000  -2.97371  -1.64835
197220.000000  -0.788011  -0.615661
197280.000000  -0.0331596  -1.89971
197340.000000  -1.38932  -1.43868
197400.000000  -1.94248  -1.03284
197460.000000  -1.62862  -0.978572
197520.000000  -3.12285e-16  -1.7
197580.000000  -0.281582  -1.77784
197640.000000  0.0767789  -2.19866
197700.000000  0.0994383  -1.8974
197760.000000  -1.99239  -0.174311
197820.000000  -0.413456  -1.44189
197880.000000  -0.0976591  -1.39659
197940.000000  -1.38932  -1.43868
198000.000000  -0.775695  -1.39939
198060.000000  -1.34819  -0.657557
198120.000000  -1.40037  -0.537552
198180.000000  -1.32157  -1.63201
198240.000000  -0.324375  -1.66877
198300.000000  -0.217889  -2.49049
198360.000000  -0.362347  -1.3523
198420.000000  -0.726385  -1.42561
198480.000000  -0.0349048  -1.9997
198540.000000  -1.63201  -1.32157
198600.000000  -2.29685  -0.120373
198660.000000  -1.29481  -1.25039
198720.000000  -4.12283  -0.801398
198780.000000  -1.7738  -0.680899
198840.000000  -2.6963  0.141307
198900.000000  -2.16658  0.382026
198960.000000  0.0261786  -1.49977
199020.000000  -0.973977  -2.41068
199080.000000  -0.964417  -1.97735
199140.000000  -2.51662  -1.22744
199200.000000  0.118586  -1.69586
199260.000000  -0.270285  -1.27159
199320.000000  -0.721053  -1.20003
199380.000000  0.203365  -1.28399
199440.000000  0.173648  -0.984808
199500.000000  -0.788011  -0.615661
199560.000000  -1.03008  -1.71433
199620.000000  -0.813473  -1.82709
199680.000000  -0.969619  -1.74924
199740.000000  -1.58489  -1.37772
199800.000000  -2.37474  -1.99264
199860.000000  -1.50961  -0.98035
199920.000000  -1.22288  -1.18092
199980.000000  0.236594  -1.68346
200040.000000  -0.985058  -1.26082
200100.000000  0.0226881  -1.2998
200160.000000  -3.14578  -1.5343
200220.000000  -1.94059  -0.483844
200280.000000  -2.28286  0.280299
200340.000000  -0.869333  0.232937
200400.000000  -0.0157072  -0.899863
200460.000000  0.360527  -0.600017
200520.000000  1.09732  -0.0767321
200580.000000  -0.0122167  -0.699893
200640.000000  -1.10322  -0.861926
200700.000000  0.307818  -0.845723
200760.000000  0.187721  -1.18523
200820.000000  -0.172078  -1.08646
200880.000000  0.0174524  -0.999848
200940.000000  -0.0488593  -1.39915
201000.000000  -0.170617  -1.38956
201060.000000  -0.741747  -0.299685
201120.000000  -1.42574  -0.925886
201180.000000  -0.329932  -1.87113
201240.000000  0.139449  -1.59391
201300.000000  -0.438861  -2.25774
201360.000000  0.136073  -2.59644
201420.000000  -1.37888  -1.15702
201480.000000  -0.364661  -2.0681
201540.000000  -0.120373  -2.29685
201600.000000  0.0418858  -2.39963
201660.000000  -1.82388  -1.23022
201720.000000  -1.16065  -0.78287
201780.000000  -1.28301  -1.1153
201840.000000  -0.0837375  -1.59781
201900.000000  0.0383953  -2.19966
201960.000000  -1.31644  -1.2276
202020.000000  -0.219365  -1.78658
202080.000000  0.0889711  -1.69767
202140.000000  -1.56574  -2.32131
202200.000000  -1.48629  -1.33826
202260.000000  -0.802975  -1.72198
202320.000000  -1.5004  -1.60898
202380.000000  -0.0889711  -1.69767
202440.000000  0.0680367  -1.29822
202500.000000  -0.264429  -1.88151
202560.000000  0.167246  -1.59124
202620.000000  -0.0837078  -1.19708
202680.000000  -0.422618  -0.906308
202740.000000  0.430963  0.551608
202800.000000  1.18761  -0.528758
202860.000000  0.449528  -1.11262
202920.000000  1.17795  0.228971
202980.000000  0.699574  -0.0244296
203040.000000  0.593634  -0.370943
203100.000000  0.798904  0.0418688
203160.000000  1.22917  0.423239
203220.000000  1.09732  0.0767321
203280.000000  1.90211  0.618034
203340.000000  2.54414  1.58976
203400.000000  1.98969  1.34206
203460.000000  2.40421  1.62166
203520.000000  2.29566  1.22063
203580.000000  0.932575  0.755184
203640.000000  -3.3775  -1.95
203700.000000  -3.28415  -0.879985
203760.000000  -3.55568  -0.563164
203820.000000  -1.99186  -1.15
203880.000000  -0.604805  -2.42574
203940.000000  -1.43078  -2.28973
204000.000000  -1.33826  -1.48629
204060.000000  -0.135887  -1.29288
204120.000000  1.03923  0.6
204180.000000  0.776237  0.193538
204240.000000  0.378207  -0.130227
204300.000000  0.32803  -0.377355
204360.000000  0.0906834  -1.29683
204420.000000  -0.165596  -1.89277
204480.000000  0.468877  -1.10461
204540.000000  0.66883  -0.602218
204600.000000  0.545599  -0.585083
204660.000000  0.270285  -1.27159
204720.000000  0.0435779  -0.498097
204780.000000  0.393635  -0.452826
204840.000000  0.272394  -0.534604
204900.000000  0.0559193  -0.0829038
204960.000000  -0.236403  -0.184698
205020.000000  -0.422524  -0.794653
205080.000000  0.34202  -0.939693
205140.000000  -0.896575  -0.0784402
205200.000000  -0.303201  1.05739
205260.000000  -0.573406  0.401504
205320.000000  -0.945613  0.738794
205380.000000  -0.855951  0.278115
205440.000000  -0.75471  0.656059
205500.000000  -0.294488  -0.0572427
205560.000000  0.0279026  -0.399026
205620.000000  0.834465  -0.337146
205680.000000  0.503274  -0.746134
205740.000000  0.515038  -0.857167
205800.000000  1.09983  0.0191976
205860.000000  0.524847  -0.603768
205920.000000  0.406737  -0.913545
205980.000000  0.886327  0.156283
206040.000000  0.854861  0.692252
206100.000000  0.869333  0.232937
206160.000000  0.905651  0.787271
206220.000000  -1.29822  -0.0680367
206280.000000  0.869333  0.232937
206340.000000  0.5  0.866025
206400.000000  0.750198  0.804489
206460.000000  -0.842541  -1.11809
206520.000000  -1.07901  -1.04199
206580.000000  -1.35841  0.338691
206640.000000  0.958363  0.722178
206700.000000  -0.139449  -1.59391
206760.000000  -0.32803  -0.377355
206820.000000  -1.04616  -0.339919
206880.000000  -1.14127  -0.37082
206940.000000  -2.15632  -1.6249
207000.000000  -2.07259  -1.39798
207060.000000  -0.667831  -3.4357
207120.000000  0.0767789  -2.19866
207180.000000  0.329047  -2.67987
207240.000000  -1.03927  -2.70738
207300.000000  -0.89592  -2.33395
207360.000000  -0.555506  -1.81698
207420.000000  -0.404912  -1.75387
207480.000000  -0.789068  -1.61783
207540.000000  -0.586023  -1.70193
207600.000000  0.0940756  -0.89507
207660.000000  -0.0551275  -0.192252
207720.000000  -0.22051  -0.769009
207780.000000  -0.162784  -0.472759
207840.000000  0.599178  0.0314016
207900.000000  0.537552  1.40037
207960.000000  1.0912  1.17017
208020.000000  0.705342  0.97082
208080.000000  -0.114981  1.09397
208140.000000  -0.0314095  0.899452
208200.000000  0.10751  -0.280074
208260.000000  -1.6168  0.525329
208320.000000  -0.0381618  0.196325
208380.000000  -0.990268  -0.139173
208440.000000  -0.857167  0.515038
208500.000000  -0.207055  -0.772741
208560.000000  -0.0731699  -0.696165
208620.000000  -0.0174524  -0.999848
208680.000000  -0.818398  -0.877624
208740.000000  -0.586023  -1.70193
208800.000000  -0.964417  -1.97735
208860.000000  -0.416756  -2.36354
208920.000000  -0.297225  -1.87661
208980.000000  0.824176  -1.48685
209040.000000  0.272394  -0.534604
209100.000000  0.822191  -0.366063
209160.000000  0.901067  -0.630934
209220.000000  0.477399  -0.511948
209280.000000  -0.066309  -1.89884
209340.000000  0.155291  -0.579555
209400.000000  0.644353  0.273512
209460.000000  -2.36147  -1.30899
209520.000000  -1.60738  -0.553466
209580.000000  -0.438017  2.76553
209640.000000  -0.052336  0.99863
209700.000000  -1.65691  -0.703316
209760.000000  -0.337427  1.46156
209820.000000  -1.04007  -0.358125
209880.000000  0.855951  0.278115
209940.000000  -0.8  -1.38564
210000.000000  -1.12763  0.410424
210060.000000  1.46722  -0.311868
210120.000000  1.47721  0.260472
210180.000000  1.73027  0.496147
210240.000000  0.576757  0.165382
210300.000000  -0.440524  -0.544002
210360.000000  0.325568  -0.945519
210420.000000  0.281683  -0.529769
210480.000000  0.344146  -0.491491
210540.000000  0.599634  -0.0209397
210600.000000  0.435711  -0.670936
210660.000000  1.03823  -0.78236
210720.000000  -1.99239  0.174311
210780.000000  -0.457942  -2.35591
210840.000000  -0.555506  -1.81698
210900.000000  -0.156793  -1.49178
210960.000000  -1.20754  -1.04969
211020.000000  -1.48349  -0.599371
211080.000000  -0.472397  -2.04618
211140.000000  0.167416  -2.39415
211200.000000  -0.964827  -3.15581
211260.000000  -0.547232  -1.50351
211320.000000  -0.0349048  -1.9997
211380.000000  -0.341234  -2.77913
211440.000000  0.0383953  -2.19966
211500.000000  -0.748807  -2.17469
211560.000000  -0.760713  -1.63135
211620.000000  -0.0383894  -1.09933
211680.000000  0.436329  -0.787158
211740.000000  0.901067  -0.630934
211800.000000  1.19795  -0.902723
211860.000000  0.408591  -0.801906
211920.000000  0.842649  -0.707066
211980.000000  1.20534  -0.486989
212040.000000  -1.50961  -0.98035
212100.000000  -1.27181  -2.03532
212160.000000  -1.03008  -1.71433
212220.000000  -0.306181  -2.17859
212280.000000  -0.7728  -1.73574
212340.000000  -0.132537  -1.89537
212400.000000  -1.21202  -2.18655
212460.000000  -1.14345  -1.51741
212520.000000  -1.88677  -1.64015
212580.000000  -1.78201  -0.907981
212640.000000  -3.32554  -1.62197
212700.000000  -2.57741  -1.09405
212760.000000  -1.67125  -1.99172
212820.000000  -2.09668  -1.3616
212880.000000  -1.58489  -1.37772
212940.000000  -1.05209  -2.15711
213000.000000  -0.146489  -2.09488
213060.000000  -0.177698  -1.69069
213120.000000  -1.30228  -1.09274
213180.000000  -0.305294  -1.5706
213240.000000  0.198604  -1.88959
213300.000000  -0.0958713  -1.09581
213360.000000  0.273616  -0.751754
213420.000000  0.279596  -0.414519
213480.000000  0.404508  -0.293893
213540.000000  0.629156  -0.30686
213600.000000  0.0087262  0.499924
213660.000000  -0.5143  0.309023
213720.000000  -1.13701  -0.630253
213780.000000  0.669549  1.11432
213840.000000  1.44168  0.900863
213900.000000  2.06732  0.752444
213960.000000  1.98559  0.683693
214020.000000  2.16129  0.786646
214080.000000  2.44894  1.35747
214140.000000  2.76761  1.79731
214200.000000  1.94248  1.03284
214260.000000  0.997564  -0.0697565
214320.000000  -2.15192  -0.457406
214380.000000  -3.03767  -1.28941
214440.000000  -2.42674  -1.1836
214500.000000  -1.64015  -1.88677
214560.000000  -1.00685  -1.61129
214620.000000  -1.92416  -1.06658
214680.000000  -1.52649  -0.953855
214740.000000  -1.11839  -1.65808
214800.000000  -1.19571  -1.47658
214860.000000  -0.804489  -0.750198
214920.000000  -0.524449  -1.29806
214980.000000  -0.14634  -1.39233
215040.000000  -0.525329  -1.6168
215100.000000  -0.193924  -0.349848
215160.000000  0.0584743  0.191261
215220.000000  0.0122167  0.699893
215280.000000  -0.026168  0.499315
215340.000000  -0.366063  0.822191
215400.000000  -0.321394  0.383022
215460.000000  -0.290886  -0.524772
215520.000000  0.196818  0.226413
215580.000000  0.331615  -0.223677
215640.000000  0.0261467  -0.298858
215700.000000  0.992546  0.121869
215760.000000  1.94248  1.03284
215820.000000  1.12583  0.65
215880.000000  1.69145  0.615636
215940.000000  0.961262  0.275637
216000.000000  1.59124  0.167246
216060.000000  0.515038  -0.857167
216120.000000  -0.0974955  -0.794037
216180.000000  1.54072  0.718451
216240.000000  2.1298  1.4913
216300.000000  2.28973  1.43078
216360.000000  2.23618  1.68508
216420.000000  2.1555  1.4539
216480.000000  1.97003  1.53915
216540.000000  0.906308  0.422618
216600.000000  0.167416  -2.39415
216660.000000  0.0767321  -1.09732
216720.000000  -1.05  -1.81865
216780.000000  -0.428584  -0.257519
216840.000000  -0.270285  -1.27159
216900.000000  -0.62517  -1.47281
216960.000000  -0.435711  -0.670936
217020.000000  -0.463534  -0.771451
217080.000000  -0.248074  -0.865136
217140.000000  -3.12285e-16  -1.7
217200.000000  0.0209429  -1.19982
217260.000000  -0.138919  -0.787846
217320.000000  0.544639  -0.838671
217380.000000  0.233897  -0.765044
217440.000000  0.511948  -0.477399
217500.000000  0.776237  -0.193538
217560.000000  0.932575  -0.755184
217620.000000  0.809017  -0.587785
217680.000000  0.361089  -0.479181
217740.000000  0.0348782  -0.498782
217800.000000  -0.0694593  -0.393923
217860.000000  0.43731  0.242405
217920.000000  0.578509  -0.68944
217980.000000  -1.40037  -0.537552
218040.000000  -0.923492  -1.18202
218100.000000  -0.146186  -0.478152
218160.000000  -1.66178  -0.921138
218220.000000  -1  -1.73205
218280.000000  -1.03008  -1.71433
218340.000000  -1.82709  -0.813473
218400.000000  -0.718451  -1.54072
218460.000000  -2.26413  -1.96818
218520.000000  -1.09703  -1.023
218580.000000  -0.98035  -1.50961
218640.000000  -2.66946  -1.13312
218700.000000  -2.26577  -1.05655
218760.000000  -0.906308  -0.422618
218820.000000  -0.310583  -1.15911
218880.000000  -0.171728  -0.883464
218940.000000  -0.109682  -0.893292
219000.000000  -0.0976591  -1.39659
219060.000000  0.243107  -1.37873
219120.000000  -0.0261786  -1.49977
219180.000000  -2.93915e-16  -1.6
219240.000000  0.231552  -1.88584
219300.000000  0.139513  -1.99513
219360.000000  0.113302  -1.29505
219420.000000  -0.0628031  -1.19836
219480.000000  -1.11839  -1.65808
219540.000000  -1.42561  -0.726385
219600.000000  -2.0572  -1.23609
219660.000000  -1.34187  -0.871422
219720.000000  -2.28254  -0.741641
219780.000000  -1.69291  -0.862582
219840.000000  -1.31064  -0.917722
219900.000000  -1.48349  -0.599371
219960.000000  -1.06252  -0.284701
220020.000000  -0.404508  -0.293893
220080.000000  0.385673  -0.459627
220140.000000  0.545599  -0.585083
220200.000000  0.383022  -0.321394
220260.000000  0.360527  -0.600017
220320.000000  0.560148  -0.215021
220380.000000  0.495134  -0.0695866
220440.000000  0.292541  -0.272799
220500.000000  0.644353  -0.273512
220560.000000  0.725046  0.338095
220620.000000  0.623705  0.317793
220680.000000  0.736404  0.312585
220740.000000  0.762495  1.17414
220800.000000  2.07676  2.56458
220860.000000  1.41413  1.6853
220920.000000  -0.156793  1.49178
220980.000000  -0.401722  1.23637
221040.000000  -0.590453  0.679239
221100.000000  -1.088  0.881049
221160.000000  -1.29921  -0.0453693
221220.000000  -0.763243  0.476927
221280.000000  -0.679207  0.169345
221340.000000  -0.295442  -0.0520945
221400.000000  0.66883  -0.602218
221460.000000  0.590453  -0.679239
221520.000000  0.347329  -0.35967
221580.000000  0.566312  -0.41145
221640.000000  0.399318  -0.300908
221700.000000  0.0104698  -0.299817
221760.000000  0.00697565  -0.0997564
221820.000000  -0.0139513  -0.199513
221880.000000  -0.130227  -0.378207
221940.000000  0.0853085  -0.694782
222000.000000  0.399756  0.0139598
222060.000000  0.178201  0.0907981
222120.000000  0.0139513  -0.199513
222180.000000  0.211309  0.453154
222240.000000  -1.76067  -0.374241
222300.000000  -0.687139  -0.133566
222360.000000  -0.687139  0.133566
222420.000000  -0.743145  0.669131
222480.000000  -1.08646  0.172078
222540.000000  -1.43446  -0.438558
222600.000000  -1.94709  -0.786674
222660.000000  -1.48349  -0.599371
222720.000000  -1.50101  -0.798102
222780.000000  -0.187939  -0.068404
222840.000000  0.00698096  -0.399939
222900.000000  0.369397  -0.472806
222960.000000  0.365677  -0.340999
223020.000000  0.503538  -0.486261
223080.000000  0.399756  -0.0139598
223140.000000  0.428584  -0.257519
223200.000000  0.392651  0.0763236
223260.000000  0.0826912  -0.288379
223320.000000  0.245746  0.172073
223380.000000  0.487185  0.112476
223440.000000  0.340999  0.365677
223500.000000  0.452826  0.393635
223560.000000  0.419335  0.27232
223620.000000  2.09909  1.16354
223680.000000  2.47225  1.31452
223740.000000  2.64884  1.40841
223800.000000  2.29566  1.22063
223860.000000  1.49373  0.573389
223920.000000  2.15711  1.05209
223980.000000  0.951057  0.309017
224040.000000  0.104635  -1.49635
224100.000000  -0.760713  -1.63135
224160.000000  -0.573389  -1.49373
224220.000000  -0.415823  -1.9563
224280.000000  -0.413456  -1.44189
224340.000000  -0.555506  -1.81698
224400.000000  -0.026168  -0.499315
224460.000000  0.475528  -0.154508
224520.000000  0.0835039  -0.594161
224580.000000  0.431604  -0.416795
224640.000000  0.293444  -0.0623735
224700.000000  0.29708  -0.0417519
224760.000000  0.0243739  -0.198509
224820.000000  0.229431  -0.327661
224880.000000  0.563816  0.205212
224940.000000  0.196818  0.226413
225000.000000  0.199513  -0.0139513
225060.000000  0.0997564  -0.00697565
225120.000000  -0.48541  -0.352671
225180.000000  -0.543785  -0.253571
225240.000000  -0.396107  -0.0556692
225300.000000  -0.623705  -0.317793
225360.000000  -0.153209  -0.128558
225420.000000  0.534604  0.272394
225480.000000  0.0209429  1.19982
225540.000000  1.24343  1.00691
225600.000000  0.153209  0.128558
225660.000000  1.39979  -0.0244334
225720.000000  0.480631  0.137819
225780.000000  -0.756415  -0.260455
225840.000000  0.495134  0.0695866
225900.000000  0.528297  0.459241
225960.000000  0.0618034  0.190211
226020.000000  0.55631  0.224764
226080.000000  0.741747  0.299685
226140.000000  0.55631  0.224764
226200.000000  0.279596  0.414519
226260.000000  0.62517  1.47281
226320.000000  0.0348995  0.999391
226380.000000  1.36675  1.31985
226440.000000  0.621717  0.503456
226500.000000  0.152647  0.785302
226560.000000  0.0314095  0.899452
226620.000000  0.111338  0.792214
226680.000000  0.169345  0.679207
226740.000000  -0.623705  0.317793
226800.000000  -1.52169  -0.494427
226860.000000  -1.70193  -0.586023
226920.000000  -1.3  1.59204e-16
226980.000000  -1.10461  -0.468877
227040.000000  -0.855951  0.278115
227100.000000  -0.6  7.34788e-17
227160.000000  -0.187939  -0.068404
227220.000000  0.6  1.03923
227280.000000  0.0938943  0.17659
227340.000000  -0.184101  0.0781462
227400.000000  -0.0559193  -0.0829038
227460.000000  -0.0515038  -0.0857167
227520.000000  0.123607  -0.380423
227580.000000  0.0517638  -0.193185
227640.000000  0.0996195  0.00871557
227700.000000  -0.290886  -0.524772
227760.000000  0.131511  -0.269638
227820.000000  0.25715  -0.154511
227880.000000  -0.272799  -0.292541
227940.000000  -0.167734  -0.108928
228000.000000  -0.251601  0.163392
228060.000000  -0.399452  0.0209344
228120.000000  -0.299589  0.0157008
228180.000000  -0.449951  0.536231
228240.000000  -0.596713  0.0627171
228300.000000  -0.588976  0.114485
228360.000000  -1.66285  -0.35345
228420.000000  -0.952628  -0.55
228480.000000  -0.898767  -0.0471024
228540.000000  -0.378207  -0.130227
228600.000000  0.424264  -0.424264
228660.000000  0.383022  -0.321394
228720.000000  0.0573576  -0.0819152
228780.000000  0.16961  -0.105984
228840.000000  0.0707107  -0.0707107
228900.000000  0.16383  -0.114715
228960.000000  -0.472806  -0.369397
229020.000000  0.154511  -0.25715
229080.000000  0.0258819  -0.0965926
229140.000000  0.167758  -0.248711
229200.000000  0.586889  -0.124747
229260.000000  -0.167758  -0.248711
229320.000000  0.6  0
229380.000000  0.239591  0.180545
229440.000000  -0.226413  -0.196818
229500.000000  0.110255  0.384505
229560.000000  -0.0244296  0.699574
229620.000000  -0.247214  0.760845
229680.000000  -0.321394  0.383022
229740.000000  -0.576757  0.165382
229800.000000  -1.17378  -0.249494
229860.000000  -1.28025  -0.225743
229920.000000  -0.883464  -0.171728
229980.000000  -0.891241  0.125256
230040.000000  0.103956  -0.489074
230100.000000  0.503538  -0.486261
230160.000000  0.385673  -0.459627
230220.000000  0.176336  -0.242705
230280.000000  0.0831647  -0.391259
230340.000000  0.697336  -0.061009
230400.000000  0.7  0
230460.000000  -0.309023  -0.5143
230520.000000  -0.140841  -0.264884
230580.000000  0.353179  0.187789
230640.000000  0.093358  0.0358368
230700.000000  0.769009  -0.22051
230760.000000  0.71934  0.694658
230820.000000  0.377355  0.32803
230880.000000  1.16572  0.943981
230940.000000  1.35688  0.847871
231000.000000  0.497423  0.335516
231060.000000  -0.559193  0.829038
231120.000000  -1.19343  0.125434
231180.000000  -0.672883  -0.192946
231240.000000  -0.373432  -0.143347
231300.000000  0.262424  -0.301884
231360.000000  0.516419  -0.971242
231420.000000  -0.242405  -0.43731
231480.000000  1.70771  0.832905
231540.000000  1.44168  0.900863
231600.000000  2.04618  0.472397
231660.000000  0.551608  0.430963
231720.000000  1.59124  0.167246
231780.000000  2.29566  1.22063
231840.000000  1.61783  0.789068
231900.000000  0.899452  0.0314095
231960.000000  0.508829  -0.317952
232020.000000  0.363192  -0.712805
232080.000000  -0.208398  -0.215802
232140.000000  -0.422524  -0.794653
232200.000000  -0.972522  -1.00708
232260.000000  -0.808915  -0.394534
232320.000000  -1.24741  -0.635587
232380.000000  -0.817459  -0.736044
232440.000000  -0.503538  -0.486261
232500.000000  -0.75471  -0.656059
232560.000000  -0.788011  -0.615661
232620.000000  -0.642788  -0.766044
232680.000000  -0.187789  -0.353179
232740.000000  -0.30686  -0.629156
232800.000000  -0.585083  -0.545599
232860.000000  -0.746134  -0.503274
232920.000000  -0.486989  -1.20534
232980.000000  -0.458861  -0.655322
233040.000000  -0.422524  -0.794653
233100.000000  -0.738794  -0.945613
233160.000000  -0.490175  -0.754804
233220.000000  -0.216312  -0.66574
233280.000000  0.335516  -0.497423
233340.000000  0.638908  -0.481452
233400.000000  1.45544  0.362883
233460.000000  0.693188  -0.0974212
233520.000000  0.565685  -0.565685
233580.000000  0.68944  -0.578509
233640.000000  0.630409  -0.492529
233700.000000  0.466288  -0.377592
233760.000000  0.34641  -0.2
233820.000000  0.120961  0.485148
233880.000000  -0.942884  0.566542
233940.000000  -1.05659  0.918483
234000.000000  -0.586023  1.70193
234060.000000  -1.19571  1.47658
234120.000000  1.01684  2.28386
234180.000000  1.11284  4.46336
234240.000000  2.76259  3.80238
234300.000000  1.14374  1.76121
234360.000000  0.78236  1.03823
234420.000000  1.35841  0.338691
234480.000000  1.65808  1.11839
234540.000000  0.794653  0.422524
234600.000000  0.877624  -0.818398
234660.000000  0.658218  -0.613799
234720.000000  1.79759  0.876742
234780.000000  0.848048  0.529919
234840.000000  2.01865  0.578838
234900.000000  1.66893  0.674292
234960.000000  1.66877  0.324375
235020.000000  0.794037  -0.0974955
235080.000000  0.490814  -0.0954045
235140.000000  2.42487  1.4
235200.000000  1.31985  1.36675
235260.000000  -0.172078  1.08646
235320.000000  0.239414  -0.657785
235380.000000  -2.52067  -0.967593
235440.000000  -2.8941  -1.11094
235500.000000  -0.828454  -0.351658
235560.000000  -0.600017  -0.360527
235620.000000  -0.181173  0.676148
235680.000000  0.228971  1.17795
235740.000000  -0.134056  -1.0918
235800.000000  -2.33849  0.539883
235860.000000  -1.49909  -0.0523492
235920.000000  -3.28892  -1.19707
235980.000000  -2.19966  0.0383953
236040.000000  -2.2384  -1.50982
236100.000000  -4.15913  -0.584527
236160.000000  -2.69153  -0.771785
236220.000000  -4.08954  -1.32877
236280.000000  -3.83689  -1.70829
236340.000000  -3.34707  -1.0233
236400.000000  -3.26753  -1.25429
236460.000000  -2.79856  -1.74873
236520.000000  -3.14863  -1.74531
236580.000000  -4.04457  -1.97267
236640.000000  -3.26691  -1.73704
236700.000000  -4.13465  -1.50489
236760.000000  -5.06672  -1.16975
236820.000000  -3.70912  -1.20517
236880.000000  -1.48349  -0.599371
236940.000000  -5.61911  -2.62023
237000.000000  -2.13842  -1.08958
237060.000000  -5.41477  -2.07853
237120.000000  -1.69145  -0.615636
237180.000000  -1.72198  -0.802975
237240.000000  -1.48685  -0.824176
237300.000000  -1.51471  -0.771784
237360.000000  -1.2276  -1.31644
237420.000000  -0.207178  -1.68733
237480.000000  -1.53209  -1.28558
237540.000000  -0.139449  -1.59391
237600.000000  -0.68404  -1.87939
237660.000000  -0.8  -1.38564
237720.000000  -1.35446  -1.73362
237780.000000  -1.08928  -1.67734
237840.000000  -0.718451  -1.54072
237900.000000  -1.68211  -1.5686
237960.000000  -0.98589  -1.85419
238020.000000  -0.523711  -1.8264
238080.000000  -1.81865  -1.05
238140.000000  -1.62862  -0.978572
238200.000000  -3.59507  -0.188409
238260.000000  -2.1995  -0.672455
238320.000000  -1.65808  -1.11839
238380.000000  -1.38564  -0.8
238440.000000  -1.4322  -1.53584
238500.000000  -1.57517  -1.06247
238560.000000  -1.85419  -0.98589
238620.000000  -2.13465  -0.532228
238680.000000  -1.16924  -0.269941
238740.000000  -0.305294  -1.5706
238800.000000  0.0366501  -2.09968
238860.000000  -0.177698  -1.69069
238920.000000  -2.38806e-16  -1.3
238980.000000  -0.894709  -1.32646
239040.000000  -1.10246  -0.688895
239100.000000  -0.303201  -1.05739
239160.000000  -0.545599  -0.585083
239220.000000  -0.731354  -0.681998
239280.000000  -0.629156  -0.30686
239340.000000  0.45  -0.779423
239400.000000  0.0558052  -0.798051
239460.000000  0.273616  -0.751754
239520.000000  0.257519  -0.428584
239580.000000  -2.24059  -0.860083
239640.000000  -1.66893  -0.674292
239700.000000  -2.10115  -0.935494
239760.000000  -1.57621  -0.636831
239820.000000  -0.956305  0.292372
239880.000000  -1.2557  0.336465
239940.000000  -0.801906  0.408591
240000.000000  -0.124747  0.586889
240060.000000  0.440524  -0.544002
240120.000000  0.999848  0.0174524
240180.000000  1.08929  -0.15309
240240.000000  1.2998  -0.0226881
240300.000000  0.899452  -0.0314095
240360.000000  0.606218  -0.35
240420.000000  0.699696  -0.387848
240480.000000  1.09027  0.708031
240540.000000  -0.350846  -1.14757
240600.000000  -0.45  -0.779423
240660.000000  1.07855  0.526045
240720.000000  -1.21353  -0.881678
240780.000000  -1.55303  -0.691452
240840.000000  -1.47447  -1.03244
240900.000000  -0.286213  -1.47244
240960.000000  -0.0976591  -1.39659
241020.000000  -0.532228  -2.13465
241080.000000  -0.35345  -1.66285
241140.000000  -0.894709  -1.32646
241200.000000  -0.902723  -1.19795
241260.000000  -0.0157072  -0.899863
241320.000000  -0.278346  -1.98054
241380.000000  -0.137819  -0.480631
241440.000000  -0.0938607  -0.592613
241500.000000  -0.486261  -0.503538
241560.000000  -0.618063  -0.32863
241620.000000  -0.0809017  -0.0587785
241680.000000  0.102606  -0.281908
241740.000000  -0.478152  -0.146186
241800.000000  0.585083  -0.545599
241860.000000  0.226413  -0.196818
241920.000000  0.679239  -0.590453
241980.000000  0.445887  -0.401478
242040.000000  0.377592  -0.466288
242100.000000  0.299685  -0.741747
242160.000000  0.251728  -0.310858
242220.000000  0.679207  -0.169345
242280.000000  0.459241  -0.528297
242340.000000  0.536231  -0.449951
242400.000000  0.279596  -0.414519
242460.000000  -0.409199  0.438812
242520.000000  -0.999848  0.0174524
242580.000000  -1.023  1.09703
242640.000000  -1.01029  0.818117
242700.000000  -0.820535  -1.93306
242760.000000  -1.6776  -0.891996
242820.000000  -1.57432  -0.872657
242880.000000  -0.995858  -0.835624
242940.000000  -0.580326  -0.391435
243000.000000  0.0836228  -0.795618
243060.000000  0.0418539  -0.598538
243120.000000  0.629156  -0.30686
243180.000000  0.188796  -0.233144
243240.000000  0.293893  -0.404508
243300.000000  0.528297  -0.459241
243360.000000  0.459241  -0.528297
243420.000000  0.300908  -0.399318
243480.000000  0.212132  -0.212132
243540.000000  0.235114  -0.323607
243600.000000  0.0763236  -0.392651
243660.000000  0.472806  -0.369397
243720.000000  0.565685  -0.565685
243780.000000  0.492404  -0.0868241
243840.000000  0.285317  -0.0927051
243900.000000  0.0615661  0.0788011
243960.000000  0.694658  0.71934
244020.000000  0.27232  0.419335
244080.000000  -0.545599  0.585083
244140.000000  -0.257519  0.428584
244200.000000  -0.911941  0.615112
244260.000000  -1.38957  -1.2958
244320.000000  -2.26525  -1.6458
244380.000000  -1.47841  -1.7619
244440.000000  -2.11478  -0.606402
244500.000000  -3.29901  -0.822534
244560.000000  -1.57517  -1.06247
244620.000000  -0.999235  -1.37533
244680.000000  -0.544639  -0.838671
244740.000000  0.436329  -0.787158
244800.000000  -0.565685  -0.565685
244860.000000  -1.05172  -0.764121
244920.000000  -1.50961  -0.98035
244980.000000  -0.901067  -0.630934
245040.000000  -0.503538  -0.486261
245100.000000  0.272394  -0.534604
245160.000000  -0.179961  -0.779496
245220.000000  0.499315  -0.026168
245280.000000  0.689365  0.121554
245340.000000  -0.393635  -0.452826
245400.000000  0.187303  -0.463592
245460.000000  -0.0122167  0.699893
245520.000000  -0.0845237  0.181262
245580.000000  -0.765044  -0.233897
245640.000000  -1.2216  -0.444626
245700.000000  -0.699893  0.0122167
245760.000000  -0.97437  -0.224951
245820.000000  -0.245746  -0.172073
245880.000000  0.590885  -0.104189
245940.000000  0.566312  -0.41145
246000.000000  0.262386  -0.145443
246060.000000  0.459627  -0.385673
246120.000000  0.441474  -0.234736
246180.000000  -0.0731216  -0.595528
246240.000000  0.397018  0.0487477
246300.000000  0.0418539  -0.598538
246360.000000  -0.277863  -0.287736
246420.000000  0.105984  -0.16961
246480.000000  0.162784  -0.472759
246540.000000  0.211968  -0.339219
246600.000000  0.35967  -0.347329
246660.000000  -0.499315  -0.026168
246720.000000  -0.399026  -0.0279026
246780.000000  -0.0970296  -0.0241922
246840.000000  -1.19666  0.50795
246900.000000  -1.29822  -0.0680367
246960.000000  -1.91261  -0.584743
247020.000000  -1.84356  -0.459652
247080.000000  -2.13252  -0.861595
247140.000000  -2.56785  -0.834346
247200.000000  -1.12763  -0.410424
247260.000000  -0.310858  -0.251728
247320.000000  0.325568  -0.945519
247380.000000  0.181173  -0.676148
247440.000000  0.416795  -0.431604
247500.000000  0.250858  -0.653506
247560.000000  0.494975  -0.494975
247620.000000  0.128558  -0.153209
247680.000000  0.644353  -0.273512
247740.000000  0.267302  -0.136197
247800.000000  0.208398  -0.215802
247860.000000  0.0707107  -0.0707107
247920.000000  0.159727  -0.120363
247980.000000  0  -0
248040.000000  0.174924  -0.0969619
248100.000000  0.0829038  0.0559193
248160.000000  0.490175  0.754804
248220.000000  0.126785  0.271892
248280.000000  0.279596  0.414519
248340.000000  -0.205212  0.563816
248400.000000  -0.541634  0.718772
248460.000000  -1.14757  0.350846
248520.000000  -1.77784  -0.281582
248580.000000  -1.53802  -0.44102
248640.000000  -1.87939  -0.68404
248700.000000  -0.469846  -0.17101
248760.000000  0.463592  -0.187303
248820.000000  0.130227  -0.378207
248880.000000  0.383022  0.321394
248940.000000  0  0
249000.000000  -0.0275637  -0.0961262
249060.000000  0.299269  0.0209269
249120.000000  0.377355  -0.32803
249180.000000  0.189104  -0.0651136
249240.000000  0.409576  -0.286788
249300.000000  0.897808  -0.0627808
249360.000000  0.696165  -0.0731699
249420.000000  0.433013  0.25
249480.000000  0.433013  0.25
249540.000000  0.112382  0.278155
249600.000000  0.472806  0.369397
249660.000000  0.228703  1.07596
249720.000000  -0.459652  1.84356
249780.000000  -0.15309  1.08929
249840.000000  0.381618  1.96325
249900.000000  0.0837375  1.59781
249960.000000  -0.491756  1.83526
250020.000000  -0.556231  1.7119
250080.000000  0.449902  1.94874
250140.000000  0.170617  1.38956
250200.000000  1.65482  1.29289
250260.000000  1.97148  1.18459
250320.000000  1.01029  0.818117
250380.000000  1.35946  0.633927
250440.000000  0.83359  0.863208
250500.000000  0.945519  0.325568
250560.000000  0.399939  -0.00698096
250620.000000  0.384505  -0.110255
250680.000000  0.585083  -0.545599
250740.000000  0.277863  -0.287736
250800.000000  0.600017  -0.360527
250860.000000  0.299954  0.00523572
250920.000000  0.449397  -0.219186
250980.000000  0.416795  -0.431604
251040.000000  -0.00871557  -0.0996195
251100.000000  -0.310858  0.251728
251160.000000  -0.439992  1.64207
251220.000000  -0.248074  0.865136
251280.000000  -1.11262  0.449528
251340.000000  -0.834465  0.337146
251400.000000  -0.533291  0.962082
251460.000000  -1.72198  -0.802975
251520.000000  -0.570634  -0.18541
251580.000000  0.497261  0.0522642
251640.000000  0.945519  0.325568
251700.000000  0.799513  0.0279196
251760.000000  0.850967  -0.293011
251820.000000  0.414519  -0.279596
251880.000000  0.178201  -0.0907981
251940.000000  0.684703  -0.145538
252000.000000  0.194059  -0.0483844
252060.000000  0.491491  -0.344146
252120.000000  0.327661  -0.229431
252180.000000  0.373432  -0.143347
252240.000000  0.981627  -0.190809
252300.000000  0.599634  -0.0209397
252360.000000  0.563816  -0.205212
252420.000000  0.0876742  -0.179759
252480.000000  -0.0374607  -0.0927184
252540.000000  -0.112382  -0.278155
252600.000000  -0.779423  -0.45
252660.000000  -0.669413  -0.20466
252720.000000  -0.639482  -0.284716
252780.000000  -0.594516  0.535304
252840.000000  -0.612836  -0.51423
252900.000000  -0.466288  -0.377592
252960.000000  -0.677228  -0.866812
253020.000000  -0.776237  -0.193538
253080.000000  -0.211968  0.339219
253140.000000  -0.5  6.12323e-17
253200.000000  -0.424264  -0.424264
253260.000000  -0.492404  -0.0868241
253320.000000  0.555727  -0.575472
253380.000000  0.116949  -0.382522
253440.000000  0.0763236  -0.392651
253500.000000  0.137819  -0.480631
253560.000000  0.487185  0.112476
253620.000000  0.566312  -0.41145
253680.000000  0.639482  -0.284716
253740.000000  1.09983  -0.0191976
253800.000000  1.28399  -0.203365
253860.000000  0.88892  -0.140791
253920.000000  0.796956  -0.0697246
253980.000000  0.794037  -0.0974955
254040.000000  0.905651  0.787271
254100.000000  -1.0181  1.8367
254160.000000  -0.261321  2.4863
254220.000000  0.0837588  2.39854
254280.000000  0.15309  1.08929
254340.000000  0.744221  2.59541
254400.000000  0.415823  1.9563
254460.000000  0.388229  1.44889
254520.000000  0.156283  0.886327
254580.000000  0.861926  1.10322
254640.000000  1.50961  0.98035
254700.000000  0.830181  0.721665
254760.000000  1.22567  1.02846
254820.000000  1.82838  1.705
254880.000000  1.97012  2.52163
254940.000000  1.55  2.68468
255000.000000  1.90126  2.81873
255060.000000  2.17481  2.99336
255120.000000  1.32399  1.757
255180.000000  1.26187  1.80213
255240.000000  0.554095  0.70921
255300.000000  0.771451  0.463534
255360.000000  0.435711  0.670936
255420.000000  0.764124  0.791274
255480.000000  0.102606  0.281908
255540.000000  0.763243  0.476927
255600.000000  1.18523  0.187721
255660.000000  1.17795  0.228971
255720.000000  0.669413  0.20466
255780.000000  0.365677  -0.340999
255840.000000  0.404508  -0.293893
255900.000000  -2.0398  -0.824135
255960.000000  -1.28735  -0.180925
256020.000000  -0.984808  -0.173648
256080.000000  0.760845  -0.247214
256140.000000  0.795618  -0.0836228
256200.000000  0.621717  -0.503456
256260.000000  0.234736  -0.441474
256320.000000  0.225743  -1.28025
256380.000000  -0.995858  -0.835624
256440.000000  -1.74098  -1.17431
256500.000000  -2.41068  -0.973977
256560.000000  -2.10115  -0.935494
256620.000000  -2.11478  -0.606402
256680.000000  -1.0049  -0.44741
256740.000000  -1.19836  -0.0628031
256800.000000  -2.79957  0.0488667
256860.000000  -2.2874  -0.240415
256920.000000  -1.99722  -0.648936
256980.000000  -2.48536  -1.05497
257040.000000  -1.54072  -0.718451
257100.000000  -2.22524  -0.899056
257160.000000  -1.81698  -0.555506
257220.000000  -1.35946  -0.633927
257280.000000  -2.42731  -0.931757
257340.000000  -0.378207  -0.130227
257400.000000  0.286694  -0.746864
257460.000000  1.10461  0.468877
257520.000000  0.647214  0.470228
257580.000000  0.43731  -0.242405
257640.000000  0.380423  -0.123607
257700.000000  0.217856  0.335468
257760.000000  0.597717  0.0522934
257820.000000  -0.00698096  -0.399939
257880.000000  0.397809  -0.0418114
257940.000000  0.250858  0.653506
258000.000000  0.779496  -0.179961
258060.000000  0.629156  -0.30686
258120.000000  0.494975  -0.494975
258180.000000  0.799878  -0.0139619
258240.000000  0.565685  -0.565685
258300.000000  0.520201  -0.468391
258360.000000  -1.06733  -0.266114
258420.000000  -1.76693  -0.343456
258480.000000  -0.453154  -0.211309
258540.000000  -0.718772  0.541634
258600.000000  -0.0488295  -0.698295
258660.000000  -1.11809  -0.842541
258720.000000  0.46679  0.179184
258780.000000  -0.803007  -1.14681
258840.000000  -0.140791  -0.88892
258900.000000  -0.5  -0.866025
258960.000000  0.338691  -1.35841
259020.000000  0.750198  -0.804489
259080.000000  -0.0366352  -0.699041
259140.000000  0.603768  -0.524847
259200.000000  0.822899  -1.13262
259260.000000  -1.44189  -0.413456
259320.000000  0.187721  -1.18523
259380.000000  -3.98689  -1.61081
259440.000000  -3.30932  -1.13949
259500.000000  -3.33786  -1.34858
259560.000000  -2.22524  -0.899056
259620.000000  -1.60381  -0.817183
259680.000000  -1.08757  -0.507142
259740.000000  0.932853  -0.582911
259800.000000  -0.366063  -0.822191
259860.000000  1.10461  -0.468877
259920.000000  -0.981122  -0.852877
259980.000000  1.14907  -0.964181
260040.000000  0.636396  -0.636396
260100.000000  -0.0628031  -1.19836
260160.000000  -0.380356  -0.815677
260220.000000  0.362347  -1.3523
260280.000000  0.478828  -1.31557
260340.000000  1.14757  -0.350846
260400.000000  1.05172  -0.764121
260460.000000  1.04969  -1.20754
260520.000000  -0.40932  -1.33883
260580.000000  0.731354  -0.681998
260640.000000  0.423239  -1.22917
260700.000000  -0.181173  -0.676148
260760.000000  -1.17017  -1.0912
260820.000000  -1.18727  -0.741887
260880.000000  -2.0398  -0.824135
260940.000000  -2.83656  -0.976704
261000.000000  -3.3287  -1.08156
261060.000000  -2.90018  -1.35238
261120.000000  -1.46167  -0.650779
261180.000000  -1.58807  -0.194991
261240.000000  -4.5825  0.400916
261300.000000  -3.29548  0.172709
261360.000000  -3.28192  0.344944
261420.000000  -3.18247  -0.334491
261480.000000  -3.34835  -0.590404
261540.000000  -1.99239  0.174311
261600.000000  -1.22917  -0.423239
261660.000000  -0.815677  -0.380356
261720.000000  1.0199  -0.412067
261780.000000  0.942884  -0.566542
261840.000000  0.678438  -0.423935
261900.000000  2.03532  1.27181
261960.000000  2.17601  1.7621
262020.000000  2.02254  1.46946
262080.000000  2.47578  2.74964
262140.000000  1.73665  1.79835
262200.000000  2.18655  1.21202
262260.000000  1.65808  1.11839
262320.000000  0.771451  0.463534
262380.000000  1.19836  0.0628031
262440.000000  0.498782  0.0348782
262500.000000  0.449397  -0.219186
262560.000000  0.34641  -0.2
262620.000000  0.393923  0.0694593
262680.000000  0.706358  0.375577
262740.000000  -1.45548  -1.2213
262800.000000  -1.76165  -0.711753
262860.000000  -1.27782  -0.962904
262920.000000  0.0954045  -0.490814
262980.000000  0.193538  -0.776237
263040.000000  0.491491  -0.344146
263100.000000  0.409199  -0.438812
263160.000000  -0.134971  -0.584622
263220.000000  -0.179961  -0.779496
263280.000000  0.0731216  -0.595528
263340.000000  0.235114  -0.323607
263400.000000  0.281908  -0.102606
263460.000000  0.456773  -0.203368
263520.000000  0.477399  -0.511948
263580.000000  0.0938943  -0.17659
263640.000000  0.2  -0.34641
263700.000000  0.384505  -0.110255
263760.000000  0.253571  -0.543785
263820.000000  0.401478  -0.445887
263880.000000  0.293893  -0.404508
263940.000000  0.388573  -0.31466
264000.000000  -0.174924  -0.0969619
264060.000000  -0.0938607  0.592613
264120.000000  0.0418688  0.798904
264180.000000  -0.751754  0.273616
264240.000000  -0.906308  0.422618
264300.000000  -0.725046  0.338095
264360.000000  -0  -0
264420.000000  -0.148629  -0.133826
264480.000000  -0.599178  -0.0314016
264540.000000  0.416795  -0.431604
264600.000000  0.585083  -0.545599
264660.000000  0.409199  -0.438812
264720.000000  0.196818  -0.226413
264780.000000  0.319454  -0.240726
264840.000000  0.0938943  -0.17659
264900.000000  0.639482  -0.284716
264960.000000  0.55631  -0.224764
265020.000000  0.388118  -0.0967688
265080.000000  0.459627  -0.385673
265140.000000  0.0707107  -0.0707107
265200.000000  -0.0781462  -0.184101
265260.000000  -0.143347  -0.373432
265320.000000  0.0209344  -0.399452
265380.000000  -0.251601  -0.163392
265440.000000  -0.048481  0.087462
265500.000000  0.0642788  0.0766044
265560.000000  -0.424024  -0.26496
265620.000000  0.0674853  0.292311
265680.000000  -0.275637  0.961262
265740.000000  -0.303201  1.05739
265800.000000  3.06162e-17  0.5
265860.000000  -0.544789  -1.06921
265920.000000  -0.838671  -0.544639
265980.000000  0.180925  -1.28735
266040.000000  0.241922  -0.970296
266100.000000  0.224951  -0.97437
266160.000000  0.0575696  -1.09849
266220.000000  -0.794653  -0.422524
266280.000000  -2.96699  -1.19874
266340.000000  -1.16843  -0.569882
266400.000000  0.156434  -0.987688
266460.000000  -1.47224  -0.85
266520.000000  -1.05172  -0.764121
266580.000000  -0.699431  -0.566388
266640.000000  -0.290306  -1.16435
266700.000000  -0.0785039  -1.49794
266760.000000  0.390731  -0.920505
266820.000000  -0.026168  -0.499315
266880.000000  0.317952  -0.508829
266940.000000  -1.10218e-16  -0.6
267000.000000  -1.52795  -0.745231
267060.000000  -0.829038  -0.559193
267120.000000  0.3  -0.519615
267180.000000  -1.35946  -0.633927
267240.000000  -1.92252  -0.551275
267300.000000  -2.77328  -0.847878
267360.000000  -2.37522  -1.05752
267420.000000  -0.55631  -0.224764
267480.000000  -0.528758  -1.18761
267540.000000  -0.541634  -0.718772
267600.000000  -1.73574  -0.7728
267660.000000  -0.8  9.79717e-17
267720.000000  0.48541  -0.352671
267780.000000  0.25715  -0.154511
267840.000000  0.466288  -0.377592
267900.000000  0.284716  -0.639482
267960.000000  0.687139  -0.133566
268020.000000  0.751754  -0.273616
268080.000000  0.137819  -0.480631
268140.000000  0.388573  -0.31466
268200.000000  0.421271  -0.559045
268260.000000  0.286788  -0.409576
268320.000000  0.165808  -0.111839
268380.000000  0.353553  0.353553
268440.000000  0.388118  0.0967688
268500.000000  0.882948  0.469472
268560.000000  0.866025  0.5
268620.000000  0.779496  0.179961
268680.000000  -0.229431  0.327661
268740.000000  0.0625738  0.395075
268800.000000  0.477399  -0.511948
268860.000000  0.334565  -0.371572
268920.000000  0.458861  -0.655322
268980.000000  0.3  -0.519615
269040.000000  0.431604  -0.416795
269100.000000  0.317952  -0.508829
269160.000000  0.459241  -0.528297
269220.000000  0.751754  0.273616
269280.000000  0.487185  -0.112476
269340.000000  0.563816  -0.205212
269400.000000  0.499695  -0.0174497
269460.000000  0.445887  -0.401478
269520.000000  0.466288  -0.377592
269580.000000  0.788011  -0.615661
269640.000000  1.39659  0.0976591
269700.000000  1.85419  0.98589
269760.000000  1.94874  0.449902
269820.000000  1.97735  0.964417
269880.000000  2.22524  0.899056
269940.000000  2.03078  1.07978
270000.000000  2.08451  0.972022
270060.000000  1.91845  0.854147
270120.000000  1.68044  0.645062
270180.000000  1.33883  0.40932
270240.000000  0.499695  -0.0174497
270300.000000  0.242705  -0.176336
270360.000000  0.419335  -0.27232
270420.000000  0.623705  -0.317793
270480.000000  0.281683  -0.529769
270540.000000  0.109504  -0.691382
270600.000000  0.377592  -0.466288
270660.000000  0.534604  -0.272394
270720.000000  0.334565  -0.371572
270780.000000  0.399318  -0.300908
270840.000000  0.55631  -0.224764
270900.000000  0.377355  -0.32803
270960.000000  0.5143  0.309023
271020.000000  0.543785  0.253571
271080.000000  0.121554  0.689365
271140.000000  -0.026168  0.499315
271200.000000  0.576757  -0.165382
271260.000000  0.95076  0.886598
271320.000000  1.43446  0.438558
271380.000000  2.01281  1.30713
271440.000000  1.27207  0.794879
271500.000000  1.6961  1.05984
271560.000000  1.27782  0.962904
271620.000000  1.78201  0.907981
271680.000000  1.58931  0.845049
271740.000000  1.31557  0.478828
271800.000000  1.35841  -0.338691
271860.000000  1.40037  0.537552
271920.000000  2.68468  1.55
271980.000000  2.18435  1.58702
272040.000000  1.82213  2.50795
272100.000000  1.22567  1.02846
272160.000000  1.79981  2.14492
272220.000000  1.2213  1.45548
272280.000000  1.31985  1.36675
272340.000000  1.21244  0.7
272400.000000  1.50961  0.98035
272460.000000  1.67734  1.08928
272520.000000  1.90679  1.28614
272580.000000  1.91673  1.44436
272640.000000  2.1298  1.4913
272700.000000  1.89123  1.47759
272760.000000  1.37772  1.58489
272820.000000  1.78355  1.60591
272880.000000  1.2  2.07846
272940.000000  1.44744  1.78744
273000.000000  1.22063  2.29566
273060.000000  -0.281582  1.77784
273120.000000  0.347296  1.96962
273180.000000  0.268113  2.1836
273240.000000  0.444626  1.2216
273300.000000  1.93306  0.820535
273360.000000  1.2213  1.45548
273420.000000  1.30228  1.09274
273480.000000  0.409199  0.438812
273540.000000  0.0191976  -1.09983
273600.000000  -0.21773  0.873266
273660.000000  0.325568  0.945519
273720.000000  -1.31557  0.478828
273780.000000  -0.459241  -0.528297
273840.000000  0.431604  0.416795
273900.000000  -0.845723  -0.307818
273960.000000  -0.361089  -0.479181
274020.000000  0.456773  -0.203368
274080.000000  0.2  -0.34641
274140.000000  -0.193185  0.0517638
274200.000000  0.46679  0.179184
274260.000000  0.0997564  0.00697565
274320.000000  0.815677  0.380356
274380.000000  0.952628  0.55
274440.000000  1.63201  1.32157
274500.000000  2.29566  1.22063
274560.000000  1.74896  0.742389
274620.000000  0.468584  1.63414
274680.000000  0.886598  0.95076
274740.000000  0.156292  0.368202
274800.000000  0.492404  0.0868241
274860.000000  -0.223677  -0.331615
274920.000000  -0.0174311  -0.199239
274980.000000  0.393923  -0.0694593
275040.000000  0.362523  -0.169047
275100.000000  0.0976704  -0.283656
275160.000000  0.459627  -0.385673
275220.000000  0.401478  0.445887
275280.000000  0.5143  0.309023
275340.000000  0.580326  0.391435
275400.000000  0.677228  0.866812
275460.000000  0.51303  1.40954
275520.000000  0.584743  1.91261
275580.000000  0.0471024  0.898767
275640.000000  -0.586023  1.70193
275700.000000  -0.167008  1.18832
275760.000000  -1.38076  0.586097
275820.000000  -0.324375  1.66877
275880.000000  -0.7  1.21244
275940.000000  0.358368  0.93358
276000.000000  0.321609  1.05194
276060.000000  0.177698  1.69069
276120.000000  0.104635  1.49635
276180.000000  0.0680367  1.29822
276240.000000  0.551275  1.92252
276300.000000  0.526269  1.72135
276360.000000  0.71625  2.08014
276420.000000  0.173648  0.984808
276480.000000  0.906308  0.422618
276540.000000  0.799513  0.0279196
276600.000000  0.293893  -0.404508
276660.000000  1.58807  0.194991
276720.000000  1.94874  0.449902
276780.000000  1.44889  0.388229
276840.000000  0.785302  -0.152647
276900.000000  0.685734  -0.41203
276960.000000  0.639482  -0.284716
277020.000000  0.347329  -0.35967
277080.000000  0.0669131  -0.0743145
277140.000000  -1.0064  0.653567
277200.000000  -0.97082  0.705342
277260.000000  -0.779423  0.45
277320.000000  -0.456773  0.203368
277380.000000  -0.321609  -1.05194
277440.000000  -0.66574  -0.216312
277500.000000  0.453154  -0.211309
277560.000000  -0.203365  -1.28399
277620.000000  -0.330765  -1.15351
277680.000000  0.585083  -0.545599
277740.000000  0.4  -0.69282
277800.000000  0.555727  -0.575472
277860.000000  0.424264  -0.424264
277920.000000  0.118586  1.69586
277980.000000  -0.0627808  0.897808
278040.000000  0.741747  -0.299685
278100.000000  0.799878  -0.0139619
278160.000000  2.03532  1.27181
278220.000000  2.14292  1.2876
278280.000000  2.0398  0.824135
278340.000000  2.01163  1.11506
278400.000000  1.17557  1.61803
278460.000000  0.897808  0.0627808
278520.000000  -1.40037  0.537552
278580.000000  -2.51662  -1.22744
278640.000000  -1.72198  -0.802975
278700.000000  -2.18435  -1.58702
278760.000000  -1.07061  -1.18903
278820.000000  -0.75  -1.29904
278880.000000  -0.0174524  -0.999848
278940.000000  -1.6961  -1.05984
279000.000000  -0.482208  -0.988673
279060.000000  -1.14127  -0.37082
279120.000000  -1.26138  -0.314498
279180.000000  -4.07961  -1.64827
279240.000000  -5.38307  -1.54357
279300.000000  -3.72959  -1.14025
279360.000000  -2.29813  -1.92836
279420.000000  -2.20921  -0.937755
279480.000000  -4.36593  -2.22455
279540.000000  -4.26505  -1.72319
279600.000000  -4.51052  -1.6417
279660.000000  -2.66946  -1.13312
279720.000000  -2.83656  -0.976704
279780.000000  -1.71433  -1.03008
279840.000000  -0.850967  0.293011
279900.000000  0.693188  0.0974212
279960.000000  0.491756  1.83526
280020.000000  1.43395  1.24651
280080.000000  0.866025  0.5
280140.000000  1.01766  0.635903
280200.000000  2.11907  1.12673
280260.000000  1.15831  0.590188
280320.000000  0.970296  0.241922
280380.000000  0.89507  0.0940756
280440.000000  0.406737  -0.913545
280500.000000  0.679239  -0.590453
280560.000000  1.09581  -0.0958713
280620.000000  0.965926  -0.258819
280680.000000  0.845723  -0.307818
280740.000000  1.55247  0.387075
280800.000000  0.883464  0.171728
280860.000000  0.528297  -0.459241
280920.000000  0.482963  -0.12941
280980.000000  0.175348  -0.359518
281040.000000  0.661863  -0.227898
281100.000000  0.499315  0.026168
281160.000000  0.38637  -0.103528
281220.000000  0.279596  -0.414519
281280.000000  0.0157008  -0.299589
281340.000000  0.416795  -0.431604
281400.000000  0.133826  -0.148629
281460.000000  -0  -0
281520.000000  -0.576757  -0.165382
281580.000000  -0.312585  -0.736404
281640.000000  -1.01766  -0.635903
281700.000000  -0.578509  -0.68944
281760.000000  -1.3523  0.362347
281820.000000  -1.40936  -0.950628
281880.000000  -0.824061  -1.37147
281940.000000  -1.17431  -1.74098
282000.000000  -0.435711  -0.670936
282060.000000  -0.113302  -1.29505
282120.000000  -0.145538  -0.684703
282180.000000  0.170617  -1.38956
282240.000000  0.438371  -0.898794
282300.000000  0.155291  -0.579555
282360.000000  0.55631  -0.224764
282420.000000  -0.121554  -0.689365
282480.000000  0.544002  -0.440524
282540.000000  0.815677  -0.380356
282600.000000  0.736404  -0.312585
282660.000000  0.503202  -0.326783
282720.000000  0.5143  -0.309023
282780.000000  0.528297  0.459241
282840.000000  1.39808  -0.0732703
282900.000000  0.923492  1.18202
282960.000000  -1.4854  -0.20876
283020.000000  -0.987688  0.156434
283080.000000  -0.172078  1.08646
283140.000000  -0.4  0.69282
283200.000000  0.394534  0.808915
283260.000000  1.3523  0.362347
283320.000000  1.2432  0.380083
283380.000000  0.951057  0.309017
283440.000000  1.19343  -0.125434
283500.000000  1.09732  -0.0767321
283560.000000  0.945519  0.325568
283620.000000  1.83686  1.38417
283680.000000  1.72198  0.802975
283740.000000  1.82388  1.23022
283800.000000  1.92416  1.06658
283860.000000  1.04616  0.339919
283920.000000  0.996939  0.46488
283980.000000  1.24741  0.635587
284040.000000  -0.366063  0.822191
284100.000000  0.317952  -0.508829
284160.000000  -0.0558052  -0.798051
284220.000000  0.5  0
284280.000000  1.12763  -0.410424
284340.000000  0.855951  -0.278115
284400.000000  -0.404508  -0.293893
284460.000000  -2.01451  -2.08609
284520.000000  -1.57621  -0.636831
284580.000000  -1.45623  -1.05801
284640.000000  -0.62517  -1.47281
284700.000000  0.41978  -2.15958
284760.000000  0.260472  -1.47721
284820.000000  -0.618034  -1.90211
284880.000000  0.125606  -2.39671
284940.000000  -0.569402  -2.12504
285000.000000  -0.217889  -2.49049
285060.000000  -1.1  -1.90526
285120.000000  -0.728115  -0.529007
285180.000000  0.440524  -0.544002
285240.000000  0.819152  -0.573576
285300.000000  0.286891  -0.0877115
285360.000000  0.361089  -0.479181
285420.000000  1.09732  0.0767321
285480.000000  1  0
285540.000000  0.691382  0.109504
285600.000000  0.55631  -0.224764
285660.000000  0.48541  -0.352671
285720.000000  0.371572  -0.334565
285780.000000  -0.0366352  -0.699041
285840.000000  0.300908  0.399318
285900.000000  0.545599  0.585083
285960.000000  0.486261  0.503538
286020.000000  1.6776  0.891996
286080.000000  2.71683  0.677381
286140.000000  2.99437  0.802339
286200.000000  0.865136  0.248074
286260.000000  0.737237  0.516219
286320.000000  2.5034  1.01144
286380.000000  1.63414  0.468584
286440.000000  1.88747  0.920579
286500.000000  1.757  1.32399
286560.000000  0.460252  0.195366
286620.000000  2.24974  0.478197
286680.000000  0.644353  0.273512
286740.000000  0.12941  -0.482963
286800.000000  0.460252  -0.195366
286860.000000  0.458861  -0.655322
286920.000000  0.988673  0.482208
286980.000000  1.62572  0.497032
287040.000000  1.63135  0.760713
287100.000000  1.61803  1.17557
287160.000000  2.13842  1.08958
287220.000000  1.59748  0.581434
287280.000000  -1.09405  2.57741
287340.000000  2.13969  2.6423
287400.000000  2.00739  2.22943
287460.000000  1.80213  1.26187
287520.000000  -2.33827  -1.35
287580.000000  -1.52795  -0.745231
287640.000000  -2.40887  -2.67532
287700.000000  -2.91564  -2.27795
287760.000000  -1.5004  -1.60898
287820.000000  -0.741641  -2.28254
287880.000000  -1.90679  -1.28614
287940.000000  -2.21171  -1.54866
288000.000000  -1.24356  -0.838789
288060.000000  -0.573576  -0.819152
288120.000000  0.371572  0.334565
288180.000000  0.211309  -0.453154
288240.000000  0.114485  -0.588976
288300.000000  0.340999  0.365677
288360.000000  0.452826  -0.393635
288420.000000  0.347329  -0.35967
288480.000000  -0.360527  -0.600017
288540.000000  1.19106  0.146243
288600.000000  0.699893  -0.0122167
288660.000000  -0.588976  -0.114485
288720.000000  -0.0522934  0.597717
288780.000000  -0.491491  0.344146
288840.000000  -0.672883  -0.192946
288900.000000  -0  -0
288960.000000  0.110255  -0.384505
289020.000000  0.580326  -0.391435
289080.000000  0.377355  -0.32803
289140.000000  0.456773  -0.203368
289200.000000  0.433013  -0.25
289260.000000  0.603768  -0.524847
289320.000000  0.203368  -0.456773
289380.000000  0.347329  -0.35967
289440.000000  0.511948  -0.477399
289500.000000  0.339919  -1.04616
289560.000000  0.570634  -0.18541
289620.000000  0.880333  -0.187121
289680.000000  0.819152  -0.573576
289740.000000  1.28025  0.225743
289800.000000  2.45407  0.477022
289860.000000  1.80005  1.08158
289920.000000  1.51471  0.771784
289980.000000  0.883464  -0.171728
290040.000000  1.01256  0.429804
290100.000000  0.32863  -0.618063
290160.000000  1.06066  1.06066
290220.000000  0.495134  0.0695866
290280.000000  0.869333  -0.232937
290340.000000  0.104528  -0.994522
290400.000000  -0.0974212  -0.693188
290460.000000  -0.247214  0.760845
290520.000000  0.51423  -0.612836
290580.000000  0.880333  0.187121
290640.000000  0.634415  0.295833
290700.000000  0.0279026  -0.399026
290760.000000  0.670936  0.435711
290820.000000  -0.155291  -0.579555
290880.000000  0.600017  -0.360527
290940.000000  -0.684703  -0.145538
291000.000000  -0.114485  -0.588976
291060.000000  0.681998  0.731354
291120.000000  0.114715  0.16383
291180.000000  -0.262225  -0.649029
291240.000000  -0.743145  -0.669131
291300.000000  -0.262386  -0.145443
291360.000000  0.545599  0.585083
291420.000000  0.539276  0.263023
291480.000000  1.26082  0.985058
291540.000000  0.311868  1.46722
291600.000000  -0.0348782  0.498782
291660.000000  0.508036  2.03762
291720.000000  0.0868241  0.492404
291780.000000  -0.0104714  0.599909
291840.000000  0.184698  0.236403
291900.000000  0.746864  0.286694
291960.000000  1.14783  0.610313
292020.000000  0.26496  -0.424024
292080.000000  0.236403  -0.184698
292140.000000  -1.56504  -0.332659
292200.000000  0.242405  0.43731
292260.000000  1.08158  1.80005
292320.000000  -2.36354  0.416756
292380.000000  -2.68973  -0.235321
292440.000000  -2.19698  -0.115139
292500.000000  -0.927051  -2.85317
292560.000000  -1.31557  -0.478828
292620.000000  -0.618046  1.0286
292680.000000  -0.566312  -0.41145
292740.000000  -2.75806  -0.896149
292800.000000  -5.60237  -1.50115
292860.000000  -2.5996  0.0453763
292920.000000  -4.71442  -2.83271
292980.000000  -4.01385  -2.81052
293040.000000  -3.19543  -3.30896
293100.000000  -4.36109  -2.83212
293160.000000  -2.92541  -2.72799
293220.000000  -3.11127  -3.11127
293280.000000  -5.05713  -3.41108
293340.000000  -2.72001  -2.20262
293400.000000  -1.73974  -1.93218
293460.000000  -4.40409  -2.14802
293520.000000  -3.74223  -1.90676
293580.000000  -2.37554  -1.66337
293640.000000  -2.4313  -2.51769
293700.000000  -2.4313  -2.51769
293760.000000  -2.89826  -2.60961
293820.000000  -2.11319  -1.83697
293880.000000  -2.44283  -1.90855
293940.000000  -1.539  -1.70923
294000.000000  -1.18038  -2.31662
294060.000000  -0.457406  -2.15192
294120.000000  -1.38564  -0.8
294180.000000  -0.877624  -0.818398
294240.000000  -2.6355  -1.98599
294300.000000  -1.14907  -0.964181
294360.000000  -0.710739  -2.18743
294420.000000  -1.21127  -2.85357
294480.000000  -2.14122  -2.37806
294540.000000  -2.41507  -2.09939
294600.000000  -2.96602  -1.44662
294660.000000  -3.00009  -1.80263
294720.000000  -4.41474  -2.34736
294780.000000  -2.62386  -1.45443
294840.000000  -1.93218  -1.73974
294900.000000  -5.72756  -5.72756
294960.000000  -3.26352  -7.1944
295020.000000  -1.42294  -8.78551
295080.000000  -1.80274  -7.99938
295140.000000  -2.78541  -7.07117
295200.000000  -2.87651  -6.4912
295260.000000  -3.33446  -5.46273
295320.000000  -3.69415  -5.10326
295380.000000  -3.58654  -4.16974
295440.000000  -5.06274  -4.68814
295500.000000  -4.66708  -2.71631
295560.000000  -4.74315  -2.36485
295620.000000  -5.36237  -2.21021
295680.000000  -7.17289  -2.51191
295740.000000  -8.07938  -2.64075
295800.000000  -8.6204  -2.58624
295860.000000  -6.41349  -4.26111
295920.000000  -5.44524  -7.6622
295980.000000  -4.49349  -7.33271
296040.000000  -3.72272  -7.30625
296100.000000  -3.72099  -6.9688
296160.000000  -4.38257  -7.74617
296220.000000  -4.41792  -6.90811
296280.000000  -5.66524  -5.92833
296340.000000  -4.87502  -5.83046
296400.000000  -5.21194  -5.66795
296460.000000  -4.99605  -5.72708
296520.000000  -4.83344  -4.78308
296580.000000  -4.70748  -4.0348
296640.000000  -4.44811  -2.05532
296700.000000  -4.41735  -1.28336
296760.000000  -5.05191  -1.60256
296820.000000  -4.67578  -1.4653
296880.000000  -3.35039  -0.578712
296940.000000  -2.49422  -0.734088
297000.000000  -2.67187  -0.837314
297060.000000  -2.64904  -0.906969
297120.000000  -2.55595  -0.870117
297180.000000  -2.78933  -1.10437
297240.000000  -3.88309  -1.6005
297300.000000  -4.68257  -1.05526
297360.000000  -4.62766  -1.27467
297420.000000  -5.2312  -2.26374
297480.000000  -4.32316  -1.84398
297540.000000  -4.78323  -1.76937
297600.000000  -3.54579  -1.05705
297660.000000  -3.98988  -1.31181
297720.000000  -4.13093  -2.02372
297780.000000  -4.184  -2.14106
297840.000000  -3.81733  -1.49599
297900.000000  -3.95228  -1.69395
297960.000000  -4.31018  -1.87412
298020.000000  -4.59549  -2.21166
298080.000000  -4.69259  -2.46366
298140.000000  -4.94131  -2.84138
298200.000000  -4.90623  -2.90154
298260.000000  -5.13057  -2.70504
298320.000000  -2.68246  -1.34328
298380.000000  -3.18882  -1.17958
298440.000000  -2.63895  -1.42687
298500.000000  -2.80539  -1.92089
298560.000000  -5.46732  -1.93608
298620.000000  -4.6408  -2.11494
298680.000000  -3.96957  -2.11955
298740.000000  -3.86129  -2.31094
298800.000000  -0.0375241  -4.29984
298860.000000  0.228206  -1.58364
298920.000000  -1.12691  -0.412392
298980.000000  -0.305046  -1.05686
299040.000000  -0.97437  0.224951
299100.000000  -1.0953  0.101608
299160.000000  -1.08262  0.194793
299220.000000  -1.13701  0.630253
299280.000000  -1.31823  0.715738
299340.000000  -1.29998  -0.00680675
299400.000000  -1.37428  -0.267133
299460.000000  -1.68733  -0.207178
299520.000000  -1.5995  -0.575854
299580.000000  -1.86465  -0.723249
299640.000000  -2.10161  -0.650558
299700.000000  -2.49816  -0.0959695
299760.000000  -2.11049  0.621151
299820.000000  -1.98439  0.687158
299880.000000  -1.79105  1.27755
299940.000000  -1.76391  1.31478
300000.000000  -2.07636  1.20363
300060.000000  -1.82081  0.542808
300120.000000  -0.966823  -0.255446
300180.000000  -1.30169  0.515374
300240.000000  -1.24647  0.36922
300300.000000  -2.09294  -0.172071
300360.000000  -2.4299  0.587855
300420.000000  -1.43058  0.451059
300480.000000  -2.53192  1.95689
300540.000000  -1.37931  2.55098
300600.000000  -1.79436  1.09099
300660.000000  -2.89428  -0.182093
300720.000000  -3.59123  -0.251123
300780.000000  -5.6452  -1.71514
300840.000000  -3.60363  -1.20576
300900.000000  -4.01647  -1.79665
300960.000000  -3.74178  -1.4139
301020.000000  -2.67306  -0.380433
301080.000000  -3.84697  -1.09584
301140.000000  -0.103666  -5.399
301200.000000  1.06596  -6.10768
301260.000000  -2.42921  -2.37886
301320.000000  -4.18465  -0.358751
301380.000000  -3.80852  -1.22278
301440.000000  -3.69818  -1.52428
301500.000000  -4.41284  -1.29877
301560.000000  -3.9287  -2.92836
301620.000000  -4.20689  -3.05648
301680.000000  -5.26211  -4.30699
301740.000000  -5.74778  -3.6336
301800.000000  -6.43915  -4.74735
301860.000000  -2.19186  -4.49397
301920.000000  -3.04544  -6.41368
301980.000000  -2.93709  -6.02192
302040.000000  -2.79602  -6.85144
302100.000000  -1.77487  -6.35687
302160.000000  -0.557797  -6.37565
302220.000000  -0.0617835  -5.89968
302280.000000  -0.714185  -5.35256
302340.000000  -0.651222  -5.46131
302400.000000  -0.450662  -5.48151
302460.000000  -0.282614  -5.3926
302520.000000  -0.28469  -5.09205
302580.000000  -0.229594  -4.69439
302640.000000  -0.196287  -4.49572
302700.000000  0.450475  -4.67836
302760.000000  0.872633  -4.61828
302820.000000  1.48242  -4.35459
302880.000000  1.66762  -3.74554
302940.000000  1.70118  -3.17269
303000.000000  1.52238  -3.04012
303060.000000  1.71936  -2.69885
303120.000000  1.73717  -2.32212
303180.000000  1.71772  -1.81644
303240.000000  1.41861  -1.26394
303300.000000  1.02133  -0.408505
303360.000000  0.569983  -0.187401
303420.000000  0.618636  0.327551
303480.000000  0.625216  0.499104
303540.000000  0.787108  0.143042
303600.000000  0.947768  0.318959
303660.000000  0.579711  0.688429
303720.000000  -0.377913  1.24386
303780.000000  -1.29971  0.0272251
303840.000000  -0.997314  -0.0732382
303900.000000  -0.985109  0.171929
303960.000000  -0.599024  -0.800731
304020.000000  -1.40131  -0.535107
304080.000000  -1.30305  -1.38277
304140.000000  -1.66429  -1.99754
304200.000000  -2.51185  -3.11297
304260.000000  -3.51346  -2.96911
304320.000000  -3.86532  -2.30419
304380.000000  -4.12301  -2.45781
304440.000000  -4.43442  -2.5191
304500.000000  -5.70289  -2.43249
304560.000000  -6.47219  -3.58759
304620.000000  -6.35214  -4.17257
304680.000000  -5.53984  -6.04567
304740.000000  -5.04237  -6.33913
304800.000000  -2.92726  -8.08648
304860.000000  -2.5067  -7.80746
304920.000000  -2.31225  -7.65856
304980.000000  -0.91985  -8.75179
305040.000000  -0.864082  -8.65698
305100.000000  -1.0181  -7.73327
305160.000000  -1.15291  -7.71432
305220.000000  -1.37195  -7.47514
305280.000000  -1.60092  -7.53174
305340.000000  -2.32762  -7.75836
305400.000000  -0.68853  -7.86994
305460.000000  -0.464633  -7.18499
305520.000000  -1.50041  -6.93965
305580.000000  -0.988812  -7.93866
305640.000000  -1.75867  -8.41826
305700.000000  -0.444856  -8.48835
305760.000000  0.11449  -8.1992
305820.000000  -0.240297  -8.09643
305880.000000  0.843443  -8.75949
305940.000000  0.848971  -8.65848
306000.000000  0.910795  -8.24988
306060.000000  0.978397  -7.63759
306120.000000  0.939789  -7.1384
306180.000000  0.611704  -6.47115
306240.000000  -0.633721  -5.16124
306300.000000  -0.928333  -4.91306
306360.000000  -1.16723  -4.86185
306420.000000  -1.32778  -4.82048
306480.000000  -1.88229  -5.06132
306540.000000  -0.876834  -4.92252
306600.000000  -2.31143  -3.26455
306660.000000  -2.63982  -2.87078
306720.000000  -2.50166  -1.65581
306780.000000  -2.04692  -0.806303
306840.000000  -2.52403  -0.958789
306900.000000  -2.26365  -0.407295
306960.000000  -2.16983  -0.363105
307020.000000  -1.68804  0.201287
307080.000000  -0.223508  1.28064
307140.000000  2.05295  1.03702
307200.000000  1.05016  0.925837
307260.000000  0.305761  0.62969
307320.000000  0.262225  -0.649029
307380.000000  0.10822  -0.488148
307440.000000  -0.632029  -0.774944
307500.000000  -0.851163  -0.98261
307560.000000  -0.744312  -0.667833
307620.000000  -0.341886  -0.723266
307680.000000  0.0886856  -0.59341
307740.000000  0.0436194  -0.999048
307800.000000  0.171574  -0.361334
307860.000000  -0.0986309  -0.693017
307920.000000  -0.199368  -0.979925
307980.000000  0.222938  -1.98754
308040.000000  -0.448606  -2.96627
308100.000000  0.291532  -3.7888
308160.000000  -0.947291  -5.72212
308220.000000  0.0150098  -8.59999
308280.000000  -1.28572  -8.4022
308340.000000  4.23257  -10.8002
308400.000000  1.02599  -9.44443
308460.000000  1.28627  -9.51344
308520.000000  1.61747  -9.6656
308580.000000  2.04142  -9.68724
308640.000000  5.92317  -8.30398
308700.000000  7.75576  -7.51586
308760.000000  6.36967  -6.2159
308820.000000  5.79883  -6.48564
308880.000000  6.27931  -6.02165
308940.000000  5.31274  -5.00647
309000.000000  4.99679  -4.75837
309060.000000  4.17268  -4.58571
309120.000000  3.94621  -2.55292
309180.000000  2.56559  -2.66604
309240.000000  2.74264  -3.81679
309300.000000  2.76271  -4.28689
309360.000000  2.55177  -4.75904
309420.000000  2.23046  -4.69734
309480.000000  3.57084  -4.57046
309540.000000  3.01  -3.86651
309600.000000  2.80667  -3.64453
309660.000000  2.715  -2.65872
309720.000000  1.76159  -1.77393
309780.000000  1.4863  -2.25409
309840.000000  0.846845  -2.3522
309900.000000  0.455953  -2.55971
309960.000000  -0.0502618  -2.39947
310020.000000  -1.26946  -1.54547
310080.000000  -1.76121  -1.14374
310140.000000  -1.87528  -1.65328
310200.000000  -2.61567  -2.47352
310260.000000  -2.26555  -2.79773
310320.000000  -2.20812  -2.58538
310380.000000  -1.9794  -3.36035
310440.000000  -2.79096  -3.00343
310500.000000  -3.00323  -1.79739
310560.000000  -2.78144  -0.321824
310620.000000  -2.90575  -0.74607
310680.000000  -2.79957  -0.0488667
310740.000000  -4.08903  -0.959074
310800.000000  -4.98586  -1.47688
310860.000000  -6.45558  -2.95559
310920.000000  -6.84291  -4.14422
310980.000000  -6.01011  -5.28001
311040.000000  -5.68826  -6.9745
311100.000000  -5.34044  -7.97745
311160.000000  -4.86945  -8.04042
311220.000000  -3.18679  -8.94955
311280.000000  -2.70517  -8.7933
311340.000000  -2.25342  -8.71333
311400.000000  -2.12823  -8.22925
311460.000000  -1.34792  -7.88563
311520.000000  0.0247836  -7.09996
311580.000000  -0.293099  -5.99284
311640.000000  0.0488686  -5.59979
311700.000000  0.134024  -4.79813
311760.000000  0.47529  -3.87093
311820.000000  0.50631  -3.05837
311880.000000  -0.347748  -2.67751
311940.000000  -0.767756  -2.16808
312000.000000  -0.905651  -0.787271
312060.000000  -1.1283  -0.828818
312120.000000  -1.06774  -0.905506
312180.000000  -0.976232  -1.26766
312240.000000  -1.20208  -1.20208
312300.000000  -1.15942  -1.37686
312360.000000  -1.74291  -1.79228
312420.000000  -2.03478  -1.61854
312480.000000  -1.80855  -1.5777
312540.000000  -1.87178  -1.15604
312600.000000  -1.81409  -0.842072
312660.000000  -2.14778  -1.63617
312720.000000  -2.13975  -2.10273
312780.000000  -2.61567  -2.47352
312840.000000  -2.95315  -2.39142
312900.000000  -2.97811  -2.19565
312960.000000  -2.85471  -1.84679
313020.000000  -2.22159  -1.35075
313080.000000  -2.70101  -2.06508
313140.000000  -1.96021  -0.998779
313200.000000  -0.166329  -0.782518
313260.000000  0.0122167  -0.699893
313320.000000  0.411267  -1.6495
313380.000000  0.0366501  -2.09968
313440.000000  0.11161  -1.5961
313500.000000  0.266114  -1.06733
313560.000000  -0.00698096  -0.399939
313620.000000  0.368202  -0.156292
313680.000000  0.584622  -0.134971
313740.000000  0.196818  -0.226413
313800.000000  0.340999  -0.365677
313860.000000  0.32803  -0.377355
313920.000000  0.226413  -0.196818
313980.000000  0.331615  -0.223677
314040.000000  0.315204  -0.246265
314100.000000  0.297764  0.0365608
314160.000000  0.5143  -0.309023
314220.000000  0.276151  -0.117219
314280.000000  0.245746  -0.172073
314340.000000  0.196962  -0.0347296
314400.000000  0.0819152  -0.0573576
314460.000000  0.194059  -0.0483844
314520.000000  0.279596  -0.414519
314580.000000  0.0674853  -0.292311
314640.000000  -0.449397  0.219186
314700.000000  -0.394005  0.307831
314760.000000  -0.496273  0.0609347
314820.000000  -0.111839  0.165808
314880.000000  0.353553  -0.353553
314940.000000  0.062932  -0.0777146
315000.000000  0.0390731  0.0920505
315060.000000  -0  -0
315120.000000  0.264884  -0.140841
315180.000000  0.0938943  -0.17659
315240.000000  0.188796  -0.233144
315300.000000  0.1364  -0.146271
315360.000000  -0.15  -0.259808
315420.000000  0.215802  0.208398
315480.000000  -0.108928  -0.167734
315540.000000  -0.104189  -0.590885
315600.000000  0.283656  -0.0976704
315660.000000  0.433013  -0.25
315720.000000  0.327661  -0.229431
315780.000000  0.485148  -0.120961
315840.000000  0.684703  0.145538
315900.000000  0.141421  0.141421
315960.000000  -0.251728  -0.310858
316020.000000  1.70923  1.539
316080.000000  0.310858  0.251728
316140.000000  -0.828454  -0.351658
316200.000000  -0.267302  -0.136197
316260.000000  -0.061009  -0.697336
316320.000000  -0.257519  -0.428584
316380.000000  0.669413  -0.20466
316440.000000  0.154511  -0.25715
316500.000000  0.433013  -0.25
316560.000000  0.449397  -0.219186
316620.000000  0.262424  -0.301884
316680.000000  -0.300908  -0.399318
316740.000000  0.468391  -0.520201
316800.000000  0.340999  0.365677
316860.000000  0.498782  -0.0348782
316920.000000  0.495134  0.0695866
316980.000000  0.696165  -0.0731699
317040.000000  0.257519  -0.428584
317100.000000  0.776237  -0.193538
317160.000000  0.298357  0.0313585
317220.000000  0.310858  0.251728
317280.000000  0.392651  0.0763236
317340.000000  0.189104  0.0651136
317400.000000  0.593634  0.370943
317460.000000  0.404508  0.293893
317520.000000  1.11283  1.7809
317580.000000  0.108928  0.167734
317640.000000  -0.396107  -0.0556692
317700.000000  -0.0241922  -0.0970296
317760.000000  0.0069799  -0.199878
317820.000000  0.365677  -0.340999
317880.000000  0.120363  -0.159727
317940.000000  0.524772  0.290886
318000.000000  0.399026  0.0279026
318060.000000  0.274064  -0.122021
318120.000000  -0.352671  -0.48541
318180.000000  0.388573  -0.31466
318240.000000  0.284716  -0.639482
318300.000000  0.0927051  -0.285317
318360.000000  0.152647  -0.785302
318420.000000  0.0625738  -0.395075
318480.000000  0.0669131  -0.0743145
318540.000000  0.404508  -0.293893
318600.000000  0.393635  -0.452826
318660.000000  -0.0763236  -0.392651
318720.000000  0.0157008  -0.299589
318780.000000  0.120363  -0.159727
318840.000000  0.297258  -0.267652
318900.000000  -0.102606  -0.281908
318960.000000  -0.0348782  -0.498782
319020.000000  -0.298858  0.0261467
319080.000000  0.737237  0.516219
319140.000000  0.430963  0.551608
319200.000000  0.644353  -0.273512
319260.000000  0.657785  0.239414
319320.000000  0.573406  0.401504
319380.000000  0.136808  -0.375877
319440.000000  0.498782  -0.0348782
319500.000000  0.254414  -0.158976
319560.000000  0.751754  -0.273616
319620.000000  0.661863  -0.227898
319680.000000  0.257115  -0.306418
319740.000000  0.239591  -0.180545
319800.000000  -0.140841  -0.264884
319860.000000  0.179759  0.0876742
319920.000000  -0.120363  -0.159727
319980.000000  0.43731  0.242405
320040.000000  0.187789  0.353179
320100.000000  0.108928  0.167734
320160.000000  0.196962  0.0347296
320220.000000  -0.172073  -0.245746
320280.000000  0.0978148  0.0207912
320340.000000  -0.0174311  -0.199239
320400.000000  -0.298858  0.0261467
320460.000000  -0.43731  0.242405
320520.000000  -0  0
320580.000000  -0.0347296  -0.196962
320640.000000  0.0325568  -0.0945519
320700.000000  0.0551275  -0.192252
320760.000000  0.196962  0.0347296
320820.000000  0.19563  0.0415823
320880.000000  0.062932  -0.0777146
320940.000000  -0.251728  -0.310858
321000.000000  -0  -0
321060.000000  0.323607  0.235114
321120.000000  -0.0312869  0.197538
321180.000000  0.17659  0.0938943
321240.000000  0  0
321300.000000  0.0939693  0.034202
321360.000000  0  0
321420.000000  -0.114715  -0.16383
321480.000000  0.05  -0.0866025
321540.000000  0.0325568  -0.0945519
321600.000000  0.200739  0.222943
321660.000000  0.365418  -0.162695
321720.000000  -0.155291  -0.579555
321780.000000  0.0449902  -0.194874
321840.000000  0.156283  0.886327
321900.000000  0.390731  0.920505
321960.000000  1.2213  1.45548
322020.000000  2.04883  1.60072
322080.000000  1.22567  1.02846
322140.000000  2.48687  2.01383
322200.000000  3.06744  2.06901
322260.000000  3.26401  2.64315
322320.000000  3.14078  2.63543
322380.000000  2.34033  2.18239
322440.000000  1.7809  1.11283
322500.000000  1.32115  1.06984
322560.000000  1.05801  1.45623
322620.000000  1.81865  1.05
322680.000000  2.86703  2.00752
322740.000000  1.03823  0.78236
322800.000000  0.508829  0.317952
322860.000000  0.331615  -0.223677
322920.000000  0.428584  -0.257519
322980.000000  0.398478  -0.0348623
323040.000000  0.35  -0.606218
323100.000000  0.207912  -0.978148
323160.000000  -2.22752  -1.13498
323220.000000  -2.75806  -0.896149
323280.000000  -2.3638  -0.81392
323340.000000  -2.6065  -1.27128
323400.000000  -1.74924  -0.969619
323460.000000  -0.0889711  -1.69767
323520.000000  -0.36185  -2.5747
323580.000000  -0.0697565  -0.997564
323640.000000  -0.578509  -0.68944
323700.000000  0.330765  -1.15351
323760.000000  0.275637  -0.961262
323820.000000  0.0523492  -1.49909
323880.000000  0.215021  -0.560148
323940.000000  0.226995  -0.445503
324000.000000  0.240726  -0.319454
324060.000000  0.612836  -0.51423
324120.000000  0.148165  -1.69353
324180.000000  0.2  -0.34641
324240.000000  0.0522934  -0.597717
324300.000000  0.0122167  -0.699893
324360.000000  -0.409576  -0.286788
324420.000000  -0.301884  0.262424
324480.000000  -0.980107  -0.49939
324540.000000  -1.87111  -0.95338
324600.000000  -2.51662  -1.22744
324660.000000  -3.89933  -1.26697
324720.000000  -3.89417  -1.57335
324780.000000  -2.96602  -1.44662
324840.000000  -2.89823  -0.101209
324900.000000  -1.05954  -0.563366
324960.000000  -2.11478  -0.606402
325020.000000  -3.05971  -1.2362
325080.000000  -0.582177  -0.145153
325140.000000  -3.5233  -1.42351
325200.000000  -3.3552  -1.78399
325260.000000  -2.57002  -1.7335
325320.000000  -3.06418  -2.57115
325380.000000  -3.3552  -1.78399
325440.000000  -2.94449  -1.7
325500.000000  -2.91437  -1.75113
325560.000000  -4.01298  -3.61331
325620.000000  -2.79596  -4.14519
325680.000000  -2.26441  -1.47053
325740.000000  -1.13498  -2.22752
325800.000000  -1.00825  -2.06723
325860.000000  -1.20208  -1.20208
325920.000000  -0.44102  -1.53802
325980.000000  -0.98035  -1.50961
326040.000000  -1.05801  -1.45623
326100.000000  -2.14292  -1.2876
326160.000000  -2.98757  -2.50687
326220.000000  -3.41542  -1.66581
326280.000000  -5.22872  -3.14173
326340.000000  -3.6001  -2.16316
326400.000000  -2.6423  -2.13969
326460.000000  -1.88677  -1.64015
326520.000000  -0.789068  -1.61783
326580.000000  -1.44744  -1.78744
326640.000000  -0.703316  -1.65691
326700.000000  -1.04418  -2.04932
326760.000000  -0.526269  -1.72135
326820.000000  0.36185  -2.5747
326880.000000  0.225743  -1.28025
326940.000000  -1.14907  -0.964181
327000.000000  -0.310583  -1.15911
327060.000000  -1.37658  -1.96596
327120.000000  -2.04788  -1.43394
327180.000000  -0.816959  -1.25801
327240.000000  -1.02441  -0.80036
327300.000000  -0.463525  -1.42658
327360.000000  -0.635587  -1.24741
327420.000000  -0.71625  -2.08014
327480.000000  -0.553466  -1.60738
327540.000000  -1.04418  -2.04932
327600.000000  -1.6853  -1.41413
327660.000000  -1.63623  -2.02058
327720.000000  -3.89711  -2.25
327780.000000  -2.86703  -2.00752
327840.000000  -4.07032  -2.35
327900.000000  -2.97371  -1.64835
327960.000000  -3.07426  -2.23358
328020.000000  -2.62129  -1.83544
328080.000000  -5.57532  -1.5987
328140.000000  -4.399  -1.34491
328200.000000  -2.62895  -1.64275
328260.000000  -2.42731  -0.931757
328320.000000  -3.35427  -2.52762
328380.000000  -4.11095  -1.83031
328440.000000  -4.04457  -1.97267
328500.000000  -3.89712  -1.81726
328560.000000  -2.68883  -1.08636
328620.000000  -0.403602  -2.87178
328680.000000  -5.43514  -2.76934
328740.000000  -4.78663  -2.0318
328800.000000  -3.58997  -1.52385
328860.000000  -3.27661  -2.29431
328920.000000  -4.14519  -2.79596
328980.000000  -4.89787  -2.71493
329040.000000  -4.05022  -1.71922
329100.000000  -4.41286  -3.4477
329160.000000  -4.11887  -3.3354
329220.000000  -4.23277  -3.18962
329280.000000  -3.64777  -2.46045
329340.000000  -3.04689  -2.74344
329400.000000  -2.71375  -1.69574
329460.000000  -2.68468  -1.55
329520.000000  -2.98757  -2.50687
329580.000000  -2.92524  -4.17768
329640.000000  -2.52421  -3.23084
329700.000000  -3.0211  -3.60041
329760.000000  -4.35202  -3.52419
329820.000000  -2.91246  -2.11603
329880.000000  -5.143  -3.09023
329940.000000  -4.17646  -3.26301
330000.000000  -3.514  -2.64799
330060.000000  -2.18866  -1.90257
330120.000000  -5.08829  -3.17952
330180.000000  -5.1211  -2.72294
330240.000000  -5.93634  -3.70943
330300.000000  -5.54256  -3.2
330360.000000  -6.9282  -4
330420.000000  -5.97558  -3.45
330480.000000  -7.36122  -4.25
330540.000000  -5.82874  -3.50226
330600.000000  -8.91777  -4.74166
330660.000000  -7.75176  -3.94972
330720.000000  -4.47236  -3.37016
330780.000000  -4.833  -3.3841
330840.000000  -4.06228  -2.74005
330900.000000  -2.5364  -1.40595
330960.000000  -3.77154  -2.26617
331020.000000  -2.07846  -1.2
331080.000000  -1.73583  -1.50894
331140.000000  -1.87558  -1.94222
331200.000000  -2.05725  -2.83156
331260.000000  -3.32554  -1.62197
331320.000000  -1.34985  -1.60869
331380.000000  -1.55429  -1.25864
331440.000000  1.24741  0.635587
331500.000000  -1.6961  -1.05984
331560.000000  1.12673  -2.11907
331620.000000  1.8367  -1.0181
331680.000000  -1.58443  0.222677
331740.000000  -1.08329  0.191013
331800.000000  0.0418794  -1.19927
331860.000000  0.0732703  -1.39808
331920.000000  -0.303201  -1.05739
331980.000000  0.18541  -0.570634
332040.000000  0.362347  -1.3523
332100.000000  0.62932  0.777146
332160.000000  1.43807  0.701394
332220.000000  1.47721  0.260472
332280.000000  -0.970296  -0.241922
332340.000000  -0.818117  -1.01029
332400.000000  0.889919  0.646564
332460.000000  0.569431  -1.27896
332520.000000  -0.804489  -0.750198
332580.000000  0.410424  -1.12763
332640.000000  0.314931  -1.36412
332700.000000  -0.817459  -0.736044
332760.000000  0.50795  -1.19666
332820.000000  0.281683  -0.529769
332880.000000  0.0974212  -0.693188
332940.000000  -0.669131  -0.743145
333000.000000  0.0383894  -1.09933
333060.000000  0.55  -0.952628
333120.000000  0.8  -1.38564
333180.000000  0.830181  -0.721665
333240.000000  -0.180925  -1.28735
333300.000000  0.269941  -1.16924
333360.000000  -0.180925  -1.28735
333420.000000  -0.145538  -0.684703
333480.000000  -0.0627808  -0.897808
333540.000000  0.610105  -1.37032
333600.000000  0.269941  -1.16924
333660.000000  0.483844  -1.94059
333720.000000  0.148165  -1.69353
333780.000000  0.250858  -0.653506
333840.000000  -0.257115  -0.306418
333900.000000  0.162784  -0.472759
333960.000000  1.42574  0.925886
334020.000000  0.829038  0.559193
334080.000000  0.41203  -0.685734
334140.000000  -0.708031  -1.09027
334200.000000  -0.35  -0.606218
334260.000000  0.582177  0.145153
334320.000000  0.377355  -0.32803
334380.000000  0.226995  -0.445503
334440.000000  0.0848048  -0.0529919
334500.000000  0.99863  -0.052336
334560.000000  0.384505  -0.110255
334620.000000  0.219186  -0.449397
334680.000000  0.570634  0.18541
334740.000000  0.539276  0.263023
334800.000000  1.07855  0.526045
334860.000000  0.830181  0.721665
334920.000000  0.822191  0.366063
334980.000000  1.15831  0.590188
335040.000000  1.24964  0.358329
335100.000000  1.26668  0.292436
335160.000000  1.26138  0.314498
335220.000000  1.36412  0.314931
335280.000000  1.19927  0.0418794
335340.000000  1.36412  0.314931
335400.000000  1.38956  0.170617
335460.000000  0.860674  0.263135
335520.000000  1.17414  0.762495
