30240.000000  102980
30300.000000  102930
30360.000000  102870
30420.000000  102830
30480.000000  102790
30540.000000  102720
30600.000000  102690
30660.000000  102670
30720.000000  102630
30780.000000  102610
30840.000000  102590
30900.000000  102560
30960.000000  102500
31020.000000  102500
31080.000000  102490
31140.000000  102500
31200.000000  102510
31260.000000  102500
31320.000000  102450
31380.000000  102410
31440.000000  102450
31500.000000  102440
31560.000000  102410
31620.000000  102390
31680.000000  102340
31740.000000  102300
31800.000000  102270
31860.000000  102200
31920.000000  102140
31980.000000  102090
32040.000000  102070
32100.000000  102040
32160.000000  102030
32220.000000  102030
32280.000000  102000
32340.000000  101990
32400.000000  101970
32460.000000  101940
32520.000000  101920
32580.000000  101890
32640.000000  101880
32700.000000  101890
32760.000000  101860
32820.000000  101870
32880.000000  101850
32940.000000  101850
33000.000000  101850
33060.000000  101840
33120.000000  101810
33180.000000  101790
33240.000000  101740
33300.000000  101690
33360.000000  101620
33420.000000  101550
33480.000000  101510
33540.000000  101440
33600.000000  101370
33660.000000  101320
33720.000000  101250
33780.000000  101180
33840.000000  101150
33900.000000  101110
33960.000000  101030
34020.000000  100970
34080.000000  100900
34140.000000  100850
34200.000000  100820
34260.000000  100820
34320.000000  100840
34380.000000  100820
34440.000000  100800
34500.000000  100790
34560.000000  100750
34620.000000  100720
34680.000000  100680
34740.000000  100660
34800.000000  100630
34860.000000  100610
34920.000000  100610
34980.000000  100570
35040.000000  100560
35100.000000  100520
35160.000000  100520
35220.000000  100500
35280.000000  100480
35340.000000  100450
35400.000000  100440
35460.000000  100430
35520.000000  100450
35580.000000  100470
35640.000000  100480
35700.000000  100550
35760.000000  100560
35820.000000  100580
35880.000000  100590
35940.000000  100600
36000.000000  100610
36060.000000  100620
36120.000000  100630
36180.000000  100650
36240.000000  100680
36300.000000  100690
36360.000000  100710
36420.000000  100730
36480.000000  100760
36540.000000  100790
36600.000000  100800
36660.000000  100820
36720.000000  100850
36780.000000  100870
36840.000000  100900
36900.000000  100960
36960.000000  101000
37020.000000  101020
37080.000000  101060
37140.000000  101090
37200.000000  101130
37260.000000  101150
37320.000000  101170
37380.000000  101180
37440.000000  101210
37500.000000  101230
37560.000000  101240
37620.000000  101270
37680.000000  101280
37740.000000  101290
37800.000000  101300
37860.000000  101320
37920.000000  101330
37980.000000  101340
38040.000000  101340
38100.000000  101340
38160.000000  101340
38220.000000  101350
38280.000000  101360
38340.000000  101380
38400.000000  101410
38460.000000  101440
38520.000000  101440
38580.000000  101470
38640.000000  101510
38700.000000  101540
38760.000000  101570
38820.000000  101590
38880.000000  101590
38940.000000  101600
39000.000000  101610
39060.000000  101610
39120.000000  101610
39180.000000  101610
39240.000000  101570
39300.000000  101570
39360.000000  101550
39420.000000  101510
39480.000000  101470
39540.000000  101440
39600.000000  101400
39660.000000  101370
39720.000000  101290
39780.000000  101210
39840.000000  101160
39900.000000  101080
39960.000000  101010
40020.000000  100980
40080.000000  100970
40140.000000  100880
40200.000000  100830
40260.000000  100800
40320.000000  100770
40380.000000  100690
40440.000000  100600
40500.000000  100600
40560.000000  100500
40620.000000  100420
40680.000000  100440
40740.000000  100440
40800.000000  100450
40860.000000  100480
40920.000000  100590
40980.000000  100780
41040.000000  100860
41100.000000  101020
41160.000000  101150
41220.000000  101160
41280.000000  101210
41340.000000  101280
41400.000000  101340
41460.000000  101420
41520.000000  101500
41580.000000  101610
41640.000000  101660
41700.000000  101720
41760.000000  101800
41820.000000  101830
41880.000000  101870
41940.000000  101900
42000.000000  101940
42060.000000  101960
42120.000000  101980
42180.000000  102050
42240.000000  102100
42300.000000  102150
42360.000000  102170
42420.000000  102190
42480.000000  102210
42540.000000  102230
42600.000000  102230
42660.000000  102220
42720.000000  102220
42780.000000  102230
42840.000000  102260
42900.000000  102300
42960.000000  102360
43020.000000  102410
43080.000000  102440
43140.000000  102450
43200.000000  102450
43260.000000  102420
43320.000000  102380
43380.000000  102370
43440.000000  102350
43500.000000  102330
43560.000000  102350
43620.000000  102360
43680.000000  102350
43740.000000  102290
43800.000000  102280
43860.000000  102260
43920.000000  102270
43980.000000  102290
44040.000000  102300
44100.000000  102290
44160.000000  102250
44220.000000  102180
44280.000000  102150
44340.000000  102140
44400.000000  102160
44460.000000  102200
44520.000000  102230
44580.000000  102220
44640.000000  102220
44700.000000  102210
44760.000000  102200
44820.000000  102200
44880.000000  102190
44940.000000  102180
45000.000000  102180
45060.000000  102150
45120.000000  102120
45180.000000  102110
45240.000000  102110
45300.000000  102090
45360.000000  102050
45420.000000  102020
45480.000000  102020
45540.000000  102000
45600.000000  101990
45660.000000  101960
45720.000000  101930
45780.000000  101940
45840.000000  101940
45900.000000  101940
45960.000000  101930
46020.000000  101940
46080.000000  101920
46140.000000  101900
46200.000000  101900
46260.000000  101890
46320.000000  101870
46380.000000  101880
46440.000000  101890
46500.000000  101860
46560.000000  101830
46620.000000  101830
46680.000000  101790
46740.000000  101740
46800.000000  101720
46860.000000  101680
46920.000000  101660
46980.000000  101640
47040.000000  101650
47100.000000  101630
47160.000000  101570
47220.000000  101540
47280.000000  101520
47340.000000  101520
47400.000000  101510
47460.000000  101530
47520.000000  101520
47580.000000  101510
47640.000000  101500
47700.000000  101510
47760.000000  101500
47820.000000  101470
47880.000000  101450
47940.000000  101430
48000.000000  101410
48060.000000  101400
48120.000000  101380
48180.000000  101360
48240.000000  101340
48300.000000  101320
48360.000000  101310
48420.000000  101290
48480.000000  101260
48540.000000  101230
48600.000000  101210
48660.000000  101200
48720.000000  101180
48780.000000  101180
48840.000000  101180
48900.000000  101150
48960.000000  101120
49020.000000  101080
49080.000000  101040
49140.000000  100990
49200.000000  100950
49260.000000  100960
49320.000000  100950
49380.000000  100920
49440.000000  100890
49500.000000  100870
49560.000000  100860
49620.000000  100840
49680.000000  100820
49740.000000  100810
49800.000000  100800
49860.000000  100760
49920.000000  100760
49980.000000  100740
50040.000000  100720
50100.000000  100720
50160.000000  100720
50220.000000  100740
50280.000000  100740
50340.000000  100750
50400.000000  100760
50460.000000  100750
50520.000000  100770
50580.000000  100800
50640.000000  100820
50700.000000  100830
50760.000000  100860
50820.000000  100880
50880.000000  100900
50940.000000  100910
51000.000000  100920
51060.000000  100920
51120.000000  100960
51180.000000  100990
51240.000000  101010
51300.000000  101040
51360.000000  101100
51420.000000  101190
51480.000000  101270
51540.000000  101340
51600.000000  101400
51660.000000  101470
51720.000000  101540
51780.000000  101590
51840.000000  101660
51900.000000  101710
51960.000000  101760
52020.000000  101800
52080.000000  101810
52140.000000  101850
52200.000000  101890
52260.000000  101920
52320.000000  101940
52380.000000  101980
52440.000000  101990
52500.000000  102010
52560.000000  102040
52620.000000  102090
52680.000000  102110
52740.000000  102110
52800.000000  102140
52860.000000  102160
52920.000000  102210
52980.000000  102240
53040.000000  102300
53100.000000  102330
53160.000000  102340
53220.000000  102370
53280.000000  102400
53340.000000  102460
53400.000000  102510
53460.000000  102550
53520.000000  102530
53580.000000  102560
53640.000000  102570
53700.000000  102580
53760.000000  102550
53820.000000  102520
53880.000000  102560
53940.000000  102510
54000.000000  102500
54060.000000  102460
54120.000000  102420
54180.000000  102370
54240.000000  102340
54300.000000  102360
54360.000000  102370
54420.000000  102320
54480.000000  102250
54540.000000  102160
54600.000000  102100
54660.000000  102020
54720.000000  101910
54780.000000  101830
54840.000000  101750
54900.000000  101630
54960.000000  101520
55020.000000  101390
55080.000000  101340
55140.000000  101320
55200.000000  101310
55260.000000  101320
55320.000000  101390
55380.000000  101480
55440.000000  101570
55500.000000  101710
55560.000000  101850
55620.000000  101980
55680.000000  102070
55740.000000  102140
55800.000000  102200
55860.000000  102260
55920.000000  102300
55980.000000  102350
56040.000000  102380
56100.000000  102410
56160.000000  102450
56220.000000  102460
56280.000000  102460
56340.000000  102450
56400.000000  102420
56460.000000  102420
56520.000000  102390
56580.000000  102380
56640.000000  102350
56700.000000  102330
56760.000000  102290
56820.000000  102280
56880.000000  102300
56940.000000  102320
57000.000000  102360
57060.000000  102370
57120.000000  102350
57180.000000  102340
57240.000000  102310
57300.000000  102320
57360.000000  102320
57420.000000  102300
57480.000000  102310
57540.000000  102310
57600.000000  102280
57660.000000  102260
57720.000000  102250
57780.000000  102240
57840.000000  102220
57900.000000  102200
57960.000000  102210
58020.000000  102240
58080.000000  102220
58140.000000  102250
58200.000000  102270
58260.000000  102280
58320.000000  102280
58380.000000  102290
58440.000000  102280
58500.000000  102290
58560.000000  102280
58620.000000  102250
58680.000000  102230
58740.000000  102240
58800.000000  102230
58860.000000  102220
58920.000000  102220
58980.000000  102220
59040.000000  102230
59100.000000  102230
59160.000000  102220
59220.000000  102210
59280.000000  102190
59340.000000  102190
59400.000000  102180
59460.000000  102170
59520.000000  102170
59580.000000  102170
59640.000000  102190
59700.000000  102170
59760.000000  102130
59820.000000  102100
59880.000000  102070
59940.000000  102050
60000.000000  102040
60060.000000  102010
60120.000000  102000
60180.000000  101990
60240.000000  101980
60300.000000  101980
60360.000000  101980
60420.000000  101960
60480.000000  101940
60540.000000  101910
60600.000000  101920
60660.000000  101930
60720.000000  101900
60780.000000  101880
60840.000000  101820
60900.000000  101750
60960.000000  101690
61020.000000  101670
61080.000000  101650
61140.000000  101620
61200.000000  101570
61260.000000  101540
61320.000000  101510
61380.000000  101480
61440.000000  101500
61500.000000  101520
61560.000000  101500
61620.000000  101480
61680.000000  101460
61740.000000  101460
61800.000000  101450
61860.000000  101440
61920.000000  101440
61980.000000  101400
62040.000000  101380
62100.000000  101370
62160.000000  101370
62220.000000  101350
62280.000000  101320
62340.000000  101300
62400.000000  101280
62460.000000  101270
62520.000000  101280
62580.000000  101290
62640.000000  101300
62700.000000  101270
62760.000000  101250
62820.000000  101230
62880.000000  101230
62940.000000  101250
63000.000000  101260
63060.000000  101300
63120.000000  101340
63180.000000  101410
63240.000000  101460
63300.000000  101500
63360.000000  101510
63420.000000  101520
63480.000000  101530
63540.000000  101550
63600.000000  101550
63660.000000  101560
63720.000000  101570
63780.000000  101580
63840.000000  101590
63900.000000  101590
63960.000000  101590
64020.000000  101570
64080.000000  101570
64140.000000  101570
64200.000000  101570
64260.000000  101590
64320.000000  101630
64380.000000  101660
64440.000000  101680
64500.000000  101710
64560.000000  101730
64620.000000  101770
64680.000000  101810
64740.000000  101830
64800.000000  101850
64860.000000  101860
64920.000000  101870
64980.000000  101880
65040.000000  101880
65100.000000  101890
65160.000000  101890
65220.000000  101880
65280.000000  101890
65340.000000  101880
65400.000000  101870
65460.000000  101840
65520.000000  101830
65580.000000  101820
65640.000000  101810
65700.000000  101800
65760.000000  101800
65820.000000  101810
65880.000000  101800
65940.000000  101800
66000.000000  101810
66060.000000  101820
66120.000000  101830
66180.000000  101850
66240.000000  101860
66300.000000  101880
66360.000000  101870
66420.000000  101870
66480.000000  101860
66540.000000  101850
66600.000000  101820
66660.000000  101810
66720.000000  101790
66780.000000  101790
66840.000000  101790
66900.000000  101740
66960.000000  101720
67020.000000  101700
67080.000000  101730
67140.000000  101730
67200.000000  101740
67260.000000  101710
67320.000000  101700
67380.000000  101690
67440.000000  101700
67500.000000  101700
67560.000000  101680
67620.000000  101650
67680.000000  101610
67740.000000  101540
67800.000000  101500
67860.000000  101510
67920.000000  101470
67980.000000  101450
68040.000000  101430
68100.000000  101420
68160.000000  101410
68220.000000  101420
68280.000000  101440
68340.000000  101430
68400.000000  101410
68460.000000  101420
68520.000000  101510
68580.000000  101560
68640.000000  101610
68700.000000  101540
68760.000000  101480
68820.000000  101470
68880.000000  101490
68940.000000  101520
69000.000000  101520
69060.000000  101510
69120.000000  101520
69180.000000  101560
69240.000000  101600
69300.000000  101640
69360.000000  101630
69420.000000  101670
69480.000000  101710
69540.000000  101740
69600.000000  101760
69660.000000  101820
69720.000000  101840
69780.000000  101910
69840.000000  101950
69900.000000  101990
69960.000000  102010
70020.000000  102030
70080.000000  102030
70140.000000  102030
70200.000000  102050
70260.000000  102050
70320.000000  102050
70380.000000  102040
70440.000000  102060
70500.000000  102060
70560.000000  102060
70620.000000  102050
70680.000000  102040
70740.000000  102050
70800.000000  102050
70860.000000  102060
70920.000000  102050
70980.000000  102020
71040.000000  102020
71100.000000  102030
71160.000000  102040
71220.000000  102010
71280.000000  102010
71340.000000  102000
71400.000000  101980
71460.000000  101980
71520.000000  101940
71580.000000  101930
71640.000000  101930
71700.000000  101930
71760.000000  101950
71820.000000  101940
71880.000000  101920
71940.000000  101910
72000.000000  101910
72060.000000  101900
72120.000000  101890
72180.000000  101870
72240.000000  101860
72300.000000  101860
72360.000000  101890
72420.000000  101900
72480.000000  101910
72540.000000  101910
72600.000000  101930
72660.000000  101940
72720.000000  101960
72780.000000  101980
72840.000000  101970
72900.000000  101980
72960.000000  101990
73020.000000  101960
73080.000000  101940
73140.000000  101940
73200.000000  101930
73260.000000  101930
73320.000000  101940
73380.000000  101910
73440.000000  101900
73500.000000  101870
73560.000000  101860
73620.000000  101820
73680.000000  101780
73740.000000  101760
73800.000000  101750
73860.000000  101750
73920.000000  101740
73980.000000  101730
74040.000000  101720
74100.000000  101690
74160.000000  101650
74220.000000  101600
74280.000000  101580
74340.000000  101540
74400.000000  101500
74460.000000  101480
74520.000000  101480
74580.000000  101490
74640.000000  101490
74700.000000  101510
74760.000000  101500
74820.000000  101480
74880.000000  101470
74940.000000  101470
75000.000000  101480
75060.000000  101470
75120.000000  101470
75180.000000  101460
75240.000000  101470
75300.000000  101480
75360.000000  101500
75420.000000  101540
75480.000000  101540
75540.000000  101550
75600.000000  101540
75660.000000  101530
75720.000000  101510
75780.000000  101490
75840.000000  101510
75900.000000  101520
75960.000000  101530
76020.000000  101580
76080.000000  101600
76140.000000  101640
76200.000000  101670
76260.000000  101670
76320.000000  101660
76380.000000  101660
76440.000000  101670
76500.000000  101680
76560.000000  101690
76620.000000  101700
76680.000000  101700
76740.000000  101720
76800.000000  101760
76860.000000  101830
76920.000000  101880
76980.000000  101900
77040.000000  101920
77100.000000  101980
77160.000000  102030
77220.000000  102100
77280.000000  102180
77340.000000  102210
77400.000000  102240
77460.000000  102290
77520.000000  102360
77580.000000  102410
77640.000000  102450
77700.000000  102480
77760.000000  102480
77820.000000  102450
77880.000000  102450
77940.000000  102450
78000.000000  102430
78060.000000  102400
78120.000000  102370
78180.000000  102330
78240.000000  102300
78300.000000  102280
78360.000000  102250
78420.000000  102230
78480.000000  102200
78540.000000  102150
78600.000000  102100
78660.000000  102040
78720.000000  102020
78780.000000  101990
78840.000000  101930
78900.000000  101910
78960.000000  101910
79020.000000  101910
79080.000000  101930
79140.000000  101910
79200.000000  101910
79260.000000  101940
79320.000000  101940
79380.000000  101950
79440.000000  101990
79500.000000  101980
79560.000000  101960
79620.000000  101980
79680.000000  101980
79740.000000  101940
79800.000000  101910
79860.000000  101890
79920.000000  101860
79980.000000  101830
80040.000000  101810
80100.000000  101750
80160.000000  101730
80220.000000  101710
80280.000000  101690
80340.000000  101700
80400.000000  101680
80460.000000  101690
80520.000000  101670
80580.000000  101640
80640.000000  101600
80700.000000  101500
80760.000000  101440
80820.000000  101390
80880.000000  101350
80940.000000  101350
81000.000000  101340
81060.000000  101310
81120.000000  101300
81180.000000  101250
81240.000000  101220
81300.000000  101190
81360.000000  101170
81420.000000  101140
81480.000000  101100
81540.000000  101040
81600.000000  101020
81660.000000  100990
81720.000000  101030
81780.000000  101040
81840.000000  101060
81900.000000  101100
81960.000000  101160
82020.000000  101210
82080.000000  101230
82140.000000  101260
82200.000000  101280
82260.000000  101280
82320.000000  101290
82380.000000  101300
82440.000000  101350
82500.000000  101350
82560.000000  101360
82620.000000  101410
82680.000000  101400
82740.000000  101400
82800.000000  101400
82860.000000  101390
82920.000000  101400
82980.000000  101380
83040.000000  101360
83100.000000  101340
83160.000000  101320
83220.000000  101300
83280.000000  101230
83340.000000  101190
83400.000000  101100
83460.000000  101030
83520.000000  100930
83580.000000  100850
83640.000000  100730
83700.000000  100630
83760.000000  100550
83820.000000  100480
83880.000000  100440
83940.000000  100450
84000.000000  100510
84060.000000  100520
84120.000000  100550
84180.000000  100600
84240.000000  100650
84300.000000  100670
84360.000000  100720
84420.000000  100710
84480.000000  100740
84540.000000  100790
84600.000000  100830
84660.000000  100890
84720.000000  100930
84780.000000  100950
84840.000000  100970
84900.000000  100970
84960.000000  100950
85020.000000  100950
85080.000000  100940
85140.000000  100940
85200.000000  100940
85260.000000  100930
85320.000000  100930
85380.000000  100920
85440.000000  100930
85500.000000  100950
85560.000000  100980
85620.000000  101020
85680.000000  101030
85740.000000  101020
85800.000000  101030
85860.000000  101050
85920.000000  101070
85980.000000  101080
86040.000000  101120
86100.000000  101160
86160.000000  101230
86220.000000  101260
86280.000000  101310
86340.000000  101320
86400.000000  101350
86460.000000  101400
86520.000000  101440
86580.000000  101480
86640.000000  101530
86700.000000  101560
86760.000000  101620
86820.000000  101680
86880.000000  101730
86940.000000  101790
87000.000000  101850
87060.000000  101900
87120.000000  101950
87180.000000  101970
87240.000000  101990
87300.000000  102010
87360.000000  102020
87420.000000  102020
87480.000000  102010
87540.000000  102020
87600.000000  102040
87660.000000  102040
87720.000000  102050
87780.000000  102080
87840.000000  102100
87900.000000  102110
87960.000000  102130
88020.000000  102150
88080.000000  102150
88140.000000  102140
88200.000000  102190
88260.000000  102220
88320.000000  102270
88380.000000  102300
88440.000000  102320
88500.000000  102330
88560.000000  102360
88620.000000  102380
88680.000000  102360
88740.000000  102340
88800.000000  102330
88860.000000  102350
88920.000000  102320
88980.000000  102300
89040.000000  102300
89100.000000  102350
89160.000000  102360
89220.000000  102310
89280.000000  102280
89340.000000  102250
89400.000000  102240
89460.000000  102170
89520.000000  102120
89580.000000  102140
89640.000000  102120
89700.000000  102050
89760.000000  102050
89820.000000  101970
89880.000000  101940
89940.000000  101890
90000.000000  101810
90060.000000  101760
90120.000000  101700
90180.000000  101630
90240.000000  101570
90300.000000  101500
90360.000000  101410
90420.000000  101350
90480.000000  101240
90540.000000  101120
90600.000000  101010
90660.000000  100950
90720.000000  100920
90780.000000  100900
90840.000000  100860
90900.000000  100870
90960.000000  100850
91020.000000  100810
91080.000000  100770
91140.000000  100750
91200.000000  100710
91260.000000  100660
91320.000000  100620
91380.000000  100610
91440.000000  100600
91500.000000  100560
91560.000000  100480
91620.000000  100520
91680.000000  100540
91740.000000  100480
91800.000000  100460
91860.000000  100440
91920.000000  100420
91980.000000  100370
92040.000000  100350
92100.000000  100350
92160.000000  100360
92220.000000  100310
92280.000000  100290
92340.000000  100280
92400.000000  100250
92460.000000  100180
92520.000000  100130
92580.000000  100040
92640.000000  99880
92700.000000  99740
92760.000000  99730
92820.000000  99700
92880.000000  99610
92940.000000  99440
93000.000000  99420
93060.000000  99480
93120.000000  99480
93180.000000  99450
93240.000000  99490
93300.000000  99540
93360.000000  99600
93420.000000  99580
93480.000000  99570
93540.000000  99590
93600.000000  99620
93660.000000  99610
93720.000000  99610
93780.000000  99620
93840.000000  99620
93900.000000  99600
93960.000000  99630
94020.000000  99620
94080.000000  99620
94140.000000  99600
94200.000000  99610
94260.000000  99630
94320.000000  99650
94380.000000  99670
94440.000000  99710
94500.000000  99750
94560.000000  99810
94620.000000  99790
94680.000000  99810
94740.000000  99880
94800.000000  99920
94860.000000  99960
94920.000000  99980
94980.000000  100030
95040.000000  100030
95100.000000  100050
95160.000000  100070
95220.000000  100070
95280.000000  100080
95340.000000  100110
95400.000000  100110
95460.000000  100150
95520.000000  100210
95580.000000  100270
95640.000000  100280
95700.000000  100330
95760.000000  100370
95820.000000  100410
95880.000000  100480
95940.000000  100540
96000.000000  100550
96060.000000  100540
96120.000000  100570
96180.000000  100610
96240.000000  100590
96300.000000  100590
96360.000000  100620
96420.000000  100620
96480.000000  100600
96540.000000  100610
96600.000000  100600
96660.000000  100620
96720.000000  100600
96780.000000  100630
96840.000000  100620
96900.000000  100670
96960.000000  100670
97020.000000  100710
97080.000000  100710
97140.000000  100700
97200.000000  100700
97260.000000  100710
97320.000000  100690
97380.000000  100700
97440.000000  100650
97500.000000  100570
97560.000000  100530
97620.000000  100500
97680.000000  100500
97740.000000  100500
97800.000000  100480
97860.000000  100440
97920.000000  100400
97980.000000  100350
98040.000000  100310
98100.000000  100260
98160.000000  100170
98220.000000  100090
98280.000000  100010
98340.000000  99940
98400.000000  99880
98460.000000  99840
98520.000000  99780
98580.000000  99770
98640.000000  99750
98700.000000  99740
98760.000000  99800
98820.000000  99740
98880.000000  99720
98940.000000  99710
99000.000000  99720
99060.000000  99730
99120.000000  99660
99180.000000  99640
99240.000000  99620
99300.000000  99580
99360.000000  99510
99420.000000  99470
99480.000000  99390
99540.000000  99330
99600.000000  99250
99660.000000  99150
99720.000000  99090
99780.000000  99020
99840.000000  99010
99900.000000  99010
99960.000000  99010
100020.000000  99020
100080.000000  99030
100140.000000  99030
100200.000000  99020
100260.000000  99020
100320.000000  99020
100380.000000  99050
100440.000000  99110
100500.000000  99170
100560.000000  99230
100620.000000  99280
100680.000000  99320
100740.000000  99420
100800.000000  99470
100860.000000  99520
100920.000000  99560
100980.000000  99610
101040.000000  99650
101100.000000  99720
101160.000000  99750
101220.000000  99810
101280.000000  99890
101340.000000  99970
101400.000000  100030
101460.000000  100100
101520.000000  100150
101580.000000  100210
101640.000000  100270
101700.000000  100310
101760.000000  100340
101820.000000  100370
101880.000000  100400
101940.000000  100430
102000.000000  100460
102060.000000  100480
102120.000000  100510
102180.000000  100540
102240.000000  100570
102300.000000  100600
102360.000000  100640
102420.000000  100650
102480.000000  100670
102540.000000  100700
102600.000000  100750
102660.000000  100790
102720.000000  100840
102780.000000  100890
102840.000000  100910
102900.000000  100930
102960.000000  100940
103020.000000  100980
103080.000000  100990
103140.000000  100990
103200.000000  101010
103260.000000  101050
103320.000000  101080
103380.000000  101090
103440.000000  101100
103500.000000  101110
103560.000000  101130
103620.000000  101140
103680.000000  101130
103740.000000  101140
103800.000000  101120
103860.000000  101120
103920.000000  101130
103980.000000  101140
104040.000000  101120
104100.000000  101130
104160.000000  101110
104220.000000  101110
104280.000000  101080
104340.000000  101060
104400.000000  101060
104460.000000  101080
104520.000000  101090
104580.000000  101060
104640.000000  101060
104700.000000  101070
104760.000000  101070
104820.000000  101060
104880.000000  101060
104940.000000  101060
105000.000000  101050
105060.000000  101030
105120.000000  101010
105180.000000  101020
105240.000000  101000
105300.000000  101000
105360.000000  100990
105420.000000  100970
105480.000000  100990
105540.000000  100990
105600.000000  100970
105660.000000  100950
105720.000000  100950
105780.000000  100940
105840.000000  100940
105900.000000  100930
105960.000000  100920
106020.000000  100940
106080.000000  100970
106140.000000  100990
106200.000000  101050
106260.000000  101030
106320.000000  101060
106380.000000  101070
106440.000000  101060
106500.000000  101070
106560.000000  101060
106620.000000  101060
106680.000000  101040
106740.000000  101030
106800.000000  100980
106860.000000  100980
106920.000000  100970
106980.000000  100960
107040.000000  100960
107100.000000  100930
107160.000000  100920
107220.000000  100890
107280.000000  100860
107340.000000  100870
107400.000000  100870
107460.000000  100870
107520.000000  100870
107580.000000  100850
107640.000000  100840
107700.000000  100840
107760.000000  100840
107820.000000  100830
107880.000000  100820
107940.000000  100800
108000.000000  100780
108060.000000  100760
108120.000000  100740
108180.000000  100700
108240.000000  100670
108300.000000  100620
108360.000000  100570
108420.000000  100560
108480.000000  100550
108540.000000  100560
108600.000000  100550
108660.000000  100550
108720.000000  100560
108780.000000  100570
108840.000000  100510
108900.000000  100480
108960.000000  100420
109020.000000  100410
109080.000000  100390
109140.000000  100350
109200.000000  100320
109260.000000  100280
109320.000000  100280
109380.000000  100250
109440.000000  100210
109500.000000  100170
109560.000000  100130
109620.000000  100120
109680.000000  100100
109740.000000  100090
109800.000000  100060
109860.000000  100090
109920.000000  100090
109980.000000  100160
110040.000000  100240
110100.000000  100310
110160.000000  100340
110220.000000  100330
110280.000000  100350
110340.000000  100390
110400.000000  100440
110460.000000  100500
110520.000000  100590
110580.000000  100670
110640.000000  100720
110700.000000  100740
110760.000000  100760
110820.000000  100800
110880.000000  100780
110940.000000  100780
111000.000000  100760
111060.000000  100740
111120.000000  100720
111180.000000  100660
111240.000000  100640
111300.000000  100580
111360.000000  100550
111420.000000  100520
111480.000000  100530
111540.000000  100540
111600.000000  100550
111660.000000  100550
111720.000000  100550
111780.000000  100660
111840.000000  100740
111900.000000  100750
111960.000000  100750
112020.000000  100780
112080.000000  100790
112140.000000  100810
112200.000000  100850
112260.000000  100840
112320.000000  100820
112380.000000  100760
112440.000000  100740
112500.000000  100730
112560.000000  100690
112620.000000  100680
112680.000000  100660
112740.000000  100660
112800.000000  100670
112860.000000  100690
112920.000000  100710
112980.000000  100710
113040.000000  100710
113100.000000  100730
113160.000000  100790
113220.000000  100870
113280.000000  100910
113340.000000  100940
113400.000000  100950
113460.000000  100950
113520.000000  100970
113580.000000  100990
113640.000000  101020
113700.000000  101050
113760.000000  101080
113820.000000  101080
113880.000000  101130
113940.000000  101200
114000.000000  101270
114060.000000  101350
114120.000000  101430
114180.000000  101460
114240.000000  101510
114300.000000  101550
114360.000000  101540
114420.000000  101510
114480.000000  101490
114540.000000  101530
114600.000000  101470
114660.000000  101450
114720.000000  101390
114780.000000  101340
114840.000000  101270
114900.000000  101220
114960.000000  101220
115020.000000  101170
115080.000000  101110
115140.000000  101060
115200.000000  100950
115260.000000  100860
115320.000000  100740
115380.000000  100680
115440.000000  100630
115500.000000  100630
115560.000000  100630
115620.000000  100690
115680.000000  100760
115740.000000  100870
115800.000000  100940
115860.000000  101020
115920.000000  101140
115980.000000  101210
116040.000000  101230
116100.000000  101300
116160.000000  101340
116220.000000  101380
116280.000000  101410
116340.000000  101400
116400.000000  101390
116460.000000  101400
116520.000000  101400
116580.000000  101410
116640.000000  101410
116700.000000  101390
116760.000000  101400
116820.000000  101380
116880.000000  101360
116940.000000  101350
117000.000000  101340
117060.000000  101330
117120.000000  101350
117180.000000  101380
117240.000000  101390
117300.000000  101380
117360.000000  101370
117420.000000  101360
117480.000000  101320
117540.000000  101260
117600.000000  101210
117660.000000  101200
117720.000000  101210
117780.000000  101210
117840.000000  101190
117900.000000  101180
117960.000000  101180
118020.000000  101170
118080.000000  101140
118140.000000  101100
118200.000000  101070
118260.000000  101040
118320.000000  101020
118380.000000  100960
118440.000000  100920
118500.000000  100910
118560.000000  100890
118620.000000  100870
118680.000000  100870
118740.000000  100880
118800.000000  100860
118860.000000  100870
118920.000000  100910
118980.000000  100900
119040.000000  100910
119100.000000  100890
119160.000000  100840
119220.000000  100870
119280.000000  100850
119340.000000  100850
119400.000000  100850
119460.000000  100820
119520.000000  100760
119580.000000  100740
119640.000000  100740
119700.000000  100760
119760.000000  100710
119820.000000  100730
119880.000000  100720
119940.000000  100710
120000.000000  100760
120060.000000  100790
120120.000000  100820
120180.000000  100950
120240.000000  101020
120300.000000  101060
120360.000000  101190
120420.000000  101290
120480.000000  101350
120540.000000  101390
120600.000000  101430
120660.000000  101500
120720.000000  101590
120780.000000  101620
120840.000000  101690
120900.000000  101750
120960.000000  101780
121020.000000  101790
121080.000000  101820
121140.000000  101820
121200.000000  101810
121260.000000  101770
121320.000000  101730
121380.000000  101700
121440.000000  101690
121500.000000  101650
121560.000000  101610
121620.000000  101600
121680.000000  101590
121740.000000  101570
121800.000000  101540
121860.000000  101510
121920.000000  101490
121980.000000  101490
122040.000000  101500
122100.000000  101550
122160.000000  101540
122220.000000  101540
122280.000000  101570
122340.000000  101600
122400.000000  101600
122460.000000  101570
122520.000000  101540
122580.000000  101530
122640.000000  101510
122700.000000  101480
122760.000000  101470
122820.000000  101430
122880.000000  101420
122940.000000  101420
123000.000000  101410
123060.000000  101460
123120.000000  101500
123180.000000  101520
123240.000000  101570
123300.000000  101670
123360.000000  101740
123420.000000  101840
123480.000000  101870
123540.000000  101930
123600.000000  101980
123660.000000  101980
123720.000000  102000
123780.000000  101990
123840.000000  101990
123900.000000  101950
123960.000000  101930
124020.000000  101910
124080.000000  101920
124140.000000  101920
124200.000000  101920
124260.000000  101870
124320.000000  101900
124380.000000  101860
124440.000000  101820
124500.000000  101790
124560.000000  101750
124620.000000  101730
124680.000000  101710
124740.000000  101650
124800.000000  101590
124860.000000  101540
124920.000000  101480
124980.000000  101430
125040.000000  101380
125100.000000  101330
125160.000000  101300
125220.000000  101240
125280.000000  101210
125340.000000  101180
125400.000000  101120
125460.000000  101050
125520.000000  100990
125580.000000  100990
125640.000000  100950
125700.000000  100910
125760.000000  100860
125820.000000  100820
125880.000000  100780
125940.000000  100740
126000.000000  100680
126060.000000  100660
126120.000000  100590
126180.000000  100530
126240.000000  100460
126300.000000  100400
126360.000000  100310
126420.000000  100290
126480.000000  100260
126540.000000  100210
126600.000000  100140
126660.000000  100070
126720.000000  99940
126780.000000  99870
126840.000000  99780
126900.000000  99790
126960.000000  99800
127020.000000  99900
127080.000000  99920
127140.000000  99990
127200.000000  99990
127260.000000  99990
127320.000000  99970
127380.000000  100020
127440.000000  100000
127500.000000  99970
127560.000000  99920
127620.000000  99860
127680.000000  99780
127740.000000  99750
127800.000000  99760
127860.000000  99780
127920.000000  99720
127980.000000  99700
128040.000000  99810
128100.000000  99850
128160.000000  99900
128220.000000  99900
128280.000000  99950
128340.000000  99980
128400.000000  100010
128460.000000  100100
128520.000000  100140
128580.000000  100190
128640.000000  100300
128700.000000  100380
128760.000000  100460
128820.000000  100550
128880.000000  100610
128940.000000  100650
129000.000000  100660
129060.000000  100680
129120.000000  100680
129180.000000  100670
129240.000000  100690
129300.000000  100750
129360.000000  100720
129420.000000  100730
129480.000000  100690
129540.000000  100690
129600.000000  100690
129660.000000  100680
129720.000000  100670
129780.000000  100630
129840.000000  100610
129900.000000  100580
129960.000000  100560
130020.000000  100540
130080.000000  100560
130140.000000  100560
130200.000000  100560
130260.000000  100620
130320.000000  100620
130380.000000  100620
130440.000000  100560
130500.000000  100550
130560.000000  100550
130620.000000  100520
130680.000000  100500
130740.000000  100480
130800.000000  100440
130860.000000  100440
130920.000000  100410
130980.000000  100400
131040.000000  100460
131100.000000  100460
131160.000000  100450
131220.000000  100390
131280.000000  100360
131340.000000  100320
131400.000000  100310
131460.000000  100320
131520.000000  100350
131580.000000  100340
131640.000000  100370
131700.000000  100420
131760.000000  100410
131820.000000  100410
131880.000000  100420
131940.000000  100450
132000.000000  100430
132060.000000  100450
132120.000000  100490
132180.000000  100510
132240.000000  100530
132300.000000  100520
132360.000000  100490
132420.000000  100490
132480.000000  100470
132540.000000  100450
132600.000000  100420
132660.000000  100400
132720.000000  100390
132780.000000  100350
132840.000000  100320
132900.000000  100320
132960.000000  100340
133020.000000  100380
133080.000000  100380
133140.000000  100410
133200.000000  100430
133260.000000  100440
133320.000000  100450
133380.000000  100460
133440.000000  100450
133500.000000  100460
133560.000000  100460
133620.000000  100480
133680.000000  100490
133740.000000  100480
133800.000000  100470
133860.000000  100440
133920.000000  100390
133980.000000  100370
134040.000000  100360
134100.000000  100340
134160.000000  100300
134220.000000  100260
134280.000000  100240
134340.000000  100210
134400.000000  100180
134460.000000  100140
134520.000000  100110
134580.000000  100050
134640.000000  100040
134700.000000  100000
134760.000000  99960
134820.000000  99930
134880.000000  99890
134940.000000  99870
135000.000000  99850
135060.000000  99820
135120.000000  99800
135180.000000  99790
135240.000000  99770
135300.000000  99710
135360.000000  99640
135420.000000  99590
135480.000000  99500
135540.000000  99430
135600.000000  99360
135660.000000  99280
135720.000000  99210
135780.000000  99140
135840.000000  99110
135900.000000  99050
135960.000000  99010
136020.000000  98950
136080.000000  98910
136140.000000  98890
136200.000000  98880
136260.000000  98870
136320.000000  98840
136380.000000  98800
136440.000000  98820
136500.000000  98860
136560.000000  98890
136620.000000  99070
136680.000000  99120
136740.000000  99150
136800.000000  99220
136860.000000  99250
136920.000000  99260
136980.000000  99280
137040.000000  99280
137100.000000  99280
137160.000000  99280
137220.000000  99270
137280.000000  99270
137340.000000  99290
137400.000000  99310
137460.000000  99300
137520.000000  99300
137580.000000  99340
137640.000000  99350
137700.000000  99350
137760.000000  99360
137820.000000  99340
137880.000000  99340
137940.000000  99330
138000.000000  99280
138060.000000  99240
138120.000000  99240
138180.000000  99260
138240.000000  99270
138300.000000  99350
138360.000000  99350
138420.000000  99380
138480.000000  99420
138540.000000  99450
138600.000000  99470
138660.000000  99510
138720.000000  99550
138780.000000  99600
138840.000000  99650
138900.000000  99680
138960.000000  99710
139020.000000  99720
139080.000000  99740
139140.000000  99750
139200.000000  99740
139260.000000  99740
139320.000000  99720
139380.000000  99710
139440.000000  99690
139500.000000  99640
139560.000000  99620
139620.000000  99570
139680.000000  99530
139740.000000  99460
139800.000000  99410
139860.000000  99360
139920.000000  99280
139980.000000  99220
140040.000000  99190
140100.000000  99180
140160.000000  99180
140220.000000  99210
140280.000000  99250
140340.000000  99320
140400.000000  99390
140460.000000  99490
140520.000000  99600
140580.000000  99730
140640.000000  99840
140700.000000  99920
140760.000000  100010
140820.000000  100130
140880.000000  100240
140940.000000  100330
141000.000000  100420
141060.000000  100490
141120.000000  100560
141180.000000  100600
141240.000000  100660
141300.000000  100710
141360.000000  100730
141420.000000  100770
141480.000000  100820
141540.000000  100870
141600.000000  100940
141660.000000  100970
141720.000000  101020
141780.000000  101070
141840.000000  101100
141900.000000  101160
141960.000000  101210
142020.000000  101260
142080.000000  101320
142140.000000  101370
142200.000000  101420
142260.000000  101460
142320.000000  101520
142380.000000  101570
142440.000000  101630
142500.000000  101670
142560.000000  101720
142620.000000  101740
142680.000000  101780
142740.000000  101810
142800.000000  101840
142860.000000  101880
142920.000000  101920
142980.000000  101980
143040.000000  102020
143100.000000  102090
143160.000000  102110
143220.000000  102130
143280.000000  102150
143340.000000  102150
143400.000000  102170
143460.000000  102180
143520.000000  102190
143580.000000  102190
143640.000000  102190
143700.000000  102180
143760.000000  102170
143820.000000  102170
143880.000000  102150
143940.000000  102130
144000.000000  102100
144060.000000  102080
144120.000000  102040
144180.000000  102000
144240.000000  101930
144300.000000  101870
144360.000000  101780
144420.000000  101690
144480.000000  101580
144540.000000  101480
144600.000000  101460
144660.000000  101390
144720.000000  101390
144780.000000  101350
144840.000000  101260
144900.000000  101170
144960.000000  101050
145020.000000  100960
145080.000000  100900
145140.000000  100860
145200.000000  100820
145260.000000  100860
145320.000000  100890
145380.000000  100940
145440.000000  100980
145500.000000  101000
145560.000000  101000
145620.000000  101010
145680.000000  101040
145740.000000  101060
145800.000000  101100
145860.000000  101140
145920.000000  101170
145980.000000  101250
146040.000000  101280
146100.000000  101290
146160.000000  101320
146220.000000  101350
146280.000000  101380
146340.000000  101390
146400.000000  101420
146460.000000  101440
146520.000000  101460
146580.000000  101490
146640.000000  101520
146700.000000  101550
146760.000000  101550
146820.000000  101570
146880.000000  101570
146940.000000  101580
147000.000000  101590
147060.000000  101570
147120.000000  101570
147180.000000  101600
147240.000000  101610
147300.000000  101600
147360.000000  101600
147420.000000  101590
147480.000000  101580
147540.000000  101550
147600.000000  101560
147660.000000  101560
147720.000000  101560
147780.000000  101570
147840.000000  101600
147900.000000  101630
147960.000000  101650
148020.000000  101640
148080.000000  101680
148140.000000  101710
148200.000000  101700
148260.000000  101700
148320.000000  101700
148380.000000  101690
148440.000000  101710
148500.000000  101720
148560.000000  101690
148620.000000  101710
148680.000000  101710
148740.000000  101710
148800.000000  101720
148860.000000  101710
148920.000000  101690
148980.000000  101660
149040.000000  101640
149100.000000  101580
149160.000000  101560
149220.000000  101520
149280.000000  101520
149340.000000  101530
149400.000000  101490
149460.000000  101460
149520.000000  101450
149580.000000  101440
149640.000000  101440
149700.000000  101410
149760.000000  101370
149820.000000  101340
149880.000000  101310
149940.000000  101270
150000.000000  101250
150060.000000  101210
150120.000000  101210
150180.000000  101160
150240.000000  101110
150300.000000  101070
150360.000000  100980
150420.000000  100940
150480.000000  100900
150540.000000  100870
150600.000000  100810
150660.000000  100800
150720.000000  100760
150780.000000  100730
150840.000000  100700
150900.000000  100710
150960.000000  100680
151020.000000  100620
151080.000000  100550
151140.000000  100510
151200.000000  100470
151260.000000  100460
151320.000000  100380
151380.000000  100410
151440.000000  100420
151500.000000  100410
151560.000000  100410
151620.000000  100460
151680.000000  100480
151740.000000  100500
151800.000000  100540
151860.000000  100570
151920.000000  100590
151980.000000  100630
152040.000000  100650
152100.000000  100690
152160.000000  100750
152220.000000  100770
152280.000000  100780
152340.000000  100750
152400.000000  100790
152460.000000  100840
152520.000000  100840
152580.000000  100860
152640.000000  100890
152700.000000  100920
152760.000000  100950
152820.000000  100960
152880.000000  100970
152940.000000  101000
153000.000000  101030
153060.000000  101050
153120.000000  101090
153180.000000  101090
153240.000000  101090
153300.000000  101100
153360.000000  101070
153420.000000  101090
153480.000000  101090
153540.000000  101070
153600.000000  101080
153660.000000  101130
153720.000000  101150
153780.000000  101170
153840.000000  101190
153900.000000  101190
153960.000000  101210
154020.000000  101210
154080.000000  101210
154140.000000  101190
154200.000000  101180
154260.000000  101190
154320.000000  101190
154380.000000  101180
154440.000000  101180
154500.000000  101210
154560.000000  101220
154620.000000  101230
154680.000000  101250
154740.000000  101260
154800.000000  101290
154860.000000  101320
154920.000000  101360
154980.000000  101420
155040.000000  101480
155100.000000  101510
155160.000000  101520
155220.000000  101570
155280.000000  101600
155340.000000  101620
155400.000000  101680
155460.000000  101700
155520.000000  101730
155580.000000  101760
155640.000000  101810
155700.000000  101830
155760.000000  101840
155820.000000  101860
155880.000000  101880
155940.000000  101910
156000.000000  101910
156060.000000  101950
156120.000000  101970
156180.000000  101990
156240.000000  102000
156300.000000  102020
156360.000000  102040
156420.000000  102040
156480.000000  102050
156540.000000  102020
156600.000000  102020
156660.000000  102010
156720.000000  102030
156780.000000  102040
156840.000000  102060
156900.000000  102060
156960.000000  102050
157020.000000  102030
157080.000000  102020
157140.000000  101990
157200.000000  101990
157260.000000  101980
157320.000000  101950
157380.000000  101910
157440.000000  101920
157500.000000  101910
157560.000000  101900
157620.000000  101850
157680.000000  101830
157740.000000  101810
157800.000000  101800
157860.000000  101790
157920.000000  101750
157980.000000  101710
158040.000000  101640
158100.000000  101620
158160.000000  101590
158220.000000  101570
158280.000000  101570
158340.000000  101570
158400.000000  101530
158460.000000  101480
158520.000000  101450
158580.000000  101430
158640.000000  101410
158700.000000  101400
158760.000000  101380
158820.000000  101350
158880.000000  101310
158940.000000  101280
159000.000000  101260
159060.000000  101230
159120.000000  101190
159180.000000  101150
159240.000000  101100
159300.000000  101080
159360.000000  101040
159420.000000  101010
159480.000000  100980
159540.000000  100960
159600.000000  100960
159660.000000  100980
159720.000000  100980
159780.000000  100980
159840.000000  100950
159900.000000  100930
159960.000000  100900
160020.000000  100850
160080.000000  100800
160140.000000  100730
160200.000000  100660
160260.000000  100570
160320.000000  100500
160380.000000  100440
160440.000000  100400
160500.000000  100360
160560.000000  100270
160620.000000  100260
160680.000000  100250
160740.000000  100280
160800.000000  100400
160860.000000  100460
160920.000000  100450
160980.000000  100510
161040.000000  100590
161100.000000  100680
161160.000000  100790
161220.000000  100820
161280.000000  100890
161340.000000  100920
161400.000000  100990
161460.000000  100930
161520.000000  101000
161580.000000  101010
161640.000000  101040
161700.000000  101070
161760.000000  101090
161820.000000  101080
161880.000000  101120
161940.000000  101180
162000.000000  101180
162060.000000  101190
162120.000000  101200
162180.000000  101220
162240.000000  101240
162300.000000  101250
162360.000000  101250
162420.000000  101270
162480.000000  101280
162540.000000  101340
162600.000000  101360
162660.000000  101360
162720.000000  101380
162780.000000  101390
162840.000000  101390
162900.000000  101400
162960.000000  101420
163020.000000  101440
163080.000000  101460
163140.000000  101490
163200.000000  101520
163260.000000  101530
163320.000000  101560
163380.000000  101570
163440.000000  101600
163500.000000  101650
163560.000000  101680
163620.000000  101690
163680.000000  101710
163740.000000  101720
163800.000000  101770
163860.000000  101780
163920.000000  101800
163980.000000  101810
164040.000000  101830
164100.000000  101840
164160.000000  101850
164220.000000  101860
164280.000000  101860
164340.000000  101860
164400.000000  101870
164460.000000  101870
164520.000000  101860
164580.000000  101830
164640.000000  101840
164700.000000  101820
164760.000000  101780
164820.000000  101780
164880.000000  101750
164940.000000  101720
165000.000000  101690
165060.000000  101630
165120.000000  101570
165180.000000  101540
165240.000000  101490
165300.000000  101460
165360.000000  101410
165420.000000  101380
165480.000000  101340
165540.000000  101300
165600.000000  101250
165660.000000  101210
165720.000000  101160
165780.000000  101100
165840.000000  101090
165900.000000  101060
165960.000000  101010
166020.000000  101000
166080.000000  100970
166140.000000  100910
166200.000000  100870
166260.000000  100830
166320.000000  100800
166380.000000  100750
166440.000000  100710
166500.000000  100620
166560.000000  100570
166620.000000  100520
166680.000000  100490
166740.000000  100480
166800.000000  100450
166860.000000  100420
166920.000000  100370
166980.000000  100340
167040.000000  100320
167100.000000  100270
167160.000000  100220
167220.000000  100150
167280.000000  100070
167340.000000  100050
167400.000000  100060
167460.000000  100060
167520.000000  100090
167580.000000  100080
167640.000000  100060
167700.000000  100100
167760.000000  100180
167820.000000  100160
167880.000000  100190
167940.000000  100220
168000.000000  100280
168060.000000  100360
168120.000000  100470
168180.000000  100540
168240.000000  100590
168300.000000  100660
168360.000000  100700
168420.000000  100760
168480.000000  100800
168540.000000  100840
168600.000000  100860
168660.000000  100890
168720.000000  100890
168780.000000  100920
168840.000000  100930
168900.000000  100970
168960.000000  100990
169020.000000  101020
169080.000000  101040
169140.000000  101070
169200.000000  101090
169260.000000  101120
169320.000000  101160
169380.000000  101180
169440.000000  101200
169500.000000  101230
169560.000000  101250
169620.000000  101290
169680.000000  101300
169740.000000  101350
169800.000000  101390
169860.000000  101420
169920.000000  101450
169980.000000  101470
170040.000000  101480
170100.000000  101520
170160.000000  101570
170220.000000  101600
170280.000000  101630
170340.000000  101670
170400.000000  101710
170460.000000  101760
170520.000000  101860
170580.000000  101850
170640.000000  101900
170700.000000  101940
170760.000000  102030
170820.000000  102110
170880.000000  102120
170940.000000  102140
171000.000000  102160
171060.000000  102180
171120.000000  102190
171180.000000  102210
171240.000000  102220
171300.000000  102250
171360.000000  102270
171420.000000  102280
171480.000000  102290
171540.000000  102280
171600.000000  102280
171660.000000  102240
171720.000000  102210
171780.000000  102180
171840.000000  102190
171900.000000  102170
171960.000000  102160
172020.000000  102120
172080.000000  102070
172140.000000  102030
172200.000000  102000
172260.000000  101960
172320.000000  101930
172380.000000  101940
172440.000000  101890
172500.000000  101850
172560.000000  101810
172620.000000  101770
172680.000000  101740
172740.000000  101700
172800.000000  101660
172860.000000  101630
172920.000000  101560
172980.000000  101490
173040.000000  101420
173100.000000  101410
173160.000000  101360
173220.000000  101310
173280.000000  101270
173340.000000  101220
173400.000000  101210
173460.000000  101180
173520.000000  101140
173580.000000  101140
173640.000000  101140
173700.000000  101130
173760.000000  101230
173820.000000  101270
173880.000000  101260
173940.000000  101230
174000.000000  101210
174060.000000  101180
174120.000000  101160
174180.000000  101170
174240.000000  101190
174300.000000  101200
174360.000000  101220
174420.000000  101270
174480.000000  101310
174540.000000  101330
174600.000000  101360
174660.000000  101400
174720.000000  101430
174780.000000  101440
174840.000000  101500
174900.000000  101530
174960.000000  101550
175020.000000  101550
175080.000000  101560
175140.000000  101550
175200.000000  101560
175260.000000  101550
175320.000000  101560
175380.000000  101550
175440.000000  101550
175500.000000  101540
175560.000000  101530
175620.000000  101520
175680.000000  101520
175740.000000  101520
175800.000000  101500
175860.000000  101530
175920.000000  101520
175980.000000  101510
176040.000000  101480
176100.000000  101450
176160.000000  101430
176220.000000  101430
176280.000000  101410
176340.000000  101430
176400.000000  101460
176460.000000  101460
176520.000000  101490
176580.000000  101500
176640.000000  101490
176700.000000  101480
176760.000000  101460
176820.000000  101470
176880.000000  101480
176940.000000  101500
177000.000000  101490
177060.000000  101480
177120.000000  101470
177180.000000  101450
177240.000000  101440
177300.000000  101450
177360.000000  101440
177420.000000  101390
177480.000000  101360
177540.000000  101290
177600.000000  101260
177660.000000  101220
177720.000000  101190
177780.000000  101150
177840.000000  101130
177900.000000  101110
177960.000000  101090
178020.000000  101050
178080.000000  101020
178140.000000  100990
178200.000000  100990
178260.000000  100960
178320.000000  100950
178380.000000  100970
178440.000000  100960
178500.000000  100950
178560.000000  100950
178620.000000  100940
178680.000000  100910
178740.000000  100890
178800.000000  100870
178860.000000  100820
178920.000000  100770
178980.000000  100740
179040.000000  100700
179100.000000  100680
179160.000000  100640
179220.000000  100600
179280.000000  100570
179340.000000  100560
179400.000000  100560
179460.000000  100550
179520.000000  100560
179580.000000  100530
179640.000000  100510
179700.000000  100500
179760.000000  100520
179820.000000  100510
179880.000000  100540
179940.000000  100560
180000.000000  100550
180060.000000  100560
180120.000000  100580
180180.000000  100620
180240.000000  100640
180300.000000  100660
180360.000000  100690
180420.000000  100700
180480.000000  100740
180540.000000  100780
180600.000000  100830
180660.000000  100850
180720.000000  100890
180780.000000  100920
180840.000000  100960
180900.000000  100990
180960.000000  101000
181020.000000  101030
181080.000000  101010
181140.000000  101020
181200.000000  101040
181260.000000  101070
181320.000000  101070
181380.000000  101070
181440.000000  101050
181500.000000  101040
181560.000000  101040
181620.000000  101070
181680.000000  101050
181740.000000  101050
181800.000000  101070
181860.000000  101060
181920.000000  101060
181980.000000  101030
182040.000000  101020
182100.000000  101010
182160.000000  101000
182220.000000  100960
182280.000000  100980
182340.000000  101000
182400.000000  101020
182460.000000  101020
182520.000000  101010
182580.000000  101010
182640.000000  101030
182700.000000  101010
182760.000000  100970
182820.000000  101000
182880.000000  101010
182940.000000  101000
183000.000000  100970
183060.000000  100970
183120.000000  100940
183180.000000  100910
183240.000000  100930
183300.000000  100900
183360.000000  100910
183420.000000  100910
183480.000000  100900
183540.000000  100870
183600.000000  100860
183660.000000  100850
183720.000000  100820
183780.000000  100810
183840.000000  100800
183900.000000  100820
183960.000000  100860
184020.000000  100860
184080.000000  100780
184140.000000  100740
184200.000000  100740
184260.000000  100730
184320.000000  100700
184380.000000  100710
184440.000000  100670
184500.000000  100590
184560.000000  100510
184620.000000  100490
184680.000000  100460
184740.000000  100420
184800.000000  100440
184860.000000  100450
184920.000000  100390
184980.000000  100330
185040.000000  100330
185100.000000  100400
185160.000000  100430
185220.000000  100450
185280.000000  100450
185340.000000  100420
185400.000000  100480
185460.000000  100510
185520.000000  100460
185580.000000  100470
185640.000000  100440
185700.000000  100370
185760.000000  100330
185820.000000  100330
185880.000000  100290
185940.000000  100320
186000.000000  100280
186060.000000  100270
186120.000000  100250
186180.000000  100250
186240.000000  100250
186300.000000  100250
186360.000000  100340
186420.000000  100350
186480.000000  100380
186540.000000  100400
186600.000000  100450
186660.000000  100430
186720.000000  100430
186780.000000  100420
186840.000000  100500
186900.000000  100540
186960.000000  100520
187020.000000  100520
187080.000000  100540
187140.000000  100530
187200.000000  100500
187260.000000  100450
187320.000000  100380
187380.000000  100300
187440.000000  100220
187500.000000  100070
187560.000000  99980
187620.000000  99900
187680.000000  99820
187740.000000  99670
187800.000000  99530
187860.000000  99400
187920.000000  99320
187980.000000  99260
188040.000000  99190
188100.000000  99180
188160.000000  99130
188220.000000  99150
188280.000000  99220
188340.000000  99330
188400.000000  99430
188460.000000  99510
188520.000000  99550
188580.000000  99590
188640.000000  99630
188700.000000  99620
188760.000000  99660
188820.000000  99660
188880.000000  99640
188940.000000  99620
189000.000000  99600
189060.000000  99590
189120.000000  99610
189180.000000  99640
189240.000000  99680
189300.000000  99740
189360.000000  99780
189420.000000  99780
189480.000000  99860
189540.000000  99950
189600.000000  99980
189660.000000  100050
189720.000000  100100
189780.000000  100140
189840.000000  100180
189900.000000  100210
189960.000000  100240
190020.000000  100320
190080.000000  100390
190140.000000  100490
190200.000000  100630
190260.000000  100760
190320.000000  100870
190380.000000  100990
190440.000000  101110
190500.000000  101190
190560.000000  101240
190620.000000  101300
190680.000000  101330
190740.000000  101370
190800.000000  101490
190860.000000  101560
190920.000000  101620
190980.000000  101670
191040.000000  101720
191100.000000  101750
191160.000000  101810
191220.000000  101830
191280.000000  101830
191340.000000  101840
191400.000000  101850
191460.000000  101860
191520.000000  101870
191580.000000  101870
191640.000000  101890
191700.000000  101880
191760.000000  101880
191820.000000  101900
191880.000000  101890
191940.000000  101890
192000.000000  101880
192060.000000  101830
192120.000000  101780
192180.000000  101710
192240.000000  101640
192300.000000  101600
192360.000000  101540
192420.000000  101530
192480.000000  101470
192540.000000  101400
192600.000000  101320
192660.000000  101270
192720.000000  101220
192780.000000  101200
192840.000000  101200
192900.000000  101210
192960.000000  101190
193020.000000  101180
193080.000000  101140
193140.000000  101120
193200.000000  101100
193260.000000  101040
193320.000000  101010
193380.000000  101010
193440.000000  100990
193500.000000  100940
193560.000000  100900
193620.000000  100930
193680.000000  100890
193740.000000  100970
193800.000000  100950
193860.000000  100820
193920.000000  100800
193980.000000  100730
194040.000000  100730
194100.000000  100710
194160.000000  100690
194220.000000  100680
194280.000000  100700
194340.000000  100690
194400.000000  100700
194460.000000  100690
194520.000000  100670
194580.000000  100620
194640.000000  100640
194700.000000  100600
194760.000000  100600
194820.000000  100680
194880.000000  100710
194940.000000  100790
195000.000000  100840
195060.000000  100900
195120.000000  100950
195180.000000  101010
195240.000000  101090
195300.000000  101160
195360.000000  101180
195420.000000  101200
195480.000000  101190
195540.000000  101170
195600.000000  101160
195660.000000  101110
195720.000000  101070
195780.000000  101020
195840.000000  100940
195900.000000  100880
195960.000000  100790
196020.000000  100720
196080.000000  100680
196140.000000  100650
196200.000000  100550
196260.000000  100450
196320.000000  100430
196380.000000  100390
196440.000000  100410
196500.000000  100380
196560.000000  100340
196620.000000  100330
196680.000000  100210
196740.000000  100130
196800.000000  100070
196860.000000  99940
196920.000000  99840
196980.000000  99730
197040.000000  99610
197100.000000  99550
197160.000000  99860
197220.000000  100060
197280.000000  100150
197340.000000  100160
197400.000000  100210
197460.000000  100260
197520.000000  100270
197580.000000  100290
197640.000000  100320
197700.000000  100340
197760.000000  100380
197820.000000  100440
197880.000000  100490
197940.000000  100500
198000.000000  100500
198060.000000  100550
198120.000000  100510
198180.000000  100540
198240.000000  100480
198300.000000  100510
198360.000000  100470
198420.000000  100440
198480.000000  100410
198540.000000  100370
198600.000000  100280
198660.000000  100230
198720.000000  100190
198780.000000  100120
198840.000000  100080
198900.000000  100050
198960.000000  99990
199020.000000  99970
199080.000000  99980
199140.000000  99960
199200.000000  100070
199260.000000  100120
199320.000000  100160
199380.000000  100170
199440.000000  100230
199500.000000  100260
199560.000000  100310
199620.000000  100380
199680.000000  100380
199740.000000  100360
199800.000000  100350
199860.000000  100370
199920.000000  100360
199980.000000  100380
200040.000000  100370
200100.000000  100380
200160.000000  100390
200220.000000  100240
200280.000000  100170
200340.000000  100150
200400.000000  100120
200460.000000  100050
200520.000000  99960
200580.000000  99910
200640.000000  99900
200700.000000  99960
200760.000000  100000
200820.000000  99990
200880.000000  100000
200940.000000  100060
201000.000000  100120
201060.000000  100100
201120.000000  100130
201180.000000  100180
201240.000000  100200
201300.000000  100190
201360.000000  100230
201420.000000  100240
201480.000000  100270
201540.000000  100340
201600.000000  100380
201660.000000  100420
201720.000000  100450
201780.000000  100500
201840.000000  100520
201900.000000  100600
201960.000000  100650
202020.000000  100710
202080.000000  100750
202140.000000  100780
202200.000000  100810
202260.000000  100860
202320.000000  100910
202380.000000  100960
202440.000000  100940
202500.000000  100910
202560.000000  100890
202620.000000  100850
202680.000000  100820
202740.000000  100840
202800.000000  100840
202860.000000  100780
202920.000000  100720
202980.000000  100680
203040.000000  100620
203100.000000  100580
203160.000000  100460
203220.000000  100380
203280.000000  100300
203340.000000  100160
203400.000000  100050
203460.000000  99910
203520.000000  99850
203580.000000  99770
203640.000000  99720
203700.000000  99680
203760.000000  99690
203820.000000  99720
203880.000000  99760
203940.000000  99880
204000.000000  99920
204060.000000  99900
204120.000000  99860
204180.000000  99860
204240.000000  99840
204300.000000  99860
204360.000000  99980
204420.000000  99990
204480.000000  99960
204540.000000  100000
204600.000000  100070
204660.000000  100050
204720.000000  100080
204780.000000  100090
204840.000000  100110
204900.000000  100150
204960.000000  100160
205020.000000  100210
205080.000000  100220
205140.000000  100230
205200.000000  100230
205260.000000  100250
205320.000000  100240
205380.000000  100210
205440.000000  100150
205500.000000  100140
205560.000000  100090
205620.000000  100060
205680.000000  100050
205740.000000  100020
205800.000000  99960
205860.000000  99920
205920.000000  99830
205980.000000  99720
206040.000000  99620
206100.000000  99480
206160.000000  99360
206220.000000  99270
206280.000000  99190
206340.000000  99110
206400.000000  99050
206460.000000  99020
206520.000000  98990
206580.000000  98920
206640.000000  98800
206700.000000  98740
206760.000000  98680
206820.000000  98650
206880.000000  98610
206940.000000  98550
207000.000000  98530
207060.000000  98800
207120.000000  98910
207180.000000  98970
207240.000000  99050
207300.000000  99090
207360.000000  99110
207420.000000  99190
207480.000000  99230
207540.000000  99270
207600.000000  99280
207660.000000  99290
207720.000000  99290
207780.000000  99280
207840.000000  99290
207900.000000  99240
207960.000000  99180
208020.000000  99090
208080.000000  99030
208140.000000  99010
208200.000000  99010
208260.000000  98830
208320.000000  98810
208380.000000  98780
208440.000000  98790
208500.000000  98840
208560.000000  98930
208620.000000  99060
208680.000000  99220
208740.000000  99370
208800.000000  99500
208860.000000  99610
208920.000000  99660
208980.000000  99690
209040.000000  99740
209100.000000  99770
209160.000000  99750
209220.000000  99760
209280.000000  99820
209340.000000  99760
209400.000000  99810
209460.000000  99900
209520.000000  99890
209580.000000  99950
209640.000000  99960
209700.000000  99910
209760.000000  99900
209820.000000  99860
209880.000000  99820
209940.000000  99810
210000.000000  99780
210060.000000  99710
210120.000000  99610
210180.000000  99610
210240.000000  99570
210300.000000  99540
210360.000000  99530
210420.000000  99520
210480.000000  99490
210540.000000  99480
210600.000000  99440
210660.000000  99450
210720.000000  99460
210780.000000  99600
210840.000000  99690
210900.000000  99720
210960.000000  99800
211020.000000  99820
211080.000000  99930
211140.000000  99950
211200.000000  99990
211260.000000  100060
211320.000000  100090
211380.000000  100130
211440.000000  100180
211500.000000  100180
211560.000000  100190
211620.000000  100140
211680.000000  100130
211740.000000  100000
211800.000000  99900
211860.000000  99790
211920.000000  99700
211980.000000  99630
212040.000000  99700
212100.000000  99930
212160.000000  100080
212220.000000  100120
212280.000000  100180
212340.000000  100270
212400.000000  100380
212460.000000  100540
212520.000000  100610
212580.000000  100690
212640.000000  100790
212700.000000  100880
212760.000000  100960
212820.000000  101040
212880.000000  101120
212940.000000  101160
213000.000000  101210
213060.000000  101300
213120.000000  101370
213180.000000  101430
213240.000000  101460
213300.000000  101470
213360.000000  101490
213420.000000  101500
213480.000000  101520
213540.000000  101520
213600.000000  101490
213660.000000  101470
213720.000000  101470
213780.000000  101410
213840.000000  101370
213900.000000  101320
213960.000000  101300
214020.000000  101190
214080.000000  101070
214140.000000  100930
214200.000000  100830
214260.000000  100770
214320.000000  100730
214380.000000  100790
214440.000000  100820
214500.000000  100890
214560.000000  100940
214620.000000  100970
214680.000000  101000
214740.000000  101040
214800.000000  101080
214860.000000  101110
214920.000000  101170
214980.000000  101250
215040.000000  101340
215100.000000  101430
215160.000000  101490
215220.000000  101520
215280.000000  101560
215340.000000  101590
215400.000000  101580
215460.000000  101580
215520.000000  101620
215580.000000  101570
215640.000000  101580
215700.000000  101540
215760.000000  101500
215820.000000  101450
215880.000000  101410
215940.000000  101400
216000.000000  101400
216060.000000  101380
216120.000000  101340
216180.000000  101220
216240.000000  101120
216300.000000  100990
216360.000000  100890
216420.000000  100800
216480.000000  100660
216540.000000  100640
216600.000000  100750
216660.000000  100810
216720.000000  100790
216780.000000  100820
216840.000000  100830
216900.000000  100840
216960.000000  100850
217020.000000  100830
217080.000000  100810
217140.000000  100880
217200.000000  100920
217260.000000  100940
217320.000000  101010
217380.000000  101020
217440.000000  101050
217500.000000  101080
217560.000000  101100
217620.000000  101090
217680.000000  101090
217740.000000  101120
217800.000000  101130
217860.000000  101160
217920.000000  101200
217980.000000  101260
218040.000000  101330
218100.000000  101340
218160.000000  101360
218220.000000  101420
218280.000000  101440
218340.000000  101480
218400.000000  101570
218460.000000  101670
218520.000000  101750
218580.000000  101850
218640.000000  101980
218700.000000  102110
218760.000000  102190
218820.000000  102280
218880.000000  102360
218940.000000  102430
219000.000000  102500
219060.000000  102540
219120.000000  102580
219180.000000  102630
219240.000000  102710
219300.000000  102750
219360.000000  102810
219420.000000  102850
219480.000000  102900
219540.000000  102900
219600.000000  102910
219660.000000  102950
219720.000000  102970
219780.000000  102970
219840.000000  103020
219900.000000  103030
219960.000000  103030
220020.000000  103030
220080.000000  103040
220140.000000  103020
220200.000000  103010
220260.000000  103020
220320.000000  103010
220380.000000  102990
220440.000000  102970
220500.000000  102950
220560.000000  102910
220620.000000  102880
220680.000000  102860
220740.000000  102820
220800.000000  102810
220860.000000  102770
220920.000000  102750
220980.000000  102740
221040.000000  102720
221100.000000  102670
221160.000000  102630
221220.000000  102560
221280.000000  102500
221340.000000  102460
221400.000000  102440
221460.000000  102430
221520.000000  102440
221580.000000  102410
221640.000000  102390
221700.000000  102350
221760.000000  102310
221820.000000  102230
221880.000000  102190
221940.000000  102130
222000.000000  102080
222060.000000  102020
222120.000000  101980
222180.000000  101940
222240.000000  101900
222300.000000  101850
222360.000000  101760
222420.000000  101690
222480.000000  101610
222540.000000  101560
222600.000000  101480
222660.000000  101430
222720.000000  101410
222780.000000  101370
222840.000000  101350
222900.000000  101360
222960.000000  101380
223020.000000  101350
223080.000000  101330
223140.000000  101310
223200.000000  101280
223260.000000  101220
223320.000000  101160
223380.000000  101110
223440.000000  101040
223500.000000  100990
223560.000000  100910
223620.000000  100870
223680.000000  100820
223740.000000  100720
223800.000000  100640
223860.000000  100640
223920.000000  100620
223980.000000  100640
224040.000000  100710
224100.000000  100880
224160.000000  100980
224220.000000  101060
224280.000000  101180
224340.000000  101300
224400.000000  101430
224460.000000  101530
224520.000000  101590
224580.000000  101610
224640.000000  101630
224700.000000  101630
224760.000000  101650
224820.000000  101650
224880.000000  101630
224940.000000  101670
225000.000000  101710
225060.000000  101740
225120.000000  101790
225180.000000  101850
225240.000000  101920
225300.000000  102010
225360.000000  102070
225420.000000  102150
225480.000000  102130
225540.000000  102140
225600.000000  102240
225660.000000  102300
225720.000000  102370
225780.000000  102410
225840.000000  102480
225900.000000  102520
225960.000000  102560
226020.000000  102600
226080.000000  102650
226140.000000  102680
226200.000000  102690
226260.000000  102710
226320.000000  102750
226380.000000  102730
226440.000000  102770
226500.000000  102800
226560.000000  102820
226620.000000  102850
226680.000000  102850
226740.000000  102800
226800.000000  102790
226860.000000  102760
226920.000000  102780
226980.000000  102750
227040.000000  102740
227100.000000  102740
227160.000000  102750
227220.000000  102770
227280.000000  102800
227340.000000  102790
227400.000000  102770
227460.000000  102770
227520.000000  102750
227580.000000  102690
227640.000000  102650
227700.000000  102630
227760.000000  102640
227820.000000  102640
227880.000000  102650
227940.000000  102670
228000.000000  102630
228060.000000  102570
228120.000000  102520
228180.000000  102460
228240.000000  102400
228300.000000  102360
228360.000000  102330
228420.000000  102310
228480.000000  102260
228540.000000  102220
228600.000000  102200
228660.000000  102210
228720.000000  102260
228780.000000  102250
228840.000000  102200
228900.000000  102180
228960.000000  102170
229020.000000  102140
229080.000000  102110
229140.000000  102130
229200.000000  102090
229260.000000  102090
229320.000000  102090
229380.000000  102080
229440.000000  102060
229500.000000  102050
229560.000000  102000
229620.000000  101970
229680.000000  101910
229740.000000  101870
229800.000000  101840
229860.000000  101800
229920.000000  101770
229980.000000  101740
230040.000000  101730
230100.000000  101720
230160.000000  101720
230220.000000  101730
230280.000000  101710
230340.000000  101660
230400.000000  101590
230460.000000  101520
230520.000000  101470
230580.000000  101390
230640.000000  101330
230700.000000  101290
230760.000000  101240
230820.000000  101200
230880.000000  101130
230940.000000  101060
231000.000000  100970
231060.000000  100890
231120.000000  100800
231180.000000  100750
231240.000000  100680
231300.000000  100610
231360.000000  100660
231420.000000  100650
231480.000000  100580
231540.000000  100540
231600.000000  100480
231660.000000  100430
231720.000000  100330
231780.000000  100240
231840.000000  100120
231900.000000  100010
231960.000000  100000
232020.000000  99950
232080.000000  99910
232140.000000  99910
232200.000000  99850
232260.000000  99810
232320.000000  99820
232380.000000  99820
232440.000000  99830
232500.000000  99840
232560.000000  99840
232620.000000  99850
232680.000000  99840
232740.000000  99830
232800.000000  99840
232860.000000  99810
232920.000000  99820
232980.000000  99850
233040.000000  99870
233100.000000  99900
233160.000000  99890
233220.000000  99870
233280.000000  99820
233340.000000  99750
233400.000000  99700
233460.000000  99680
233520.000000  99590
233580.000000  99530
233640.000000  99500
233700.000000  99440
233760.000000  99370
233820.000000  99340
233880.000000  99280
233940.000000  99200
234000.000000  99120
234060.000000  99050
234120.000000  99000
234180.000000  98880
234240.000000  98730
234300.000000  98660
234360.000000  98570
234420.000000  98520
234480.000000  98440
234540.000000  98370
234600.000000  98400
234660.000000  98340
234720.000000  98290
234780.000000  98210
234840.000000  98200
234900.000000  98150
234960.000000  98090
235020.000000  98070
235080.000000  98050
235140.000000  98040
235200.000000  98050
235260.000000  98050
235320.000000  98140
235380.000000  98100
235440.000000  98120
235500.000000  98180
235560.000000  98240
235620.000000  98310
235680.000000  98310
235740.000000  98300
235800.000000  98330
235860.000000  98330
235920.000000  98390
235980.000000  98410
236040.000000  98540
236100.000000  98600
236160.000000  98700
236220.000000  98750
236280.000000  98820
236340.000000  98920
236400.000000  99000
236460.000000  99040
236520.000000  99180
236580.000000  99290
236640.000000  99450
236700.000000  99620
236760.000000  99790
236820.000000  99950
236880.000000  100090
236940.000000  100230
237000.000000  100370
237060.000000  100490
237120.000000  100600
237180.000000  100700
237240.000000  100770
237300.000000  100860
237360.000000  100950
237420.000000  101000
237480.000000  101050
237540.000000  101120
237600.000000  101170
237660.000000  101240
237720.000000  101250
237780.000000  101320
237840.000000  101380
237900.000000  101420
237960.000000  101490
238020.000000  101570
238080.000000  101660
238140.000000  101740
238200.000000  101800
238260.000000  101850
238320.000000  101920
238380.000000  101970
238440.000000  102020
238500.000000  102030
238560.000000  102070
238620.000000  102100
238680.000000  102120
238740.000000  102170
238800.000000  102210
238860.000000  102240
238920.000000  102260
238980.000000  102290
239040.000000  102310
239100.000000  102300
239160.000000  102320
239220.000000  102330
239280.000000  102310
239340.000000  102330
239400.000000  102330
239460.000000  102340
239520.000000  102360
239580.000000  102360
239640.000000  102360
239700.000000  102330
239760.000000  102300
239820.000000  102260
239880.000000  102200
239940.000000  102130
240000.000000  102080
240060.000000  102070
240120.000000  102030
240180.000000  101970
240240.000000  101920
240300.000000  101880
240360.000000  101830
240420.000000  101820
240480.000000  101730
240540.000000  101710
240600.000000  101670
240660.000000  101590
240720.000000  101510
240780.000000  101490
240840.000000  101470
240900.000000  101470
240960.000000  101470
241020.000000  101500
241080.000000  101490
241140.000000  101500
241200.000000  101560
241260.000000  101640
241320.000000  101710
241380.000000  101730
241440.000000  101760
241500.000000  101790
241560.000000  101820
241620.000000  101840
241680.000000  101860
241740.000000  101890
241800.000000  101930
241860.000000  101960
241920.000000  101990
241980.000000  102030
242040.000000  102060
242100.000000  102070
242160.000000  102110
242220.000000  102120
242280.000000  102200
242340.000000  102240
242400.000000  102310
242460.000000  102340
242520.000000  102380
242580.000000  102410
242640.000000  102440
242700.000000  102540
242760.000000  102610
242820.000000  102690
242880.000000  102730
242940.000000  102780
243000.000000  102790
243060.000000  102840
243120.000000  102870
243180.000000  102890
243240.000000  102940
243300.000000  102960
243360.000000  102910
243420.000000  102920
243480.000000  102960
243540.000000  103000
243600.000000  103020
243660.000000  103010
243720.000000  103030
243780.000000  103010
243840.000000  102980
243900.000000  102900
243960.000000  102910
244020.000000  102880
244080.000000  102880
244140.000000  102890
244200.000000  102910
244260.000000  102920
244320.000000  102930
244380.000000  102900
244440.000000  102920
244500.000000  102990
244560.000000  103020
244620.000000  103080
244680.000000  103100
244740.000000  103130
244800.000000  103190
244860.000000  103230
244920.000000  103270
244980.000000  103320
245040.000000  103350
245100.000000  103350
245160.000000  103380
245220.000000  103420
245280.000000  103450
245340.000000  103460
245400.000000  103440
245460.000000  103420
245520.000000  103410
245580.000000  103410
245640.000000  103400
245700.000000  103350
245760.000000  103330
245820.000000  103310
245880.000000  103320
245940.000000  103350
246000.000000  103340
246060.000000  103320
246120.000000  103290
246180.000000  103260
246240.000000  103220
246300.000000  103200
246360.000000  103210
246420.000000  103250
246480.000000  103230
246540.000000  103220
246600.000000  103180
246660.000000  103180
246720.000000  103190
246780.000000  103220
246840.000000  103250
246900.000000  103230
246960.000000  103230
247020.000000  103230
247080.000000  103250
247140.000000  103270
247200.000000  103270
247260.000000  103270
247320.000000  103270
247380.000000  103270
247440.000000  103280
247500.000000  103290
247560.000000  103290
247620.000000  103280
247680.000000  103270
247740.000000  103270
247800.000000  103260
247860.000000  103250
247920.000000  103260
247980.000000  103250
248040.000000  103240
248100.000000  103240
248160.000000  103240
248220.000000  103280
248280.000000  103290
248340.000000  103280
248400.000000  103260
248460.000000  103240
248520.000000  103220
248580.000000  103200
248640.000000  103180
248700.000000  103170
248760.000000  103160
248820.000000  103180
248880.000000  103190
248940.000000  103190
249000.000000  103170
249060.000000  103180
249120.000000  103170
249180.000000  103150
249240.000000  103140
249300.000000  103140
249360.000000  103130
249420.000000  103110
249480.000000  103110
249540.000000  103090
249600.000000  103090
249660.000000  103090
249720.000000  103070
249780.000000  103040
249840.000000  103030
249900.000000  102980
249960.000000  102940
250020.000000  102900
250080.000000  102850
250140.000000  102800
250200.000000  102760
250260.000000  102750
250320.000000  102740
250380.000000  102690
250440.000000  102630
250500.000000  102590
250560.000000  102530
250620.000000  102470
250680.000000  102430
250740.000000  102390
250800.000000  102350
250860.000000  102310
250920.000000  102270
250980.000000  102240
251040.000000  102220
251100.000000  102190
251160.000000  102150
251220.000000  102110
251280.000000  102050
251340.000000  102010
251400.000000  101950
251460.000000  101900
251520.000000  101860
251580.000000  101780
251640.000000  101730
251700.000000  101670
251760.000000  101630
251820.000000  101560
251880.000000  101500
251940.000000  101430
252000.000000  101390
252060.000000  101350
252120.000000  101310
252180.000000  101240
252240.000000  101160
252300.000000  101110
252360.000000  101070
252420.000000  101030
252480.000000  101010
252540.000000  101000
252600.000000  100970
252660.000000  100960
252720.000000  100930
252780.000000  100910
252840.000000  100890
252900.000000  100850
252960.000000  100830
253020.000000  100800
253080.000000  100790
253140.000000  100770
253200.000000  100770
253260.000000  100740
253320.000000  100730
253380.000000  100710
253440.000000  100700
253500.000000  100660
253560.000000  100640
253620.000000  100590
253680.000000  100560
253740.000000  100530
253800.000000  100500
253860.000000  100470
253920.000000  100460
253980.000000  100440
254040.000000  100410
254100.000000  100360
254160.000000  100320
254220.000000  100280
254280.000000  100220
254340.000000  100180
254400.000000  100100
254460.000000  100060
254520.000000  100030
254580.000000  99990
254640.000000  99960
254700.000000  99920
254760.000000  99890
254820.000000  99840
254880.000000  99800
254940.000000  99730
255000.000000  99660
255060.000000  99590
255120.000000  99510
255180.000000  99440
255240.000000  99380
255300.000000  99340
255360.000000  99320
255420.000000  99290
255480.000000  99270
255540.000000  99240
255600.000000  99250
255660.000000  99270
255720.000000  99320
255780.000000  99350
255840.000000  99390
255900.000000  99410
255960.000000  99440
256020.000000  99480
256080.000000  99510
256140.000000  99540
256200.000000  99580
256260.000000  99600
256320.000000  99610
256380.000000  99630
256440.000000  99620
256500.000000  99620
256560.000000  99640
256620.000000  99630
256680.000000  99630
256740.000000  99630
256800.000000  99650
256860.000000  99670
256920.000000  99690
256980.000000  99670
257040.000000  99690
257100.000000  99700
257160.000000  99680
257220.000000  99650
257280.000000  99620
257340.000000  99600
257400.000000  99600
257460.000000  99600
257520.000000  99600
257580.000000  99610
257640.000000  99620
257700.000000  99600
257760.000000  99590
257820.000000  99600
257880.000000  99590
257940.000000  99600
258000.000000  99590
258060.000000  99570
258120.000000  99570
258180.000000  99580
258240.000000  99590
258300.000000  99590
258360.000000  99600
258420.000000  99580
258480.000000  99590
258540.000000  99580
258600.000000  99580
258660.000000  99590
258720.000000  99610
258780.000000  99640
258840.000000  99690
258900.000000  99730
258960.000000  99740
259020.000000  99740
259080.000000  99810
259140.000000  99820
259200.000000  99830
259260.000000  99870
259320.000000  99890
259380.000000  99890
259440.000000  99880
259500.000000  99830
259560.000000  99920
259620.000000  99970
259680.000000  100070
259740.000000  100140
259800.000000  100210
259860.000000  100340
259920.000000  100450
259980.000000  100540
260040.000000  100610
260100.000000  100750
260160.000000  100810
260220.000000  100890
260280.000000  100980
260340.000000  101070
260400.000000  101140
260460.000000  101210
260520.000000  101320
260580.000000  101370
260640.000000  101420
260700.000000  101510
260760.000000  101510
260820.000000  101560
260880.000000  101570
260940.000000  101650
261000.000000  101670
261060.000000  101750
261120.000000  101810
261180.000000  101910
261240.000000  101920
261300.000000  101980
261360.000000  101980
261420.000000  102030
261480.000000  102070
261540.000000  102050
261600.000000  102050
261660.000000  102050
261720.000000  102050
261780.000000  102040
261840.000000  102040
261900.000000  102010
261960.000000  101970
262020.000000  101960
262080.000000  101900
262140.000000  101870
262200.000000  101850
262260.000000  101850
262320.000000  101850
262380.000000  101850
262440.000000  101870
262500.000000  101870
262560.000000  101870
262620.000000  101900
262680.000000  101910
262740.000000  101960
262800.000000  101950
262860.000000  101980
262920.000000  102000
262980.000000  102010
263040.000000  102000
263100.000000  102030
263160.000000  102100
263220.000000  102100
263280.000000  102110
263340.000000  102140
263400.000000  102160
263460.000000  102190
263520.000000  102200
263580.000000  102270
263640.000000  102290
263700.000000  102330
263760.000000  102350
263820.000000  102350
263880.000000  102380
263940.000000  102410
264000.000000  102430
264060.000000  102440
264120.000000  102440
264180.000000  102440
264240.000000  102400
264300.000000  102390
264360.000000  102380
264420.000000  102340
264480.000000  102350
264540.000000  102340
264600.000000  102370
264660.000000  102360
264720.000000  102370
264780.000000  102360
264840.000000  102360
264900.000000  102360
264960.000000  102370
265020.000000  102360
265080.000000  102350
265140.000000  102330
265200.000000  102280
265260.000000  102280
265320.000000  102270
265380.000000  102300
265440.000000  102320
265500.000000  102340
265560.000000  102360
265620.000000  102360
265680.000000  102340
265740.000000  102310
265800.000000  102310
265860.000000  102340
265920.000000  102340
265980.000000  102330
266040.000000  102340
266100.000000  102340
266160.000000  102360
266220.000000  102350
266280.000000  102360
266340.000000  102380
266400.000000  102380
266460.000000  102360
266520.000000  102350
266580.000000  102350
266640.000000  102350
266700.000000  102340
266760.000000  102350
266820.000000  102340
266880.000000  102360
266940.000000  102370
267000.000000  102370
267060.000000  102400
267120.000000  102390
267180.000000  102370
267240.000000  102360
267300.000000  102330
267360.000000  102310
267420.000000  102300
267480.000000  102330
267540.000000  102300
267600.000000  102290
267660.000000  102250
267720.000000  102260
267780.000000  102260
267840.000000  102260
267900.000000  102220
267960.000000  102190
268020.000000  102160
268080.000000  102170
268140.000000  102130
268200.000000  102110
268260.000000  102120
268320.000000  102120
268380.000000  102120
268440.000000  102130
268500.000000  102100
268560.000000  102070
268620.000000  102030
268680.000000  102010
268740.000000  101970
268800.000000  101940
268860.000000  101940
268920.000000  101920
268980.000000  101930
269040.000000  101890
269100.000000  101880
269160.000000  101830
269220.000000  101800
269280.000000  101760
269340.000000  101720
269400.000000  101700
269460.000000  101660
269520.000000  101650
269580.000000  101590
269640.000000  101570
269700.000000  101520
269760.000000  101490
269820.000000  101420
269880.000000  101340
269940.000000  101290
270000.000000  101200
270060.000000  101100
270120.000000  101010
270180.000000  100920
270240.000000  100890
270300.000000  100830
270360.000000  100810
270420.000000  100800
270480.000000  100800
270540.000000  100800
270600.000000  100780
270660.000000  100760
270720.000000  100720
270780.000000  100700
270840.000000  100680
270900.000000  100680
270960.000000  100680
271020.000000  100680
271080.000000  100720
271140.000000  100750
271200.000000  100800
271260.000000  100800
271320.000000  100810
271380.000000  100820
271440.000000  100830
271500.000000  100820
271560.000000  100810
271620.000000  100790
271680.000000  100760
271740.000000  100750
271800.000000  100760
271860.000000  100760
271920.000000  100760
271980.000000  100770
272040.000000  100750
272100.000000  100730
272160.000000  100720
272220.000000  100720
272280.000000  100700
272340.000000  100690
272400.000000  100640
272460.000000  100610
272520.000000  100560
272580.000000  100550
272640.000000  100560
272700.000000  100550
272760.000000  100540
272820.000000  100520
272880.000000  100500
272940.000000  100450
273000.000000  100430
273060.000000  100400
273120.000000  100360
273180.000000  100340
273240.000000  100320
273300.000000  100290
273360.000000  100270
273420.000000  100270
273480.000000  100250
273540.000000  100210
273600.000000  100200
273660.000000  100170
273720.000000  100130
273780.000000  100120
273840.000000  100090
273900.000000  100070
273960.000000  100070
274020.000000  100100
274080.000000  100110
274140.000000  100110
274200.000000  100100
274260.000000  100100
274320.000000  100100
274380.000000  100090
274440.000000  100070
274500.000000  100030
274560.000000  99940
274620.000000  99930
274680.000000  99950
274740.000000  99950
274800.000000  99940
274860.000000  99940
274920.000000  99900
274980.000000  99870
275040.000000  99840
275100.000000  99800
275160.000000  99740
275220.000000  99670
275280.000000  99600
275340.000000  99490
275400.000000  99420
275460.000000  99340
275520.000000  99290
275580.000000  99230
275640.000000  99180
275700.000000  99140
275760.000000  99110
275820.000000  99110
275880.000000  99140
275940.000000  99160
276000.000000  99160
276060.000000  99170
276120.000000  99200
276180.000000  99210
276240.000000  99250
276300.000000  99280
276360.000000  99330
276420.000000  99370
276480.000000  99390
276540.000000  99400
276600.000000  99410
276660.000000  99380
276720.000000  99390
276780.000000  99400
276840.000000  99410
276900.000000  99420
276960.000000  99440
277020.000000  99460
277080.000000  99500
277140.000000  99490
277200.000000  99490
277260.000000  99500
277320.000000  99520
277380.000000  99540
277440.000000  99540
277500.000000  99560
277560.000000  99610
277620.000000  99620
277680.000000  99650
277740.000000  99680
277800.000000  99690
277860.000000  99700
277920.000000  99700
277980.000000  99700
278040.000000  99700
278100.000000  99710
278160.000000  99730
278220.000000  99700
278280.000000  99690
278340.000000  99660
278400.000000  99650
278460.000000  99660
278520.000000  99710
278580.000000  99770
278640.000000  99810
278700.000000  99850
278760.000000  99980
278820.000000  100120
278880.000000  100150
278940.000000  100240
279000.000000  100250
279060.000000  100310
279120.000000  100370
279180.000000  100370
279240.000000  100470
279300.000000  100450
279360.000000  100440
279420.000000  100500
279480.000000  100500
279540.000000  100570
279600.000000  100610
279660.000000  100580
279720.000000  100580
279780.000000  100560
279840.000000  100510
279900.000000  100470
279960.000000  100400
280020.000000  100360
280080.000000  100320
280140.000000  100290
280200.000000  100170
280260.000000  100130
280320.000000  100100
280380.000000  100070
280440.000000  100040
280500.000000  100020
280560.000000  100000
280620.000000  100010
280680.000000  100030
280740.000000  100010
280800.000000  100020
280860.000000  100040
280920.000000  100040
280980.000000  100060
281040.000000  100050
281100.000000  100080
281160.000000  100130
281220.000000  100180
281280.000000  100250
281340.000000  100330
281400.000000  100360
281460.000000  100410
281520.000000  100450
281580.000000  100510
281640.000000  100550
281700.000000  100590
281760.000000  100690
281820.000000  100800
281880.000000  100950
281940.000000  101050
282000.000000  101130
282060.000000  101180
282120.000000  101240
282180.000000  101280
282240.000000  101320
282300.000000  101360
282360.000000  101370
282420.000000  101390
282480.000000  101400
282540.000000  101460
282600.000000  101480
282660.000000  101500
282720.000000  101520
282780.000000  101570
282840.000000  101580
282900.000000  101610
282960.000000  101610
283020.000000  101590
283080.000000  101580
283140.000000  101580
283200.000000  101610
283260.000000  101620
283320.000000  101660
283380.000000  101710
283440.000000  101710
283500.000000  101730
283560.000000  101730
283620.000000  101690
283680.000000  101670
283740.000000  101640
283800.000000  101640
283860.000000  101640
283920.000000  101630
283980.000000  101620
284040.000000  101610
284100.000000  101610
284160.000000  101640
284220.000000  101660
284280.000000  101660
284340.000000  101700
284400.000000  101740
284460.000000  101730
284520.000000  101740
284580.000000  101700
284640.000000  101720
284700.000000  101700
284760.000000  101700
284820.000000  101710
284880.000000  101740
284940.000000  101750
285000.000000  101790
285060.000000  101820
285120.000000  101800
285180.000000  101810
285240.000000  101800
285300.000000  101780
285360.000000  101750
285420.000000  101700
285480.000000  101650
285540.000000  101600
285600.000000  101580
285660.000000  101550
285720.000000  101510
285780.000000  101460
285840.000000  101380
285900.000000  101320
285960.000000  101250
286020.000000  101150
286080.000000  101060
286140.000000  101020
286200.000000  101040
286260.000000  101000
286320.000000  100920
286380.000000  100910
286440.000000  100810
286500.000000  100750
286560.000000  100730
286620.000000  100630
286680.000000  100660
286740.000000  100640
286800.000000  100610
286860.000000  100570
286920.000000  100550
286980.000000  100500
287040.000000  100450
287100.000000  100430
287160.000000  100390
287220.000000  100350
287280.000000  100290
287340.000000  100190
287400.000000  100140
287460.000000  100110
287520.000000  100080
287580.000000  100120
287640.000000  100230
287700.000000  100400
287760.000000  100550
287820.000000  100590
287880.000000  100620
287940.000000  100650
288000.000000  100670
288060.000000  100700
288120.000000  100760
288180.000000  100780
288240.000000  100860
288300.000000  100930
288360.000000  100940
288420.000000  101010
288480.000000  101050
288540.000000  101000
288600.000000  100980
288660.000000  101020
288720.000000  100970
288780.000000  100940
288840.000000  100930
288900.000000  100940
288960.000000  100980
289020.000000  101010
289080.000000  100990
289140.000000  100960
289200.000000  100890
289260.000000  100880
289320.000000  100870
289380.000000  100840
289440.000000  100840
289500.000000  100860
289560.000000  100850
289620.000000  100820
289680.000000  100810
289740.000000  100810
289800.000000  100770
289860.000000  100780
289920.000000  100780
289980.000000  100830
290040.000000  100830
290100.000000  100850
290160.000000  100840
290220.000000  100850
290280.000000  100870
290340.000000  100890
290400.000000  100920
290460.000000  100930
290520.000000  100910
290580.000000  100920
290640.000000  100920
290700.000000  100910
290760.000000  100830
290820.000000  100880
290880.000000  100880
290940.000000  100810
291000.000000  100780
291060.000000  100810
291120.000000  100820
291180.000000  100880
291240.000000  100920
291300.000000  100940
291360.000000  100930
291420.000000  100890
291480.000000  100810
291540.000000  100740
291600.000000  100700
291660.000000  100630
291720.000000  100530
291780.000000  100440
291840.000000  100290
291900.000000  100120
291960.000000  99980
292020.000000  99850
292080.000000  99690
292140.000000  99600
292200.000000  99400
292260.000000  99210
292320.000000  99030
292380.000000  98980
292440.000000  98900
292500.000000  98770
292560.000000  98620
292620.000000  98520
292680.000000  98480
292740.000000  98290
292800.000000  98230
292860.000000  98340
292920.000000  98530
292980.000000  98790
293040.000000  99040
293100.000000  99320
293160.000000  99540
293220.000000  99650
293280.000000  99860
293340.000000  100090
293400.000000  100280
293460.000000  100340
293520.000000  100320
293580.000000  100360
293640.000000  100380
293700.000000  100380
293760.000000  100320
293820.000000  100290
293880.000000  100300
293940.000000  100300
294000.000000  100340
294060.000000  100360
294120.000000  100350
294180.000000  100390
294240.000000  100410
294300.000000  100390
294360.000000  100380
294420.000000  100410
294480.000000  100510
294540.000000  100560
294600.000000  100410
294660.000000  100540
294720.000000  100520
294780.000000  100580
294840.000000  100620
294900.000000  100550
294960.000000  100670
295020.000000  100710
295080.000000  100820
295140.000000  101020
295200.000000  101170
295260.000000  101380
295320.000000  101420
295380.000000  101430
295440.000000  101440
295500.000000  101410
295560.000000  101340
295620.000000  101270
295680.000000  101200
295740.000000  101150
295800.000000  101110
295860.000000  101190
295920.000000  101200
295980.000000  101260
296040.000000  101330
296100.000000  101380
296160.000000  101420
296220.000000  101520
296280.000000  101560
296340.000000  101590
296400.000000  101620
296460.000000  101660
296520.000000  101690
296580.000000  101700
296640.000000  101700
296700.000000  101710
296760.000000  101720
296820.000000  101700
296880.000000  101610
296940.000000  101560
297000.000000  101560
297060.000000  101520
297120.000000  101530
297180.000000  101520
297240.000000  101480
297300.000000  101430
297360.000000  101380
297420.000000  101420
297480.000000  101400
297540.000000  101340
297600.000000  101340
297660.000000  101320
297720.000000  101350
297780.000000  101420
297840.000000  101430
297900.000000  101430
297960.000000  101410
298020.000000  101410
298080.000000  101410
298140.000000  101420
298200.000000  101390
298260.000000  101370
298320.000000  101370
298380.000000  101310
298440.000000  101300
298500.000000  101370
298560.000000  101300
298620.000000  101300
298680.000000  101290
298740.000000  101330
298800.000000  101480
298860.000000  101540
298920.000000  101510
298980.000000  101530
299040.000000  101540
299100.000000  101550
299160.000000  101550
299220.000000  101550
299280.000000  101560
299340.000000  101540
299400.000000  101490
299460.000000  101470
299520.000000  101450
299580.000000  101460
299640.000000  101480
299700.000000  101450
299760.000000  101420
299820.000000  101370
299880.000000  101300
299940.000000  101200
300000.000000  101090
300060.000000  101010
300120.000000  100950
300180.000000  100870
300240.000000  100790
300300.000000  100700
300360.000000  100600
300420.000000  100520
300480.000000  100400
300540.000000  100330
300600.000000  100280
300660.000000  100260
300720.000000  100190
300780.000000  100180
300840.000000  100210
300900.000000  100190
300960.000000  100150
301020.000000  100090
301080.000000  99980
301140.000000  100000
301200.000000  100160
301260.000000  100190
301320.000000  100140
301380.000000  100140
301440.000000  100160
301500.000000  100160
301560.000000  100180
301620.000000  100180
301680.000000  100190
301740.000000  100180
301800.000000  100230
301860.000000  100220
301920.000000  100270
301980.000000  100320
302040.000000  100380
302100.000000  100470
302160.000000  100520
302220.000000  100610
302280.000000  100700
302340.000000  100780
302400.000000  100850
302460.000000  100910
302520.000000  100910
302580.000000  100930
302640.000000  100910
302700.000000  100960
302760.000000  101030
302820.000000  101110
302880.000000  101190
302940.000000  101270
303000.000000  101340
303060.000000  101420
303120.000000  101490
303180.000000  101580
303240.000000  101650
303300.000000  101690
303360.000000  101750
303420.000000  101790
303480.000000  101830
303540.000000  101830
303600.000000  101820
303660.000000  101810
303720.000000  101810
303780.000000  101780
303840.000000  101760
303900.000000  101700
303960.000000  101680
304020.000000  101640
304080.000000  101560
304140.000000  101470
304200.000000  101430
304260.000000  101360
304320.000000  101260
304380.000000  101130
304440.000000  101000
304500.000000  100940
304560.000000  100880
304620.000000  100850
304680.000000  100820
304740.000000  100760
304800.000000  100720
304860.000000  100760
304920.000000  100800
304980.000000  100870
305040.000000  100960
305100.000000  101040
305160.000000  101080
305220.000000  101100
305280.000000  101130
305340.000000  101170
305400.000000  101210
305460.000000  101270
305520.000000  101210
305580.000000  101220
305640.000000  101160
305700.000000  101230
305760.000000  101250
305820.000000  101280
305880.000000  101270
305940.000000  101340
306000.000000  101440
306060.000000  101510
306120.000000  101570
306180.000000  101590
306240.000000  101610
306300.000000  101630
306360.000000  101600
306420.000000  101560
306480.000000  101540
306540.000000  101480
306600.000000  101430
306660.000000  101310
306720.000000  101190
306780.000000  101030
306840.000000  100870
306900.000000  100680
306960.000000  100450
307020.000000  100220
307080.000000  100090
307140.000000  100110
307200.000000  100160
307260.000000  100160
307320.000000  100080
307380.000000  100090
307440.000000  100090
307500.000000  100060
307560.000000  100020
307620.000000  99960
307680.000000  99930
307740.000000  99890
307800.000000  99770
307860.000000  99720
307920.000000  99630
307980.000000  99560
308040.000000  99400
308100.000000  99430
308160.000000  99400
308220.000000  99490
308280.000000  99470
308340.000000  99450
308400.000000  99720
308460.000000  99840
308520.000000  99970
308580.000000  100080
308640.000000  100200
308700.000000  100420
308760.000000  100600
308820.000000  100810
308880.000000  101020
308940.000000  101220
309000.000000  101330
309060.000000  101480
309120.000000  101580
309180.000000  101760
309240.000000  101910
309300.000000  102050
309360.000000  102150
309420.000000  102250
309480.000000  102360
309540.000000  102450
309600.000000  102490
309660.000000  102540
309720.000000  102610
309780.000000  102640
309840.000000  102710
309900.000000  102730
309960.000000  102740
310020.000000  102720
310080.000000  102730
310140.000000  102740
310200.000000  102700
310260.000000  102660
310320.000000  102600
310380.000000  102570
310440.000000  102470
310500.000000  102340
310560.000000  102230
310620.000000  102110
310680.000000  101900
310740.000000  101680
310800.000000  101520
310860.000000  101400
310920.000000  101300
310980.000000  101260
311040.000000  101230
311100.000000  101260
311160.000000  101220
311220.000000  101260
311280.000000  101220
311340.000000  101290
311400.000000  101370
311460.000000  101500
311520.000000  101640
311580.000000  101760
311640.000000  101840
311700.000000  101920
311760.000000  102010
311820.000000  102100
311880.000000  102140
311940.000000  102210
312000.000000  102290
312060.000000  102350
312120.000000  102410
312180.000000  102470
312240.000000  102550
312300.000000  102560
312360.000000  102550
312420.000000  102560
312480.000000  102590
312540.000000  102610
312600.000000  102660
312660.000000  102630
312720.000000  102630
312780.000000  102620
312840.000000  102640
312900.000000  102670
312960.000000  102680
313020.000000  102690
313080.000000  102710
313140.000000  102720
313200.000000  102720
313260.000000  102710
313320.000000  102700
313380.000000  102680
313440.000000  102680
313500.000000  102650
313560.000000  102650
313620.000000  102620
313680.000000  102590
313740.000000  102570
313800.000000  102550
313860.000000  102530
313920.000000  102510
313980.000000  102510
314040.000000  102510
314100.000000  102500
314160.000000  102440
314220.000000  102420
314280.000000  102430
314340.000000  102430
314400.000000  102440
314460.000000  102460
314520.000000  102460
314580.000000  102460
314640.000000  102470
314700.000000  102470
314760.000000  102440
314820.000000  102430
314880.000000  102410
314940.000000  102410
315000.000000  102410
315060.000000  102430
315120.000000  102420
315180.000000  102410
315240.000000  102440
315300.000000  102440
315360.000000  102450
315420.000000  102460
315480.000000  102440
315540.000000  102440
315600.000000  102450
315660.000000  102440
315720.000000  102460
315780.000000  102450
315840.000000  102480
315900.000000  102540
315960.000000  102570
316020.000000  102530
316080.000000  102490
316140.000000  102550
316200.000000  102510
316260.000000  102540
316320.000000  102600
316380.000000  102590
316440.000000  102640
316500.000000  102720
316560.000000  102750
316620.000000  102740
316680.000000  102790
316740.000000  102810
316800.000000  102800
316860.000000  102820
316920.000000  102860
316980.000000  102920
317040.000000  102980
317100.000000  102960
317160.000000  102950
317220.000000  102980
317280.000000  102970
317340.000000  103020
317400.000000  103010
317460.000000  102980
317520.000000  102910
317580.000000  102920
317640.000000  102900
317700.000000  102910
317760.000000  102920
317820.000000  102880
317880.000000  102890
317940.000000  102900
318000.000000  102890
318060.000000  102860
318120.000000  102870
318180.000000  102860
318240.000000  102840
318300.000000  102820
318360.000000  102800
318420.000000  102810
318480.000000  102780
318540.000000  102830
318600.000000  102850
318660.000000  102840
318720.000000  102850
318780.000000  102890
318840.000000  102920
318900.000000  102910
318960.000000  102890
319020.000000  102870
319080.000000  102860
319140.000000  102900
319200.000000  102960
319260.000000  103020
319320.000000  103080
319380.000000  103120
319440.000000  103120
319500.000000  103140
319560.000000  103130
319620.000000  103100
319680.000000  103080
319740.000000  103100
319800.000000  103110
319860.000000  103120
319920.000000  103100
319980.000000  103070
320040.000000  103050
320100.000000  103030
320160.000000  103050
320220.000000  103070
320280.000000  103070
320340.000000  103040
320400.000000  103050
320460.000000  103000
320520.000000  102990
320580.000000  102970
320640.000000  102970
320700.000000  102960
320760.000000  102990
320820.000000  102980
320880.000000  102980
320940.000000  102950
321000.000000  102940
321060.000000  102920
321120.000000  102880
321180.000000  102850
321240.000000  102820
321300.000000  102780
321360.000000  102750
321420.000000  102720
321480.000000  102680
321540.000000  102640
321600.000000  102640
321660.000000  102630
321720.000000  102600
321780.000000  102560
321840.000000  102490
321900.000000  102460
321960.000000  102410
322020.000000  102340
322080.000000  102310
322140.000000  102280
322200.000000  102210
322260.000000  102160
322320.000000  102150
322380.000000  102110
322440.000000  102080
322500.000000  102050
322560.000000  102010
322620.000000  101990
322680.000000  101980
322740.000000  101990
322800.000000  102010
322860.000000  102040
322920.000000  102120
322980.000000  102180
323040.000000  102250
323100.000000  102340
323160.000000  102430
323220.000000  102490
323280.000000  102550
323340.000000  102600
323400.000000  102680
323460.000000  102720
323520.000000  102780
323580.000000  102900
323640.000000  103010
323700.000000  103110
323760.000000  103160
323820.000000  103250
323880.000000  103330
323940.000000  103360
324000.000000  103390
324060.000000  103440
324120.000000  103440
324180.000000  103490
324240.000000  103480
324300.000000  103470
324360.000000  103430
324420.000000  103450
324480.000000  103430
324540.000000  103390
324600.000000  103390
324660.000000  103340
324720.000000  103320
324780.000000  103280
324840.000000  103230
324900.000000  103170
324960.000000  103100
325020.000000  103070
325080.000000  103020
325140.000000  102960
325200.000000  102880
325260.000000  102810
325320.000000  102690
325380.000000  102600
325440.000000  102500
325500.000000  102430
325560.000000  102340
325620.000000  102300
325680.000000  102290
325740.000000  102280
325800.000000  102330
325860.000000  102380
325920.000000  102390
325980.000000  102440
326040.000000  102380
326100.000000  102330
326160.000000  102310
326220.000000  102240
326280.000000  102150
326340.000000  102120
326400.000000  102110
326460.000000  102130
326520.000000  102110
326580.000000  102100
326640.000000  102130
326700.000000  102160
326760.000000  102150
326820.000000  102200
326880.000000  102200
326940.000000  102290
327000.000000  102290
327060.000000  102290
327120.000000  102380
327180.000000  102370
327240.000000  102360
327300.000000  102370
327360.000000  102370
327420.000000  102360
327480.000000  102320
327540.000000  102290
327600.000000  102240
327660.000000  102150
327720.000000  102020
327780.000000  101970
327840.000000  101830
327900.000000  101760
327960.000000  101740
328020.000000  101680
328080.000000  101620
328140.000000  101600
328200.000000  101590
328260.000000  101510
328320.000000  101460
328380.000000  101410
328440.000000  101340
328500.000000  101150
328560.000000  101110
328620.000000  101120
328680.000000  101050
328740.000000  100990
328800.000000  100870
328860.000000  100740
328920.000000  100640
328980.000000  100550
329040.000000  100430
329100.000000  100240
329160.000000  100170
329220.000000  99950
329280.000000  99790
329340.000000  99660
329400.000000  99530
329460.000000  99310
329520.000000  99080
329580.000000  98990
329640.000000  99060
329700.000000  99070
329760.000000  99010
329820.000000  98900
329880.000000  98870
329940.000000  98810
330000.000000  98750
330060.000000  98740
330120.000000  98790
330180.000000  98760
330240.000000  98680
330300.000000  98620
330360.000000  98390
330420.000000  98330
330480.000000  98120
330540.000000  97860
330600.000000  97680
330660.000000  97560
330720.000000  97620
330780.000000  97940
330840.000000  98240
330900.000000  98380
330960.000000  98510
331020.000000  98520
331080.000000  98530
331140.000000  98520
331200.000000  98390
331260.000000  98320
331320.000000  98320
331380.000000  98580
331440.000000  98610
331500.000000  98670
331560.000000  98700
331620.000000  98780
331680.000000  98860
331740.000000  99020
331800.000000  99080
331860.000000  99140
331920.000000  99200
331980.000000  99220
332040.000000  99270
332100.000000  99340
332160.000000  99400
332220.000000  99440
332280.000000  99500
332340.000000  99610
332400.000000  99640
332460.000000  99680
332520.000000  99720
332580.000000  99710
332640.000000  99710
332700.000000  99740
332760.000000  99730
332820.000000  99760
332880.000000  99710
332940.000000  99760
333000.000000  99770
333060.000000  99790
333120.000000  99800
333180.000000  99840
333240.000000  99850
333300.000000  99880
333360.000000  99880
333420.000000  99900
333480.000000  99880
333540.000000  99860
333600.000000  99840
333660.000000  99850
333720.000000  99870
333780.000000  99890
333840.000000  99870
333900.000000  99870
333960.000000  99910
334020.000000  99890
334080.000000  99930
334140.000000  99920
334200.000000  99910
334260.000000  99870
334320.000000  99850
334380.000000  99840
334440.000000  99860
334500.000000  99810
334560.000000  99830
334620.000000  99800
334680.000000  99800
334740.000000  99780
334800.000000  99760
334860.000000  99720
334920.000000  99730
334980.000000  99720
335040.000000  99720
335100.000000  99710
335160.000000  99740
335220.000000  99740
335280.000000  99730
335340.000000  99720
335400.000000  99730
335460.000000  99720
335520.000000  99740
