30240.000000  79  2.3  79.56  0
30300.000000  72  2.4  92.04  0
30360.000000  72  2  99.92  0
30420.000000  65  2.9  97.17  0
30480.000000  57  3.3  80.34  0
30540.000000  52  3.9  90.82  0
30600.000000  49  4.5  96.24  10.9736
30660.000000  48  5  100  54.1066
30720.000000  46  5  100  41.2182
30780.000000  42  6.6  100  141.741
30840.000000  41  6.8  100  146.989
30900.000000  42  6.9  100  109.125
30960.000000  42  7  100  181.443
31020.000000  48  7.6  100  216.841
31080.000000  50  8.2  100  223.364
31140.000000  65  6.7  100  191.419
31200.000000  82  5.4  100  95.0698
31260.000000  90  4.8  100  76.8195
31320.000000  92  4.4  100  45.3132
31380.000000  94  4.1  99.86  5.69537
31440.000000  91  3.5  100  0
31500.000000  93  3  100  0
31560.000000  94  2.8  100  0
31620.000000  94  2.6  96.08  0
31680.000000  93  2.3  100  0
31740.000000  94  2.1  99.92  0
31800.000000  93  1.2  95.05  0
31860.000000  95  1.1  96.19  0
31920.000000  95  1.2  100  0
31980.000000  96  1.1  94.44  0
32040.000000  95  1.2  100  0
32100.000000  95  1.2  100  25.7122
32160.000000  95  1.1  90.16  87.642
32220.000000  95  1.2  98.57  46.1091
32280.000000  93  2.4  100  182.226
32340.000000  87  2.9  100  147.177
32400.000000  92  2.4  99.72  124.861
32460.000000  88  2.8  99.78  172.41
32520.000000  87  2.8  99.87  146.276
32580.000000  90  2.6  98.19  106.653
32640.000000  85  3.5  99.77  90.276
32700.000000  92  2  99.78  50.4524
32760.000000  93  1.2  100  33.3753
32820.000000  94  1  93.93  27.2669
32880.000000  95  1.4  99.77  17.873
32940.000000  96  1.6  99.5  0
33000.000000  94  1.4  96.56  0
33060.000000  95  1.2  97.41  0
33120.000000  96  1.3  97.53  0
33180.000000  96  1.3  99.51  0
33240.000000  96  1.4  99.14  0
33300.000000  96  1.2  80.94  0
33360.000000  96  1  90.04  0
33420.000000  96  1  100  0
33480.000000  94  0.8  79.2  0
33540.000000  95  1.1  100  18.8249
33600.000000  95  1.6  98.62  64.5157
33660.000000  95  1.3  100  87.5997
33720.000000  93  2.2  100  131.129
33780.000000  86  2.6  99.97  246.041
33840.000000  88  1.7  100  161.472
33900.000000  94  1  98.57  122.078
33960.000000  90  2.6  90.79  326.53
34020.000000  69  5  74.55  547.965
34080.000000  72  4.8  47.18  474.914
34140.000000  67  5.1  31.29  448.23
34200.000000  79  3.5  19.41  217.661
34260.000000  86  2.5  9.88  48.5336
34320.000000  85  1.9  0.03  6.51651
34380.000000  88  1.4  36.34  0
34440.000000  86  1.6  90.18  0
34500.000000  90  1.1  96.18  0
34560.000000  89  0.9  75.72  0
34620.000000  86  0.5  90.94  0
34680.000000  81  1.2  99.54  0
34740.000000  86  0.5  99.82  0
34800.000000  90  -0.2  94.59  0
34860.000000  91  -0.8  63.79  0
34920.000000  93  0.2  78.68  36.7343
34980.000000  88  1.6  74.87  127.45
35040.000000  74  3.2  67.49  214.891
35100.000000  61  5.1  33.98  427.279
35160.000000  52  5.8  44.39  546.77
35220.000000  54  7.2  95.79  637.384
35280.000000  52  7.2  63.26  444.697
35340.000000  45  8.1  77.94  319.672
35400.000000  47  8.1  82.9  420.081
35460.000000  50  8.5  66.64  515.193
35520.000000  49  8.2  79.32  519.125
35580.000000  52  7.9  84.91  377.338
35640.000000  59  6.4  82.71  239.202
35700.000000  63  5.9  79.33  54.6391
35760.000000  78  4  84.32  37.1725
35820.000000  80  2.9  90.92  0
35880.000000  82  2.4  84.71  0
35940.000000  83  2  71.97  0
36000.000000  88  1.5  72.83  0
36060.000000  90  1  49.66  0
36120.000000  88  0.9  22.79  0
36180.000000  88  1  26.79  0
36240.000000  84  1.3  39.47  0
36300.000000  80  1.8  15.26  0
36360.000000  71  3.1  42.43  32.8461
36420.000000  65  5.4  51.11  176.574
36480.000000  48  7.9  35.26  298.514
36540.000000  45  9.1  14.9  424.122
36600.000000  37  10.1  42.43  545.228
36660.000000  38  10.3  57.23  623.743
36720.000000  34  11.4  49.16  583.19
36780.000000  34  10.5  75.81  580.509
36840.000000  37  9.5  87.35  206.402
36900.000000  46  9  83.52  109.021
36960.000000  44  9.1  59.79  321.965
37020.000000  44  9.8  73.97  387.831
37080.000000  51  7.8  59.61  266.29
37140.000000  54  7.1  51.85  95.9193
37200.000000  60  5.3  56.3  27.6725
37260.000000  64  4.2  92.7  0
37320.000000  69  3.5  84.86  0
37380.000000  70  3.4  93.37  0
37440.000000  75  2.4  95.21  0
37500.000000  75  2.7  99.53  0
37560.000000  74  2.8  92.74  0
37620.000000  74  2.6  99.76  0
37680.000000  78  2  69.49  0
37740.000000  73  2.1  50.33  0
37800.000000  65  3.9  54.95  39.8252
37860.000000  48  6.1  46.97  150.788
37920.000000  46  8  37.17  279.954
37980.000000  44  9.7  58.44  423.442
38040.000000  42  10.9  72.48  549.908
38100.000000  44  11.7  79.1  642.375
38160.000000  39  12.3  92.5  700.947
38220.000000  44  11.9  69.05  696.869
38280.000000  48  11.1  77.06  617.159
38340.000000  46  11.3  83.18  590.101
38400.000000  49  11.2  84.51  533.373
38460.000000  56  8.9  70.72  256.09
38520.000000  60  8  48.42  224.53
38580.000000  66  7  34.68  66.3611
38640.000000  71  6  20.35  12.8633
38700.000000  75  4.8  38.36  0
38760.000000  77  3.9  29.59  0
38820.000000  81  3.4  14.28  0
38880.000000  77  3.8  40.07  0
38940.000000  82  2.8  1.07  0
39000.000000  85  2  0.01  0
39060.000000  62  3.9  0.01  0
39120.000000  58  4.1  1.7  0
39180.000000  57  4  1.52  0
39240.000000  49  5.9  1.75  32.6143
39300.000000  42  7.5  1.52  181.24
39360.000000  41  8.7  1.7  305.466
39420.000000  35  10.4  2.41  440.318
39480.000000  32  12.2  27.26  560.621
39540.000000  30  12.2  75.69  655.545
39600.000000  30  13.1  53.25  720.738
39660.000000  28  13.3  67.75  709.705
39720.000000  29  13.7  87.29  690.363
39780.000000  32  13.3  75.24  575.866
39840.000000  35  12.8  67.77  374.142
39900.000000  33  13.2  71.36  408.15
39960.000000  37  12.9  96.67  267.386
40020.000000  40  12.7  99.89  113.844
40080.000000  55  11.1  100  11.4439
40140.000000  57  10.6  99.99  0
40200.000000  54  11  92.32  0
40260.000000  50  11.5  52.48  0
40320.000000  52  11.4  86.27  0
40380.000000  51  11.8  97.43  0
40440.000000  51  11.6  20.02  0
40500.000000  58  10  6.86  0
40560.000000  54  11  87.33  0
40620.000000  50  12.1  100  0
40680.000000  53  11.9  81.89  0
40740.000000  54  12.1  45.03  9.75381
40800.000000  45  14.6  80.7  181.753
40860.000000  42  15.4  70.97  394.97
40920.000000  58  12.3  85.96  148.221
40980.000000  47  12.1  85.2  95.9015
41040.000000  42  12.5  83.65  254.43
41100.000000  45  12  58.16  247.957
41160.000000  39  11.9  79.86  287.433
41220.000000  38  11.8  74.06  284.285
41280.000000  38  12.6  75.1  393.238
41340.000000  45  11.9  53.22  143.563
41400.000000  47  11.6  75.55  114.179
41460.000000  45  11.3  70.34  72.476
41520.000000  44  11.2  30.31  26.8867
41580.000000  44  11  8.35  0
41640.000000  47  10.5  61.96  0
41700.000000  44  11.4  100  0
41760.000000  47  11  99.8  0
41820.000000  51  10.6  93.49  0
41880.000000  49  10.8  99.96  0
41940.000000  50  9.8  96.75  0
42000.000000  53  9.8  98.73  0
42060.000000  55  9.4  98.77  0
42120.000000  48  10.4  93.57  0.71577
42180.000000  45  10.9  98.51  33.8449
42240.000000  41  12.2  95.89  118.957
42300.000000  39  12.5  99.76  125.45
42360.000000  37  13.6  100  169.789
42420.000000  36  14.3  99.79  245.833
42480.000000  36  14.7  96.99  248.625
42540.000000  35  15.3  84.91  314.133
42600.000000  29  17.8  93.72  441.934
42660.000000  27  17.8  51.72  521.206
42720.000000  29  18.6  48.95  334.183
42780.000000  32  18.2  32.08  411.828
42840.000000  44  15.5  8.81  343.598
42900.000000  61  13  37.27  98.7986
42960.000000  64  11.5  32.83  12.5121
43020.000000  64  10.7  93.99  0
43080.000000  65  9.9  91.24  0
43140.000000  66  9.7  38.72  0
43200.000000  69  8.5  0.02  0
43260.000000  55  11.4  85.1  0
43320.000000  55  11.3  91.21  0
43380.000000  54  11.8  55.4  0
43440.000000  56  11.6  52.76  0
43500.000000  54  12.2  75.39  0
43560.000000  63  10.4  63.94  31.9279
43620.000000  63  11.9  100  72.5672
43680.000000  63  12.4  98.34  157.516
43740.000000  47  16.4  87.55  277.875
43800.000000  42  18.1  100  518.274
43860.000000  43  17.9  100  428.361
43920.000000  40  17.6  99.98  321.554
43980.000000  46  16  99.82  100.019
44040.000000  89  12  91.33  58.7677
44100.000000  87  12.7  77.05  99.9687
44160.000000  64  15.5  77.59  296.298
44220.000000  55  16.6  76.78  283.139
44280.000000  56  16.2  55.61  141.67
44340.000000  57  15.2  54.07  72.1628
44400.000000  66  13.2  54.16  19.7356
44460.000000  67  12.3  97.72  0
44520.000000  72  10.9  99.82  0
44580.000000  73  10.5  92.35  0
44640.000000  73  10.1  95.61  0
44700.000000  72  10.5  94.94  0
44760.000000  66  11.2  96.79  0
44820.000000  66  11.1  91.32  0
44880.000000  70  10.1  92.38  0
44940.000000  73  9.8  25.76  0
45000.000000  73  9.9  11.46  26.8695
45060.000000  58  13.6  5.37  103.136
45120.000000  53  15.3  12.05  271.313
45180.000000  46  17.4  34.33  401.153
45240.000000  44  18.7  34.4  511.585
45300.000000  45  18.2  77.37  603.938
45360.000000  42  19.7  88.42  665.453
45420.000000  41  19.7  57.43  607.043
45480.000000  44  19.3  58.14  543.941
45540.000000  46  19  40.96  523.816
45600.000000  44  18.4  76.03  507.313
45660.000000  48  17.1  47.68  371.377
45720.000000  52  15.7  0  277.555
45780.000000  60  14.7  7.02  83.4968
45840.000000  63  13.8  7.65  21.5882
45900.000000  65  12.7  0.42  0
45960.000000  69  11.8  2.4  0
46020.000000  73  10.9  0  0
46080.000000  76  9.7  0  0
46140.000000  83  9  0  0
46200.000000  86  8.3  1.23  0
46260.000000  85  7.8  0  0
46320.000000  84  8.3  3.61  0
46380.000000  88  7.4  1.24  0
46440.000000  89  8.4  1.53  39.8146
46500.000000  76  10.9  0.12  169.876
46560.000000  70  12.3  0.75  289.468
46620.000000  63  14.2  0.79  416.762
46680.000000  56  16.2  2.48  530.511
46740.000000  52  17.9  1.35  622.692
46800.000000  48  19.1  1.03  685.474
46860.000000  47  19.8  0.9  700.271
46920.000000  46  19.8  0  672.846
46980.000000  45  19.2  0.12  612.351
47040.000000  55  16.3  61.11  517.735
47100.000000  54  17.2  69.39  401.354
47160.000000  55  17.4  0.19  284.634
47220.000000  60  15.6  6.62  85.4314
47280.000000  59  15.8  3.72  20.3208
47340.000000  67  13.6  0  0
47400.000000  72  12.7  0  0
47460.000000  82  10.3  0  0
47520.000000  87  9.4  0  0
47580.000000  88  8.3  0  0
47640.000000  92  7.9  0  0
47700.000000  93  7.3  0  0
47760.000000  91  6.9  5.89  0
47820.000000  87  7.8  0  0
47880.000000  70  10.3  0  39.8558
47940.000000  69  12.8  1.06  181.882
48000.000000  64  14.4  0  309.305
48060.000000  54  15.9  0.35  436.695
48120.000000  46  17.8  13.38  553.053
48180.000000  43  19.3  10.27  644.363
48240.000000  39  20.2  10.72  708.349
48300.000000  40  19.6  11.17  724.806
48360.000000  38  19.6  10.15  703.342
48420.000000  42  19.3  21.01  644.744
48480.000000  39  19.5  44.59  551.659
48540.000000  40  18.9  55.82  432.177
48600.000000  47  17.6  38.28  308.653
48660.000000  53  15.3  17  80.9362
48720.000000  56  14.1  14.05  15.6318
48780.000000  56  12.8  77.25  0
48840.000000  61  11.4  50.41  0
48900.000000  66  10.6  36.32  0
48960.000000  70  10.1  31.85  0
49020.000000  71  9.6  19.05  0
49080.000000  77  8.4  0  0
49140.000000  70  9.5  11.88  0
49200.000000  68  9.6  0  0
49260.000000  70  9.1  6.27  0
49320.000000  72  9.5  4.35  38.5844
49380.000000  71  11.1  11.63  193.113
49440.000000  64  12.8  12.31  318.299
49500.000000  61  13.5  0  429.284
49560.000000  65  14  10.75  578.28
49620.000000  67  14  5.68  654.677
49680.000000  70  13.3  0  717.655
49740.000000  71  12.3  17.67  730.962
49800.000000  71  12.3  9.14  708.504
49860.000000  71  12.6  39.35  643.558
49920.000000  71  12.5  88.24  529.474
49980.000000  73  11.8  0  427.394
50040.000000  77  11  10.26  308.561
50100.000000  84  9.4  7.1  85.7986
50160.000000  88  8.8  0  19.1278
50220.000000  90  8  16.16  0
50280.000000  93  7  12.11  0
50340.000000  94  6.2  7.14  0
50400.000000  95  6  14.19  0
50460.000000  96  5.3  18.32  0
50520.000000  96  4.5  59.69  0
50580.000000  97  4.5  18.4  0
50640.000000  97  5.5  66.68  0
50700.000000  97  5.7  52.99  0
50760.000000  97  5.8  55.15  17.2722
50820.000000  97  6  68.86  51.0241
50880.000000  97  6.3  76.44  110.105
50940.000000  97  6.9  69.38  252.986
51000.000000  88  8.9  41.32  502.635
51060.000000  78  11  1.59  646.681
51120.000000  74  12.2  16.39  705.693
51180.000000  72  13  15.91  723.254
51240.000000  67  13.8  8.37  697.548
51300.000000  66  14.1  6.11  634.48
51360.000000  70  13.4  47.56  542.33
51420.000000  75  12  82.92  424.581
51480.000000  81  10.1  81.55  307.923
51540.000000  87  8.6  68.09  88.6445
51600.000000  91  7.5  47.52  24.6308
51660.000000  94  6.9  70.19  2.46409
51720.000000  96  6.8  68.7  0
51780.000000  97  6.8  69.62  0
51840.000000  97  6.7  85.13  0
51900.000000  97  6.8  91.78  0
51960.000000  98  6.9  99.74  0
52020.000000  98  7.1  100  0
52080.000000  98  7.2  100  0
52140.000000  98  7.5  98.65  0
52200.000000  98  7.7  99.85  11.6262
52260.000000  97  7.9  99.85  13.2914
52320.000000  97  8.2  99.77  18.3252
52380.000000  97  8.6  93.62  29.244
52440.000000  96  9.4  100  87.1657
52500.000000  93  9.8  100  140.582
52560.000000  94  9.9  100  74.7637
52620.000000  94  9.8  100  69.0377
52680.000000  94  10.5  100  127.497
52740.000000  93  10.1  100  145.606
52800.000000  94  10.2  100  68.7671
52860.000000  95  10.1  100  73.9135
52920.000000  93  10.2  100  69.725
52980.000000  93  9.7  100  53.8893
53040.000000  95  8.3  100  9.42155
53100.000000  96  7.8  100  0
53160.000000  97  7.5  100  0
53220.000000  97  7.4  100  0
53280.000000  96  7  100  0
53340.000000  96  6.2  100  0
53400.000000  97  6.2  100  0
53460.000000  96  6  100  0
53520.000000  96  5.9  100  0
53580.000000  96  5.9  100  0
53640.000000  96  6.4  100  25.637
53700.000000  95  6.8  90.4  65.8074
53760.000000  88  7.2  97.29  173.817
53820.000000  84  8.4  99.84  220.385
53880.000000  83  7.9  89.27  149.675
53940.000000  80  9.3  91.06  268.896
54000.000000  75  9.5  67.94  298.256
54060.000000  72  10.5  98.67  547.42
54120.000000  67  11.8  86.27  597.447
54180.000000  66  10.7  92.34  504.119
54240.000000  66  11.8  98.19  448.738
54300.000000  72  9.2  100  284.341
54360.000000  75  8.2  99.91  72.2565
54420.000000  75  7.5  94.12  40.1379
54480.000000  77  7.3  97.48  27.7151
54540.000000  83  6.9  100  4.43234
54600.000000  85  6.9  100  0
54660.000000  85  7  100  0
54720.000000  80  7.9  100  0
54780.000000  87  7.6  100  0
54840.000000  90  7.6  100  0
54900.000000  82  8.9  100  0
54960.000000  91  8.1  100  0
55020.000000  92  8.3  100  0
55080.000000  94  8.3  100  2.16256
55140.000000  92  8.8  100  24.4806
55200.000000  82  10.1  100  48.2194
55260.000000  92  9.7  100  68.4685
55320.000000  90  9.9  100  80.2747
55380.000000  92  10.1  100  103.093
55440.000000  93  10  100  100.975
55500.000000  94  8.9  100  129.342
55560.000000  92  7.9  100  74.6278
55620.000000  91  7.6  98.16  104.114
55680.000000  91  6.9  95.74  102.137
55740.000000  92  6.6  71.61  49.7231
55800.000000  87  6.7  68.92  62.5496
55860.000000  89  6.5  58.66  89.3099
55920.000000  92  5.8  55.73  51.8682
55980.000000  94  4.5  1.27  12.958
56040.000000  95  3.3  1.11  0
56100.000000  95  2.8  14.62  0
56160.000000  96  2.5  33.72  0
56220.000000  95  2.2  8.01  0
56280.000000  96  2  31.31  0
56340.000000  96  1.8  63.91  0
56400.000000  96  1.6  5.91  0
56460.000000  95  1.5  76.36  5.41739
56520.000000  86  4.1  69  44.9004
56580.000000  67  6.1  80.58  223.747
56640.000000  65  7.5  98.73  315.146
56700.000000  59  9.1  99.77  468.318
56760.000000  57  10.2  100  459.199
56820.000000  57  10.9  100  412.676
56880.000000  60  10.2  99.84  370.428
56940.000000  58  9.9  99.92  377.094
57000.000000  62  9.6  100  261.375
57060.000000  62  9.4  100  205.951
57120.000000  60  10.2  100  250.001
57180.000000  65  9.6  100  177.392
57240.000000  69  9.5  99.91  114.791
57300.000000  76  9  99.99  41.3173
57360.000000  84  8.5  100  13.6611
57420.000000  87  7.9  99.98  0
57480.000000  88  7.7  100  0
57540.000000  91  7.2  100  0
57600.000000  90  7.2  100  0
57660.000000  91  7.3  100  0
57720.000000  92  7.4  100  0
57780.000000  90  7.5  99.89  0
57840.000000  90  7.7  100  0
57900.000000  81  8.3  100  0
57960.000000  87  8.7  100  12.6534
58020.000000  90  8.6  100  11.1761
58080.000000  86  9.4  100  39.7711
58140.000000  90  9.8  93.95  86.5565
58200.000000  83  11.3  88.18  201.244
58260.000000  76  12.6  100  213.082
58320.000000  71  13.3  100  204.709
58380.000000  75  13.6  94.73  165.399
58440.000000  71  14.3  100  133.547
58500.000000  70  14.5  100  221.791
58560.000000  75  14.3  97.43  142.742
58620.000000  75  14.2  99.67  109.397
58680.000000  74  14.7  99.12  108.366
58740.000000  78  14.6  94.86  109.131
58800.000000  79  13.3  95.28  24.3871
58860.000000  75  12.9  99.7  5.67676
58920.000000  78  12.4  99.34  0
58980.000000  81  11.6  97.72  0
59040.000000  82  10.9  98.88  0
59100.000000  79  11.1  99.85  0
59160.000000  79  11  99.99  0
59220.000000  75  12.1  86.23  0
59280.000000  75  12  92.11  0
59340.000000  74  12.5  99.03  1.20711
59400.000000  68  13.3  90.47  12.1001
59460.000000  71  14.1  75.44  71.1783
59520.000000  58  15.5  66.41  183.018
59580.000000  61  16.6  72.28  272.399
59640.000000  50  18.2  31.13  559.953
59700.000000  48  19.6  36.29  683.202
59760.000000  42  21.5  60.36  733.374
59820.000000  43  21.6  59.95  714.186
59880.000000  41  22  78.83  649.988
59940.000000  48  20  75.25  514.318
60000.000000  61  17.6  81.48  441.296
60060.000000  60  17.7  78.02  323.366
60120.000000  69  17.1  88.19  246.125
60180.000000  67  16.6  82.22  114.092
60240.000000  71  16.2  74.63  60.3209
60300.000000  71  15.2  98.76  13.1211
60360.000000  75  14.1  85.22  0
60420.000000  79  13  55.99  0
60480.000000  65  14.1  72.46  0
60540.000000  70  13.1  99.39  0
60600.000000  82  11.4  99.93  0
60660.000000  84  10.8  92.12  0
60720.000000  82  10.3  65.63  0
60780.000000  74  11.5  68.76  18.6573
60840.000000  55  15  66.66  84.492
60900.000000  55  14.8  79.49  122.994
60960.000000  52  16.7  79.07  319.62
61020.000000  57  16.3  84.61  333.726
61080.000000  59  17.5  78.73  391.78
61140.000000  54  17.8  90.61  468.789
61200.000000  50  18.9  94.61  466.668
61260.000000  52  19.1  87.66  353.005
61320.000000  50  19.4  98.5  368.484
61380.000000  48  20.3  99.92  396.461
61440.000000  57  17.8  83.71  437.546
61500.000000  59  16.4  73.65  334.989
61560.000000  56  16.9  28.07  294.161
61620.000000  63  15.9  40  160.801
61680.000000  62  14.9  15.46  20.0116
61740.000000  67  13.4  0  0.13415
61800.000000  68  12.7  45.6  0
61860.000000  72  12.1  59.2  0
61920.000000  74  10.8  0.08  0
61980.000000  71  11.1  79.4  0
62040.000000  57  12.7  97.28  0
62100.000000  61  12  77.66  0
62160.000000  54  13.3  84.21  0
62220.000000  46  14.9  84.23  8.75741
62280.000000  43  15.5  78.72  28.1538
62340.000000  47  14.9  72.97  31.9268
62400.000000  43  16.3  80.01  125.572
62460.000000  39  20  85.36  450.036
62520.000000  42  18.4  90.68  295.434
62580.000000  44  18.1  80.46  55.6402
62640.000000  43  20  84.94  249.95
62700.000000  42  22.3  77.68  477.408
62760.000000  38  22.2  65.17  518.589
62820.000000  34  24.7  24.26  466.32
62880.000000  34  22.9  23.73  464.579
62940.000000  39  22.7  3.89  197.617
63000.000000  38  21.3  5.48  209.658
63060.000000  42  19.8  15.89  114.924
63120.000000  55  17.9  6.14  16.8861
63180.000000  59  15.7  0  0.74438
63240.000000  64  13.9  0  0
63300.000000  72  12.5  0  0
63360.000000  69  11.5  1.85  0
63420.000000  57  13  0  0
63480.000000  53  12.7  0.11  0
63540.000000  53  12.7  37.64  0
63600.000000  49  12.9  0  0
63660.000000  48  13.2  0.19  5.037
63720.000000  41  15.9  0.82  32.3508
63780.000000  38  17  0  248.394
63840.000000  35  18.4  0  379.27
63900.000000  35  20.4  0.43  515.28
63960.000000  35  20.8  38.97  627.855
64020.000000  33  22.6  27.3  715.434
64080.000000  24  23.9  54.13  779.578
64140.000000  22  24.4  34.57  788.062
64200.000000  23  24.4  24.67  781.469
64260.000000  25  22.8  26.66  718.032
64320.000000  28  22.2  34.81  572.101
64380.000000  30  21.6  25.19  469.748
64440.000000  29  20.1  50.3  377.026
64500.000000  38  17.9  24.44  143.512
64560.000000  41  16.6  13.6  26.9595
64620.000000  44  15.7  2.33  4.58425
64680.000000  49  14.7  0  0
64740.000000  50  13.9  11.8  0
64800.000000  57  13.2  7.27  0
64860.000000  50  14.2  2.66  0
64920.000000  49  13.8  3.13  0
64980.000000  49  14  5.27  0
65040.000000  47  14.2  0  0
65100.000000  45  14.3  1.29  1.73984
65160.000000  48  16.3  1.98  29.7198
65220.000000  42  17.9  29.54  258.987
65280.000000  39  18.4  38.2  354.34
65340.000000  38  20.1  9.28  504.108
65400.000000  38  21.7  18.62  637.757
65460.000000  32  22.9  6.76  710.228
65520.000000  33  22.8  57.38  767.913
65580.000000  32  23.7  69.11  779.226
65640.000000  35  24  51.23  755.442
65700.000000  31  24  24.55  693.737
65760.000000  30  22.6  11.29  598.213
65820.000000  36  21.7  11.16  478.271
65880.000000  36  20.3  7.89  353.236
65940.000000  43  17.9  0.33  120.744
66000.000000  45  17.2  1.11  14.5998
66060.000000  46  16.1  0  2.59175
66120.000000  50  15.1  0  0
66180.000000  56  14.6  0  0
66240.000000  58  13.6  0.01  0
66300.000000  62  13.4  10.5  0
66360.000000  62  13.7  0  0
66420.000000  69  13  18.05  0
66480.000000  63  13.4  9.44  0
66540.000000  64  13.4  0  5.13284
66600.000000  51  16.7  14.15  40.9161
66660.000000  51  17.6  11.06  244.775
66720.000000  54  19.1  30.25  356.348
66780.000000  46  20.4  72.39  497.56
66840.000000  38  21.7  70.94  634.11
66900.000000  29  23.3  50.07  712.349
66960.000000  31  22.7  75.96  842.386
67020.000000  34  22.6  54.48  843.195
67080.000000  46  20.1  76.75  660.255
67140.000000  49  18.7  63.25  289.647
67200.000000  54  18.1  32.96  152.202
67260.000000  43  19.5  30.9  396.543
67320.000000  43  18.6  50.86  353.566
67380.000000  49  16.5  33.58  136.757
67440.000000  51  15.9  30.97  28.0869
67500.000000  53  14.9  0  6.09833
67560.000000  57  13.7  0  0
67620.000000  57  13.7  0.12  0
67680.000000  61  13.4  0.61  0
67740.000000  58  14.1  0.71  0
67800.000000  56  14.6  51.73  0
67860.000000  62  13.5  65.12  0
67920.000000  60  13.8  90.65  0
67980.000000  60  14.4  87.51  12.2172
68040.000000  60  14.8  75.98  41.8464
68100.000000  64  15.7  64.76  97.938
68160.000000  46  19.1  56.81  264.733
68220.000000  42  20.2  83.16  403.904
68280.000000  44  19.3  78.47  500.605
68340.000000  43  20  88.83  594.554
68400.000000  41  20.5  76.2  675.855
68460.000000  43  20.2  92.97  522.776
68520.000000  76  14.7  98.88  522.395
68580.000000  85  12.2  100  302.583
68640.000000  89  11.2  97.24  49.1378
68700.000000  93  11  99.95  32.0738
68760.000000  93  11  98.9  28.4891
68820.000000  93  10.7  100  2.90251
68880.000000  95  10.2  99.89  0
68940.000000  94  10.2  100  0
69000.000000  94  9.6  100  0
69060.000000  95  8.8  100  0
69120.000000  95  8.2  100  0
69180.000000  95  7.8  100  0
69240.000000  96  7.3  100  0
69300.000000  95  7.1  98.91  0
69360.000000  96  7.2  55.69  0
69420.000000  96  7.5  78.26  0.28861
69480.000000  95  8  100  44.9376
69540.000000  90  8.4  99.46  105.333
69600.000000  84  9.3  93.76  109.613
69660.000000  87  9.2  83.35  193.334
69720.000000  86  9.7  69.83  237.783
69780.000000  77  9.6  87.74  309.419
69840.000000  73  10.8  85.38  410.163
69900.000000  62  11.4  82.05  675.542
69960.000000  66  11.7  71.12  602.132
70020.000000  62  10.2  82.78  360.013
70080.000000  62  11  77.67  505.195
70140.000000  63  9.4  84.52  428.313
70200.000000  66  8.3  45.32  364.805
70260.000000  69  7.4  75.91  142.859
70320.000000  75  6.5  85.85  27.8489
70380.000000  80  5.9  87.88  13.2834
70440.000000  87  4.9  92.16  0
70500.000000  87  4.5  97.39  0
70560.000000  88  4.3  96.82  0
70620.000000  88  4  99.55  0
70680.000000  89  4  97.66  0
70740.000000  90  4.1  44.59  0
70800.000000  90  4  38.55  0
70860.000000  92  4.6  39.26  10.5882
70920.000000  81  7.1  51  54.1024
70980.000000  77  9  3.81  240.436
71040.000000  70  10.7  9.55  387.4
71100.000000  64  11.4  10.07  512.948
71160.000000  58  12.3  13.53  626.607
71220.000000  54  14.5  0  714.455
71280.000000  52  15.2  0  770.372
71340.000000  51  14.8  0  780.841
71400.000000  49  16.2  0  758.468
71460.000000  50  15.6  6.89  698.76
71520.000000  49  15.8  19.36  606.202
71580.000000  50  15.6  49.27  490.676
71640.000000  53  14.7  10.67  370.445
71700.000000  65  12.7  1.44  134.834
71760.000000  68  12  0  14.3714
71820.000000  71  11.2  0  4.19619
71880.000000  71  10.8  21.66  0
71940.000000  73  10.4  18.81  0
72000.000000  77  10  41.07  0
72060.000000  66  11.8  0  0
72120.000000  64  12  0  0
72180.000000  58  12.6  0  0
72240.000000  59  12.3  0  0
72300.000000  56  12.9  0  4.37104
72360.000000  48  15.4  0  26.603
72420.000000  45  17  0  263.066
72480.000000  42  19.1  0  388.014
72540.000000  46  20.4  0  512.885
72600.000000  39  21.5  0  618.783
72660.000000  40  22.1  0.08  703.386
72720.000000  49  21  2.52  758.927
72780.000000  46  21.4  2.96  773.861
72840.000000  42  21.4  0.99  753.219
72900.000000  38  21.4  11.08  693.047
72960.000000  40  21.1  10.56  603.156
73020.000000  44  21.1  0.25  486.286
73080.000000  44  19.4  9.22  362.999
73140.000000  55  17.3  5.45  134.05
73200.000000  57  16.2  0.21  20.2701
73260.000000  57  15.5  6.6  7.10227
73320.000000  60  14.8  1.47  0
73380.000000  60  14.3  24.6  0
73440.000000  64  13.8  67.16  0
73500.000000  67  13.8  25.84  0
73560.000000  61  15.1  77.66  0
73620.000000  58  15.9  58.73  0
73680.000000  55  16.4  48.33  0
73740.000000  54  17.1  0  17.3803
73800.000000  50  17.7  3.55  51.5788
73860.000000  46  19.5  10.09  257.604
73920.000000  44  20.6  5.13  386.305
73980.000000  42  22.2  7.95  511.725
74040.000000  38  23.6  6.11  620.994
74100.000000  35  24.3  39  711.816
74160.000000  36  24.9  42.38  770.538
74220.000000  32  24.5  87.25  787.757
74280.000000  30  25.3  85.12  753.348
74340.000000  34  23.5  81.82  655.857
74400.000000  33  23.3  77.49  573.118
74460.000000  34  22.7  100  469.54
74520.000000  37  21.3  97.97  352.244
74580.000000  48  19.1  93.93  132.917
74640.000000  52  17.8  98.39  48.7599
74700.000000  53  17.3  88.46  16.9141
74760.000000  52  16.8  99.7  0
74820.000000  39  17.5  85.24  0
74880.000000  32  19.2  99.92  0
74940.000000  36  18.5  45.99  0
75000.000000  36  18.4  95.66  0
75060.000000  38  18.6  42.66  0
75120.000000  44  17.9  23.24  0
75180.000000  45  17.8  59.4  2.98441
75240.000000  40  20.2  64.62  35.6016
75300.000000  38  21.1  68.17  168.142
75360.000000  39  22.3  40.54  339.65
75420.000000  37  23.6  85.86  483.722
75480.000000  37  24.3  83.39  631.437
75540.000000  34  23.6  59.8  474.019
75600.000000  33  25  56.95  485.537
75660.000000  37  25  51.74  512.745
75720.000000  34  26.1  26.03  817.795
75780.000000  32  26.4  26.77  764.021
75840.000000  34  24.3  47.67  605.373
75900.000000  36  23.5  49.7  492.619
75960.000000  38  22  88  276.385
76020.000000  42  20.7  74.8  149.413
76080.000000  41  20.5  53.93  44.4577
76140.000000  51  18.7  36.82  18.3688
76200.000000  55  17.7  52.19  0
76260.000000  58  16.7  27.17  0
76320.000000  63  16.1  5.64  0
76380.000000  71  15  0.22  0
76440.000000  68  14.5  9.23  0
76500.000000  77  14.1  59.73  0
76560.000000  85  13  71.62  0
76620.000000  86  13  79  13.4803
76680.000000  79  15.1  82.77  50.944
76740.000000  64  17  80.59  126.969
76800.000000  73  17.2  75.64  128.75
76860.000000  76  17.5  85.24  141.394
76920.000000  69  18.6  94.5  301.048
76980.000000  63  19.2  59.33  359.075
77040.000000  66  19.8  77.92  261.576
77100.000000  69  18.9  69.57  376.385
77160.000000  62  20.2  34.37  580.903
77220.000000  56  20  41.56  667.561
77280.000000  58  19.4  35.47  550.554
77340.000000  58  19.1  31.85  482.05
77400.000000  66  17.6  21.94  358.844
77460.000000  71  16.8  18.48  153.899
77520.000000  82  15.2  90.86  23.2528
77580.000000  94  13.1  89.67  9.59231
77640.000000  96  12.6  0  0
77700.000000  96  12.6  0.71  0
77760.000000  97  12.3  11.8  0
77820.000000  96  12  24.36  0
77880.000000  97  11.9  34.39  0
77940.000000  97  11.9  76.08  0
78000.000000  97  11.9  62.4  0
78060.000000  97  12.1  58.56  4.69971
78120.000000  97  12.7  83.96  63.6472
78180.000000  92  13.3  83.1  235.905
78240.000000  83  14.9  70.6  382.557
78300.000000  84  15.7  6.62  506.932
78360.000000  78  16.9  0  615.116
78420.000000  74  18.5  0  699.727
78480.000000  70  19.4  0.04  751.375
78540.000000  70  20  1.95  764.855
78600.000000  65  21.3  7.74  747.954
78660.000000  64  21.6  14.19  689.279
78720.000000  62  21.3  29.77  599.739
78780.000000  60  21.9  54.94  488.279
78840.000000  65  20.7  33.12  191.346
78900.000000  70  19.1  49.32  56.521
78960.000000  67  19.9  82.38  41.39
79020.000000  71  18.9  8.44  15.7279
79080.000000  73  17.9  18.59  0
79140.000000  76  17.7  17.1  0
79200.000000  78  17.6  3.64  0
79260.000000  73  17  2.04  0
79320.000000  71  17  0.36  0
79380.000000  62  18  32.03  0
79440.000000  57  18.9  12.44  0
79500.000000  55  19  41.19  9.40653
79560.000000  59  19.8  80.5  38.8435
79620.000000  62  20.9  62.47  250.951
79680.000000  53  21.5  58.95  227.351
79740.000000  45  24.4  0  407.452
79800.000000  42  25.1  15.87  620.063
79860.000000  37  26.7  43.25  706.652
79920.000000  35  26.9  47.52  777.209
79980.000000  31  28  37.23  755.866
80040.000000  29  28.3  36.32  760.201
80100.000000  28  29.3  63.49  704.664
80160.000000  46  25.1  70.07  340.804
80220.000000  45  24.5  91.61  420.346
80280.000000  52  23.7  79.86  201.451
80340.000000  62  20.9  76.58  60.7173
80400.000000  63  19.7  93.64  65.3265
80460.000000  70  18.2  85.84  23.2737
80520.000000  75  17.1  39.15  0
80580.000000  75  16.7  20.73  0
80640.000000  72  16.3  79.73  0
80700.000000  72  16.2  89.63  0
80760.000000  63  16.6  11.85  0
80820.000000  55  17.6  62.73  0
80880.000000  50  18.4  63.91  0
80940.000000  53  18.2  90.79  11.7509
81000.000000  55  18.3  77.89  32.9581
81060.000000  57  18.7  71.79  54.8116
81120.000000  53  19.6  82.5  152.348
81180.000000  46  22.8  49.54  515.39
81240.000000  50  22.8  99.4  401.107
81300.000000  45  22  74.5  376.071
81360.000000  59  21.4  56.11  326.696
81420.000000  59  20.8  31.81  533.464
81480.000000  52  21.4  54.65  533.221
81540.000000  54  22.8  56.76  776.056
81600.000000  50  21.4  67.26  415.856
81660.000000  52  20.4  92.81  339.431
81720.000000  68  18.4  85.94  87.7967
81780.000000  74  16.8  90.93  45.4708
81840.000000  76  16.1  100  21.4448
81900.000000  78  15.7  99.59  6.41725
81960.000000  85  15.3  100  0
82020.000000  90  14.2  100  0
82080.000000  92  13.6  100  0
82140.000000  94  13.3  100  0
82200.000000  95  13.4  100  0
82260.000000  96  13.3  76.92  0
82320.000000  96  13.1  81.76  0
82380.000000  97  13.3  98.09  31.9409
82440.000000  96  13.6  83.22  32.4209
82500.000000  96  13.7  91.82  49.9623
82560.000000  90  14.8  89.91  241.114
82620.000000  89  14.8  89.23  132.034
82680.000000  86  15.2  89.61  155.107
82740.000000  81  16.2  83.5  291.653
82800.000000  78  16.2  95.16  532.41
82860.000000  75  16.4  99.65  338.541
82920.000000  77  15.6  100  336.972
82980.000000  77  16.1  100  382.323
83040.000000  75  15.5  100  329.732
83100.000000  79  14.5  90.86  156.132
83160.000000  80  14.1  99.79  64.0329
83220.000000  78  14.2  93.48  76.6809
83280.000000  79  13.9  90.49  51.9987
83340.000000  87  13.2  96.68  11.8796
83400.000000  89  13  100  0
83460.000000  93  12.7  100  0
83520.000000  95  12.5  100  0
83580.000000  96  12.5  100  0
83640.000000  96  12.2  92.21  0
83700.000000  96  12.2  99.77  0
83760.000000  96  12.2  90.9  0
83820.000000  96  12.5  85.46  11.7022
83880.000000  93  13.2  88.86  35.7464
83940.000000  92  13.6  82.5  51.5102
84000.000000  85  14.7  95.56  143.537
84060.000000  66  17.8  27.86  597.884
84120.000000  49  19.8  78.24  713.974
84180.000000  47  19.2  46.19  814.319
84240.000000  49  18.3  52.18  561.047
84300.000000  47  19.8  66.32  741.373
84360.000000  58  16.4  62.97  410.212
84420.000000  56  16.7  52.74  261.043
84480.000000  56  16.7  20.44  272.552
84540.000000  64  15.6  8.96  474.265
84600.000000  71  14  18.02  406.513
84660.000000  79  12.8  69.16  183.229
84720.000000  82  12  68.78  36.9483
84780.000000  80  12  78.98  15.9718
84840.000000  81  11.6  90.71  0
84900.000000  85  11  18.94  0
84960.000000  87  10.8  15.54  0
85020.000000  90  9.9  8.44  0
85080.000000  91  9.5  10.31  0
85140.000000  93  9.2  13.05  0
85200.000000  92  9  6.79  0
85260.000000  92  9.7  17.48  11.8324
85320.000000  85  11.4  6.06  36.3287
85380.000000  80  12.9  35.94  146.37
85440.000000  68  15.1  46.66  409.318
85500.000000  68  15.8  82.23  499.836
85560.000000  72  15.4  100  563.711
85620.000000  75  14.6  99.79  353.244
85680.000000  79  14  94.41  177.686
85740.000000  71  16.7  86.92  480.048
85800.000000  72  15.8  88.07  453.348
85860.000000  72  15.1  74.72  249.154
85920.000000  74  14.9  72.76  267.374
85980.000000  71  15.4  73.56  345.978
86040.000000  75  15.2  62.75  321.019
86100.000000  80  14  78.84  160.472
86160.000000  85  12.8  73.14  47.4677
86220.000000  85  12.8  91.7  28.772
86280.000000  87  12.3  63.12  0
86340.000000  88  12  90.09  0
86400.000000  89  11.8  48.82  0
86460.000000  90  12  97.56  0
86520.000000  90  12  94.72  0
86580.000000  90  12  99.83  0
86640.000000  90  11.9  100  0
86700.000000  90  11.9  100  0
86760.000000  91  11.9  100  0
86820.000000  92  12.1  100  7.33895
86880.000000  91  12.2  100  30.4495
86940.000000  88  12.4  100  74.4219
87000.000000  87  12.2  99.99  63.1585
87060.000000  83  12.7  99.82  98.9011
87120.000000  82  13.1  99.97  135.453
87180.000000  80  14  97.99  269.735
87240.000000  76  14.4  97.4  286.715
87300.000000  69  14.7  89.38  321.412
87360.000000  71  15.5  81.62  272.517
87420.000000  72  14.6  74.41  255.238
87480.000000  71  15  81.93  287.249
87540.000000  76  14.4  96.69  200.185
87600.000000  78  14  87.39  61.0257
87660.000000  81  13.4  90.5  18.5923
87720.000000  85  12.7  99.97  0
87780.000000  87  12.5  99.95  0
87840.000000  87  12.5  99.78  0
87900.000000  88  12.5  100  0
87960.000000  89  12.3  100  0
88020.000000  89  12.3  100  0
88080.000000  89  12.3  100  0
88140.000000  90  12.1  100  0
88200.000000  93  11.8  100  10.132
88260.000000  93  11.8  100  30.448
88320.000000  91  11.4  100  45.9686
88380.000000  90  11.7  100  58.2045
88440.000000  91  12.2  100  103.477
88500.000000  85  12.6  100  147.528
88560.000000  83  12.8  100  136.074
88620.000000  81  12.9  100  108.367
88680.000000  74  13.6  100  181.584
88740.000000  71  13.8  100  250.978
88800.000000  69  14.1  100  258.67
88860.000000  67  13.6  95.86  121.836
88920.000000  65  14.3  100  316.008
88980.000000  73  13  80.17  153.259
89040.000000  72  13.2  79.98  101.658
89100.000000  73  12.6  91.83  42.037
89160.000000  81  11.4  26.8  0
89220.000000  86  10  42.21  0
89280.000000  89  9.3  15.78  0
89340.000000  90  9.1  7.74  0
89400.000000  91  10  99.71  0
89460.000000  90  10.1  91.52  0
89520.000000  87  10.5  90.68  0
89580.000000  86  11  100  8.30895
89640.000000  85  11.5  100  20.0474
89700.000000  75  12.1  87  68.9449
89760.000000  74  12.1  88.04  62.0912
89820.000000  69  13.1  96.44  159.095
89880.000000  70  12.8  99.9  215.823
89940.000000  67  13.1  83.47  217.874
90000.000000  60  15.1  89.4  656.276
90060.000000  57  14.8  99.36  527.186
90120.000000  62  14.3  100  466.495
90180.000000  62  14.1  100  423.163
90240.000000  65  13.7  100  239.397
90300.000000  66  13.7  100  148.455
90360.000000  74  12.8  100  60.9935
90420.000000  85  11.9  100  31.8563
90480.000000  83  11.9  88.01  7.66715
90540.000000  78  12.1  85.56  0
90600.000000  60  14.3  100  0
90660.000000  59  15.1  100  0
90720.000000  66  13.9  100  0
90780.000000  74  13  100  0
90840.000000  85  11.8  100  0
90900.000000  93  10.9  99.88  0
90960.000000  94  9.8  100  0
91020.000000  93  9.7  100  10.3513
91080.000000  89  9.6  100  44.4121
91140.000000  88  9.9  60.36  109.355
91200.000000  78  11.1  57.14  173.012
91260.000000  73  12  71.81  392.049
91320.000000  67  11.8  92.68  405.518
91380.000000  64  12.1  57.76  364.875
91440.000000  68  11.5  33.02  307.479
91500.000000  63  12.5  99.38  467.863
91560.000000  60  12.9  100  455.249
91620.000000  62  12.6  78.67  280.981
91680.000000  85  8.8  94.37  159.527
91740.000000  84  9.1  85.44  234.515
91800.000000  88  7.9  100  79.7869
91860.000000  89  7.8  100  44.9403
91920.000000  90  7.7  51.04  29.6942
91980.000000  84  7.8  100  17.578
92040.000000  65  9.3  96.69  0
92100.000000  91  6.6  59.15  0
92160.000000  87  6.9  99.15  0
92220.000000  85  7.1  96.24  0
92280.000000  86  6.6  82.34  0
92340.000000  81  7.2  58.57  0
92400.000000  78  7.6  100  0.65924
92460.000000  65  9.1  100  33.6469
92520.000000  62  10  88.42  100.608
92580.000000  51  11  70.74  158.404
92640.000000  45  12.4  78.85  216.948
92700.000000  44  14.1  98.15  340.343
92760.000000  47  13.9  100  422.996
92820.000000  53  13.6  99.56  131.05
92880.000000  54  14  93.85  269.401
92940.000000  45  15.5  99.46  311.252
93000.000000  48  15.7  100  255.084
93060.000000  63  13.5  100  186.257
93120.000000  64  13.2  99.51  204.094
93180.000000  70  12.5  100  145.39
93240.000000  83  10.9  100  63.3056
93300.000000  90  8.8  100  34.0606
93360.000000  85  7.8  100  12.6687
93420.000000  81  9  100  2.21933
93480.000000  85  8.9  100  0
93540.000000  87  8.2  100  0
93600.000000  91  7.7  100  0
93660.000000  93  7.2  100  0
93720.000000  94  7.4  100  0
93780.000000  95  7.3  99.97  0
93840.000000  95  7.3  96.98  0
93900.000000  95  7.3  79.94  13.4531
93960.000000  96  7.9  98.91  32.4305
94020.000000  91  8.7  97.91  111.846
94080.000000  84  9.4  94.17  167.357
94140.000000  78  10.4  94.92  312.554
94200.000000  76  10.5  100  237.635
94260.000000  82  9.8  100  189.419
94320.000000  80  9.1  99.97  168.514
94380.000000  76  10.1  91.71  249.697
94440.000000  73  10.3  86.86  250.324
94500.000000  79  10.9  82.68  490.494
94560.000000  90  9.2  67.93  204.929
94620.000000  84  10.5  100  309.486
94680.000000  83  9.4  25.72  278.753
94740.000000  92  8.2  12.83  40.7648
94800.000000  94  7.7  70.8  53.8997
94860.000000  93  7.6  58.78  45.6082
94920.000000  92  6.5  40.03  5.74995
94980.000000  91  6.4  41.37  0
95040.000000  82  6.7  82.45  0
95100.000000  87  6  37.76  0
95160.000000  77  6.8  35.23  0
95220.000000  74  7.1  63.97  0
95280.000000  73  7.2  90.82  14.6108
95340.000000  68  8.5  64.44  36.3808
95400.000000  55  10.9  83.57  100.122
95460.000000  52  11.2  75.68  190.238
95520.000000  55  11.1  100  242.187
95580.000000  53  11.2  46.48  324.56
95640.000000  43  13.4  60.08  686.412
95700.000000  48  12.2  82.4  547.673
95760.000000  47  13.8  96.05  528.022
95820.000000  52  11.9  100  524.903
95880.000000  61  11.1  100  298.271
95940.000000  68  10.2  89.54  368.128
96000.000000  73  10.1  96.58  499.841
96060.000000  64  10.7  95.54  443.632
96120.000000  55  10.9  65.92  209.477
96180.000000  57  9.9  70.24  180.622
96240.000000  58  9.5  61.03  51.3798
96300.000000  56  9.6  46.07  33.4372
96360.000000  64  8.6  88.86  5.44725
96420.000000  55  9.4  95.44  0
96480.000000  65  8.2  99.59  0
96540.000000  65  8.6  100  0
96600.000000  65  8.9  78.67  0
96660.000000  50  10.1  76.06  0
96720.000000  55  9.4  86.52  6.88205
96780.000000  52  10.1  92.65  23.006
96840.000000  54  10.1  97.75  38.3765
96900.000000  62  9  64.29  62.6588
96960.000000  53  10.8  85.07  225.707
97020.000000  54  11.2  75  415.705
97080.000000  44  13.1  86.92  472.19
97140.000000  45  13.3  83.45  683.844
97200.000000  41  14.8  96.56  855.554
97260.000000  41  14.7  83.68  757.883
97320.000000  39  14.4  100  529.069
97380.000000  46  13.3  62.35  405.961
97440.000000  41  13.8  69.81  287.322
97500.000000  39  14.1  72.05  409.227
97560.000000  40  14.8  59.93  369.58
97620.000000  54  12.6  53.29  264.664
97680.000000  66  11.3  100  56.2473
97740.000000  71  10.4  36.14  25.7825
97800.000000  78  8.9  2.37  0
97860.000000  82  8.3  0.59  0
97920.000000  80  7.7  0.49  0
97980.000000  83  7.5  15.91  0
98040.000000  87  7.2  80.24  0
98100.000000  87  6.8  20.85  0
98160.000000  87  7.1  84.09  3.61255
98220.000000  87  7.5  89.36  17.5246
98280.000000  65  10.8  92.71  87.1978
98340.000000  60  12.8  98.38  210.888
98400.000000  52  13.7  98.85  263.725
98460.000000  45  13.8  100  271.538
98520.000000  43  15.3  99.64  437.552
98580.000000  43  15.2  100  390.204
98640.000000  41  15.5  95.16  366.675
98700.000000  44  15  98.66  369.254
98760.000000  69  11.8  84.5  314.432
98820.000000  70  13.1  75.22  348.299
98880.000000  68  12.6  94.87  538.354
98940.000000  66  11.7  90.09  171.261
99000.000000  82  8.8  98.59  18.3052
99060.000000  88  7.7  99.89  18.8824
99120.000000  94  7.5  99.81  0
99180.000000  94  7.7  99.5  13.7769
99240.000000  95  7.5  100  0
99300.000000  96  7.6  100  0
99360.000000  96  7.3  100  0
99420.000000  96  7.4  99.99  0
99480.000000  95  7.3  100  0
99540.000000  95  7.3  100  0
99600.000000  96  7.3  99.51  0
99660.000000  95  7.3  100  3.52747
99720.000000  95  7.7  100  10.7351
99780.000000  94  7.9  100  17.6505
99840.000000  94  7.9  100  22.3636
99900.000000  87  9.5  100  252.811
99960.000000  91  9.3  100  99.8175
100020.000000  93  9.2  99.97  71.3254
100080.000000  93  9.3  100  95.2631
100140.000000  93  10.2  100  173.685
100200.000000  94  9.8  100  89.7316
100260.000000  95  10.1  100  50.6255
100320.000000  92  10.7  100  109.46
100380.000000  92  11.1  99.93  112.006
100440.000000  89  10.3  99.84  71.816
100500.000000  95  10.1  99.55  12.6172
100560.000000  96  10.1  99.45  2.23086
100620.000000  93  10.6  100  0.39899
100680.000000  93  10.6  100  0
100740.000000  93  10.4  100  0
100800.000000  93  10.2  100  0
100860.000000  94  9.9  100  0
100920.000000  94  9.6  99.87  0
100980.000000  94  9.4  99.81  0
101040.000000  93  9.3  99.76  0
101100.000000  93  9.1  100  0
101160.000000  93  9  99.16  8.99449
101220.000000  94  9  98.54  13.3768
101280.000000  95  9.2  99.34  30.5014
101340.000000  94  9.3  100  32.912
101400.000000  94  9.1  99.96  33.1178
101460.000000  92  9.2  99.85  48.6146
101520.000000  92  9.5  100  56.1186
101580.000000  91  9.4  100  68.7998
101640.000000  90  9.8  100  69.9941
101700.000000  93  9.4  100  89.0221
101760.000000  90  9.9  97.35  176.332
101820.000000  91  9.9  98.22  108.518
101880.000000  92  9.5  100  60.2154
101940.000000  93  9.6  85.09  41.6826
102000.000000  95  9.1  83.96  19.3235
102060.000000  95  8.9  100  14.0144
102120.000000  96  8.4  99.73  0
102180.000000  96  8.2  99.54  0
102240.000000  97  8.1  91.1  0
102300.000000  96  8.2  99.81  0
102360.000000  96  7.6  100  0
102420.000000  96  7.6  100  0
102480.000000  95  7.4  100  0
102540.000000  94  7.7  100  7.05763
102600.000000  91  7.7  99.2  26.9379
102660.000000  91  7.7  99.14  64.4899
102720.000000  92  7.9  95.92  58.5069
102780.000000  89  8.1  98.28  103.833
102840.000000  90  8.7  99.82  151.452
102900.000000  86  9.2  100  175.681
102960.000000  82  10.4  87.15  345.699
103020.000000  81  10.3  86.11  376.469
103080.000000  73  11.9  85.19  372.057
103140.000000  71  13.2  60.49  546.421
103200.000000  71  11.6  90.09  540.739
103260.000000  87  9.4  100  296.746
103320.000000  88  8.7  100  122.684
103380.000000  91  8.4  100  59.9475
103440.000000  92  8  100  26.6905
103500.000000  94  7.7  100  1.62393
103560.000000  95  7.2  100  0
103620.000000  96  7.1  100  0
103680.000000  96  6.7  99.99  0
103740.000000  96  6.3  100  0
103800.000000  96  5.8  100  0
103860.000000  97  5.8  99.17  0
103920.000000  96  6.2  94.45  0
103980.000000  95  6.2  94.31  10.2995
104040.000000  94  7.3  91.43  62.6197
104100.000000  86  7.5  66.53  85.9978
104160.000000  74  8.5  82.62  178.692
104220.000000  67  9.5  97.26  254.636
104280.000000  63  9.9  94.95  344.991
104340.000000  65  10.5  100  520.113
104400.000000  60  10.2  100  401.779
104460.000000  86  8.4  97.53  134.052
104520.000000  80  8.9  100  176.915
104580.000000  77  9.9  100  270.791
104640.000000  78  9  100  179.048
104700.000000  85  8.2  100  91.2139
104760.000000  86  8.1  100  78.2818
104820.000000  83  8.2  96.58  87.6533
104880.000000  86  7.9  82.66  29.2691
104940.000000  91  7.6  100  16.6128
105000.000000  90  7.3  99.63  0
105060.000000  90  7.2  99.13  0
105120.000000  89  7.2  99.86  0
105180.000000  90  7.3  99.95  0
105240.000000  87  7.4  100  0
105300.000000  88  7.1  88.96  0
105360.000000  89  6.8  90.48  0
105420.000000  85  7.3  86.29  18.3349
105480.000000  83  7.9  96.96  56.3518
105540.000000  78  8.7  57.76  83.1389
105600.000000  77  9  90.91  164.251
105660.000000  75  10.1  94.26  286.271
105720.000000  73  10.6  99.06  302.364
105780.000000  64  11.8  97.54  379.481
105840.000000  66  11.9  88.41  302.49
105900.000000  63  13.9  94.48  500.914
105960.000000  64  12.5  98.78  331.538
106020.000000  65  12.4  98.96  286.322
106080.000000  67  11.7  100  242.099
106140.000000  71  10.8  100  126.581
106200.000000  89  9.1  97.27  14.0921
106260.000000  93  9.3  78.2  48.2581
106320.000000  93  9  88.91  26.9887
106380.000000  94  8.7  86.88  18.4801
106440.000000  95  8.3  85.08  0.4719
106500.000000  96  8.3  82.63  0
106560.000000  96  8.3  76.59  0
106620.000000  96  8.5  85.8  0
106680.000000  96  8.5  87.63  0
106740.000000  96  8.6  80.8  0
106800.000000  96  8.7  94.44  0
106860.000000  95  9  71.81  16.3573
106920.000000  95  9.8  53.8  56.8451
106980.000000  78  11.2  77.88  241.421
107040.000000  79  11.9  73.69  189.143
107100.000000  73  13.7  45.36  492.639
107160.000000  68  15  31.91  711.024
107220.000000  63  16.1  18.13  767.497
107280.000000  61  16.6  33.26  533.071
107340.000000  63  18  39.06  613.31
107400.000000  58  17.6  65.12  742.635
107460.000000  59  17.1  73.04  754.069
107520.000000  62  17  66.29  382.5
107580.000000  63  16.8  42.4  500.948
107640.000000  59  17.2  30.73  478.428
107700.000000  72  14.4  52.13  226.581
107760.000000  80  13.8  47.1  34.067
107820.000000  80  13.1  32.75  17.9291
107880.000000  81  12.6  28.23  0
107940.000000  83  12.3  25.46  0
108000.000000  88  11.4  51.04  0
108060.000000  82  11.7  27.11  0
108120.000000  85  11.6  25.55  0
108180.000000  81  11.9  53.41  0
108240.000000  76  12.1  61.94  0
108300.000000  61  13.4  75.38  29.812
108360.000000  51  15.7  92.55  73.0187
108420.000000  57  15.6  99.26  198.965
108480.000000  54  16.2  100  226.385
108540.000000  49  17.9  99.98  351.268
108600.000000  39  19.7  96.35  508.202
108660.000000  37  20.2  94.06  553.961
108720.000000  40  19.2  96.57  587.857
108780.000000  47  18.6  76.49  462.832
108840.000000  39  21.1  78.65  676.99
108900.000000  41  21.4  42.39  608.972
108960.000000  40  20.1  84.84  590.28
109020.000000  42  20.1  4.71  394.567
109080.000000  41  19.2  5.91  439.624
109140.000000  50  17.4  9.35  244.196
109200.000000  56  16.5  10.84  17.132
109260.000000  58  16.1  9.11  9.32008
109320.000000  57  15.7  0.72  0
109380.000000  44  17.2  75.25  0
109440.000000  44  16.9  85.65  0
109500.000000  49  15.9  98.08  0
109560.000000  47  16  82.63  0
109620.000000  59  14.9  99.32  0
109680.000000  47  16.3  98.48  1.50521
109740.000000  48  16.4  100  16.8989
109800.000000  48  16.6  98.78  63.4127
109860.000000  51  15.9  99.61  69.0411
109920.000000  54  15.3  99.31  74.7864
109980.000000  64  15  99.97  87.4614
110040.000000  84  13  100  82.7425
110100.000000  86  13.9  95.92  142.734
110160.000000  80  14.3  67.78  238.655
110220.000000  73  16.6  60.66  643.269
110280.000000  72  17.4  92.05  821.661
110340.000000  73  15.9  73.73  590.783
110400.000000  75  15.5  91.71  498.853
110460.000000  74  15.5  72.59  451.079
110520.000000  85  13.5  100  108.725
110580.000000  87  13.4  84.01  169.392
110640.000000  89  13.3  75.8  34.1264
110700.000000  93  11.7  47.64  0
110760.000000  92  11.7  95.36  0
110820.000000  91  12.2  83.43  0
110880.000000  93  11.1  18.95  0
110940.000000  92  10.2  0.17  0
111000.000000  91  10.4  25.02  0
111060.000000  87  10.9  24.57  0
111120.000000  83  11.4  100  3.69417
111180.000000  79  12.5  74.23  40.6491
111240.000000  69  14.6  73.87  64.0167
111300.000000  61  16.4  81.59  266.822
111360.000000  66  16.1  96.3  233.314
111420.000000  71  15.5  95.19  116.636
111480.000000  66  16.1  100  82.3343
111540.000000  63  17.2  77.27  180.258
111600.000000  64  18.1  33.39  397.895
111660.000000  45  20.4  66.49  824.232
111720.000000  45  19.9  71.75  761.951
111780.000000  61  17.8  94.05  689.219
111840.000000  75  14.5  52.35  170.775
111900.000000  79  14.7  90  267.453
111960.000000  74  15  76.57  475.846
112020.000000  79  13.8  78.38  128.217
112080.000000  83  12.7  89.32  39.0541
112140.000000  85  13  94.82  50.6844
112200.000000  94  11.7  98.74  0
112260.000000  94  10.5  99.17  0
112320.000000  94  10.1  93.6  0
112380.000000  94  10.1  89.26  0
112440.000000  95  9.9  35.64  0
112500.000000  96  9.7  48.52  0
112560.000000  96  10.1  86.29  2.5412
112620.000000  96  10.7  88.27  28.9667
112680.000000  96  11.6  85.05  79.135
112740.000000  87  12.9  89.48  236.83
112800.000000  77  14.2  88.35  353.097
112860.000000  77  15.4  99.13  480.748
112920.000000  75  14.4  97.83  360.639
112980.000000  74  14.5  99.29  262.178
113040.000000  76  14.9  100  342.226
113100.000000  69  15.4  99.38  415.675
113160.000000  77  14.2  99.94  254.626
113220.000000  84  12.4  100  54.7296
113280.000000  89  11.9  100  7.45698
113340.000000  92  11.9  100  17.9957
113400.000000  91  12.1  100  35.3092
113460.000000  90  12.4  100  42.3055
113520.000000  89  11.9  100  13.0285
113580.000000  93  11.3  100  6.75639
113640.000000  95  11.2  99.99  0
113700.000000  95  10.9  100  0
113760.000000  96  10.4  100  0
113820.000000  96  10.4  100  0
113880.000000  96  10.3  100  0
113940.000000  94  9.6  100  0
114000.000000  94  9  100  0
114060.000000  95  8.3  89.81  0
114120.000000  94  8  99.75  15.3958
114180.000000  80  9.5  99.2  248.667
114240.000000  77  9.5  99.19  244.815
114300.000000  78  9.2  100  163.427
114360.000000  71  10  98.21  219.293
114420.000000  69  10.3  98.75  259.287
114480.000000  68  10.8  100  275.689
114540.000000  79  9.6  100  217.592
114600.000000  65  11  93.32  197.297
114660.000000  63  11.2  98.2  194.139
114720.000000  58  12.3  99.84  265.662
114780.000000  52  13  87.77  262.059
114840.000000  53  12.7  98.38  207.745
114900.000000  45  12.1  100  98.1783
114960.000000  50  11.3  100  39.7279
115020.000000  55  10.5  93.43  21.7055
115080.000000  58  10.4  99.96  0
115140.000000  57  10.5  83.77  0
115200.000000  53  11.5  43.83  0
115260.000000  51  11.9  99.71  0
115320.000000  51  12.2  99.02  0
115380.000000  48  12.8  86.04  0
115440.000000  50  12.7  59.77  0
115500.000000  52  12.9  90.91  6.7478
115560.000000  55  13.4  100  56.6776
115620.000000  71  12  92.75  146.239
115680.000000  67  12.2  90.43  222.25
115740.000000  84  10.1  98.83  129.027
115800.000000  84  10.5  98.18  250.778
115860.000000  90  10  100  325.131
115920.000000  88  9.6  99.93  226.497
115980.000000  92  9  96.08  93.9487
116040.000000  86  10.2  100  144.553
116100.000000  91  9.8  100  166.31
116160.000000  86  9.9  100  122.71
116220.000000  86  10.3  100  154.263
116280.000000  93  9.9  93.38  53.1127
116340.000000  89  10.4  75.54  97.8377
116400.000000  83  10.4  79  67.0095
116460.000000  84  10.2  89.81  22.8606
116520.000000  85  10  99  1.82922
116580.000000  83  10  100  0
116640.000000  79  10.5  99.98  0
116700.000000  74  11.1  100  0
116760.000000  80  10.6  99.54  0
116820.000000  80  10.4  99.9  0
116880.000000  76  10.7  99.79  0
116940.000000  82  10.4  99.87  0
117000.000000  79  10.6  100  3.90906
117060.000000  73  12  100  36.9637
117120.000000  72  12.8  100  78.061
117180.000000  76  13.3  99.72  172.564
117240.000000  74  13.4  89.87  295.168
117300.000000  72  14.2  97.38  510.54
117360.000000  74  14.6  99.86  619.283
117420.000000  71  15.2  100  483.491
117480.000000  68  15.3  95.77  461.662
117540.000000  66  16.7  100  511.69
117600.000000  66  16.7  100  452.267
117660.000000  68  16.3  100  299.672
117720.000000  75  15.2  99.89  161.439
117780.000000  80  13.2  100  147.432
117840.000000  86  12.3  87.39  74.0151
117900.000000  87  12.2  90.69  22.836
117960.000000  91  11.5  86.35  5.09011
118020.000000  92  11.2  74.24  0
118080.000000  92  11.2  62.78  0
118140.000000  92  11.3  96.79  0
118200.000000  92  11.3  98.8  0
118260.000000  93  11.4  99.39  0
118320.000000  87  12.6  97.26  0
118380.000000  87  12.8  88  5.16562
118440.000000  87  13  89.32  27.8252
118500.000000  80  14.7  75.19  104.083
118560.000000  82  14.9  32.54  259.425
118620.000000  75  17.1  42.09  376.391
118680.000000  73  18.1  72.08  451.842
118740.000000  68  17.9  51.24  452.668
118800.000000  54  20.7  72.16  758.137
118860.000000  56  20.6  95.56  648.958
118920.000000  69  17.9  88.07  567.976
118980.000000  68  16.9  91.01  332.026
119040.000000  74  15.8  92.44  201.627
119100.000000  77  15.3  94.02  170.147
119160.000000  73  15.4  100  151.524
119220.000000  85  14.5  85.63  37.2109
119280.000000  91  13.5  98.96  20.404
119340.000000  91  13  99.73  4.84295
119400.000000  94  12.6  99.99  0
119460.000000  95  12.4  100  0
119520.000000  96  12.2  100  0
119580.000000  96  12.6  100  0
119640.000000  96  12.5  99.4  0
119700.000000  97  12.6  86.2  0
119760.000000  97  12.7  100  0
119820.000000  97  12.9  100  15.2713
119880.000000  97  13.1  77.55  30.212
119940.000000  96  12.6  100  25.3063
120000.000000  96  12.6  100  28.6619
120060.000000  95  13.1  100  73.7188
120120.000000  85  14  99.58  153.508
120180.000000  88  13.1  94.55  93.1879
120240.000000  78  13.6  89.29  158.235
120300.000000  67  15.3  85.16  650.613
120360.000000  63  15.4  95.21  842.699
120420.000000  59  15  95.83  635.825
120480.000000  65  14.9  50.22  317.479
120540.000000  61  15.1  37.79  440.182
120600.000000  61  14.3  47.96  318.317
120660.000000  57  13.7  59.39  228.919
120720.000000  65  12.5  44.5  59.5098
120780.000000  61  12.2  38.32  40.6647
120840.000000  61  11.8  0.73  6.70966
120900.000000  65  11.2  0.01  0
120960.000000  69  10.6  0.04  0
121020.000000  70  10.4  0.01  0
121080.000000  77  9.1  17.22  0
121140.000000  77  8.8  3.44  0
121200.000000  79  8.8  79.47  0
121260.000000  76  10.6  97.81  43.8889
121320.000000  79  11.2  93.43  67.5584
121380.000000  78  11.9  100  76.2037
121440.000000  70  13.2  97.88  159.901
121500.000000  59  15  92.19  255.618
121560.000000  50  16  91  514.419
121620.000000  49  17  92.94  397.288
121680.000000  46  17.8  70.07  434.05
121740.000000  47  19.3  53.66  790.689
121800.000000  44  20.8  63.42  599.671
121860.000000  40  21.9  29.57  708.011
121920.000000  36  23.1  33.22  680.615
121980.000000  44  21.2  33.51  567.737
122040.000000  48  19.6  22.26  482.664
122100.000000  59  17.7  84.7  263.266
122160.000000  66  16  44.03  53.0331
122220.000000  67  15.3  14.39  26.2843
122280.000000  66  14.4  1.97  1.12316
122340.000000  70  13.8  2.8  0
122400.000000  66  13  5.73  0
122460.000000  71  12.8  23.11  0
122520.000000  75  12.3  26.95  0
122580.000000  69  12.9  12.64  0
122640.000000  66  13.3  11.27  0
122700.000000  64  14.1  12.41  10.237
122760.000000  56  17.1  18.73  23.3513
122820.000000  55  19.4  26.08  299.61
122880.000000  48  20.6  26.11  475.969
122940.000000  43  21.9  37.94  507.287
123000.000000  31  23.7  49.28  710.614
123060.000000  36  24.7  71.06  108.862
123120.000000  48  21.9  62.05  572.909
123180.000000  52  22.6  100  409.413
123240.000000  61  20.3  84.13  504.317
123300.000000  69  17.8  87.42  386.218
123360.000000  81  15.4  100  393.45
123420.000000  88  14.6  100  54.3883
123480.000000  93  13  100  15.4783
123540.000000  94  12.1  100  5.0515
123600.000000  94  11.8  100  1.83966
123660.000000  95  11.6  100  0
123720.000000  96  11.4  100  0
123780.000000  95  11  100  0
123840.000000  95  10.6  100  0
123900.000000  96  10.5  100  0
123960.000000  96  10.5  100  0
124020.000000  96  10.6  100  0
124080.000000  96  10.6  100  0
124140.000000  96  10.8  89.03  0
124200.000000  95  10.9  88.69  7.84385
124260.000000  94  11.9  75.43  103.797
124320.000000  90  11.8  80  147.797
124380.000000  89  12.5  84.75  132.84
124440.000000  78  14.4  97.04  477.292
124500.000000  80  15.8  100  445.804
124560.000000  77  15.9  45.86  490.186
124620.000000  76  17  11.31  564.358
124680.000000  74  18.2  1.67  819.148
124740.000000  71  18  10.34  738.757
124800.000000  72  18.3  8.48  662.1
124860.000000  69  18.7  4.84  551.349
124920.000000  71  18.2  14.52  425.137
124980.000000  85  16.1  6.56  233.313
125040.000000  86  15.7  12.62  19.8595
125100.000000  86  15.1  12.69  10.6662
125160.000000  87  14.8  0  2.08446
125220.000000  90  14.3  0  0
125280.000000  93  13.9  0.38  0
125340.000000  94  13.5  3.62  0
125400.000000  85  15.8  32.8  0
125460.000000  85  15.3  56.31  0
125520.000000  82  16.3  70.74  0
125580.000000  85  16  56.31  19.258
125640.000000  87  16.7  69.11  56.7583
125700.000000  76  19.3  57.81  220.964
125760.000000  70  20.2  59.03  286.062
125820.000000  66  21.2  83.49  372.232
125880.000000  66  22.6  77.57  410.962
125940.000000  65  23.3  88.59  497.965
126000.000000  65  22.4  94.14  429.808
126060.000000  66  22.4  38.97  414.05
126120.000000  53  23.6  90.69  766.892
126180.000000  59  22.8  6.43  430.151
126240.000000  54  23.5  4.91  610.125
126300.000000  54  22.8  4.27  442.337
126360.000000  60  21.9  1.63  397.208
126420.000000  72  19.8  34.73  174.268
126480.000000  77  19.5  90.01  72.3225
126540.000000  78  18.6  21.88  50.0806
126600.000000  82  17.2  0.34  0.51025
126660.000000  85  16.6  11.3  0
126720.000000  80  17  74.72  0
126780.000000  48  22.2  99.94  0
126840.000000  51  21.6  97.99  0
126900.000000  74  17.7  96.74  0
126960.000000  82  16.8  99.1  0
127020.000000  88  16.4  97.56  2.75989
127080.000000  89  16.2  96.23  26.1136
127140.000000  85  15.9  99.14  75.0851
127200.000000  78  15.7  98.26  28.6608
127260.000000  77  16.1  98.29  71.6306
127320.000000  73  17.1  98.05  196.751
127380.000000  76  15.9  100  82.5066
127440.000000  79  15.9  27.64  172.849
127500.000000  78  16.5  64.49  214.105
127560.000000  73  18.3  49.46  488.421
127620.000000  66  19.2  38.74  726.981
127680.000000  62  19.2  48.55  511.131
127740.000000  60  19.8  89.18  521.636
127800.000000  62  18.3  100  271.992
127860.000000  71  17.2  97.81  85.7274
127920.000000  76  16.5  100  32.4795
127980.000000  75  15.8  99.27  40.0085
128040.000000  85  15  91.94  0
128100.000000  65  15.4  20.96  0
128160.000000  52  15.7  79.48  0
128220.000000  51  15.1  75.01  0
128280.000000  55  14.6  100  0
128340.000000  52  14.7  78.84  0
128400.000000  54  14.3  98.6  0
128460.000000  64  13.1  100  2.83381
128520.000000  73  12.1  100  33.993
128580.000000  67  12.7  91.95  83.6923
128640.000000  85  11.2  97.85  101.66
128700.000000  75  11.9  87.91  160.423
128760.000000  71  12.3  88.67  171.641
128820.000000  80  11.4  80.9  115.994
128880.000000  81  12.6  100  208.959
128940.000000  71  13.2  100  317.717
129000.000000  63  13.3  100  386.558
129060.000000  51  14.9  100  281.969
129120.000000  51  14.6  85.8  362.801
129180.000000  56  14.1  100  346.076
129240.000000  58  14.2  99.58  211.455
129300.000000  70  12.3  90.27  149.084
129360.000000  64  12.7  81.67  54.3118
129420.000000  66  12.3  89.52  43.9974
129480.000000  65  12  80.6  20.8703
129540.000000  61  12.1  61.74  0
129600.000000  66  11.3  47.69  0
129660.000000  63  11.4  96.69  0
129720.000000  56  11.9  71.97  0
129780.000000  55  12.1  72.87  0
129840.000000  54  12.6  71.32  0
129900.000000  56  12.6  62.21  24.0923
129960.000000  58  12.6  53.25  40.1667
130020.000000  54  13.7  48.8  129.392
130080.000000  56  14.2  39.8  253.62
130140.000000  53  15  93.03  270.628
130200.000000  52  15.8  92.96  641.642
130260.000000  61  13.9  93.13  184.394
130320.000000  61  14.7  96.56  378.735
130380.000000  60  15  94.94  336.812
130440.000000  58  15.7  70.33  480.319
130500.000000  61  14.8  87.95  280.129
130560.000000  65  14.3  95.24  122.716
130620.000000  64  14.3  98.49  181.702
130680.000000  64  14.5  90.74  111.077
130740.000000  64  14.2  100  55.046
130800.000000  67  13.5  100  19.6502
130860.000000  72  12.8  99.99  0
130920.000000  79  12  100  0
130980.000000  86  11.6  100  0
131040.000000  92  10.9  100  0
131100.000000  95  10.4  100  0
131160.000000  95  10.2  100  0
131220.000000  94  9.9  100  0
131280.000000  92  9.9  88.5  0
131340.000000  89  10.2  99.4  11.1984
131400.000000  86  10.6  100  39.1398
131460.000000  85  10.8  100  35.2159
131520.000000  93  10.2  100  46.683
131580.000000  90  10.3  93.59  66.5653
131640.000000  84  11.7  96.24  146.727
131700.000000  78  11.4  92.11  128.778
131760.000000  72  12.4  81.91  288.771
131820.000000  63  13.6  95.25  641.586
131880.000000  70  12.6  89.82  329.608
131940.000000  71  12.1  88.7  286.034
132000.000000  68  13.4  89.33  504.531
132060.000000  63  13.2  94.59  536.547
132120.000000  74  12  97.54  182.619
132180.000000  75  11.9  100  147.3
132240.000000  85  10.9  99.61  17.6209
132300.000000  77  11.2  100  29.632
132360.000000  85  10.7  100  0
132420.000000  92  10.1  100  0
132480.000000  94  10.1  100  0
132540.000000  93  10.2  100  0
132600.000000  91  10.4  100  0
132660.000000  92  10.6  100  0
132720.000000  94  10.3  100  0
132780.000000  93  10.3  100  10.8801
132840.000000  94  10.5  100  14.2707
132900.000000  93  10.7  100  16.3024
132960.000000  94  10.1  100  46.349
133020.000000  95  10.4  100  84.9152
133080.000000  95  10.8  99.95  109.866
133140.000000  93  10.3  100  148.987
133200.000000  90  10.6  100  137.89
133260.000000  85  11.1  100  143.091
133320.000000  89  11.4  88.89  150.494
133380.000000  90  11.3  100  169.796
133440.000000  86  11.9  99.54  169.553
133500.000000  93  10.8  100  132.293
133560.000000  93  10.3  100  75.7643
133620.000000  94  9.7  99.95  21.0535
133680.000000  94  9.5  86.8  9.3545
133740.000000  93  9.4  90.69  3.87249
133800.000000  92  9.3  51.04  0
133860.000000  94  9.1  64.09  0
133920.000000  90  8.9  24.97  0
133980.000000  86  8.3  31.81  0
134040.000000  83  8.3  74.02  0
134100.000000  86  8.4  31.95  0
134160.000000  84  8.9  43.79  0
134220.000000  71  10  78.84  21.2985
134280.000000  79  9.6  46.86  36.1928
134340.000000  76  10.7  61.23  101.399
134400.000000  64  12.1  53.27  231.684
134460.000000  62  12.4  68.16  467.609
134520.000000  55  13.4  59.02  481.717
134580.000000  52  14.1  74.18  500.769
134640.000000  45  15.7  36.18  675.979
134700.000000  49  14.5  84.38  387.337
134760.000000  51  16.2  88.95  564.511
134820.000000  56  14.9  93.84  472.84
134880.000000  54  15.3  99.07  487.402
134940.000000  58  14.7  91.33  508.716
135000.000000  63  13.1  100  210.969
135060.000000  68  12.4  63.66  122.129
135120.000000  72  11.8  96.44  62.8923
135180.000000  75  11.3  92.98  43.4309
135240.000000  82  10.5  54.25  0.49793
135300.000000  82  10.2  50.56  0
135360.000000  84  9.6  99.99  0
135420.000000  85  9.6  100  0
135480.000000  81  9.9  100  0
135540.000000  81  10.3  100  0
135600.000000  78  10.8  96.21  0
135660.000000  77  11.3  100  14.0483
135720.000000  76  11.8  99.35  44.9065
135780.000000  72  12.7  97.82  58.3566
135840.000000  73  13.8  98.6  138.472
135900.000000  64  16.2  44.25  331.079
135960.000000  54  17  73.36  273.35
136020.000000  52  18.8  60.41  600.599
136080.000000  49  18.8  100  661.763
136140.000000  51  18.5  71.62  303.789
136200.000000  51  18.9  98.5  522.072
136260.000000  52  19  88.49  366.7
136320.000000  52  19.5  75.03  585.943
136380.000000  41  20.7  92.74  584.414
136440.000000  55  18.6  97.14  283.072
136500.000000  78  15.3  88.7  65.2813
136560.000000  71  15.3  96.78  53.5913
136620.000000  85  12.9  95.89  7.97977
136680.000000  87  12  100  0
136740.000000  87  11.6  100  0
136800.000000  90  10.6  100  0
136860.000000  92  10  100  0
136920.000000  94  9.4  100  0
136980.000000  95  8.9  100  0
137040.000000  96  8.7  100  0
137100.000000  96  8.8  100  11.5811
137160.000000  96  9.2  100  27.1581
137220.000000  95  9.1  100  44.209
137280.000000  93  9.2  100  67.4937
137340.000000  91  9.3  100  98.0628
137400.000000  92  9  100  88.8412
137460.000000  93  9.1  100  77.3042
137520.000000  93  9.4  100  95.3255
137580.000000  91  9.2  100  82.5468
137640.000000  91  9.7  100  102.273
137700.000000  90  9.8  100  97.6952
137760.000000  93  9.2  100  62.7106
137820.000000  94  9  100  41.6705
137880.000000  94  8.9  100  36.7408
137940.000000  95  8.6  100  8.68152
138000.000000  95  8.5  100  4.98299
138060.000000  94  8.3  100  0
138120.000000  96  8  100  0
138180.000000  96  8  100  0
138240.000000  96  7.9  100  0
138300.000000  95  8.3  100  0
138360.000000  97  8.5  100  0
138420.000000  97  9  99.81  0
138480.000000  97  9.6  99.89  0
138540.000000  97  10.3  99.8  0
138600.000000  97  10.4  99.75  0
138660.000000  96  10.3  99.9  5.25898
138720.000000  96  10.2  100  14.6704
138780.000000  96  9.9  100  10.9707
138840.000000  97  10.2  100  51.5272
138900.000000  97  10.5  100  74.9356
138960.000000  96  10.8  93.75  63.3454
139020.000000  96  11.5  96.07  129.014
139080.000000  94  11.5  89.83  114.953
139140.000000  90  12.2  97.64  176.096
139200.000000  89  12  74.36  104.655
139260.000000  87  12.1  72.31  101.125
139320.000000  88  12.3  100  82.5688
139380.000000  89  12.1  82.37  67.0629
139440.000000  94  11.7  97.9  31.9041
139500.000000  94  11.7  99.95  32.625
139560.000000  92  11.2  92.4  10.1754
139620.000000  94  10.7  97.97  0
139680.000000  95  10.5  98.03  0
139740.000000  95  10.4  81  0
139800.000000  95  10.5  84.88  0
139860.000000  96  10.4  79.29  0
139920.000000  95  10.5  100  0
139980.000000  96  10.9  94.55  10.7392
140040.000000  95  11.2  100  22.5794
140100.000000  87  11.8  98.32  71.0369
140160.000000  84  12.2  98.48  82.0762
140220.000000  80  13.2  100  258.492
140280.000000  80  12.8  100  172.021
140340.000000  78  13.5  100  286.364
140400.000000  82  13.2  100  149.459
140460.000000  88  12.4  99.54  54.9467
140520.000000  91  12.6  98.28  41.688
140580.000000  90  12.3  94.6  61.7096
140640.000000  90  12.2  98.8  40.8216
140700.000000  85  13  93.35  174.893
140760.000000  84  12.5  92.6  86.6863
140820.000000  82  12.1  100  28.2533
140880.000000  83  12.2  98.69  31.2925
140940.000000  85  11.6  89.01  5.68921
141000.000000  87  11.5  99.97  0
141060.000000  83  11.7  99.21  0
141120.000000  87  11.5  92.28  0
141180.000000  88  11.4  96.49  0
141240.000000  89  11.4  99.78  0
141300.000000  94  10.9  89.72  0
141360.000000  96  10.7  93.86  0
141420.000000  96  10.8  89.77  0.18377
141480.000000  97  11.4  93.05  36.9264
141540.000000  96  11.9  90.56  69.6992
141600.000000  96  12.6  90.04  82.6715
141660.000000  88  13.5  94.39  184.51
141720.000000  79  14  87.99  240.051
141780.000000  81  14.6  89.57  310.351
141840.000000  73  15.2  95.82  383.67
141900.000000  76  14.7  97.14  245.79
141960.000000  81  14.1  91.52  217.984
142020.000000  86  13.3  89.52  266.381
142080.000000  84  13.7  98.9  150.859
142140.000000  87  13.2  97.23  120.401
142200.000000  88  12.8  100  59.8928
142260.000000  94  12.3  100  19.9989
142320.000000  94  12.1  100  29.3959
142380.000000  96  12  100  0
142440.000000  96  11.8  100  0
142500.000000  97  11.4  100  0
142560.000000  97  11.2  100  0
142620.000000  97  11  100  0
142680.000000  97  11  100  0
142740.000000  97  10.9  93.31  0
142800.000000  97  10.9  97.53  0
142860.000000  97  11.1  99.23  1.11719
142920.000000  97  11.5  100  12.1381
142980.000000  97  11.5  99.98  57.6975
143040.000000  93  11.8  100  128.33
143100.000000  94  11.7  100  88.1373
143160.000000  91  12.4  96.3  160.623
143220.000000  91  13.1  86.96  222.16
143280.000000  81  14.4  84.96  373.599
143340.000000  79  14.5  82.95  351.659
143400.000000  78  14  91.8  432.454
143460.000000  78  14.1  100  351.873
143520.000000  75  14.3  100  407.076
143580.000000  77  14.2  91.66  314.995
143640.000000  78  14.2  28.04  271.594
143700.000000  83  12.9  28.3  196.382
143760.000000  85  12.2  11.06  26.8604
143820.000000  89  11.5  0  14.3987
143880.000000  91  10.9  0  0
143940.000000  86  11.3  0  0
144000.000000  86  11.2  0  0
144060.000000  85  11.3  0.09  0
144120.000000  86  11  96.34  0
144180.000000  87  10.6  26.87  0
144240.000000  88  10.7  10.32  0
144300.000000  85  11.1  67.79  5.08926
144360.000000  76  13.2  63.81  22.1354
144420.000000  70  15  80.91  228.341
144480.000000  63  16.5  96.24  335.705
144540.000000  60  17.8  100  428.866
144600.000000  65  18.1  100  351.467
144660.000000  63  18  100  233.932
144720.000000  56  17.4  100  138.422
144780.000000  62  16.5  100  131.589
144840.000000  66  16.6  99.99  183.038
144900.000000  62  17  99.16  371.317
144960.000000  71  16.1  99.23  115.491
145020.000000  70  16.6  92.9  143.499
145080.000000  70  17  92.49  102.314
145140.000000  67  17.1  100  79.1188
145200.000000  71  16.8  100  82.9857
145260.000000  81  15.5  99.33  13.8779
145320.000000  85  14.8  100  0
145380.000000  93  13.7  100  0
145440.000000  95  13.2  100  0
145500.000000  96  13.1  100  0
145560.000000  97  13  100  0
145620.000000  97  13  100  0
145680.000000  97  13.1  100  0
145740.000000  97  13.2  100  0
145800.000000  97  13.3  100  8.08972
145860.000000  97  13.6  99.92  44.0216
145920.000000  96  13.8  100  81.0887
145980.000000  96  13.3  100  100.251
146040.000000  96  13.3  100  100.1
146100.000000  93  14  100  166.085
146160.000000  89  14.6  100  136.391
146220.000000  85  15.1  100  194.827
146280.000000  77  16  100  348.565
146340.000000  75  16.5  100  436.573
146400.000000  81  16  95.94  254.128
146460.000000  80  16.1  82.22  271.092
146520.000000  81  15.9  99.05  192.148
146580.000000  86  14.9  84.26  45.6549
146640.000000  87  14.1  63.57  49.176
146700.000000  88  13.6  54.28  2.97648
146760.000000  87  13.4  82.13  0
146820.000000  88  13.2  61.57  0
146880.000000  89  13.1  46.71  0
146940.000000  88  13.1  99.3  0
147000.000000  91  12.8  98.94  0
147060.000000  92  12.6  100  0
147120.000000  91  12.7  100  0
147180.000000  90  12.8  100  3.03147
147240.000000  89  12.9  94.23  39.0491
147300.000000  86  13.7  88.56  86.417
147360.000000  83  14.2  94.87  145.164
147420.000000  80  14.7  17.33  190.366
147480.000000  77  15.3  3.25  255.565
147540.000000  65  18.1  2.27  626.087
147600.000000  69  17.4  1.46  668.013
147660.000000  67  18.9  0.29  814.138
147720.000000  66  18.3  0.58  789.83
147780.000000  68  18.5  0.37  695.517
147840.000000  73  17.4  1.4  646.709
147900.000000  72  16.8  1.95  537.637
147960.000000  76  15.8  0.22  406.658
148020.000000  84  14.2  0  223.357
148080.000000  87  13.6  0  28.4522
148140.000000  89  13.4  0  14.7916
148200.000000  91  13.4  0  0
148260.000000  92  13.3  0  0
148320.000000  93  13.1  0  0
148380.000000  93  13  0  0
148440.000000  94  12.9  0  0
148500.000000  94  12.9  0  0
148560.000000  95  12.7  0  0
148620.000000  95  12.8  0  1.27952
148680.000000  96  12.8  0  11.8334
148740.000000  96  12.7  0  31.6327
148800.000000  95  13.2  0  56.1005
148860.000000  93  13.7  0.01  92.4907
148920.000000  90  14.2  2.88  125.682
148980.000000  89  14.3  76.22  155.066
149040.000000  90  14.6  20.57  191.315
149100.000000  85  15.4  62.16  305.378
149160.000000  80  16.8  3.33  460.261
149220.000000  76  16.8  0  686.938
149280.000000  82  15.6  0  593.018
149340.000000  84  15.4  0  243.061
149400.000000  85  15.4  0  130.953
149460.000000  85  15  0  86.4285
149520.000000  87  14.6  0  47.4744
149580.000000  87  14.3  0.01  18.3247
149640.000000  90  14  0  0
149700.000000  90  13.8  0  0
149760.000000  92  13.3  0.02  0
149820.000000  92  13.4  4.19  0
149880.000000  93  13.1  10.6  0
149940.000000  95  12.9  76.83  0
150000.000000  95  12.9  69.32  0
150060.000000  94  13.2  34.62  10.3925
150120.000000  92  13.3  98.59  30.2197
150180.000000  91  13.7  66.6  74.6814
150240.000000  90  14.2  100  104.636
150300.000000  84  15.1  100  200.692
150360.000000  78  18.2  99.86  559.112
150420.000000  73  18.3  95.57  630.312
150480.000000  68  19.9  70.44  739.131
150540.000000  77  17.3  100  408.358
150600.000000  73  18.4  100  517.099
150660.000000  77  18.6  100  393
150720.000000  76  18.7  100  354.569
150780.000000  77  19.1  99.96  169.156
150840.000000  78  19.4  99.99  111.252
150900.000000  77  17.8  100  70.775
150960.000000  79  17.3  99.97  24.2355
151020.000000  85  16.6  99.94  0
151080.000000  80  17.2  99.62  0
151140.000000  81  17.1  39.75  0
151200.000000  84  16.8  38.26  0
151260.000000  89  15.8  94.51  0
151320.000000  91  15.6  92.82  0
151380.000000  92  15.4  98.71  0
151440.000000  93  15.2  32.88  0
151500.000000  94  14.7  37.83  0.08731
151560.000000  93  15.7  60.83  28.0395
151620.000000  85  17.3  92.86  212.545
151680.000000  84  17.2  99.89  179.337
151740.000000  84  17.1  100  160.866
151800.000000  86  16.6  100  182.39
151860.000000  86  16.7  100  254.944
151920.000000  87  16.7  100  241.743
151980.000000  86  16.7  100  159.396
152040.000000  89  16.5  99.16  206.077
152100.000000  90  16.4  99.78  145.714
152160.000000  93  15.5  98.52  39.6258
152220.000000  95  15.7  100  48.2025
152280.000000  93  15.6  88.87  100.994
152340.000000  94  15.8  99.86  127.021
152400.000000  94  15.6  88.98  56.2941
152460.000000  95  14.4  69.03  13.7415
152520.000000  96  14.2  39.76  0
152580.000000  97  13.9  48.34  0
152640.000000  97  13.6  69.9  0
152700.000000  97  13.1  91.6  0
152760.000000  98  13.6  91.92  0
152820.000000  98  14  99.73  0
152880.000000  98  14.1  100  0
152940.000000  97  13.8  100  0
153000.000000  97  14  100  11.636
153060.000000  97  14.2  100  19.4186
153120.000000  97  14.3  97.86  46.6497
153180.000000  96  14.8  89.09  86.4459
153240.000000  94  14.9  96.76  110.203
153300.000000  90  15.9  60.15  191.194
153360.000000  86  16.8  27.42  248.405
153420.000000  86  16.8  30.13  236.225
153480.000000  81  18.5  59.5  341.358
153540.000000  77  18.7  41.35  451.776
153600.000000  72  19.6  94.45  621.133
153660.000000  84  16.7  100  223.31
153720.000000  92  15.5  100  63.5376
153780.000000  95  15  100  42.9433
153840.000000  95  14.9  100  23.8999
153900.000000  95  14.7  99.95  4.15703
153960.000000  95  14.5  99.98  0
154020.000000  96  14.1  100  0
154080.000000  96  13.9  99.93  0
154140.000000  97  13.6  99.21  0
154200.000000  97  13.5  99.84  0
154260.000000  97  13.6  99.74  0
154320.000000  97  13.6  99.96  0
154380.000000  97  13.9  100  9.43443
154440.000000  97  14.4  99.6  41.6316
154500.000000  94  14.9  99.43  147.2
154560.000000  92  15.6  99.63  195.69
154620.000000  87  16.1  99.95  273.423
154680.000000  81  16.3  100  296.986
154740.000000  79  17.4  98.88  443.302
154800.000000  78  17  100  659.141
154860.000000  79  17.1  99.86  334.991
154920.000000  82  16.4  99.94  394.082
154980.000000  84  15.7  99.97  156.476
155040.000000  91  14.8  100  59.9409
155100.000000  89  14.8  99.99  75.4012
155160.000000  91  14.6  99.99  32.1172
155220.000000  83  14.5  99.99  47.9121
155280.000000  85  14.2  91.65  16.694
155340.000000  86  14.1  100  6.11752
155400.000000  87  13.8  100  0
155460.000000  87  13.6  100  0
155520.000000  88  13.4  100  0
155580.000000  90  13.2  100  0
155640.000000  92  12.8  100  0
155700.000000  92  12.6  100  0
155760.000000  94  12.5  100  0
155820.000000  93  12.6  99.91  0
155880.000000  92  12.5  98.18  9.33955
155940.000000  93  12.9  98.71  30.5684
156000.000000  88  13.4  99.1  105.272
156060.000000  90  12.9  97.91  85.267
156120.000000  89  13.1  99.73  134.858
156180.000000  87  13.3  99.98  123.592
156240.000000  77  13.9  89.07  155.459
156300.000000  77  14  74.44  193.567
156360.000000  71  14.7  65.66  196.21
156420.000000  68  15.3  9.46  280.772
156480.000000  67  15.8  1.45  255.564
156540.000000  65  16.1  0.53  443.779
156600.000000  69  15.7  0.98  381.935
156660.000000  80  14.5  6.15  164.852
156720.000000  85  13.2  56.59  24.9723
156780.000000  87  12.7  67.09  12.1853
156840.000000  88  12.3  19.98  0
156900.000000  88  12.1  13.05  0
156960.000000  91  11.5  37.17  0
157020.000000  91  12.2  49.31  0
157080.000000  84  13.3  69.78  0
157140.000000  83  13.4  24.55  0
157200.000000  82  13.7  41.13  0
157260.000000  81  13.9  15.9  6.04114
157320.000000  78  14.6  36.7  49.2824
157380.000000  76  15.7  19.03  135.166
157440.000000  72  16.8  4.75  235.577
157500.000000  73  17.3  6.27  219.959
157560.000000  67  18.9  42.31  245.172
157620.000000  60  20.8  60.62  533.174
157680.000000  56  22.4  98.05  701.046
157740.000000  50  22.1  30.69  640.702
157800.000000  58  21.3  31.54  515.967
157860.000000  64  19.1  82.77  199.675
157920.000000  65  19.7  97.84  271.483
157980.000000  63  19.7  70.53  308.697
158040.000000  65  19.8  99.75  198.903
158100.000000  74  18.8  98.73  139.638
158160.000000  77  18.5  96.22  78.5847
158220.000000  80  16.9  95.95  27.9933
158280.000000  83  16.4  84.98  0
158340.000000  86  16.2  95.57  0
158400.000000  83  16.3  77.89  0
158460.000000  79  16.7  87.79  0
158520.000000  73  17.8  93.78  0
158580.000000  73  17.5  97.36  0
158640.000000  75  17.1  98.89  0
158700.000000  80  17  90.06  12.4248
158760.000000  81  17.7  51.48  60.2483
158820.000000  69  20.3  66.44  161.57
158880.000000  76  20.2  68.14  176.255
158940.000000  59  23.5  27.49  469.099
159000.000000  55  24.9  81.85  592.685
159060.000000  47  25.6  96.07  574.401
159120.000000  44  26.1  45.75  752.617
159180.000000  44  27.2  72.98  675.107
159240.000000  42  28  96.17  714.687
159300.000000  45  26.5  85.99  641.832
159360.000000  44  26.5  86.01  599.582
159420.000000  47  26.1  90.1  511.485
159480.000000  51  24.9  67.13  383.134
159540.000000  66  21.7  47.49  184.517
159600.000000  74  19.9  16.11  19.1036
159660.000000  75  18.8  5.26  7.02234
159720.000000  75  18  11.24  0
159780.000000  80  16.8  0.99  0
159840.000000  81  16.3  0.23  0
159900.000000  81  16.1  0  0
159960.000000  84  15.7  0  0
160020.000000  84  15.4  0  0
160080.000000  86  15.1  0  0
160140.000000  88  15.4  0.2  3.60858
160200.000000  82  17.3  89.42  20.8923
160260.000000  75  19.5  97.84  223.228
160320.000000  74  20.9  98.16  261.639
160380.000000  67  21.7  12.19  355.178
160440.000000  76  21.1  21.78  221.961
160500.000000  70  23  19.06  395.717
160560.000000  56  26  2.36  601.899
160620.000000  45  27  27.88  531.998
160680.000000  36  27  99.69  330.937
160740.000000  51  24.6  100  179.469
160800.000000  64  20.4  99.99  96.1881
160860.000000  78  17.7  99.89  49.3231
160920.000000  77  17.9  99.33  19.2369
160980.000000  79  17.7  100  38.5097
161040.000000  83  17.4  100  32.4411
161100.000000  87  15.9  100  0
161160.000000  93  14.8  100  0
161220.000000  95  13.8  100  0
161280.000000  94  13.1  100  0
161340.000000  95  12.7  100  0
161400.000000  95  12.5  100  0
161460.000000  96  12.1  100  0
161520.000000  96  12.1  100  0
161580.000000  97  12.2  100  4.85489
161640.000000  97  12.3  99.65  16.2469
161700.000000  97  12.3  99.87  10.8759
161760.000000  96  12.6  99.95  30.4418
161820.000000  94  13.1  100  86.2792
161880.000000  93  13.4  100  59.3997
161940.000000  87  13.9  99.37  107.417
162000.000000  79  14.5  100  179.332
162060.000000  74  15.4  100  264.904
162120.000000  76  15.9  100  380.39
162180.000000  74  15.1  99.85  202.677
162240.000000  76  14.8  94.54  102.77
162300.000000  75  15  100  134.09
162360.000000  73  14.9  100  152.154
162420.000000  76  14.9  87.41  123.992
162480.000000  82  14.1  79.63  41.006
162540.000000  88  13.6  77.88  13.9079
162600.000000  88  13.1  18.66  0
162660.000000  87  12.8  22.22  0
162720.000000  88  12.6  59.71  0
162780.000000  88  12.6  60.56  0
162840.000000  87  12.4  78.32  0
162900.000000  88  12.4  100  0
162960.000000  91  12.7  100  0
163020.000000  93  12.7  100  0
163080.000000  94  12.4  100  2.17501
163140.000000  94  12.4  100  24.2461
163200.000000  94  12.5  100  48.7634
163260.000000  92  13.1  97.04  113.357
163320.000000  88  13.5  87.31  145.3
163380.000000  83  14.7  90.12  280.351
163440.000000  75  15.5  82.51  395.751
163500.000000  74  15.2  47.26  400.188
163560.000000  69  15.5  40.01  563.899
163620.000000  67  16.1  33.93  396.524
163680.000000  63  16.6  32.51  459.667
163740.000000  65  16.4  22.34  551.789
163800.000000  70  14.7  42.97  173.795
163860.000000  73  13.9  65.79  68.5228
163920.000000  83  12.9  56.03  55.07
163980.000000  85  12.2  46.99  21.0533
164040.000000  89  11  77.05  0
164100.000000  90  10.5  43.07  0
164160.000000  91  10.2  22.03  0
164220.000000  91  10.2  46.41  0
164280.000000  92  9.8  83.75  0
164340.000000  92  9.6  51.11  0
164400.000000  92  9.6  56.01  0
164460.000000  93  9.6  38.28  0.9404
164520.000000  88  11.5  9.61  20.4407
164580.000000  84  12.4  53.1  139.741
164640.000000  80  12.9  100  111.299
164700.000000  76  13.9  31.97  148.302
164760.000000  67  16.4  20.9  328.473
164820.000000  62  16.8  42.42  660.337
164880.000000  57  18.1  41.43  732.476
164940.000000  58  18.5  22.44  705.741
165000.000000  61  17.7  0.26  731.67
165060.000000  58  18.8  3.69  704.547
165120.000000  58  19.2  0  613.665
165180.000000  57  18.8  10.82  500.042
165240.000000  61  17.9  2.36  375.08
165300.000000  70  16.2  0.69  178.238
165360.000000  69  15.7  0  19.0027
165420.000000  71  15.2  19.8  5.80607
165480.000000  77  14  0  0
165540.000000  78  13.7  0  0
165600.000000  74  14.1  0  0
165660.000000  77  13.6  0  0
165720.000000  77  13.5  0  0
165780.000000  77  13.4  44.58  0
165840.000000  79  13  35.34  0
165900.000000  84  12.8  0  17.6121
165960.000000  74  15  57.58  34.7129
166020.000000  77  15.4  65.05  212.741
166080.000000  74  16.3  93.14  314.971
166140.000000  68  17.6  91.8  447.373
166200.000000  66  18.3  91.5  541.115
166260.000000  65  18.5  95.88  667.275
166320.000000  70  17.8  99.38  513.252
166380.000000  70  17.8  87.9  567.072
166440.000000  69  18.6  75.84  431.236
166500.000000  65  19.7  98.26  645.151
166560.000000  67  19.9  48.69  572.843
166620.000000  66  19.1  75.45  448.069
166680.000000  72  17.9  62.04  167.319
166740.000000  76  16.6  85.7  101.094
166800.000000  80  16  100  34.2813
166860.000000  83  15.5  95.72  2.3205
166920.000000  85  15.2  97.18  0
166980.000000  89  14.8  99.29  0
167040.000000  89  14.8  100  0
167100.000000  91  14.4  100  0
167160.000000  92  14.6  100  0
167220.000000  81  16  95.66  0
167280.000000  80  16.1  99.82  0
167340.000000  84  15.6  99.36  0
167400.000000  89  15.5  99.83  24.3488
167460.000000  91  15.5  100  20.0552
167520.000000  93  15.4  100  37.6685
167580.000000  92  15.7  97.58  61.8602
167640.000000  89  16.3  97.88  117.789
167700.000000  91  16.4  100  121.122
167760.000000  83  16.4  88.78  140.86
167820.000000  92  15.2  74.07  78.9089
167880.000000  79  18  33.87  344.919
167940.000000  71  19.9  86.86  540.983
168000.000000  71  18.5  99.94  426.248
168060.000000  80  16.2  98.16  189.263
168120.000000  94  13.5  96.13  14.4394
168180.000000  96  14  70.47  19.6119
168240.000000  96  14.3  81.98  30.2601
168300.000000  96  13.2  94.47  8.7546
168360.000000  97  13.2  100  0
168420.000000  97  13.4  96.99  0
168480.000000  97  13.3  47.68  0
168540.000000  97  13  80.97  0
168600.000000  97  12.5  86.64  0
168660.000000  97  12.2  50.21  0
168720.000000  97  11.6  38.38  0
168780.000000  97  11.6  22.8  2.19228
168840.000000  97  11.8  25.85  17.7279
168900.000000  97  12.5  43.55  58.2118
168960.000000  93  14.8  65.2  283.635
169020.000000  85  15.9  86.58  218.865
169080.000000  79  15.3  89.22  311.315
169140.000000  74  16.1  88.27  377.394
169200.000000  69  16.2  84.01  511.515
169260.000000  71  16.1  94.29  386.701
169320.000000  71  16.3  88.58  463.691
169380.000000  76  15.5  90.94  270.025
169440.000000  72  16  75.05  338.61
169500.000000  75  15.6  86.49  269.175
169560.000000  82  15.1  74.96  107.106
169620.000000  89  14.4  49.23  56.0375
169680.000000  91  14.4  21.86  61.4301
169740.000000  92  12.8  91.1  11.3266
169800.000000  93  12.1  96.3  0
169860.000000  94  11.5  76.38  0
169920.000000  94  11.3  73.48  0
169980.000000  94  11  98.14  0
170040.000000  94  11.3  67.41  0
170100.000000  95  12  40.83  0
170160.000000  95  12.1  54.36  0
170220.000000  94  11.8  84.39  0
170280.000000  94  12.8  83.47  32.6919
170340.000000  83  15.3  72.99  210.206
170400.000000  70  15.6  88.37  242.823
170460.000000  68  16  100  235.495
170520.000000  79  13.6  70.53  108.008
170580.000000  68  15.9  67.38  309.55
170640.000000  73  16.2  93.51  531.424
170700.000000  69  16.7  100  495.279
170760.000000  81  15  87.58  235.935
170820.000000  86  13.4  87.62  169.194
170880.000000  74  15  95.87  161.563
170940.000000  73  14.9  97.48  172.353
171000.000000  70  14.9  100  124.187
171060.000000  75  13.9  100  54.9347
171120.000000  76  13.9  70.86  43.9883
171180.000000  77  13.4  28.82  7.55047
171240.000000  80  13.4  88.11  0
171300.000000  80  13.3  23.13  0
171360.000000  82  12.9  63.12  0
171420.000000  81  13  7.63  0
171480.000000  82  12.9  25.88  0
171540.000000  84  12.8  99.53  0
171600.000000  83  12.8  75.03  0
171660.000000  85  12.8  97.46  2.73039
171720.000000  84  13.4  98.39  25.8661
171780.000000  79  14.1  100  76.6197
171840.000000  80  14.6  99.23  139.413
171900.000000  77  15.6  99.96  188.292
171960.000000  75  15.7  86.92  249.21
172020.000000  71  16.5  98.64  241.236
172080.000000  66  17.1  79.13  396.827
172140.000000  57  18.5  54.3  584.13
172200.000000  52  19  82.37  578.433
172260.000000  55  19.7  71.17  701.975
172320.000000  59  19.1  63.59  588.164
172380.000000  60  18.5  23.63  441.188
172440.000000  65  17.4  30.18  367.373
172500.000000  78  15.1  16.58  152.534
172560.000000  80  14.4  19.59  33.7524
172620.000000  82  13.6  0  7.9276
172680.000000  83  13  0  0
172740.000000  86  12.7  0  0
172800.000000  84  13  0  0
172860.000000  78  14.2  0.15  0
172920.000000  80  13.9  0.26  0
172980.000000  77  14.1  78.44  0
173040.000000  75  14.2  70.4  0
173100.000000  76  14.4  77.04  4.61866
173160.000000  74  15.1  85.52  26.3635
173220.000000  71  16.2  75.36  66.2624
173280.000000  75  15.6  19.57  45.3649
173340.000000  60  19.2  82.97  420.109
173400.000000  63  19.3  78.93  348.495
173460.000000  57  20.5  58.21  435.59
173520.000000  55  20.6  89.56  415.314
173580.000000  50  19.5  96.2  192.102
173640.000000  53  19  98.62  75.6133
173700.000000  54  18.7  98.61  50.1937
173760.000000  89  14.2  100  21.4966
173820.000000  91  12.9  89.79  22.4091
173880.000000  93  12.6  99.03  16.3602
173940.000000  92  12.1  100  17.7441
174000.000000  95  11.9  78.57  0
174060.000000  95  11.5  100  3.56204
174120.000000  93  11.1  99.97  0
174180.000000  93  10.9  99.25  0
174240.000000  91  11.3  30.68  0
174300.000000  85  11.8  100  0
174360.000000  79  12.5  9.93  0
174420.000000  88  11.6  100  0
174480.000000  87  11.8  82.67  0
174540.000000  92  11.4  80.67  0
174600.000000  88  11.9  100  27.0051
174660.000000  84  12.5  100  101.263
174720.000000  78  13.6  91.63  209.599
174780.000000  72  14.9  82.04  293.684
174840.000000  71  14.7  82.15  399.727
174900.000000  67  15.1  93.46  427.852
174960.000000  68  14.7  100  284.055
175020.000000  66  15.1  88.1  438.168
175080.000000  61  16.2  87.91  590.726
175140.000000  67  14.9  71.57  434.2
175200.000000  65  14.6  92.5  208.162
175260.000000  68  14.9  72.08  202.179
175320.000000  71  13.9  72.64  142.704
175380.000000  75  13.7  84.37  70.225
175440.000000  75  13.7  65.25  40.7209
175500.000000  77  13.2  92.82  0
175560.000000  75  12.9  93.71  0
175620.000000  76  12.4  79.58  0
175680.000000  75  12.3  73.89  0
175740.000000  77  12  50.34  0
175800.000000  82  10.8  71.02  0
175860.000000  83  10.8  72.16  0
175920.000000  83  10.3  80.09  0
175980.000000  88  10.9  38.28  7.76618
176040.000000  86  11.6  12.25  32.5284
176100.000000  74  13.7  20.96  172.355
176160.000000  67  14.7  37.88  277.174
176220.000000  59  15.7  38.32  456.566
176280.000000  59  16.6  90.93  531.993
176340.000000  50  17.1  82.9  562.877
176400.000000  62  15.9  91.21  323.39
176460.000000  69  15.7  85.59  320.375
176520.000000  68  16.1  90.2  410.261
176580.000000  69  16.3  93.17  448.892
176640.000000  69  15.8  70.38  418.663
176700.000000  69  15.9  48.72  281.99
176760.000000  68  15.7  57.23  334.794
176820.000000  72  14.5  22.98  150.13
176880.000000  80  13.4  22.77  37.1263
176940.000000  84  12.2  9.91  9.06597
177000.000000  87  11.6  5.84  0
177060.000000  88  11.4  3.26  0
177120.000000  91  11  0  0
177180.000000  91  10.7  0  0
177240.000000  92  10.5  0  0
177300.000000  93  10.6  0.4  0
177360.000000  95  10.5  30.73  0
177420.000000  94  10.6  15.14  0
177480.000000  84  12.5  11.11  18.1684
177540.000000  79  14.2  3.83  185.796
177600.000000  75  15.7  11.16  310.253
177660.000000  66  17.2  4.72  437.549
177720.000000  64  18.6  13.77  543.517
177780.000000  61  19.2  12.01  632.694
177840.000000  59  20  12.26  698.081
177900.000000  58  20.6  10.9  723.398
177960.000000  56  21  11.52  699.74
178020.000000  53  20.9  19.06  643.616
178080.000000  55  20.9  14.23  558.741
178140.000000  56  20.7  12.5  446.596
178200.000000  63  19.5  24.35  330.758
178260.000000  73  17.3  19.2  135.565
178320.000000  76  16.4  21.64  23.5539
178380.000000  72  15.4  3.33  4.25264
178440.000000  68  14.5  0.06  0
178500.000000  73  13.6  2.19  0
178560.000000  80  13.1  6.69  0
178620.000000  83  12.6  0.01  0
178680.000000  86  12.1  0  0
178740.000000  89  11.8  0  0
178800.000000  89  11.8  32.39  0
178860.000000  90  12  34.77  0
178920.000000  87  13.1  28.63  21.0822
178980.000000  78  15.7  61.07  173.286
179040.000000  72  17.2  78.15  286.855
179100.000000  72  18.5  42.84  374.152
179160.000000  62  19.8  89.9  514.374
179220.000000  58  20.5  89.22  624.67
179280.000000  60  20.6  91.54  367.545
179340.000000  56  20.8  97.39  495.163
179400.000000  58  21.2  99.4  406.284
179460.000000  59  21.1  99.59  496.463
179520.000000  61  20.2  100  286.53
179580.000000  65  19.6  91.28  144.199
179640.000000  72  19.2  97.78  103.388
179700.000000  74  18.7  100  82.1596
179760.000000  75  17.5  100  18.7331
179820.000000  81  16.3  100  0
179880.000000  91  15.6  100  0
179940.000000  88  14.9  100  0
180000.000000  88  15.2  100  0
180060.000000  93  15  99.89  0
180120.000000  94  14.5  99.2  0
180180.000000  96  14.9  99.51  0
180240.000000  95  15  99.98  0
180300.000000  95  14.8  100  0
180360.000000  96  14.7  100  0
180420.000000  96  14.5  100  0
180480.000000  96  14.3  100  2.31533
180540.000000  96  14.2  99.89  34.0782
180600.000000  96  14.1  100  51.1598
180660.000000  95  14.3  100  82.7482
180720.000000  93  14.6  100  166.466
180780.000000  89  15.1  99.74  210.009
180840.000000  89  14.9  100  148.413
180900.000000  87  14.6  100  90.0271
180960.000000  88  14.6  100  81.3266
181020.000000  87  14.7  100  94.2881
181080.000000  87  14.8  100  82.9695
181140.000000  89  14.5  100  35.4981
181200.000000  92  14  100  2.6178
181260.000000  93  13.8  99.96  0
181320.000000  94  13.6  97.6  0
181380.000000  95  13.6  88.54  0
181440.000000  95  13.6  54.37  0
181500.000000  96  13.1  27.74  0
181560.000000  96  13.2  24.53  0
181620.000000  96  13.4  12.98  0
181680.000000  96  13.6  95.11  0
181740.000000  95  13.7  98.65  0
181800.000000  95  13.9  96.55  2.03565
181860.000000  93  14.1  97.22  18.5977
181920.000000  88  14.6  99.8  46.2946
181980.000000  83  15.5  98.12  165.111
182040.000000  77  17.5  60.99  339.701
182100.000000  76  18.2  77.54  654.409
182160.000000  71  19.6  66.47  703.155
182220.000000  70  19.9  87.37  652.913
182280.000000  70  20.2  89.15  657.684
182340.000000  73  18.9  86.38  459.526
182400.000000  72  19.6  97.7  317.486
182460.000000  76  18.7  99.03  260.637
182520.000000  79  17.9  99.77  83.8997
182580.000000  92  16.5  99.84  12.7502
182640.000000  95  15.7  96.53  2.60702
182700.000000  90  16.1  99.99  0
182760.000000  90  16.7  89.19  0
182820.000000  93  16.2  99.84  0
182880.000000  95  15.9  99.94  0
182940.000000  95  15.9  99.72  0
183000.000000  95  15.8  100  0
183060.000000  96  15.7  94.68  0
183120.000000  96  15.6  98.4  0
183180.000000  96  15.4  83.48  0
183240.000000  97  15.7  100  10.3579
183300.000000  96  16.1  84.73  40.5792
183360.000000  96  16.4  97.72  41.5055
183420.000000  95  16.9  80.46  48.4104
183480.000000  89  18.9  95.16  182.556
183540.000000  81  20.3  100  254.431
183600.000000  84  20.1  78.94  183.31
183660.000000  85  20.7  80.5  214.082
183720.000000  81  21.2  97.17  213.466
183780.000000  82  20.7  99.9  185.439
183840.000000  85  20.9  100  133.165
183900.000000  84  20.9  99.33  128.804
183960.000000  87  18.9  98.82  42.4824
184020.000000  89  18  89.48  72.9985
184080.000000  90  17.8  94.31  21.9444
184140.000000  92  17.6  100  0
184200.000000  92  17.2  99.44  0
184260.000000  93  17.1  99.89  0
184320.000000  95  17.2  100  0
184380.000000  96  16.9  99.12  0
184440.000000  96  16.6  99.6  0
184500.000000  97  16.6  97.71  0
184560.000000  97  17  90.23  0
184620.000000  95  17.1  82.23  0
184680.000000  96  17.3  92.08  18.4988
184740.000000  82  18.7  100  26.9228
184800.000000  91  18.3  89.73  49.5844
184860.000000  90  18  85.82  70.5792
184920.000000  86  19.7  79.98  246.017
184980.000000  78  22.1  95.68  414.5
185040.000000  80  21  98.26  291.6
185100.000000  86  18.7  94.08  190.35
185160.000000  82  18.9  79.74  243.281
185220.000000  87  16.9  100  383.717
185280.000000  90  16.9  100  108.85
185340.000000  91  16.5  100  176.123
185400.000000  92  14  100  15.7524
185460.000000  95  13.4  93.41  11.9955
185520.000000  96  13.5  100  17.5272
185580.000000  96  13.5  11.53  0
185640.000000  97  13.3  0.48  0
185700.000000  96  13.4  3.75  0
185760.000000  95  13.6  5.56  0
185820.000000  95  13  0.07  0
185880.000000  96  12.4  0.03  0
185940.000000  97  12.6  0.09  0
186000.000000  97  12.4  81.58  0
186060.000000  96  12.3  72.08  0
186120.000000  93  13.2  64.28  20.7061
186180.000000  91  13.4  79.63  25.731
186240.000000  79  15.9  100  102.819
186300.000000  74  16.9  92.57  171.316
186360.000000  86  15.1  31.89  146.12
186420.000000  70  17.3  91.07  446.488
186480.000000  78  15.5  100  208.541
186540.000000  76  15.4  100  189.895
186600.000000  64  16  20.81  158.901
186660.000000  58  17.3  18.7  336.453
186720.000000  54  17.4  54.44  217.356
186780.000000  56  17  93.26  127.96
186840.000000  67  15  75.15  33.1316
186900.000000  67  14.6  42.17  40.5787
186960.000000  73  14.1  72.47  44.7011
187020.000000  78  13.6  19.03  2.50538
187080.000000  76  13.5  23.54  0
187140.000000  78  13.4  9.41  0
187200.000000  83  13.1  62.42  0
187260.000000  83  12.8  93.34  0
187320.000000  83  12.5  99.97  0
187380.000000  80  12.6  97.95  0
187440.000000  79  12.7  99.74  0
187500.000000  70  13.9  99.36  0
187560.000000  68  13.7  99.77  5.75563
187620.000000  74  13.7  99.95  30.9901
187680.000000  72  13.8  100  33.071
187740.000000  65  15.7  95.18  135.24
187800.000000  66  15.4  100  106.565
187860.000000  61  16.7  99.19  253.818
187920.000000  60  17.8  100  247.511
187980.000000  68  17.7  97.55  209.898
188040.000000  73  17.6  99.42  241.926
188100.000000  78  16.6  99.32  203.953
188160.000000  93  15.3  100  85.4781
188220.000000  93  15.1  99.97  36.5613
188280.000000  93  14.7  100  26.6718
188340.000000  92  14.1  100  25.8382
188400.000000  93  13.4  99.85  3.38031
188460.000000  94  12.9  100  0
188520.000000  93  12.9  100  0
188580.000000  94  12.4  100  0
188640.000000  93  12.1  99.99  0
188700.000000  92  11.9  99.99  0
188760.000000  90  12  20.91  0
188820.000000  88  11.8  47.48  0
188880.000000  85  12.1  70.78  0
188940.000000  78  12.6  60.85  0
189000.000000  72  13.4  31.36  16.3582
189060.000000  69  14.2  91.34  66.1086
189120.000000  71  14.3  95.4  154.422
189180.000000  81  13.5  99.8  129.21
189240.000000  89  12.6  83.84  120.13
189300.000000  92  13.1  76.89  138.962
189360.000000  91  13.4  94.57  203.378
189420.000000  78  14.7  100  262.316
189480.000000  89  13.1  100  143.715
189540.000000  94  12.4  89.03  57.0026
189600.000000  94  13  100  89.168
189660.000000  88  12.9  88.72  103.019
189720.000000  92  12.3  99.13  30.0308
189780.000000  87  12.2  86.22  37.0551
189840.000000  88  12.5  87.86  7.85889
189900.000000  84  12.1  100  0
189960.000000  91  11.4  100  0
190020.000000  92  11.8  100  0
190080.000000  96  12.2  100  0
190140.000000  95  12.6  100  0
190200.000000  94  12  100  0
190260.000000  92  12.3  100  0
190320.000000  93  12  100  0
190380.000000  94  11.1  89.15  0
190440.000000  90  10.8  95.44  0
190500.000000  88  10.7  100  19.8865
190560.000000  89  10.9  100  32.3961
190620.000000  92  10.6  100  44.0214
190680.000000  89  10.7  90.29  57.6503
190740.000000  77  11.7  100  146.662
190800.000000  88  11  98.55  160.393
190860.000000  85  11.1  96  143.935
190920.000000  83  11.5  99.23  143.011
190980.000000  85  11.4  89.72  123.817
191040.000000  82  11.9  86.83  165.179
191100.000000  82  11.6  100  130.296
191160.000000  86  10.9  88.53  62.6193
191220.000000  86  10.8  99.84  26.2499
191280.000000  86  10.9  100  7.80215
191340.000000  92  10.3  99.82  0
191400.000000  90  10.3  98.83  0
191460.000000  90  10.3  100  0
191520.000000  89  10.6  100  0
191580.000000  92  10.3  100  0
191640.000000  92  10.5  100  0
191700.000000  90  10.6  100  0
191760.000000  90  10.7  96.59  0
191820.000000  89  10.9  96.56  0
191880.000000  91  10.8  100  0
191940.000000  94  11.1  100  15.2728
192000.000000  91  11.8  100  94.1769
192060.000000  84  13.4  46.42  226.658
192120.000000  75  14.3  60.46  367.843
192180.000000  68  16.1  76.73  462.656
192240.000000  60  16.6  72.4  609.673
192300.000000  57  16.7  86.23  522.022
192360.000000  63  16.6  80.94  603.914
192420.000000  67  16  83.65  284.633
192480.000000  71  16  79.6  296.424
192540.000000  63  16.7  61.1  288.353
192600.000000  70  16.1  92.88  291.584
192660.000000  79  14.5  99.45  77.6891
192720.000000  78  14.8  94.67  9.13045
192780.000000  76  14.9  100  0
192840.000000  74  14.9  99.99  0
192900.000000  79  14.3  100  0
192960.000000  77  14.5  98.77  0
193020.000000  73  15.1  99.99  0
193080.000000  72  15  66.36  0
193140.000000  75  14.2  84.19  0
193200.000000  82  13.2  17.58  0
193260.000000  67  14.8  74.91  0
193320.000000  67  15.3  80.66  19.7993
193380.000000  76  15.5  98.85  66.7878
193440.000000  67  17.6  78.93  187.261
193500.000000  60  19.3  74.64  195.87
193560.000000  57  20.3  94.59  378.743
193620.000000  67  19.6  100  254.45
193680.000000  82  18.5  96.97  168.061
193740.000000  69  18.6  99.41  230.22
193800.000000  82  16.6  97.08  71.7539
193860.000000  77  16.7  80.16  64.6138
193920.000000  83  16.5  90.38  63.108
193980.000000  75  19.4  75.93  331.937
194040.000000  73  18.4  56.02  123.628
194100.000000  77  18.1  70.4  66.5342
194160.000000  74  17.4  68.69  33.0528
194220.000000  78  17  93.89  0
194280.000000  85  16.3  94.05  0
194340.000000  82  16  99.98  0
194400.000000  84  15.6  77.24  0
194460.000000  81  15.4  54.14  0
194520.000000  84  14.9  80.59  0
194580.000000  84  15.1  94.3  0
194640.000000  87  14.9  57.72  0
194700.000000  85  15.3  88.31  0
194760.000000  90  15.3  89.31  3.91109
194820.000000  89  15.7  95.9  16.575
194880.000000  83  16.2  89.55  13.9398
194940.000000  87  16.5  89.89  21.3159
195000.000000  66  19.5  89.6  68.4662
195060.000000  62  20.1  78.62  141.16
195120.000000  67  20  86.56  187.016
195180.000000  65  20.3  86.29  362.254
195240.000000  67  18.7  88.92  435.802
195300.000000  69  17.9  96.92  326.176
195360.000000  74  16.7  94.9  169.767
195420.000000  75  16.5  93.23  207.625
195480.000000  78  15.6  98.65  153.261
195540.000000  83  14.8  100  50.9823
195600.000000  86  14.2  98.97  8.07661
195660.000000  90  13.8  49.24  0
195720.000000  91  13.7  19.35  0
195780.000000  91  13.6  27.34  0
195840.000000  91  13.5  17.39  0
195900.000000  92  13.5  25.41  0
195960.000000  93  13.3  25.05  0
196020.000000  94  13.2  15.1  0
196080.000000  95  13.1  100  0
196140.000000  95  13.1  58.45  0
196200.000000  95  13.4  91.94  17.4214
196260.000000  91  13.7  88.89  41.8991
196320.000000  87  14.4  100  71.0093
196380.000000  86  15.4  100  142.471
196440.000000  84  15.2  100  138.638
196500.000000  89  15  100  45.5362
196560.000000  90  15.1  100  72.6287
196620.000000  92  13.6  100  59.7563
196680.000000  92  14.1  95.7  72.0002
196740.000000  89  14.3  100  130.143
196800.000000  92  13.9  100  61.1768
196860.000000  92  13.8  96.99  62.1486
196920.000000  88  13.6  100  42.5913
196980.000000  82  14.1  100  18.7599
197040.000000  84  13.6  100  0
197100.000000  94  12.9  100  0
197160.000000  94  11.3  100  0
197220.000000  94  10.5  100  0
197280.000000  94  10.4  58.14  0
197340.000000  87  10.9  7.66  0
197400.000000  82  11.2  55.59  0
197460.000000  81  11.7  95.3  0
197520.000000  83  11.3  40.41  0
197580.000000  80  11.7  82.03  0
197640.000000  75  12.4  62.2  11.6662
197700.000000  74  12.8  7.21  50.1357
197760.000000  70  13.2  35.31  89.8219
197820.000000  74  13.3  71.26  105.28
197880.000000  78  13.2  78.01  117.474
197940.000000  65  14.7  85.39  355.518
198000.000000  66  14.7  56.65  200.514
198060.000000  76  14.6  100  215.697
198120.000000  67  14.6  53.89  299.448
198180.000000  77  13.1  61.17  148.739
198240.000000  67  14.4  61.48  130.81
198300.000000  82  12.3  98.04  55.8054
198360.000000  80  12.6  98.76  43.4918
198420.000000  73  13.2  97.89  14.078
198480.000000  67  13.4  98.56  0
198540.000000  65  13.9  99.98  0
198600.000000  53  14.8  99.84  0
198660.000000  51  14.6  100  0
198720.000000  48  15.2  100  0
198780.000000  52  14.9  100  0
198840.000000  52  14.8  100  0
198900.000000  52  14.8  100  0
198960.000000  57  14.3  98.08  0
199020.000000  58  14.3  90.99  0
199080.000000  62  13.6  59.13  0
199140.000000  64  14.1  99.9  32.5347
199200.000000  90  11.4  98.77  36.5794
199260.000000  93  12.5  85.29  119.045
199320.000000  84  13.4  63.56  180.666
199380.000000  91  12.4  100  76.3553
199440.000000  87  13  69.54  126.208
199500.000000  84  13.7  77.72  187.557
199560.000000  77  13.6  100  138.86
199620.000000  83  12.9  88.12  121.087
199680.000000  76  13.4  73.87  156.613
199740.000000  65  14.3  100  116.451
199800.000000  59  14.7  90.92  132.282
199860.000000  66  13.8  89.34  33.5795
199920.000000  65  13.6  77.04  15.8215
199980.000000  64  13.4  100  0
200040.000000  64  13.4  42.77  0
200100.000000  65  13.5  59.9  0
200160.000000  62  13.7  99.99  0
200220.000000  58  13.6  100  0
200280.000000  53  14.8  100  0
200340.000000  64  13.7  100  0
200400.000000  78  12.7  99.86  0
200460.000000  86  11.8  95.15  0
200520.000000  85  11.5  100  0
200580.000000  78  12.4  100  8.1346
200640.000000  87  12.4  100  24.5755
200700.000000  89  12.5  100  56.3148
200760.000000  93  12  100  52.7515
200820.000000  91  12.6  100  118.254
200880.000000  83  13.8  100  256.953
200940.000000  88  12.2  90.32  110.043
201000.000000  92  12.6  88.49  123.613
201060.000000  82  14  21.78  339.53
201120.000000  68  13.5  100  202.146
201180.000000  90  11.1  100  73.3972
201240.000000  86  11.6  26.62  128.755
201300.000000  84  11  18.73  42.2361
201360.000000  87  10.6  80.3  4.80641
201420.000000  84  11.2  32.72  0
201480.000000  77  11.4  32.31  0
201540.000000  89  10.2  100  0
201600.000000  90  10.1  100  0
201660.000000  83  10.7  99.15  0
201720.000000  84  10.5  89.76  0
201780.000000  89  10.2  100  0
201840.000000  91  10.3  100  0
201900.000000  90  10.2  98.24  0
201960.000000  90  10  95.74  6.02523
202020.000000  90  10.3  75.68  25.1596
202080.000000  87  11.1  72.31  61.4256
202140.000000  71  12.5  71.56  107.381
202200.000000  68  13.4  88.26  138.597
202260.000000  62  14.5  100  148.839
202320.000000  69  13.7  100  209.962
202380.000000  85  12.3  93.47  86.3241
202440.000000  76  13.9  89.26  109.395
202500.000000  68  14.3  100  87.8095
202560.000000  71  14  100  32.2582
202620.000000  83  12.6  100  31.0177
202680.000000  79  12.8  96.52  29.2828
202740.000000  87  12  100  8.58827
202800.000000  91  11.7  100  0
202860.000000  93  11  100  0
202920.000000  90  11.3  100  0
202980.000000  92  11.1  100  0
203040.000000  95  11  100  0
203100.000000  95  11.1  100  0
203160.000000  89  11.7  100  0
203220.000000  92  11.4  100  0
203280.000000  83  12.6  100  0
203340.000000  81  12.8  100  0
203400.000000  80  13.2  97.93  0
203460.000000  72  14.1  85.87  1.71161
203520.000000  71  15  71.57  35.6401
203580.000000  73  16.1  74.66  93.9334
203640.000000  49  20.8  16.06  244.017
203700.000000  49  21.1  36.83  234.594
203760.000000  47  21.9  68  206.258
203820.000000  48  21.6  79.28  97.5431
203880.000000  55  20.7  71.28  88.3146
203940.000000  69  18.6  40.23  104.737
204000.000000  68  18.8  74.32  128.357
204060.000000  61  19.6  65.34  203.189
204120.000000  74  18.1  100  101.12
204180.000000  79  16.7  100  17.7813
204240.000000  90  15.2  100  0
204300.000000  94  14.5  100  0
204360.000000  94  14  100  0
204420.000000  92  13.1  100  0
204480.000000  93  12.4  100  0
204540.000000  96  11.7  100  0
204600.000000  97  11.9  99.96  0
204660.000000  96  12.4  99.91  0
204720.000000  97  12.4  100  0
204780.000000  97  12.1  100  0
204840.000000  97  11.8  100  1.59146
204900.000000  97  12.4  99.99  30.9266
204960.000000  96  12.8  100  46.7697
205020.000000  94  13  93.44  60.2228
205080.000000  90  12.9  66.46  79.0567
205140.000000  88  13.9  48.22  228.709
205200.000000  77  14.6  100  317.167
205260.000000  70  16  85.84  511.068
205320.000000  76  16.3  71.81  461.694
205380.000000  70  16.2  89.33  490.706
205440.000000  63  16.9  81.25  418.401
205500.000000  74  16.2  74  200.044
205560.000000  84  14.3  77.07  182.876
205620.000000  87  13  87.24  31.339
205680.000000  90  12.2  90.23  3.71546
205740.000000  91  11.6  57.98  0
205800.000000  90  11.4  6.48  0
205860.000000  89  11.1  18.57  0
205920.000000  82  11.3  66.49  0
205980.000000  76  11.9  88.51  0
206040.000000  81  11.9  98.81  0
206100.000000  65  12.9  99.99  0
206160.000000  60  13.7  99.96  0
206220.000000  68  13.2  100  0
206280.000000  69  14.4  100  0
206340.000000  65  14.8  94.68  2.055
206400.000000  68  15.2  89.54  23.385
206460.000000  62  16.9  95.37  83.1858
206520.000000  57  17.9  100  185.459
206580.000000  57  18.1  93.1  137.964
206640.000000  62  19  99.64  164.734
206700.000000  63  17.9  95.76  96.5058
206760.000000  62  18.9  100  119.588
206820.000000  59  18.1  100  86.8462
206880.000000  58  18.3  99.84  49.1114
206940.000000  50  19.5  100  63.1613
207000.000000  52  19.8  99.67  60.3961
207060.000000  91  12.4  82.2  18.5766
207120.000000  91  12.1  3.37  5.13982
207180.000000  82  12  36.66  0
207240.000000  65  13.6  41.97  0
207300.000000  55  14.6  99.98  0
207360.000000  59  14.2  15.42  0
207420.000000  62  13.7  93.58  0
207480.000000  61  13.7  22.24  0
207540.000000  72  12.5  22.08  0
207600.000000  72  12.6  47.92  0
207660.000000  77  11.5  87.05  0
207720.000000  73  12.4  97.83  0.63975
207780.000000  78  12.3  78.95  31.6603
207840.000000  74  12.6  40.38  77.0163
207900.000000  71  14.3  3.56  183.323
207960.000000  59  16.1  99.94  356.321
208020.000000  56  16.7  100  453.975
208080.000000  52  16.1  100  214.523
208140.000000  74  14.4  99.88  90.5483
208200.000000  87  12.4  93.52  60.3932
208260.000000  75  14.9  99.32  366.509
208320.000000  75  14.2  97.16  179.348
208380.000000  73  13.5  100  145.363
208440.000000  76  12.9  100  54.6581
208500.000000  82  12.7  100  15.247
208560.000000  86  12.1  100  5.50863
208620.000000  92  12.1  100  0
208680.000000  94  11.1  100  0
208740.000000  95  10.8  99.61  0
208800.000000  93  10.2  23.67  0
208860.000000  91  10.3  38.87  0
208920.000000  92  9.8  25.27  0
208980.000000  93  9.4  47.4  0
209040.000000  95  8.8  9.32  0
209100.000000  95  8.9  100  0
209160.000000  93  9.1  91.88  4.31372
209220.000000  91  10.2  100  44.7138
209280.000000  83  10.9  82.39  51.0081
209340.000000  84  12.6  99.7  137.186
209400.000000  77  12.7  93.99  102.659
209460.000000  71  12.5  90.27  76.6069
209520.000000  59  14  87.03  238.295
209580.000000  58  14.4  89.96  181.248
209640.000000  68  13.7  76.51  73.021
209700.000000  58  15.1  96.22  104.059
209760.000000  55  15.5  91.77  376.166
209820.000000  67  13.7  97.43  54.0846
209880.000000  75  12.6  82.82  15.5494
209940.000000  81  11.8  53.71  0
210000.000000  84  10.9  99.98  5.28431
210060.000000  88  10  100  0
210120.000000  81  10.8  97.89  0
210180.000000  76  11.7  40.63  0
210240.000000  80  11.4  99.99  0
210300.000000  88  11.2  100  0
210360.000000  90  11  2.1  0
210420.000000  91  10.8  0  0
210480.000000  89  10.3  13.51  0
210540.000000  88  10.2  73.39  0
210600.000000  80  10.9  100  3.4378
210660.000000  71  12.2  100  37.065
210720.000000  56  13.9  99.64  44.332
210780.000000  82  11.5  98.72  40.6988
210840.000000  88  10.6  98.08  63.2634
210900.000000  89  11.4  100  123.791
210960.000000  82  11.6  35.75  183.49
211020.000000  86  11.5  99.67  162.744
211080.000000  88  10.9  99.41  138.338
211140.000000  87  10.9  91.07  152.624
211200.000000  81  11.5  99.71  107.452
211260.000000  87  10.7  84.63  73.2897
211320.000000  84  10.6  98.59  46.0634
211380.000000  92  9.9  100  8.36619
211440.000000  85  10.4  78.48  0
211500.000000  80  10.8  99.98  0
211560.000000  84  10.4  100  0
211620.000000  94  9.6  99.76  0
211680.000000  95  9.6  99.96  0
211740.000000  96  9.4  100  0
211800.000000  88  10.4  100  0
211860.000000  85  10.8  100  0
211920.000000  80  11  100  0
211980.000000  91  10.4  100  0
212040.000000  79  11.7  100  0
212100.000000  93  10.7  100  4.48421
212160.000000  94  10.2  99.77  23.7031
212220.000000  89  11  100  96.3016
212280.000000  85  11.9  100  182.4
212340.000000  87  11.3  98.86  84.2194
212400.000000  89  11.2  100  97.2535
212460.000000  88  10.3  100  44.1953
212520.000000  86  10.3  99.73  47.7599
212580.000000  89  10.4  78.8  91.2493
212640.000000  87  11.1  100  64.5412
212700.000000  86  11.1  90.69  49.5139
212760.000000  82  11.3  84.76  43.241
212820.000000  82  11.2  100  27.3161
212880.000000  87  10.7  79.14  0
212940.000000  75  11.3  99.91  0
213000.000000  69  11.5  98.9  0
213060.000000  78  10.4  7.51  0
213120.000000  74  10.6  6.17  0
213180.000000  78  10.1  6.33  0
213240.000000  75  10.3  9.31  0
213300.000000  77  10  9.29  0
213360.000000  85  9.1  9.37  0
213420.000000  85  9  69.5  0
213480.000000  85  9  62.06  0.11914
213540.000000  84  10.2  70.96  69.2052
213600.000000  71  13.2  75.87  189.923
213660.000000  67  14.7  84.35  223.203
213720.000000  68  14.2  98.56  341.4
213780.000000  64  15.3  94.57  244.571
213840.000000  64  15  100  137.481
213900.000000  64  14.3  100  92.4818
213960.000000  80  12.5  100  76.195
214020.000000  82  12.7  100  71.1527
214080.000000  85  12.1  100  44.7107
214140.000000  86  12.2  100  33.9318
214200.000000  84  12.7  100  27.0921
214260.000000  92  12.7  91.39  10.0527
214320.000000  69  16.7  100  0
214380.000000  61  17.9  100  0
214440.000000  59  18.6  100  0
214500.000000  62  18.2  100  0
214560.000000  62  18.1  100  0
214620.000000  66  17.5  100  0
214680.000000  60  18.5  98.42  0
214740.000000  62  18.4  100  0
214800.000000  62  18.1  99.98  0
214860.000000  67  17.4  99.89  0
214920.000000  65  17.9  100  0
214980.000000  67  17.7  100  1.00612
215040.000000  72  17.3  100  34.0493
215100.000000  82  16.6  100  60.2032
215160.000000  91  15.8  97.58  96.6924
215220.000000  92  16.2  100  97.1418
215280.000000  87  16.6  100  170.489
215340.000000  81  18  100  262.674
215400.000000  81  18.2  100  218.289
215460.000000  85  18.1  100  118.445
215520.000000  86  17.6  100  76.6268
215580.000000  84  17.4  91.97  73.3928
215640.000000  87  17  89.86  24.5398
215700.000000  88  16.3  100  21.9948
215760.000000  75  17.6  99.98  0
215820.000000  74  17.2  99.62  0
215880.000000  71  17.6  100  0
215940.000000  71  17.1  100  0
216000.000000  64  17.9  100  0
216060.000000  63  17.6  100  0
216120.000000  68  16.9  100  0
216180.000000  64  17.2  100  0
216240.000000  62  17.9  100  0
216300.000000  58  18.6  95.14  0
216360.000000  53  19.2  90.26  0
216420.000000  49  19.7  91.28  15.4773
216480.000000  43  21.2  100  114.587
216540.000000  50  21.9  95.81  193
216600.000000  54  20  90.6  95.1947
216660.000000  89  15.5  96.38  40.7715
216720.000000  68  18.8  97.92  127.256
216780.000000  72  17.8  99.62  80.4587
216840.000000  84  16.1  99.41  54.9604
216900.000000  94  14.7  97.47  38.6027
216960.000000  95  14.3  98.57  19.752
217020.000000  95  14.3  100  40.5566
217080.000000  95  14.1  100  8.34282
217140.000000  95  13.7  100  2.11053
217200.000000  96  13.3  46.55  0
217260.000000  96  13.1  0.54  0
217320.000000  96  12.1  0  0
217380.000000  96  11.2  0  0
217440.000000  97  10.7  2.71  0
217500.000000  97  10.6  2.57  0
217560.000000  97  10.4  10.01  0
217620.000000  95  10.3  26.39  0
217680.000000  95  10.5  39.39  0
217740.000000  96  10.8  100  0
217800.000000  95  10.9  100  1.55079
217860.000000  95  11  98.18  10.1577
217920.000000  93  11.3  99.88  22.3463
217980.000000  83  12  100  44.4121
218040.000000  81  12.9  96.18  133.148
218100.000000  89  12.8  100  103.214
218160.000000  62  16.2  100  464.587
218220.000000  70  13.9  96.01  271.583
218280.000000  78  13  99.37  140.198
218340.000000  72  13.5  100  188.867
218400.000000  90  11.8  100  88.3189
218460.000000  93  11.5  100  55.9171
218520.000000  95  11.5  100  10.2758
218580.000000  95  11.2  99.97  0.8417
218640.000000  94  10.8  100  0
218700.000000  94  10.3  100  0
218760.000000  94  10  100  0
218820.000000  94  9.6  51.74  0
218880.000000  95  9.7  94.04  0
218940.000000  95  9.8  77.99  0
219000.000000  95  9.6  89.05  0
219060.000000  95  9.4  93.6  0
219120.000000  94  9.5  98.61  0
219180.000000  93  9.6  99.95  0
219240.000000  92  9.8  91.61  0
219300.000000  90  9.9  100  15.3869
219360.000000  88  10.5  71.83  60.0549
219420.000000  82  11.5  88.54  165.546
219480.000000  79  12.6  79.93  214.957
219540.000000  72  13.1  83.66  270.682
219600.000000  68  13.6  64.77  262.33
219660.000000  68  14.2  85.89  283.155
219720.000000  67  14  93.21  364.809
219780.000000  74  13.3  95.48  205.752
219840.000000  83  12.6  96.5  147.135
219900.000000  82  12.6  89.86  135.1
219960.000000  83  12.5  94.84  78.3877
220020.000000  86  12.1  85.64  11.6509
220080.000000  88  11.3  33.72  0
220140.000000  91  9.8  18.98  0
220200.000000  92  9.4  16.98  0
220260.000000  93  9.5  2.39  0
220320.000000  92  10.1  32.68  0
220380.000000  90  10.2  3.68  0
220440.000000  91  10.1  0  0
220500.000000  92  10  0  0
220560.000000  91  10.2  0  0
220620.000000  93  9.6  0  0
220680.000000  91  9.7  0  0
220740.000000  82  11.6  15.75  80.856
220800.000000  78  12.4  15.22  192.814
220860.000000  73  13.7  4.47  311.853
220920.000000  73  15.8  0.44  422.524
220980.000000  70  16.2  0  522.963
221040.000000  62  16.9  0  605.075
221100.000000  59  17.6  0.47  585.565
221160.000000  59  18.1  6.79  557.308
221220.000000  56  18.7  2.15  493.399
221280.000000  58  18.8  1.26  404.276
221340.000000  67  17.9  3.97  311.068
221400.000000  77  14.4  3.71  186.848
221460.000000  79  13.5  0.19  8.11988
221520.000000  81  12.4  0  0
221580.000000  80  11.7  0  0
221640.000000  83  11.2  0  0
221700.000000  87  10.9  0  0
221760.000000  89  11  0  0
221820.000000  93  10.4  0  0
221880.000000  94  10.2  3.36  0
221940.000000  94  10.2  0  0
222000.000000  92  10.1  0  0
222060.000000  92  10.1  0  0
222120.000000  92  10  1.69  0
222180.000000  86  12.1  1.73  77.4504
222240.000000  87  12.4  7.62  182.197
222300.000000  77  14.3  8.94  297.002
222360.000000  71  16  2.16  408.54
222420.000000  71  17.1  42.22  516.852
222480.000000  63  18.5  36.64  617.456
222540.000000  65  18  74.98  454.84
222600.000000  67  17.9  81.52  393.298
222660.000000  65  18.3  66.76  390.002
222720.000000  72  17.3  72.88  340.157
222780.000000  78  16.2  70.14  195.807
222840.000000  84  14  71.14  76.3688
222900.000000  71  12.4  11.81  5.32681
222960.000000  78  11.9  0  0
223020.000000  66  11.1  0  0
223080.000000  82  11.1  0.01  0
223140.000000  87  10.8  3.5  0
223200.000000  87  10.8  3.81  0
223260.000000  90  10.8  63.69  0
223320.000000  91  11.3  84.76  0
223380.000000  91  11.5  93.89  0
223440.000000  89  12  99.97  0
223500.000000  87  12.7  91.15  0
223560.000000  87  12.9  100  0
223620.000000  67  15.6  100  0
223680.000000  82  14.2  89.55  1.65758
223740.000000  80  14.6  98.34  24.7904
223800.000000  73  15.9  100  86.1549
223860.000000  74  16  87.66  58.6692
223920.000000  77  16.3  68.03  80.456
223980.000000  84  16.9  82.51  140.479
224040.000000  69  18.7  97.62  188.944
224100.000000  81  17.4  89.12  65.6553
224160.000000  75  17.5  52.57  98.7831
224220.000000  71  17.5  75.36  119.334
224280.000000  73  17.2  67.36  116.049
224340.000000  79  15.2  100  38.347
224400.000000  86  14  80.42  2.77089
224460.000000  90  13  97.74  0
224520.000000  90  12.7  99.82  0
224580.000000  92  12.5  99.86  0
224640.000000  91  12.9  100  0
224700.000000  91  12.9  100  0
224760.000000  92  12.8  100  0
224820.000000  94  12.7  100  0
224880.000000  96  12.6  100  0
224940.000000  96  12.6  99.98  0
225000.000000  96  12.6  100  0
225060.000000  97  12.9  99.26  1.57086
225120.000000  97  13.2  100  22.1295
225180.000000  96  13.5  97.51  49.6564
225240.000000  95  13.9  99.26  82.2841
225300.000000  93  14.2  99.84  80.0167
225360.000000  92  14.3  99.86  61.6153
225420.000000  93  14.4  100  78.5986
225480.000000  95  14.9  100  152.405
225540.000000  91  15.7  91.41  139.324
225600.000000  91  15.6  84.51  124.7
225660.000000  92  15  99.96  81.8281
225720.000000  91  15.2  100  88.6359
225780.000000  93  14.6  26.84  16.0117
225840.000000  95  14.4  25.61  0
225900.000000  95  14.3  22.94  0
225960.000000  96  14.1  1.17  0
226020.000000  96  14  0.27  0
226080.000000  96  13.8  0  0
226140.000000  97  13.7  0  0
226200.000000  97  13.8  0  0
226260.000000  97  13.7  0  0
226320.000000  97  13.5  1.54  0
226380.000000  97  13.3  93.68  0
226440.000000  97  13.3  97.96  0
226500.000000  97  13.4  97.41  3.85023
226560.000000  97  13.7  96.85  23.5324
226620.000000  97  13.9  94.77  80.5474
226680.000000  95  15.1  93.26  155.827
226740.000000  90  16.1  91.11  259.804
226800.000000  85  17.5  87.64  498.433
226860.000000  81  18.3  79.88  529.536
226920.000000  86  17.4  56.04  301.007
226980.000000  81  18.3  34.38  327.494
227040.000000  83  18.8  74.25  346.693
227100.000000  86  17.6  83.42  175.818
227160.000000  89  16.9  80.65  63.8971
227220.000000  91  15.9  0  17.9166
227280.000000  93  15.1  0  0
227340.000000  95  14.5  0  0
227400.000000  96  14.4  0  0
227460.000000  96  14.2  5.25  0
227520.000000  96  14  3.77  0
227580.000000  97  13.7  0  0
227640.000000  97  13.7  0  0
227700.000000  97  13.5  0  0
227760.000000  98  13.3  0  0
227820.000000  98  12.9  97.73  0
227880.000000  98  12.9  87.61  0
227940.000000  98  13.2  85.87  23.517
228000.000000  98  13.7  84.52  99.2126
228060.000000  97  15.5  0.54  241.147
228120.000000  85  18.1  11.72  365.045
228180.000000  72  21  7.49  465.126
228240.000000  66  22.6  7.41  538.359
228300.000000  64  24.3  5.19  515.382
228360.000000  65  23.5  20.39  488.876
228420.000000  73  21.7  64.5  428.547
228480.000000  72  21.3  53.46  298.956
228540.000000  80  20.5  38.11  149.389
228600.000000  79  18.6  52.44  47.0931
228660.000000  80  17.9  32.23  10.0665
228720.000000  85  16.9  48.08  0
228780.000000  88  16.8  42.97  0
228840.000000  88  16.8  61.86  0
228900.000000  90  16.3  16.29  0
228960.000000  89  16.3  10.12  0
229020.000000  91  15.7  5.25  0
229080.000000  92  15.5  94.1  0
229140.000000  94  15.2  78.94  0
229200.000000  94  15.5  72.96  0
229260.000000  94  14.9  33.49  0
229320.000000  93  14.8  29.01  0
229380.000000  91  15.7  41.89  33.3963
229440.000000  85  17.9  58.28  119.012
229500.000000  77  19.2  61.9  216.176
229560.000000  73  21.6  48.58  357.048
229620.000000  67  21.8  27.35  472.276
229680.000000  57  23.9  14.97  531.317
229740.000000  58  24.3  12.66  510.55
229800.000000  55  24.9  13.64  488.858
229860.000000  58  24.2  12.13  426.397
229920.000000  51  24.2  22.9  343.473
229980.000000  64  22  24.97  245.324
230040.000000  70  19.7  17  98.793
230100.000000  73  18.6  10.66  10.963
230160.000000  77  17.4  0.01  0
230220.000000  84  15.9  0  0
230280.000000  87  15.3  0  0
230340.000000  89  14.9  0.14  0
230400.000000  90  15  0  0
230460.000000  93  14.5  0  0
230520.000000  95  14  0  0
230580.000000  95  14.1  0  0
230640.000000  94  14.2  0  0
230700.000000  88  14.6  69.96  0
230760.000000  82  15.3  58.64  0
230820.000000  82  15.7  79.01  10.6544
230880.000000  65  18.2  54.79  56.9851
230940.000000  62  19.4  21.46  103.993
231000.000000  55  21.4  0  248.228
231060.000000  60  22  26.56  480.271
231120.000000  53  22.5  16.52  493.302
231180.000000  57  22.6  86.92  449.038
231240.000000  62  22.2  88.34  248.088
231300.000000  69  22.2  99.76  138.954
231360.000000  76  19.6  100  21.0681
231420.000000  92  16.5  100  16.6822
231480.000000  94  16.3  100  13.3849
231540.000000  95  16.1  100  0.25334
231600.000000  95  16  99.99  0
231660.000000  95  15.9  100  0
231720.000000  95  15.9  100  0
231780.000000  92  16.2  100  0
231840.000000  94  16.2  100  0
231900.000000  96  16  100  0
231960.000000  97  15.9  100  0
232020.000000  97  15.8  100  0
232080.000000  97  15.7  100  0
232140.000000  97  14.9  100  0
232200.000000  96  14.3  100  0
232260.000000  97  14.1  100  0
232320.000000  97  13.8  100  0
232380.000000  96  13.2  100  14.5258
232440.000000  96  12.7  100  19.4707
232500.000000  96  12.2  100  21.8314
232560.000000  96  11.7  100  21.4768
232620.000000  96  11.5  100  33.7896
232680.000000  96  11.5  100  24.2007
232740.000000  96  11.5  100  31.4332
232800.000000  96  11.3  100  27.4624
232860.000000  96  10.6  100  16.6874
232920.000000  96  10.2  100  11.7268
232980.000000  96  9.6  100  4.21594
233040.000000  96  9.3  100  0
233100.000000  96  9  100  0
233160.000000  96  8.4  100  0
233220.000000  97  8.3  100  0
233280.000000  97  8.1  100  0
233340.000000  97  8  100  0
233400.000000  97  7.9  99.99  0
233460.000000  97  7.9  99.5  0
233520.000000  97  7.6  64.95  0
233580.000000  97  7.2  56.73  0
233640.000000  97  7  100  0
233700.000000  97  7.2  64.87  10.2614
233760.000000  97  8.7  51.15  57.5911
233820.000000  95  8.9  68.98  86.9996
233880.000000  88  10.9  100  328.318
233940.000000  77  11.5  79.06  417.122
234000.000000  69  13.3  65.91  265.329
234060.000000  65  13.9  59.77  420.508
234120.000000  60  13.9  53.38  450.172
234180.000000  60  13.2  89.55  430.534
234240.000000  64  12.6  99.28  282.733
234300.000000  71  11.7  99.05  98.8477
234360.000000  75  11.5  100  25.7881
234420.000000  80  10.9  100  0.68316
234480.000000  84  10.7  100  0
234540.000000  91  10  100  0
234600.000000  94  9.9  100  0
234660.000000  96  9.6  100  0
234720.000000  93  9.7  14.06  0
234780.000000  93  9.2  0.48  0
234840.000000  94  9.2  0.14  0
234900.000000  91  9.3  0.02  0
234960.000000  93  8.5  0.27  0
235020.000000  93  8  51.5  0
235080.000000  92  7.5  75.08  0
235140.000000  66  10.3  68.16  5.62328
235200.000000  60  12.7  58.21  79.5838
235260.000000  59  13.8  80.93  285.43
235320.000000  77  11.7  100  106.555
235380.000000  68  12.5  100  321.587
235440.000000  67  13.4  100  331.86
235500.000000  69  12.9  100  229.024
235560.000000  68  13.4  91.42  182.525
235620.000000  71  13.1  100  119.985
235680.000000  54  13.4  94.07  138.76
235740.000000  62  12.5  88.75  25.4298
235800.000000  55  13.1  100  12.5592
235860.000000  53  13  78.53  12.1387
235920.000000  52  13  99  0
235980.000000  55  12.5  84.93  0
236040.000000  76  10.5  100  0
236100.000000  81  9.1  100  0
236160.000000  81  8.3  100  0
236220.000000  75  9.2  99.94  0
236280.000000  80  8.9  100  0
236340.000000  84  8.6  100  0
236400.000000  79  9.3  100  0
236460.000000  74  9.8  93.79  0
236520.000000  79  9.4  98.43  0
236580.000000  80  9.2  98.19  13.4524
236640.000000  86  8.3  98.87  15.7544
236700.000000  90  8.5  99.6  16.3085
236760.000000  90  8.2  100  47.4603
236820.000000  91  8.6  100  42.368
236880.000000  92  8.7  100  63.2804
236940.000000  85  9  100  106.84
237000.000000  88  8.6  99.32  96.8701
237060.000000  83  8.6  100  83.6755
237120.000000  90  7.4  100  59.558
237180.000000  91  7.8  100  54.284
237240.000000  89  7.2  92.3  24.0703
237300.000000  90  7.2  100  0
237360.000000  91  6.7  100  0
237420.000000  91  6.9  53  0
237480.000000  87  6.7  1.15  0
237540.000000  90  6.7  94.07  0
237600.000000  84  6.8  89.41  0
237660.000000  87  6.3  1.94  0
237720.000000  74  6.7  100  0
237780.000000  70  7.4  11.14  0
237840.000000  69  7.4  85.71  0
237900.000000  70  7.2  76.87  0
237960.000000  65  7.6  100  0
238020.000000  74  7.3  88.53  6.14758
238080.000000  80  7.2  72.62  43.0449
238140.000000  77  7.7  47.94  82.2945
238200.000000  71  8.6  64.76  154.435
238260.000000  66  10.1  77.46  348.674
238320.000000  72  9.2  67.23  268.924
238380.000000  76  9.5  59.92  185.823
238440.000000  69  9.5  69.15  160.921
238500.000000  68  10.3  72.53  268.033
238560.000000  66  10.2  73.58  266.542
238620.000000  80  9.1  59.19  175.297
238680.000000  87  7.6  37.61  52.5371
238740.000000  78  7.9  73.9  3.61525
238800.000000  74  8.3  85.54  0
238860.000000  69  8.6  10.52  0
238920.000000  70  7.9  1.27  0
238980.000000  65  8.6  4.58  0
239040.000000  75  7.6  7.92  0
239100.000000  79  6.7  0  0
239160.000000  78  7.2  81.37  0
239220.000000  72  8  90.53  0
239280.000000  71  8.2  0.31  0
239340.000000  75  7.7  69.56  0
239400.000000  74  7.7  51.01  0
239460.000000  73  8.7  67.81  8.01327
239520.000000  81  9  50.52  58.8121
239580.000000  53  11.6  54.5  120.205
239640.000000  60  12.2  60.14  195.816
239700.000000  48  14  19.41  383.336
239760.000000  45  14.4  40.37  445.374
239820.000000  44  15.2  82.5  497.495
239880.000000  49  15.1  84.86  457.409
239940.000000  44  14.5  73.37  237.973
240000.000000  60  13.9  100  159.573
240060.000000  64  12.4  100  64.2902
240120.000000  67  11.8  100  17.527
240180.000000  60  11.7  99.29  0
240240.000000  70  10.9  100  0
240300.000000  83  10.3  100  0
240360.000000  85  10.4  100  0
240420.000000  85  10.8  100  0
240480.000000  70  12.3  96.3  0
240540.000000  67  14.6  91.15  0
240600.000000  73  13.2  54.21  0
240660.000000  71  13.1  98.66  0
240720.000000  64  15.5  100  0
240780.000000  61  16.4  88.55  0
240840.000000  60  16.6  76.54  0
240900.000000  65  16.2  89.36  0
240960.000000  71  15.7  76.6  38.9393
241020.000000  58  17.4  70.38  67.0179
241080.000000  61  17.7  91.93  92.2618
241140.000000  56  18.2  100  135.126
241200.000000  61  17.1  98.1  80.8891
241260.000000  82  15  99.99  73.1859
241320.000000  90  13.8  94.81  88.5753
241380.000000  93  13.4  93.21  55.6886
241440.000000  94  13.4  100  57.8519
241500.000000  94  13.1  100  36.0795
241560.000000  95  12.7  99.57  17.3539
241620.000000  96  12.4  100  0
241680.000000  96  12.3  100  0
241740.000000  97  12.2  100  0
241800.000000  97  11.5  100  0
241860.000000  97  11  100  0
241920.000000  97  11.2  99.04  0
241980.000000  97  10.7  99.85  0
242040.000000  97  10.5  99.92  0
242100.000000  97  10.5  46.92  0
242160.000000  97  10.6  36.28  0
242220.000000  97  9.7  35.99  0
242280.000000  97  9.7  48.78  0
242340.000000  97  9.7  0.67  0
242400.000000  97  10.4  45.78  34.7501
242460.000000  91  13.7  20.42  288.011
242520.000000  82  14.6  34.22  389.442
242580.000000  75  15  100  491.451
242640.000000  75  14.1  99.76  264.926
242700.000000  83  12.5  100  182.279
242760.000000  76  13  100  284.823
242820.000000  78  12.6  98.24  178.177
242880.000000  90  11.5  96.93  75.5269
242940.000000  87  11.8  89.79  39.866
243000.000000  89  11.2  98.97  15.3575
243060.000000  91  10.8  83.63  0
243120.000000  92  10.1  94.46  0
243180.000000  93  9.6  94.24  0
243240.000000  94  10  71.6  0
243300.000000  92  10.1  99.55  0
243360.000000  89  10  99.63  0
243420.000000  91  10  100  0
243480.000000  90  9.9  100  0
243540.000000  90  9.9  100  0
243600.000000  88  10  100  0
243660.000000  91  10.1  99.98  0
243720.000000  94  9.8  100  0
243780.000000  95  10  99.99  0
243840.000000  93  10.5  100  17.872
243900.000000  89  11.6  81.28  71.9971
243960.000000  75  13.2  81.49  125.674
244020.000000  77  13.7  88.64  143.708
244080.000000  77  13.9  25.02  140.505
244140.000000  70  16  12.85  226.701
244200.000000  52  19  2.19  515.414
244260.000000  53  18.7  16.16  293.094
244320.000000  52  17.9  14.81  227.223
244380.000000  56  17.2  1.27  193.324
244440.000000  58  17  1.92  33.336
244500.000000  56  16.8  2.14  0
244560.000000  57  16.3  49.35  0
244620.000000  64  15.5  84.2  0
244680.000000  66  14.6  42.9  0
244740.000000  68  14.7  94.06  0
244800.000000  74  14.3  97  0
244860.000000  70  14.9  91.73  0
244920.000000  63  16.9  98.68  0
244980.000000  69  16.1  94.42  0
245040.000000  79  14.2  77.2  0
245100.000000  78  14.5  52.99  0
245160.000000  76  15.2  97.9  0
245220.000000  80  15  82.18  0
245280.000000  78  15.5  89.47  22.9884
245340.000000  80  15.7  92.44  42.2918
245400.000000  75  17.4  92.27  125.858
245460.000000  69  18.2  97.23  173.695
245520.000000  62  19.5  82.6  245.805
245580.000000  64  18.9  70.13  221.972
245640.000000  65  19.7  11.82  284.094
245700.000000  63  21  22.12  366.396
245760.000000  63  20.4  8.45  289.998
245820.000000  76  18  5.17  190.12
245880.000000  84  16.1  9.26  12.3649
245940.000000  85  14.9  33.59  0
246000.000000  87  14.1  57.43  0
246060.000000  90  13.7  4.42  0
246120.000000  92  13.4  28.1  0
246180.000000  94  13  78.93  0
246240.000000  95  12.9  91.28  0
246300.000000  95  12.7  79.41  0
246360.000000  96  12.5  68.74  0
246420.000000  96  11.9  61.43  0
246480.000000  97  12  34.16  0
246540.000000  96  11.6  3.64  0
246600.000000  97  11.8  11.36  0
246660.000000  97  12.5  0  13.9775
246720.000000  94  14.1  25.44  105.909
246780.000000  86  16.1  45.78  209.122
246840.000000  75  17.3  93.33  330.081
246900.000000  75  18.4  99.08  419.079
246960.000000  74  17.8  96.25  432.091
247020.000000  71  17.8  80.33  445.02
247080.000000  65  18.1  33.64  354.34
247140.000000  66  18.5  69.43  444.206
247200.000000  71  16.9  53.61  304.027
247260.000000  80  15.5  20.04  120.284
247320.000000  83  14.4  0  16.3081
247380.000000  85  13.4  0  0
247440.000000  89  12.5  0  0
247500.000000  91  12  12.29  0
247560.000000  91  11.5  31.09  0
247620.000000  93  10.8  2.46  0
247680.000000  92  10.5  0.33  0
247740.000000  90  10.1  0.03  0
247800.000000  92  10.1  0.04  0
247860.000000  94  9.4  0.19  0
247920.000000  94  9.3  0.07  0
247980.000000  96  10  0.07  0
248040.000000  96  10.4  8.14  0
248100.000000  96  10.7  14.73  0
248160.000000  96  11.3  97.9  18.8122
248220.000000  93  11.5  100  42.9807
248280.000000  93  11.7  98.72  56.1109
248340.000000  92  11.8  97.68  70.0197
248400.000000  86  13.1  96.69  200.998
248460.000000  77  15.1  65.17  406.208
248520.000000  76  15.2  90.77  425.409
248580.000000  78  15.1  77.67  336.786
248640.000000  76  15.2  61.34  286.962
248700.000000  82  14  58.25  133.449
248760.000000  86  13  100  33.3858
248820.000000  87  12.7  93.99  0.3504
248880.000000  88  12.5  95.89  0
248940.000000  90  12.2  98.41  0
249000.000000  91  12.1  99.08  0
249060.000000  88  11.7  99.88  0
249120.000000  88  11.3  99.69  0
249180.000000  87  11.4  99.02  0
249240.000000  86  11.2  98.05  0
249300.000000  85  11.1  98.71  0
249360.000000  85  11.3  96.11  0
249420.000000  87  11.3  92.2  0
249480.000000  88  11  100  0
249540.000000  89  10.7  99.04  0
249600.000000  87  11  100  9.72857
249660.000000  86  11.1  100  33.0081
249720.000000  80  11.9  100  107.067
249780.000000  78  12  100  121.387
249840.000000  74  11.9  98.99  142.594
249900.000000  72  12.5  95.03  182.697
249960.000000  69  12.5  86.61  174.616
250020.000000  67  12.5  83.31  169.422
250080.000000  69  12.4  76.33  126.753
250140.000000  69  12.2  54.05  102.444
250200.000000  72  11.4  32.62  36.3806
250260.000000  74  10.6  0.67  0
250320.000000  78  9.8  85.61  0
250380.000000  80  9.2  91.81  0
250440.000000  80  8.8  91.26  0
250500.000000  85  8  92.62  0
250560.000000  89  7.5  99.38  0
250620.000000  89  7.5  99.87  0
250680.000000  89  7.3  99.86  0
250740.000000  90  7.8  93.74  0
250800.000000  89  7.7  72.88  0
250860.000000  91  7.5  85.12  0
250920.000000  90  7.1  78.26  0
250980.000000  91  7.6  80.08  0
251040.000000  92  8.3  91.71  31.4607
251100.000000  87  9.7  76.42  106.83
251160.000000  78  10.6  100  189.512
251220.000000  73  10.9  90.58  342.046
251280.000000  74  11.5  88.02  205.127
251340.000000  74  11.6  86.48  216.06
251400.000000  77  11.6  89.84  168.657
251460.000000  77  11.3  99.55  125.8
251520.000000  77  11.3  97.11  127.382
251580.000000  77  10.7  99.35  58.6566
251640.000000  81  10.2  99.04  14.7443
251700.000000  83  9.8  100  0
251760.000000  85  9.3  100  0
251820.000000  87  9  99.98  0
251880.000000  86  9.1  100  0
251940.000000  87  8.8  100  0
252000.000000  87  9.1  100  0
252060.000000  93  8.9  100  0
252120.000000  95  8.8  100  0
252180.000000  96  8.5  100  0
252240.000000  96  8.3  100  0
252300.000000  96  8.2  100  0
252360.000000  96  8.2  100  0
252420.000000  96  8.3  100  0
252480.000000  96  8.2  100  0
252540.000000  96  8.3  100  19.9461
252600.000000  96  8.2  100  23.6902
252660.000000  96  8.2  100  12.5147
252720.000000  96  8.1  100  24.1912
252780.000000  96  8  100  20.2968
252840.000000  96  7.7  100  24.3033
252900.000000  96  7.9  100  44.7219
252960.000000  96  7.8  100  15.6246
253020.000000  95  7.5  100  12.3135
253080.000000  95  7.3  100  2.1913
253140.000000  95  6.9  100  0
253200.000000  96  6.9  100  0
253260.000000  95  6.6  100  0
253320.000000  96  6.4  100  0
253380.000000  96  6.4  100  0
253440.000000  96  5.9  100  0
253500.000000  96  5.7  100  0
253560.000000  96  5.6  100  0
253620.000000  97  5.6  100  0
253680.000000  97  5.5  99.98  0
253740.000000  97  5.5  99.52  0
253800.000000  96  5.3  94.43  0
253860.000000  96  5.4  89.38  0
253920.000000  96  5.7  89  24.4105
253980.000000  94  6.1  74.59  55.8552
254040.000000  88  6.5  79.56  74.6461
254100.000000  83  8.3  76.75  184.999
254160.000000  78  9.3  83.7  293.463
254220.000000  75  8.6  86.21  216.231
254280.000000  73  9.1  84.59  153.997
254340.000000  71  8.9  99.45  141.4
254400.000000  74  8.7  100  58.364
254460.000000  75  8.7  97.82  36.4617
254520.000000  76  8.4  99.22  17.705
254580.000000  77  8  99.84  0
254640.000000  76  8.1  100  0
254700.000000  77  8.2  100  0
254760.000000  74  8.2  99.93  0
254820.000000  75  8.2  100  0
254880.000000  72  8  99.96  0
254940.000000  70  7.9  99.99  0
255000.000000  70  7.8  99.95  0
255060.000000  69  7.8  99.54  0
255120.000000  69  7.7  100  0
255180.000000  72  7.7  100  0
255240.000000  78  7.3  100  0
255300.000000  80  7.3  100  0
255360.000000  80  7.4  100  2.34934
255420.000000  84  7.2  100  12.7235
255480.000000  86  7.2  100  24.6927
255540.000000  88  6.7  100  26.1545
255600.000000  90  6.3  100  33.6004
255660.000000  92  6  100  35.973
255720.000000  93  6  100  41.7661
255780.000000  95  6.2  99.77  26.9593
255840.000000  95  6.4  99.89  29.3202
255900.000000  92  5.9  90.73  27.5251
255960.000000  91  5.7  96.72  11.7751
256020.000000  94  5.3  100  0
256080.000000  96  4.8  84.73  0
256140.000000  96  4.8  63.74  0
256200.000000  97  4.8  54.9  0
256260.000000  97  5.1  100  0
256320.000000  97  5.7  100  0
256380.000000  94  6.4  99.99  0
256440.000000  93  6.2  95.57  0
256500.000000  87  6.6  68.88  0
256560.000000  87  6.8  53.41  0
256620.000000  88  6.7  18.15  0
256680.000000  89  6.2  100  0
256740.000000  88  6.6  50.79  0
256800.000000  77  8.1  62.75  44.9877
256860.000000  78  8  96.57  79.1338
256920.000000  70  8.9  82.44  129.131
256980.000000  62  11.4  91.45  314.264
257040.000000  62  10.1  77.6  295.649
257100.000000  59  11  52.52  185.038
257160.000000  65  10.6  49.41  339.992
257220.000000  72  10.2  90.17  157.791
257280.000000  69  10.6  62.05  215.353
257340.000000  80  8.6  30.19  102.861
257400.000000  86  7.9  100  18.7422
257460.000000  87  7.9  100  0
257520.000000  90  6.6  90.53  0
257580.000000  94  7  99.92  0
257640.000000  95  7.1  98.55  0
257700.000000  96  7.1  100  0
257760.000000  95  6.9  99.99  0
257820.000000  95  6.7  91.83  0
257880.000000  94  6.2  100  0
257940.000000  94  5.9  100  0
258000.000000  95  5.8  100  0
258060.000000  95  5.9  99.86  0
258120.000000  95  5.7  100  0
258180.000000  95  5.5  96.9  0
258240.000000  96  5.4  75.91  12.6809
258300.000000  95  5.8  21.24  52.3771
258360.000000  84  7.4  46.9  161.813
258420.000000  75  8.6  65.05  331.721
258480.000000  79  7.1  90.7  120.758
258540.000000  70  8.2  98.15  188.344
258600.000000  92  6.6  99.52  95.5236
258660.000000  85  6.4  99.5  114.13
258720.000000  93  5.4  100  52.7398
258780.000000  92  4.7  99.28  23.2829
258840.000000  94  4.6  98.58  2.43464
258900.000000  95  3.9  100  0
258960.000000  95  3.5  98.48  0
259020.000000  96  4  85.99  0
259080.000000  95  2.6  100  0
259140.000000  96  2.9  100  0
259200.000000  96  2.8  37.65  0
259260.000000  91  3.3  82.13  0
259320.000000  93  2.8  0.68  0
259380.000000  82  4.5  98.42  0
259440.000000  82  4  99.55  0
259500.000000  73  4.7  97.89  0
259560.000000  90  3  100  0
259620.000000  93  2.8  100  0
259680.000000  93  2.6  99.88  0.31356
259740.000000  95  3.8  91.21  10.7608
259800.000000  95  4.4  99.89  17.5785
259860.000000  96  4.8  100  21.3494
259920.000000  93  4.6  97.16  14.6828
259980.000000  89  5.3  41.48  61.5664
260040.000000  83  7.9  6.64  190.899
260100.000000  87  5.3  75.19  69.2686
260160.000000  93  5.2  7.02  75.7518
260220.000000  93  4.9  40.13  42.0765
260280.000000  88  5  100  21.1628
260340.000000  88  4.5  76.04  0
260400.000000  89  4.4  100  0
260460.000000  94  3.7  100  0
260520.000000  94  3.2  99.98  0
260580.000000  94  3.2  100  0
260640.000000  94  2.9  100  0
260700.000000  93  3.2  99.97  0
260760.000000  94  3.1  99.97  0
260820.000000  92  3.9  100  0
260880.000000  91  2.8  100  0
260940.000000  90  3.6  96.11  0
261000.000000  90  3.9  100  0
261060.000000  91  3.8  91.59  0
261120.000000  90  3.2  97.55  4.39449
261180.000000  91  3.6  88.06  22.509
261240.000000  87  4.8  44.63  152.977
261300.000000  87  4.8  58.64  110.918
261360.000000  76  7.1  88.94  394.972
261420.000000  72  6.9  73.71  407.471
261480.000000  74  7.1  99.35  180.772
261540.000000  71  6.9  67.2  200.405
261600.000000  68  7.7  68.02  110.09
261660.000000  79  6.8  87.58  74.2133
261720.000000  85  5  87.75  21.1583
261780.000000  85  4  89.4  0
261840.000000  84  4.5  88.27  0
261900.000000  72  5.3  76.32  0
261960.000000  70  5.9  76.96  0
262020.000000  71  5.5  100  0
262080.000000  64  6.4  100  0
262140.000000  67  5.9  100  0
262200.000000  67  6.3  99.79  0
262260.000000  67  7.3  99.74  0
262320.000000  84  6.8  100  0
262380.000000  74  7.6  99.97  0
262440.000000  78  7.8  99.99  0
262500.000000  78  8.5  98.85  0
262560.000000  76  8.8  100  5.24951
262620.000000  75  9.1  99.82  28.064
262680.000000  81  9.5  99.95  52.3541
262740.000000  62  11.5  100  79.7041
262800.000000  62  11.8  100  92.8616
262860.000000  63  11.8  100  77.5657
262920.000000  85  9.7  100  38.5708
262980.000000  81  10  97.16  37.5613
263040.000000  89  9.6  100  30.4857
263100.000000  93  9.1  100  23.1618
263160.000000  91  8.9  100  5.13
263220.000000  88  9  100  0
263280.000000  92  8.6  100  0
263340.000000  94  8.2  100  0
263400.000000  94  8  99.77  0
263460.000000  89  8.4  96.71  0
263520.000000  86  8.6  96.16  0
263580.000000  87  8.5  96.1  0
263640.000000  86  8.6  97.15  0
263700.000000  83  8.8  99.98  0
263760.000000  86  8.2  99.99  0
263820.000000  87  7.7  96.08  0
263880.000000  86  7.8  86.54  0
263940.000000  87  7.5  43.99  0
264000.000000  83  8.6  12.5  47.0813
264060.000000  80  10.8  43.67  144.54
264120.000000  67  12.7  10.14  250.922
264180.000000  71  12.9  5.53  336.688
264240.000000  57  13.6  13.6  383.268
264300.000000  56  14.1  46.16  382.501
264360.000000  59  13  25.97  150.949
264420.000000  69  13.8  40.64  102.245
264480.000000  72  12.3  0  166.451
264540.000000  78  10.7  27.2  75.1878
264600.000000  82  9.3  42.85  2.60084
264660.000000  85  8.3  19.13  0
264720.000000  89  7.6  22.29  0
264780.000000  91  7.2  39.24  0
264840.000000  94  6.6  91.85  0
264900.000000  95  6.5  88  0
264960.000000  94  6.2  72.97  0
265020.000000  93  5.9  99.86  0
265080.000000  93  6.2  100  0
265140.000000  93  6.2  100  0
265200.000000  93  6.5  100  0
265260.000000  92  6.6  100  0
265320.000000  92  7.1  99.78  0
265380.000000  95  7.1  100  0
265440.000000  95  6.9  100  0
265500.000000  95  7.3  100  25.9624
265560.000000  95  7.8  99.84  64.1239
265620.000000  95  8.6  95.16  77.9322
265680.000000  93  9.2  99.52  108.468
265740.000000  86  9.8  97.68  167.017
265800.000000  89  10.2  100  103.47
265860.000000  92  9.2  100  66.1291
265920.000000  94  8.9  100  32.7614
265980.000000  91  8.5  99.06  17.0115
266040.000000  92  8.3  88.09  0
266100.000000  90  8.3  94.53  0
266160.000000  88  8.5  87.89  0
266220.000000  87  8.3  85.62  0
266280.000000  84  9.1  77.1  0
266340.000000  86  8.9  62.07  0
266400.000000  85  8.8  99.98  0
266460.000000  84  8.8  94.33  0
266520.000000  85  8.9  96.94  0
266580.000000  82  8.7  99.52  0
266640.000000  88  8.2  100  0
266700.000000  90  8  100  0
266760.000000  86  8.3  100  0
266820.000000  92  8.1  97.63  0
266880.000000  91  8.1  95.74  0
266940.000000  91  8.3  97.67  14.7456
267000.000000  85  9  89.38  46.3164
267060.000000  91  8.7  87.96  38.064
267120.000000  90  9  100  58.4443
267180.000000  87  9.3  100  73.4441
267240.000000  82  9.8  92.97  97.1397
267300.000000  81  9.9  99.17  124.345
267360.000000  77  10  99.02  63.7749
267420.000000  82  9.6  100  23.8371
267480.000000  93  8.3  99.01  0
267540.000000  94  7.8  99.04  0
267600.000000  90  8.5  100  0
267660.000000  90  8.1  100  0
267720.000000  94  7.6  69.36  0
267780.000000  94  7.8  68.13  0
267840.000000  94  7.9  97.58  0
267900.000000  94  7.9  100  0
267960.000000  95  7.7  100  0
268020.000000  95  7.7  93.31  0
268080.000000  96  7.6  99.35  0
268140.000000  96  7.6  99.79  0
268200.000000  96  7.4  99.91  0
268260.000000  96  7.6  99.69  0
268320.000000  97  7.7  100  0
268380.000000  97  7.9  99.9  17.4459
268440.000000  96  8.2  100  29.0825
268500.000000  94  8.8  98.71  92.4616
268560.000000  90  9.2  97.31  82.0884
268620.000000  88  9.9  100  138.502
268680.000000  86  10.1  94.77  149.961
268740.000000  89  9.8  99.68  79.7023
268800.000000  91  9  100  54.2271
268860.000000  90  8.7  99.92  33.0444
268920.000000  90  8.4  99.25  0
268980.000000  89  8.3  99.24  0
269040.000000  88  8.2  99.63  0
269100.000000  89  7.7  100  0
269160.000000  87  7.7  100  0
269220.000000  83  8.1  100  0
269280.000000  83  7.7  100  0
269340.000000  82  8  100  0
269400.000000  84  7.4  100  0
269460.000000  84  7.9  100  0
269520.000000  89  7.7  100  0
269580.000000  94  7.1  100  0
269640.000000  95  7  100  0
269700.000000  94  7.1  100  0
269760.000000  94  7.1  100  0
269820.000000  93  7.2  100  11.1179
269880.000000  93  7.4  100  22.1589
269940.000000  91  7.7  100  43.5899
270000.000000  91  8.1  100  64.3434
270060.000000  90  8.2  100  47.4424
270120.000000  90  8.3  100  33.0831
270180.000000  92  8.8  100  34.6639
270240.000000  95  8.9  100  18.0893
270300.000000  95  8.8  99.99  6.97235
270360.000000  96  8.8  100  0
270420.000000  97  8.9  100  0
270480.000000  97  9.3  100  0
270540.000000  97  9.4  100  0
270600.000000  97  9.5  100  0
270660.000000  97  9.4  100  0
270720.000000  97  9.1  100  0
270780.000000  97  9  100  0
270840.000000  97  9  100  0
270900.000000  97  9  100  0
270960.000000  97  8.8  100  0
271020.000000  97  8.8  100  0
271080.000000  97  8.7  100  0
271140.000000  97  8.3  100  0
271200.000000  97  8.3  100  0
271260.000000  96  8.4  100  6.69959
271320.000000  96  8.3  100  15.8184
271380.000000  95  8.3  100  24.1388
271440.000000  95  8.5  100  32.7427
271500.000000  95  8.6  100  30.0681
271560.000000  95  8.7  100  30.6344
271620.000000  95  8.6  100  19.9508
271680.000000  95  8.5  99.72  6.21963
271740.000000  95  8.1  99.71  0.51481
271800.000000  96  8  100  0
271860.000000  95  7.6  100  0
271920.000000  92  7.2  100  0
271980.000000  90  7.1  100  0
272040.000000  92  6.7  100  0
272100.000000  93  6.6  100  0
272160.000000  93  6.5  100  0
272220.000000  93  6.3  100  0
272280.000000  93  6.3  100  0
272340.000000  94  6.1  100  0
272400.000000  93  6.2  100  0
272460.000000  92  6.3  100  0
272520.000000  90  6.4  99.97  0
272580.000000  90  6.5  99.64  0
272640.000000  88  6.9  100  2.79459
272700.000000  88  7.2  100  30.9773
272760.000000  88  7.5  100  64.2275
272820.000000  85  8.2  100  101.049
272880.000000  84  8.7  100  141.821
272940.000000  85  8.9  94.37  132.57
273000.000000  83  8.7  92.36  135.44
273060.000000  84  8.6  91.3  103.655
273120.000000  86  8.3  88.67  66.6889
273180.000000  86  7.9  88.85  35.6117
273240.000000  87  7.4  100  0
273300.000000  86  7.5  100  0
273360.000000  86  7.4  100  0
273420.000000  87  7.5  100  0
273480.000000  88  7.5  99.99  0
273540.000000  85  7.8  99.99  0
273600.000000  89  7.5  100  0
273660.000000  89  7.7  99.99  0
273720.000000  88  7.8  100  0
273780.000000  89  7.5  100  0
273840.000000  88  7.3  99.99  0
273900.000000  90  7.1  99.99  0
273960.000000  92  6.4  98.93  0
274020.000000  91  6.3  95.99  0
274080.000000  92  6.5  99.7  0
274140.000000  93  7.2  100  27.9601
274200.000000  91  8.1  100  61.5041
274260.000000  92  8.3  100  45.6029
274320.000000  90  8.7  100  76.8261
274380.000000  92  8.5  100  49.0029
274440.000000  93  8.3  100  34.1252
274500.000000  94  8.2  100  24.2876
274560.000000  94  8.4  100  14.4112
274620.000000  94  8.3  100  7.49866
274680.000000  95  8  100  0
274740.000000  96  8  100  0
274800.000000  97  8  100  0
274860.000000  97  8  100  0
274920.000000  97  8  100  0
274980.000000  97  8  100  0
275040.000000  97  7.9  100  0
275100.000000  97  7.9  100  0
275160.000000  97  7.8  100  0
275220.000000  97  7.8  100  0
275280.000000  97  7.8  100  0
275340.000000  97  7.8  100  0
275400.000000  96  7.8  100  0
275460.000000  96  7.8  100  0
275520.000000  96  8  100  0
275580.000000  95  8.1  100  5.5251
275640.000000  95  8.3  100  17.8832
275700.000000  93  8.4  100  28.8646
275760.000000  92  8  100  26.6739
275820.000000  92  7.7  100  36.4179
275880.000000  92  7.1  100  30.8998
275940.000000  91  6.5  100  18.693
276000.000000  92  6  100  7.92698
276060.000000  91  5.6  100  3.0257
276120.000000  91  5.5  100  0
276180.000000  92  5.2  100  0
276240.000000  92  4.9  100  0
276300.000000  92  4.7  100  0
276360.000000  91  4.2  100  0
276420.000000  94  3.8  100  0
276480.000000  94  3.4  100  0
276540.000000  95  3.2  100  0
276600.000000  95  2.8  100  0
276660.000000  93  2.7  99.99  0
276720.000000  89  2.8  99.78  0
276780.000000  93  2.6  91.53  0
276840.000000  95  2.4  15.69  0
276900.000000  95  2.3  56.56  0
276960.000000  96  2.3  18.34  0.19451
277020.000000  96  2.7  47.94  28.2503
277080.000000  96  3.5  58.67  47.5534
277140.000000  85  6.4  3.96  221.947
277200.000000  74  6.7  88.31  294.078
277260.000000  74  6.8  100  304.356
277320.000000  74  6.5  56  125.156
277380.000000  76  6.7  73.19  121.153
277440.000000  83  5.9  27.9  165.638
277500.000000  89  5  81.32  31.885
277560.000000  90  4.6  73.37  0
277620.000000  95  3.8  100  0
277680.000000  96  3.7  48.22  0
277740.000000  96  3.4  81.62  0
277800.000000  97  2.9  26.65  0
277860.000000  97  3  93.59  0
277920.000000  97  3.3  19.78  0
277980.000000  97  2.3  92.53  0
278040.000000  97  1.9  28.63  0
278100.000000  97  2.2  58.98  0
278160.000000  97  2.4  46.44  0
278220.000000  93  2.6  71.91  0
278280.000000  92  2.8  98.31  0
278340.000000  91  2.8  100  0
278400.000000  90  3.1  99.88  1.04427
278460.000000  90  3  100  12.311
278520.000000  80  4  98.95  37.2753
278580.000000  88  4  17.13  66.6948
278640.000000  91  3.2  99.5  54.093
278700.000000  90  3.2  99.65  35.7262
278760.000000  95  2.4  85.77  32.4878
278820.000000  91  2.2  100  41.8751
278880.000000  94  2.9  58.42  56.2249
278940.000000  89  2.6  100  17.2517
279000.000000  94  2  42.62  0
279060.000000  89  2.8  100  0
279120.000000  89  2.4  100  0
279180.000000  85  3.2  100  0
279240.000000  88  2.1  100  0
279300.000000  83  2.7  100  0
279360.000000  82  2.7  65.07  0
279420.000000  82  2.9  100  0
279480.000000  69  3.7  100  0
279540.000000  75  3.3  100  0
279600.000000  84  2.7  100  0
279660.000000  80  2.7  61.57  0
279720.000000  78  3.5  28.8  0
279780.000000  81  3.6  46.12  0
279840.000000  83  2.7  34.54  0
279900.000000  75  3.3  62.07  23.6819
279960.000000  64  6.2  99.26  181.615
280020.000000  60  5.5  100  78.9462
280080.000000  69  5.6  100  41.7239
280140.000000  83  4.6  100  24.1601
280200.000000  81  5.3  100  36.6758
280260.000000  82  5.6  100  27.2839
280320.000000  79  6.6  100  23.5748
280380.000000  83  6.1  100  7.01314
280440.000000  87  5.9  100  0
280500.000000  81  6.3  100  0
280560.000000  76  7.1  100  0
280620.000000  81  6.7  100  0
280680.000000  75  6.8  100  0
280740.000000  63  8.1  100  0
280800.000000  71  7.4  100  0
280860.000000  77  6.6  100  0
280920.000000  80  6.5  99.36  0
280980.000000  80  6.3  95.57  0
281040.000000  74  6.5  99.75  0
281100.000000  75  6.9  89.69  0
281160.000000  80  6.4  88.73  0
281220.000000  77  6.7  100  0
281280.000000  82  6.7  100  2.99006
281340.000000  82  7.2  90.79  10.6963
281400.000000  80  8.7  100  64.803
281460.000000  89  8.5  100  83.6584
281520.000000  83  9.3  100  105.074
281580.000000  82  9  100  57.9136
281640.000000  85  8.6  99.6  53.5388
281700.000000  91  7.9  100  27.0384
281760.000000  91  6.9  100  6.0505
281820.000000  91  5.9  100  0
281880.000000  91  5  100  0
281940.000000  90  4.4  100  0
282000.000000  93  4.2  100  0
282060.000000  94  4  100  0
282120.000000  95  3.8  100  0
282180.000000  95  3.7  100  0
282240.000000  96  3.6  100  0
282300.000000  96  3.5  100  0
282360.000000  97  3.5  100  0
282420.000000  96  3.3  99.85  0
282480.000000  96  3.3  100  0
282540.000000  97  3.2  100  0
282600.000000  97  3.1  100  0
282660.000000  97  3  79.36  0
282720.000000  97  2.9  36.72  0
282780.000000  96  3.2  27.67  28.5
282840.000000  90  4.4  50.8  76.3044
282900.000000  80  7  41.84  226.365
282960.000000  81  7.4  56.59  357.745
283020.000000  73  7.6  28.69  325.217
283080.000000  70  7.4  63.58  267.882
283140.000000  72  7.1  73.33  176.24
283200.000000  81  5.5  47.6  69.7686
283260.000000  80  4.6  58.4  31.0062
283320.000000  84  4.3  53.7  0
283380.000000  87  3.2  40.56  0
283440.000000  88  2.9  15.44  0
283500.000000  87  3.1  96.67  0
283560.000000  84  3.7  92.57  0
283620.000000  79  4  97.29  0
283680.000000  76  4  99.93  0
283740.000000  74  4.6  99.08  0
283800.000000  69  5.1  99.99  0
283860.000000  69  5.4  99.99  0
283920.000000  70  5.6  98.51  0
283980.000000  72  5.8  99.99  0
284040.000000  71  6.6  84.91  0
284100.000000  83  6  83.05  0
284160.000000  79  6.4  93.01  0
284220.000000  84  7.3  76.12  28.76
284280.000000  74  8.6  86.5  86.7047
284340.000000  71  10  70.22  86.2627
284400.000000  67  10.2  85.56  90.9072
284460.000000  56  11.7  70.91  74.7096
284520.000000  56  11.8  65.05  87.8663
284580.000000  57  12  85.23  68.3754
284640.000000  60  11.6  99.99  46.7517
284700.000000  59  11.2  99.4  12.9252
284760.000000  57  11.5  95.64  0
284820.000000  57  11.5  95.74  0
284880.000000  55  11.6  89.18  0
284940.000000  58  10.9  72.32  0
285000.000000  54  11  17.08  0
285060.000000  59  10  9.58  0
285120.000000  61  9.4  3.49  0
285180.000000  70  7.7  28.98  0
285240.000000  75  6.6  86.4  0
285300.000000  79  6.1  99.65  0
285360.000000  78  6.1  99.97  0
285420.000000  72  7  99.99  0
285480.000000  69  7  99.99  0
285540.000000  70  6.8  81.82  0
285600.000000  68  6.7  85.74  0
285660.000000  69  7.9  75.78  24.4133
285720.000000  70  8.9  70.35  65.2129
285780.000000  62  10.7  68.11  119.769
285840.000000  54  12.3  67.53  146.574
285900.000000  52  12.9  88.02  123.333
285960.000000  48  13.3  86.52  112.926
286020.000000  40  14.9  85.93  177.569
286080.000000  37  14.6  94.89  41.5008
286140.000000  36  14.8  100  6.99373
286200.000000  48  13.3  100  0
286260.000000  57  12  100  0
286320.000000  36  14.7  100  0
286380.000000  54  13.2  100  0
286440.000000  44  15  100  0
286500.000000  47  15.1  100  0
286560.000000  55  13.6  100  0
286620.000000  43  15.9  100  0
286680.000000  55  14.3  99.86  0
286740.000000  64  13.4  99.28  0
286800.000000  64  12.6  97.18  0
286860.000000  68  12.8  45.91  0
286920.000000  56  15  39.49  0
286980.000000  57  15.7  84.43  0
287040.000000  56  16.1  87.04  0
287100.000000  55  16.9  92.92  12.775
287160.000000  54  17.7  99.63  32.5286
287220.000000  58  17.8  100  43.5665
287280.000000  56  18.8  100  32.8342
287340.000000  49  19.9  84.98  175.616
287400.000000  53  19  92.28  113.61
287460.000000  54  18.4  88.35  65.4197
287520.000000  49  20.4  94.52  16.0046
287580.000000  49  20.2  87.55  7.51779
287640.000000  52  19.2  100  0
287700.000000  51  19  99.99  0
287760.000000  59  17.3  74.56  0
287820.000000  60  17  89.92  0
287880.000000  60  16.9  100  0
287940.000000  59  16.7  87.61  0
288000.000000  64  16.3  45.22  0
288060.000000  69  15.6  64.96  0
288120.000000  76  14.1  97.49  0
288180.000000  78  13.9  99.06  0
288240.000000  77  13.9  84.51  0
288300.000000  82  12.8  6.67  0
288360.000000  84  11.7  0.03  0
288420.000000  85  11.2  35.97  0
288480.000000  89  10  20.9  0
288540.000000  86  11  11.63  8.7483
288600.000000  77  13.7  31.63  85.6952
288660.000000  72  15.4  22.71  236.667
288720.000000  63  16.7  79.94  281.736
288780.000000  56  17.4  80.37  301.818
288840.000000  68  15.3  91.93  167.427
288900.000000  59  16.2  92.38  135.476
288960.000000  69  13.9  38.96  69.9749
289020.000000  72  12.2  0.01  14.3306
289080.000000  72  11.6  0  0
289140.000000  74  10.9  0  0
289200.000000  75  10.5  2.49  0
289260.000000  74  10.4  0.26  0
289320.000000  72  10.3  0.11  0
289380.000000  69  10.3  0.01  0
289440.000000  67  10.3  0  0
289500.000000  70  9.7  0  0
289560.000000  67  9.7  46.55  0
289620.000000  63  9.9  0.01  0
289680.000000  63  10.4  51.6  0
289740.000000  54  11.5  99.81  0
289800.000000  46  12.8  99.98  0
289860.000000  43  13.7  78.71  0
289920.000000  45  13.3  90.58  0
289980.000000  47  13.6  86.45  51.0568
290040.000000  51  14  75.18  56.5405
290100.000000  47  15.3  80.7  68.287
290160.000000  41  17.1  95.62  111.578
290220.000000  49  16.6  85.31  48.0062
290280.000000  50  16.8  91.17  48.9231
290340.000000  54  16.2  84.74  34.1326
290400.000000  61  15  85.99  37.0179
290460.000000  61  14.2  71.31  0.09602
290520.000000  65  13.5  2.76  0
290580.000000  67  12.7  0  0
290640.000000  78  11.4  20.96  0
290700.000000  81  10.7  100  0
290760.000000  81  11.2  100  0
290820.000000  88  10.5  100  0
290880.000000  94  10.8  100  0
290940.000000  95  10.3  100  0
291000.000000  96  10.5  100  0
291060.000000  96  10  100  0
291120.000000  97  10.3  100  0
291180.000000  97  10.5  100  0
291240.000000  97  10.3  100  0
291300.000000  97  10  100  0
291360.000000  97  10  71.67  0
291420.000000  97  10.3  56.64  31.0162
291480.000000  96  11.2  25.68  64.2376
291540.000000  82  13.3  19.91  232.685
291600.000000  86  13  90.6  225.428
291660.000000  85  12.6  91.92  146.553
291720.000000  89  12.3  94.64  77.5472
291780.000000  90  12  90.58  49.7537
291840.000000  88  12.1  77.22  25.2543
291900.000000  80  12  100  0
291960.000000  76  12.9  98.41  0
292020.000000  92  10.3  100  0
292080.000000  94  9.8  100  0
292140.000000  95  10.1  100  0
292200.000000  95  9.9  100  0
292260.000000  72  11.3  100  0
292320.000000  58  13  99.98  0
292380.000000  55  13.6  73.57  0
292440.000000  57  13.5  20.48  0
292500.000000  46  14.4  24.17  0
292560.000000  50  13.9  100  0
292620.000000  53  13.9  86.8  0
292680.000000  67  11.9  99.84  0
292740.000000  50  14  100  0
292800.000000  56  13.5  100  0
292860.000000  70  12  99.9  3.67112
292920.000000  71  13  97.24  26.5995
292980.000000  88  11.2  100  8.77955
293040.000000  87  11.1  99.97  30.8297
293100.000000  85  10.8  99.9  35.9372
293160.000000  87  9.6  98.73  40.6322
293220.000000  88  10.1  100  38.4962
293280.000000  86  9.5  99.99  16.5283
293340.000000  90  8.2  99.23  0
293400.000000  89  7.6  68.16  0
293460.000000  70  9.2  100  0
293520.000000  65  9.9  71.03  0
293580.000000  88  8  98.78  0
293640.000000  65  10.2  99.92  0
293700.000000  59  10.8  100  0
293760.000000  61  11.1  100  0
293820.000000  60  11.4  100  0
293880.000000  71  10.3  100  0
293940.000000  80  9.4  100  0
294000.000000  90  8.7  100  0
294060.000000  93  8.6  100  0
294120.000000  93  8.4  100  0
294180.000000  93  8.2  83  0
294240.000000  87  8.4  68.47  0
294300.000000  90  8.5  100  6.76797
294360.000000  75  9.9  100  35.9445
294420.000000  80  9.2  99.47  58.5862
294480.000000  90  7.7  34.7  37.9491
294540.000000  88  6.9  88.93  35.8655
294600.000000  69  9.1  100  126.592
294660.000000  78  8  85.94  27.9185
294720.000000  80  8  95.46  19.4095
294780.000000  86  6.2  100  2.1849
294840.000000  83  6.6  99.94  0
294900.000000  61  8.4  100  0
294960.000000  87  6.6  100  0
295020.000000  84  7.6  100  0
295080.000000  90  7  100  0
295140.000000  84  7.1  99.66  0
295200.000000  88  6.5  100  0
295260.000000  97  6.7  100  0
295320.000000  96  6.8  100  0
295380.000000  96  6.9  98.85  0
295440.000000  84  8.5  100  0
295500.000000  84  8.2  99.87  0
295560.000000  85  7.9  100  0
295620.000000  93  7.4  100  0.06222
295680.000000  86  8  99.34  3.38667
295740.000000  90  8  100  5.70667
295800.000000  93  7.3  100  9.35111
295860.000000  96  8.3  100  5.42222
295920.000000  98  10.3  100  2.88
295980.000000  97  10.8  100  9.38667
296040.000000  98  10.8  100  3.05778
296100.000000  99  10.8  100  1.28
296160.000000  98  11.5  100  0.28444
296220.000000  98  11.4  100  0
296280.000000  98  11.4  100  0
296340.000000  98  11.3  100  0.03556
296400.000000  98  11.2  100  0
296460.000000  98  11.1  100  0
296520.000000  98  10.9  100  0
296580.000000  98  10.9  100  0
296640.000000  97  10.8  100  0
296700.000000  96  10.8  98.2  0
296760.000000  91  10.7  99.6  0
296820.000000  89  10.5  98.17  0
296880.000000  87  10.9  99.13  0
296940.000000  83  10.6  99.9  0
297000.000000  81  10.4  98.78  0
297060.000000  79  10.1  86.22  0.22222
297120.000000  77  10.2  82.08  30.0178
297180.000000  75  10.6  86.27  100.071
297240.000000  73  11.2  81.56  151.253
297300.000000  71  11.3  82.15  188.32
297360.000000  72  11.6  92.48  186.631
297420.000000  74  11.6  83.5  135.431
297480.000000  76  11.6  78.68  77.8667
297540.000000  77  11.5  81.47  58.0267
297600.000000  74  10.7  80.81  13.5822
297660.000000  73  10.5  99.61  0
297720.000000  75  10.4  99.62  0
297780.000000  79  10.1  98.3  0.03556
297840.000000  80  9.7  26.4  0
297900.000000  80  9.5  0.27  0
297960.000000  77  9.3  0  0
298020.000000  79  9.2  0  0
298080.000000  78  9.1  0  0
298140.000000  78  9.1  0  0
298200.000000  78  8.9  0  0
298260.000000  79  8.8  0  0
298320.000000  76  8.1  16.6  -0
298380.000000  75  8.1  12.29  0
298440.000000  76  8  39.01  0
298500.000000  80  7.8  96.6  0.06222
298560.000000  80  8.5  97.34  34.8711
298620.000000  79  9.4  58.65  108.391
298680.000000  77  10  66.84  173.049
298740.000000  79  10.4  99.56  206.898
298800.000000  99  8.8  100  69.1911
298860.000000  98  7.6  100  6.82667
298920.000000  96  7.6  100  6.4
298980.000000  99  7.6  62.7  3.84
299040.000000  98  7  100  11.8756
299100.000000  96  6.4  22.24  0
299160.000000  94  6.1  100  0
299220.000000  93  6  100  0
299280.000000  90  6  100  0
299340.000000  86  7.3  97.99  0
299400.000000  89  8.3  99.95  0
299460.000000  89  8.3  20.34  0
299520.000000  88  8.3  38.36  0
299580.000000  86  8.2  73.37  0
299640.000000  86  7.9  36.59  0
299700.000000  87  7.5  15.02  0
299760.000000  88  7.3  5.49  -0
299820.000000  85  6.9  1.08  0
299880.000000  83  6.6  12.65  0
299940.000000  82  6.6  94.54  0
300000.000000  78  7.3  68.09  31.52
300060.000000  73  8.6  63.62  100.373
300120.000000  72  10  82.56  165.476
300180.000000  72  10.9  28.09  175.413
300240.000000  72  11.6  45.04  182.471
300300.000000  71  12.1  83.38  170.524
300360.000000  73  11.9  90.8  113.28
300420.000000  74  11.7  88.89  14.72
300480.000000  74  12.2  87.72  2.06222
300540.000000  75  12.3  100  0
300600.000000  79  12.2  100  0
300660.000000  84  12  100  0
300720.000000  83  11.9  100  0
300780.000000  87  11.5  100  0
300840.000000  93  10.2  100  0
300900.000000  89  10.1  100  0
300960.000000  84  9.7  100  0
301020.000000  80  9.3  100  0
301080.000000  80  9  100  0
301140.000000  92  8.1  100  0
301200.000000  99  6.3  100  -0
301260.000000  98  5.6  100  0
301320.000000  96  5.5  100  0
301380.000000  90  5.7  59.51  0
301440.000000  93  6  41.26  5.17333
301500.000000  92  5.9  85.31  42.88
301560.000000  91  7.1  75.11  54.72
301620.000000  86  7.2  100  68.3733
301680.000000  88  7.2  100  97.5644
301740.000000  89  6.5  100  83.3067
301800.000000  95  5.4  100  33.0667
301860.000000  92  5.1  85.28  8.88889
301920.000000  93  6.1  100  0.67556
301980.000000  94  6.3  100  0
302040.000000  90  6.4  100  0
302100.000000  96  6  99.89  0
302160.000000  90  5.9  98.81  0
302220.000000  94  5.4  100  0
302280.000000  91  5.5  99.01  0
302340.000000  92  5.3  96.41  0
302400.000000  91  5.4  99.96  0
302460.000000  91  5.3  100  0
302520.000000  91  5.1  100  0
302580.000000  88  5  100  0
302640.000000  96  5.6  100  -0
302700.000000  94  5.4  100  0
302760.000000  93  5.1  100  0
302820.000000  87  5.1  100  0
302880.000000  82  5  100  4.28444
302940.000000  81  4.9  95.05  39.1289
303000.000000  81  5.1  88.02  71.2533
303060.000000  78  5.2  24.02  141.867
303120.000000  77  5.2  50.02  180.124
303180.000000  76  5.3  3.64  183.076
303240.000000  77  5.1  48.95  136.32
303300.000000  82  4.4  49.9  67.2711
303360.000000  89  3.4  83  6.96889
303420.000000  92  2.8  74.45  0
303480.000000  94  2.3  54.82  0
303540.000000  98  2  59.61  0
303600.000000  97  2.1  70.86  0
303660.000000  91  2.5  98.3  0
303720.000000  61  3.2  82.13  0
303780.000000  62  3.3  54.85  0
303840.000000  63  3.3  48.07  0
303900.000000  63  3.3  45.64  0
303960.000000  67  3.3  11.72  0
304020.000000  76  3  69.2  0
304080.000000  88  2.1  88  -0
304140.000000  91  2.3  44.57  0
304200.000000  88  3.2  23.68  0
304260.000000  91  3.9  34  0
304320.000000  84  4.8  41.78  22.08
304380.000000  76  6  39.85  89.5822
304440.000000  74  7  81.82  134.276
304500.000000  77  8  88.74  143.2
304560.000000  81  8.3  89.81  23.4667
304620.000000  91  8.3  85.41  7.25333
304680.000000  97  8.2  99.91  3.94667
304740.000000  98  9  99.96  1.35111
304800.000000  98  9.8  100  0.07111
304860.000000  97  9.4  100  0
304920.000000  98  9.2  100  0.03556
304980.000000  96  8.9  100  0
305040.000000  90  8.4  97.3  0
305100.000000  89  7.8  99.05  0
305160.000000  91  7.3  96.65  0
305220.000000  93  7  99.66  0
305280.000000  93  6.7  100  0
305340.000000  92  6.9  99.83  0
305400.000000  95  6.7  100  0
305460.000000  91  6.5  100  0
305520.000000  87  8.1  99.07  -0
305580.000000  88  8.3  100  0
305640.000000  87  8.3  100  0
305700.000000  92  7.8  100  0
305760.000000  88  7.8  99.43  1.58222
305820.000000  85  7.8  100  6.56
305880.000000  94  7  100  7.60889
305940.000000  89  7.2  100  26.0622
306000.000000  83  7.5  96.84  31.36
306060.000000  80  7.5  100  34.9156
306120.000000  79  7.2  100  21.0844
306180.000000  78  7  100  7.89333
306240.000000  80  7.4  99.94  1.74222
306300.000000  80  7.4  100  0.03556
306360.000000  83  7.2  99.98  0
306420.000000  84  7.1  100  0
306480.000000  86  7.1  100  0
306540.000000  87  6.7  100  0
306600.000000  96  5.6  100  0
306660.000000  97  5.6  100  0
306720.000000  97  5.5  100  0
306780.000000  96  5.3  100  0
306840.000000  96  5.5  100  0
306900.000000  94  5.7  100  0
306960.000000  94  5.6  100  -0
307020.000000  95  5.9  100  0
307080.000000  90  6.3  100  0
307140.000000  99  5.7  100  0
307200.000000  99  5.5  100  0.32
307260.000000  99  5.4  100  2.72
307320.000000  100  6.2  100  4.01778
307380.000000  100  6.3  100  8.05333
307440.000000  99  6.3  100  11.1644
307500.000000  97  6.1  100  12.1244
307560.000000  97  5.9  100  10.3111
307620.000000  98  5.8  100  4.05333
307680.000000  98  6.1  100  0.21333
307740.000000  98  6  100  0
307800.000000  98  5.9  100  0
307860.000000  98  5.9  100  0
307920.000000  98  5.8  100  0
307980.000000  100  5.8  100  0
308040.000000  100  6.2  100  0
308100.000000  100  6.2  100  0
308160.000000  98  7.1  100  0
308220.000000  94  6.9  100  0
308280.000000  89  6.8  100  0
308340.000000  98  5.9  100  0
308400.000000  80  5.8  100  -0
308460.000000  75  5.5  100  0
308520.000000  70  5.1  91.69  0
308580.000000  69  4.9  100  0
308640.000000  74  4.3  93.33  3.68
308700.000000  72  4.2  99.95  37.5289
308760.000000  73  3.7  95.29  56.16
308820.000000  64  3.4  85.29  69.92
308880.000000  65  2.8  100  60.9778
308940.000000  61  2.8  69.8  54.8622
309000.000000  61  2.8  79.99  55.9289
309060.000000  62  2.8  100  21.8311
309120.000000  67  3.2  100  1.99111
309180.000000  66  3.2  100  0.03556
309240.000000  65  3.6  100  0
309300.000000  68  3.4  100  0
309360.000000  73  3.1  79.04  0
309420.000000  78  3  100  0
309480.000000  72  3.1  100  0
309540.000000  76  2.9  72.13  0
309600.000000  74  2.9  98.44  0
309660.000000  71  2.8  99.46  0
309720.000000  72  2.7  28.44  0
309780.000000  73  2.5  91.12  0
309840.000000  78  3  79.16  -0
309900.000000  79  2.8  99.72  0
309960.000000  79  2.7  100  0
310020.000000  80  2.3  100  0
310080.000000  82  2.1  100  5.52889
310140.000000  83  2.6  100  45.9022
310200.000000  80  3.1  100  71.6444
310260.000000  78  3.6  100  51.68
310320.000000  77  3.6  99.96  53.0844
310380.000000  76  3.9  100  81.1733
310440.000000  74  3.9  100  49.3867
310500.000000  75  3.7  100  15.2178
310560.000000  83  3.2  100  0.46222
310620.000000  96  3  100  0.03556
310680.000000  96  3.2  100  0
310740.000000  94  4.3  100  0
310800.000000  93  5.6  100  0
310860.000000  93  6.8  100  0
310920.000000  93  7.5  100  0
310980.000000  97  8.3  100  0
311040.000000  98  9.5  100  0
311100.000000  99  10  100  0
311160.000000  99  10  100  0
311220.000000  100  10  100  0
311280.000000  100  11.1  100  -0
311340.000000  98  10.6  99.69  0
311400.000000  98  10  100  0
311460.000000  98  9.4  100  0
311520.000000  98  8  100  0.26667
311580.000000  97  7.8  98.87  3.16444
311640.000000  98  7.8  98.8  5.97333
311700.000000  97  7.6  96.18  9.93778
311760.000000  97  7.5  98.1  11.9467
311820.000000  97  7.3  84.04  12.8711
311880.000000  95  7.2  98.98  25.28
311940.000000  95  6.9  85.38  18.3467
312000.000000  96  7.2  100  0.35556
312060.000000  96  6.8  100  0
312120.000000  97  6.3  100  0
312180.000000  98  6.3  100  0
312240.000000  97  6.7  100  0
312300.000000  97  6.9  99.93  0
312360.000000  99  6.8  99.86  0
312420.000000  97  6.9  99.93  0
312480.000000  97  7.1  100  0
312540.000000  96  7.3  100  0
312600.000000  95  7.7  100  0
312660.000000  96  8.2  100  0
312720.000000  96  8.3  100  -0
312780.000000  98  8.7  100  0
312840.000000  98  8.8  100  0
312900.000000  98  8.9  100  0
312960.000000  97  8.9  100  0.27556
313020.000000  96  8.7  98.9  1.52
313080.000000  97  9.1  98.65  15.2207
313140.000000  96  9.4  98.73  18.1826
313200.000000  96  9.6  88.6  32.0572
313260.000000  96  10  86.71  53.3102
313320.000000  93  9.8  88.08  55.8649
313380.000000  89  10  88.61  25.4402
313440.000000  89  9.8  100  8.49442
313500.000000  91  9.4  100  0
313560.000000  93  9  100  0
313620.000000  94  8.9  100  0
313680.000000  95  8.8  100  0
313740.000000  95  8.7  99.97  0
313800.000000  96  8.6  99  0
313860.000000  95  8  95.39  0
313920.000000  96  7.2  81.82  0
313980.000000  97  7.1  99  0
314040.000000  97  7.1  99.52  0
314100.000000  97  7.6  64  0
314160.000000  97  7.5  45.52  0
314220.000000  97  7.2  34.93  0
314280.000000  97  6.4  61.92  0
314340.000000  97  6.1  91.49  0
314400.000000  97  5.6  15.83  0
314460.000000  97  5.5  17.36  0
314520.000000  97  5.7  17.98  7.99713
314580.000000  98  7.6  30.9  49.7081
314640.000000  90  8.7  28.65  164.496
314700.000000  83  9.8  60.73  155.522
314760.000000  83  9.7  44.47  163.539
314820.000000  86  7.9  68.51  84.4623
314880.000000  92  7.3  11.92  7.22341
314940.000000  94  6.2  58.01  0
315000.000000  96  6.5  17.7  0
315060.000000  95  6.4  81.73  0
315120.000000  95  6.5  99.37  0
315180.000000  94  6.4  66.17  0
315240.000000  94  6.3  75.88  0
315300.000000  94  6.3  93.64  0
315360.000000  94  6.2  99.05  0
315420.000000  93  6.2  98.78  0
315480.000000  93  5.9  76.29  0
315540.000000  93  5.9  18.96  0
315600.000000  92  5.4  98.82  0
315660.000000  92  4.8  98.81  0
315720.000000  93  4.6  98.75  0
315780.000000  92  4.7  98.55  0
315840.000000  90  5.2  97.44  0
315900.000000  88  6  96.32  0
315960.000000  87  5.9  100  4.78607
316020.000000  79  7.2  100  16.887
316080.000000  79  8.4  85.84  50.1706
316140.000000  78  8.2  65.2  61.9474
316200.000000  78  8.3  99.79  63.1624
316260.000000  85  7.8  99.85  16.8568
316320.000000  91  7.7  100  0
316380.000000  95  7.5  100  0
316440.000000  96  7.3  100  0
316500.000000  97  7.8  100  0
316560.000000  94  8.5  100  0
316620.000000  93  8.3  100  0
316680.000000  94  8  100  0
316740.000000  93  8.2  99.69  0
316800.000000  92  8.7  99.36  0
316860.000000  89  9  100  0
316920.000000  88  9.3  99.57  0
316980.000000  83  9.6  99.07  0
317040.000000  86  9.1  99.76  0
317100.000000  83  9.8  100  0
317160.000000  84  9.8  100  0
317220.000000  86  9.6  100  0
317280.000000  84  10  100  0
317340.000000  80  10.5  65.92  0
317400.000000  80  11  52.54  13.3151
317460.000000  76  11.5  66.95  49.1909
317520.000000  63  13.9  80.25  191.811
317580.000000  71  12.8  76.33  130.035
317640.000000  69  13.6  59.82  109.478
317700.000000  82  10.8  55.16  52.9068
317760.000000  86  9.9  0  3.61307
317820.000000  88  9.2  0.58  0
317880.000000  91  8.5  1.98  0
317940.000000  91  8.3  16.33  0
318000.000000  91  9.1  23.91  0
318060.000000  90  9.1  11.61  0
318120.000000  91  8.9  0.16  0
318180.000000  90  8.6  0  0
318240.000000  89  8.5  0  0
318300.000000  93  8  0  0
318360.000000  95  7.9  0  0
318420.000000  93  8.2  0  0
318480.000000  91  8.2  0  0
318540.000000  89  8.4  0  0
318600.000000  94  7.6  0  0
318660.000000  94  7.5  0  0
318720.000000  92  7.3  24.33  0
318780.000000  94  7.2  0  0
318840.000000  94  7.2  11.57  6.37836
318900.000000  94  7.9  11.78  27.9854
318960.000000  77  11.9  37.09  154.666
319020.000000  79  11.1  52.83  163.6
319080.000000  80  9.6  46.1  107.01
319140.000000  82  9.2  25.38  33.0841
319200.000000  76  9.6  89.55  2.06648
319260.000000  82  8.6  43.23  0
319320.000000  86  8.2  56.8  0
319380.000000  90  8.2  74.14  0
319440.000000  83  9  72.36  0
319500.000000  86  7.8  16.29  0
319560.000000  82  7.9  18.36  0
319620.000000  83  7.6  27.19  0
319680.000000  85  7.1  3.83  0
319740.000000  86  6.6  8.23  0
319800.000000  88  6.1  9.69  0
319860.000000  90  5.9  10.75  0
319920.000000  87  6  46.83  0
319980.000000  88  5.4  54.18  0
320040.000000  90  5.5  32.23  0
320100.000000  89  5.4  73.82  0
320160.000000  93  4.4  52.89  0
320220.000000  94  4  61.66  0
320280.000000  95  4.6  65.86  19.7535
320340.000000  93  4.7  79.82  33.5433
320400.000000  93  6.5  49.94  79.7334
320460.000000  81  7.8  55.19  136.29
320520.000000  86  6.5  67.51  105.818
320580.000000  90  5.4  48.27  20.7697
320640.000000  92  4.8  39.67  0.81681
320700.000000  95  4.5  28.1  0
320760.000000  95  3.8  24.35  0
320820.000000  96  4  41.11  0
320880.000000  96  3.7  77.78  0
320940.000000  96  3.7  74.61  0
321000.000000  97  4.2  62.38  0
321060.000000  96  4.1  20.85  0
321120.000000  96  4.2  28.57  0
321180.000000  96  4.2  50.74  0
321240.000000  95  4.3  17.9  0
321300.000000  94  4.5  22.39  0
321360.000000  94  4.6  36.21  0
321420.000000  93  4.9  49.67  0
321480.000000  93  5  12.2  0
321540.000000  93  5  19.51  0
321600.000000  94  5  100  0
321660.000000  94  5  92.72  0
321720.000000  92  5.1  61.07  0
321780.000000  93  5.6  71.75  18.2419
321840.000000  83  7.4  68.35  75.6597
321900.000000  82  6.2  51.93  69.6359
321960.000000  80  6.4  55.15  44.0499
322020.000000  81  5.5  38.69  19.5344
322080.000000  83  5  54.06  2.70248
322140.000000  81  4.8  44.17  0
322200.000000  82  4.6  67.86  0
322260.000000  79  4.9  75.72  0
322320.000000  77  5  48.14  0
322380.000000  72  5.6  18.31  0
322440.000000  71  5.7  65.56  0
322500.000000  67  6.1  94.84  0
322560.000000  64  6.5  99.07  0
322620.000000  63  6.9  99.24  0
322680.000000  60  7.3  100  0
322740.000000  63  7.2  100  0
322800.000000  74  6.8  100  0
322860.000000  83  6.3  100  0
322920.000000  88  5.9  100  0
322980.000000  93  5.7  100  0
323040.000000  94  6.4  100  0
323100.000000  88  6.4  98.6  0
323160.000000  89  7.1  81.12  2.79033
323220.000000  90  7.2  69.49  12.0378
323280.000000  86  7.7  97.2  24.9979
323340.000000  86  7.9  91.93  41.8049
323400.000000  91  7.6  93.81  19.8589
323460.000000  93  7.2  100  6.96415
323520.000000  93  7.4  100  0
323580.000000  92  7.2  100  0
323640.000000  93  7  100  0
323700.000000  94  6.5  100  0
323760.000000  94  6.5  99.87  0
323820.000000  93  6.5  96.02  0
323880.000000  95  6.5  85.62  0
323940.000000  95  6.1  67.07  0
324000.000000  96  5.9  72.4  0
324060.000000  96  5.8  99.38  0
324120.000000  94  5.9  99.93  0
324180.000000  94  5.8  100  0
324240.000000  92  6.2  100  0
324300.000000  91  6.4  100  0
324360.000000  89  6.5  100  0
324420.000000  93  6  100  0
324480.000000  82  7.3  100  0
324540.000000  73  7.9  100  0
324600.000000  74  8.2  100  0
324660.000000  71  9.1  100  2.06969
324720.000000  76  9.1  100  4.90892
324780.000000  79  8.9  100  0.10903
324840.000000  84  8.5  96.99  4.54118
324900.000000  87  7.8  89.36  0.43322
324960.000000  81  8.9  100  0
325020.000000  74  10.2  100  0
325080.000000  85  8.4  99.63  0
325140.000000  72  11.1  72.33  0
325200.000000  70  11.5  15.85  0
325260.000000  68  12  74.55  0
325320.000000  65  12.4  100  0
325380.000000  60  13.4  100  0
325440.000000  61  13.4  100  0
325500.000000  63  13.3  100  0
325560.000000  69  12.9  100  0
325620.000000  78  11.7  100  0
325680.000000  90  10.2  100  0
325740.000000  94  9.9  100  0
325800.000000  95  8.5  99.58  0
325860.000000  88  8.3  19.97  0
325920.000000  88  8.2  99.79  0
325980.000000  77  8.3  64.7  0
326040.000000  83  7.9  77.92  6.08961
326100.000000  74  8.8  98.35  32.1754
326160.000000  85  7.6  91.75  47.9403
326220.000000  78  8.4  99.6  58.4558
326280.000000  77  8.5  97.31  31.2928
326340.000000  78  8.5  99.81  6.41197
326400.000000  78  8.5  100  0
326460.000000  79  8.2  100  0
326520.000000  91  6.9  85.3  0
326580.000000  93  7.1  73.84  0
326640.000000  91  7  99.89  0
326700.000000  91  7  99.99  0
326760.000000  86  6.9  97.55  0
326820.000000  89  6.9  99.63  0
326880.000000  87  7.2  68.92  0
326940.000000  85  7  89.24  0
327000.000000  83  6.4  96.62  0
327060.000000  69  6.8  100  0
327120.000000  66  6.9  100  0
327180.000000  67  6.6  78.98  0
327240.000000  66  6.7  92.97  0
327300.000000  68  6.4  99.5  0
327360.000000  71  6.7  95  0
327420.000000  72  6.7  99.78  0
327480.000000  72  6.8  96.61  6.22005
327540.000000  70  7.2  100  24.6664
327600.000000  65  7.6  67.93  40.9786
327660.000000  61  8.2  69.14  85.2836
327720.000000  62  8  96.35  67.3882
327780.000000  64  8.1  99.27  18.9713
327840.000000  65  8.2  100  0
327900.000000  73  7.9  100  0
327960.000000  80  7.6  100  0
328020.000000  84  7.9  100  0
328080.000000  78  9.3  100  0
328140.000000  77  9.7  100  0
328200.000000  77  9.8  100  0
328260.000000  75  10.5  100  0
328320.000000  76  10.9  100  0
328380.000000  76  11.2  100  0
328440.000000  75  11.4  100  0
328500.000000  68  12.2  99.81  0
328560.000000  72  11.5  99.97  0
328620.000000  68  11.5  99.79  0
328680.000000  58  12.9  86.92  0
328740.000000  61  13  99.99  0
328800.000000  59  13.3  72.14  0
328860.000000  59  13.4  64.74  0
328920.000000  59  13.5  83.08  6.79118
328980.000000  58  13.6  84.57  35.7207
329040.000000  55  13.5  86.18  22.4176
329100.000000  55  13.5  96.66  38.6435
329160.000000  57  13.4  100  17.4541
329220.000000  57  13.3  100  14.0358
329280.000000  67  12.2  100  0
329340.000000  81  10.4  100  0
329400.000000  91  9.8  100  0
329460.000000  91  10  100  0
329520.000000  92  10  100  0
329580.000000  89  9.2  100  0
329640.000000  81  6.6  92.37  0
329700.000000  75  6.8  98.79  0
329760.000000  82  5.7  100  0
329820.000000  76  5.2  99.98  0
329880.000000  74  5  78.61  0
329940.000000  78  3.5  100  0
330000.000000  77  3.4  11.38  0
330060.000000  85  2.2  100  0
330120.000000  89  1.2  100  0
330180.000000  80  2.1  100  0
330240.000000  73  2.6  92.15  0
330300.000000  84  1.8  99.88  0
330360.000000  63  4.1  100  0
330420.000000  82  2.4  100  0
330480.000000  87  2.4  100  0.35073
330540.000000  91  2  100  0
330600.000000  82  3.9  95.93  0
330660.000000  76  4.5  100  4.2774
330720.000000  84  4.5  100  0
330780.000000  86  3.8  100  0
330840.000000  64  4.8  100  0
330900.000000  67  4.7  100  0
330960.000000  76  4.5  100  0
331020.000000  77  4.3  100  0
331080.000000  76  4.1  100  0
331140.000000  82  4.2  100  0
331200.000000  77  5.2  100  0
331260.000000  87  4.3  34.62  0
331320.000000  88  5.4  100  0
331380.000000  82  5.2  100  0
331440.000000  89  4.9  100  0
331500.000000  88  5  100  0
331560.000000  80  6  100  0
331620.000000  81  5.6  100  0
331680.000000  88  5  100  0
331740.000000  91  3.3  100  0
331800.000000  92  4  100  0
331860.000000  93  4.2  100  0
331920.000000  94  3.6  99.99  0.44339
331980.000000  95  3.7  100  16.2187
332040.000000  91  3.9  100  19.2876
332100.000000  94  2.9  100  0
332160.000000  91  2.6  86.5  0
332220.000000  94  2.2  100  0
332280.000000  94  2.1  99.98  0
332340.000000  89  2.3  80.96  0
332400.000000  92  1.5  89.86  0
332460.000000  92  1.2  99.78  0
332520.000000  90  1  98  0
332580.000000  93  0.8  78.7  0
332640.000000  82  0.9  53.3  0
332700.000000  88  1  100  0
332760.000000  90  0.3  100  0
332820.000000  92  0.6  100  0
332880.000000  94  0.2  100  0
332940.000000  95  0.3  87.76  0
333000.000000  95  0.1  100  0
333060.000000  95  0  63.26  0
333120.000000  94  -0.1  100  0
333180.000000  92  0.7  94.84  0
333240.000000  93  0.6  100  0
333300.000000  94  0.9  91.39  11.4901
333360.000000  95  0.7  98.71  10.2261
333420.000000  95  0.8  96.6  34.6689
333480.000000  95  1  88.91  44.129
333540.000000  95  0.9  100  2.04762
333600.000000  95  1.1  100  0
333660.000000  94  1.2  100  0
333720.000000  94  0.9  100  0
333780.000000  96  0.4  100  0
333840.000000  96  0.4  100  0
333900.000000  96  0.4  100  0
333960.000000  97  0.5  100  0
334020.000000  96  0.4  100  0
334080.000000  97  0.4  100  0
334140.000000  97  0.1  100  0
334200.000000  97  0.1  99.99  0
334260.000000  97  0.2  100  0
334320.000000  97  0.3  100  0
334380.000000  97  0  100  0
334440.000000  97  0.1  100  0
334500.000000  97  0.1  93.67  0
334560.000000  97  0.1  90.95  0
334620.000000  97  0.1  89.93  0
334680.000000  97  0.2  83.46  0
334740.000000  97  0.3  98.41  2.02693
334800.000000  96  0.5  82.44  5.82988
334860.000000  95  0.6  73.38  5.40737
334920.000000  94  0.6  81.86  6.20414
334980.000000  94  0.1  80.77  2.02758
335040.000000  94  -0.5  99.1  0
335100.000000  94  -0.9  92.58  0
335160.000000  94  -1.3  92.66  0
335220.000000  93  -1.6  18.59  0
335280.000000  94  -2  66.71  0
335340.000000  93  -2.1  99.14  0
335400.000000  93  -2.3  97.29  0
335460.000000  94  -2.3  97.83  0
335520.000000  92  -1.5  99.98  0
