30240.000000  0.011  0.02  1.42976  0
30300.000000  0.018  0.02  1.45635  0
30360.000000  0.015  0.02  1.35264  0
30420.000000  0.013  0.02  1.59618  0
30480.000000  0.01  0.02  1.71667  0
30540.000000  0.006  0.02  1.9127  0
30600.000000  0.003  0.02  2.12826  0
30660.000000  0.001  0.02  2.32372  0
30720.000000  0  0.02  2.32372  0
30780.000000  0  0.02  3.05407  0
30840.000000  0  0.02  3.15724  0
30900.000000  0  0.02  3.20986  0
30960.000000  0  0.02  3.26316  0
31020.000000  0  0.02  3.59756  0
31080.000000  0  0.02  3.95723  0
31140.000000  0  0.02  3.10531  0
31200.000000  0  0.02  2.49096  0
31260.000000  0  0.02  2.24376  0
31320.000000  0  0.02  2.09092  0
31380.000000  0  0.02  1.98232  0
31440.000000  0  0.02  1.77993  0
31500.000000  0  0.02  1.62556  0
31560.000000  0  0.02  1.56727  0
31620.000000  0  0.02  1.51088  0
31680.000000  0  0.02  1.42976  0
31740.000000  0  0.02  1.37791  0
31800.000000  0  0.02  1.16536  0
31860.000000  0  0.02  1.14372  0
31920.000000  0  0.02  1.16536  0
31980.000000  0  0.02  1.14372  0
32040.000000  0  0.02  1.16536  0
32100.000000  0  0.02  1.16536  0
32160.000000  0  0.02  1.14372  0
32220.000000  0  0.02  1.16536  0
32280.000000  0  0.02  1.45635  0
32340.000000  0  0.02  1.59618  0
32400.000000  0  0.02  1.45635  0
32460.000000  0  0.02  1.56727  0
32520.000000  0  0.02  1.56727  0
32580.000000  0  0.02  1.51088  0
32640.000000  0  0.02  1.77993  0
32700.000000  0  0.02  1.35264  0
32760.000000  0  0.02  1.16536  0
32820.000000  0  0.02  1.12246  0
32880.000000  0  0.02  1.20978  0
32940.000000  0  0.02  1.25577  0
33000.000000  0  0.02  1.20978  0
33060.000000  0  0.02  1.16536  0
33120.000000  0  0.02  1.18737  0
33180.000000  0.012  0.02  1.18737  0
33240.000000  0.035  0.02  1.20978  0
33300.000000  0.043  0.02  1.16536  0
33360.000000  0.05  0.02  1.12246  0
33420.000000  0.058  0.02  1.12246  0
33480.000000  0.068  0.02  1.08104  0
33540.000000  0.094  0.02  1.14372  0
33600.000000  0.101  0.02  1.25577  0
33660.000000  0.112  0.02  1.18737  0
33720.000000  0.119  0.02  1.40361  0
33780.000000  0.124  0.02  1.51088  0
33840.000000  0.127  0.02  1.27936  0
33900.000000  0.125  0.02  1.12246  0
33960.000000  0.128  0.02  1.51088  0
34020.000000  0.132  0.02  2.32372  0
34080.000000  0.132  0.02  2.24376  0
34140.000000  0.145  0.02  2.36461  0
34200.000000  0.16  0.02  1.77993  0
34260.000000  0.179  0.02  1.48339  0
34320.000000  0.181  0.02  1.32779  0
34380.000000  0.182  0.02  1.20978  0
34440.000000  0.185  0.02  1.25577  0
34500.000000  0.187  0.02  1.14372  0
34560.000000  0.19  0.02  1.10157  0
34620.000000  0.184  0.02  1.0216  0
34680.000000  0.178  0.02  1.16536  0
34740.000000  0.17  0.02  1.0216  0
34800.000000  0.163  0.02  0.894645  0
34860.000000  0.157  0.02  0.797882  0
34920.000000  0.153  0.02  0.965235  0
34980.000000  0.149  0.02  1.25577  0
35040.000000  0.147  0.02  1.6858  0
35100.000000  0.147  0.02  2.36461  0
35160.000000  0.141  0.02  2.66823  0
35220.000000  0.136  0.02  3.37184  0
35280.000000  0.134  0.02  3.37184  0
35340.000000  0.138  0.02  3.89552  0
35400.000000  0.132  0.02  3.89552  0
35460.000000  0.124  0.02  4.14658  0
35520.000000  0.116  0.02  3.95723  0
35580.000000  0.108  0.02  3.77422  0
35640.000000  0.1  0.02  2.95361  0
35700.000000  0.091  0.02  2.71415  0
35760.000000  0.084  0.02  1.94724  0
35820.000000  0.079  0.02  1.59618  0
35880.000000  0.075  0.02  1.45635  0
35940.000000  0.071  0.02  1.35264  0
36000.000000  0.066  0.02  1.23257  0
36060.000000  0.063  0.02  1.12246  0
36120.000000  0.06  0.02  1.10157  0
36180.000000  0.06  0.02  1.12246  0
36240.000000  0.061  0.02  1.18737  0
36300.000000  0.062  0.02  1.30337  0
36360.000000  0.063  0.02  1.65544  0
36420.000000  0.064  0.02  2.49096  0
36480.000000  0.063  0.02  3.77422  0
36540.000000  0.062  0.02  4.54422  0
36600.000000  0.063  0.02  5.26157  0
36660.000000  0.063  0.02  5.4129  0
36720.000000  0.064  0.02  6.28803  0
36780.000000  0.065  0.02  5.56673  0
36840.000000  0.065  0.02  4.82312  0
36900.000000  0.067  0.02  4.47621  0
36960.000000  0.068  0.02  4.54422  0
37020.000000  0.069  0.02  5.03938  0
37080.000000  0.07  0.02  3.71463  0
37140.000000  0.072  0.02  3.31715  0
37200.000000  0.072  0.02  2.44822  0
37260.000000  0.071  0.02  2.01796  0
37320.000000  0.07  0.02  1.77993  0
37380.000000  0.069  0.02  1.74804  0
37440.000000  0.068  0.02  1.45635  0
37500.000000  0.068  0.02  1.53884  0
37560.000000  0.067  0.02  1.56727  0
37620.000000  0.066  0.02  1.51088  0
37680.000000  0.064  0.02  1.35264  0
37740.000000  0.062  0.02  1.37791  0
37800.000000  0.059  0.02  1.9127  0
37860.000000  0.056  0.02  2.80795  0
37920.000000  0.057  0.02  3.83452  0
37980.000000  0.056  0.02  4.96663  0
38040.000000  0.055  0.02  5.88162  0
38100.000000  0.054  0.02  6.53819  0
38160.000000  0.054  0.02  7.05117  0
38220.000000  0.054  0.02  6.70739  0
38280.000000  0.055  0.02  6.04254  0
38340.000000  0.054  0.02  6.20566  0
38400.000000  0.054  0.02  6.12383  0
38460.000000  0.055  0.02  4.40889  0
38520.000000  0.056  0.02  3.83452  0
38580.000000  0.056  0.02  3.26316  0
38640.000000  0.055  0.02  2.76072  0
38700.000000  0.054  0.02  2.24376  0
38760.000000  0.053  0.02  1.9127  0
38820.000000  0.053  0.02  1.74804  0
38880.000000  0.052  0.02  1.87871  0
38940.000000  0.05  0.02  1.56727  0
39000.000000  0.049  0.02  1.35264  0
39060.000000  0.047  0.02  1.9127  0
39120.000000  0.048  0.02  1.98232  0
39180.000000  0.047  0.02  1.94724  0
39240.000000  0.047  0.02  2.71415  0
39300.000000  0.046  0.02  3.54008  0
39360.000000  0.045  0.02  4.27634  0
39420.000000  0.046  0.02  5.4895  0
39480.000000  0.047  0.02  6.96459  0
39540.000000  0.046  0.02  6.96459  0
39600.000000  0.046  0.02  7.75696  0
39660.000000  0.046  0.02  7.93649  0
39720.000000  0.046  0.02  8.29829  0
39780.000000  0.048  0.02  7.93649  0
39840.000000  0.049  0.02  7.48978  0
39900.000000  0.048  0.02  7.84659  0
39960.000000  0.048  0.02  7.57854  0
40020.000000  0.048  0.02  7.40135  0
40080.000000  0.048  0.02  6.04254  0
40140.000000  0.046  0.02  5.64456  0
40200.000000  0.046  0.02  5.96179  0
40260.000000  0.047  0.02  6.37091  0
40320.000000  0.047  0.02  6.28803  0
40380.000000  0.047  0.02  6.62255  0
40440.000000  0.047  0.02  6.4543  0
40500.000000  0.044  0.02  5.18686  0
40560.000000  0.041  0.02  5.96179  0
40620.000000  0.039  0.02  6.87842  0
40680.000000  0.037  0.02  6.70739  0
40740.000000  0.036  0.02  6.87842  0
40800.000000  0.034  0.02  9.12067  0
40860.000000  0.033  0.02  9.8527  0
40920.000000  0.029  0.02  7.05117  0
40980.000000  0.024  0.02  6.87842  0
41040.000000  0.021  0.02  7.22552  0
41100.000000  0.019  0.02  6.79269  0
41160.000000  0.018  0.02  6.70739  0
41220.000000  0.017  0.02  6.62255  0
41280.000000  0.016  0.02  7.31326  0
41340.000000  0.015  0.02  6.70739  0
41400.000000  0.014  0.02  6.4543  0
41460.000000  0.012  0.02  6.20566  0
41520.000000  0.011  0.02  6.12383  0
41580.000000  0.011  0.02  5.96179  0
41640.000000  0.011  0.02  5.56673  0
41700.000000  0.011  0.02  6.28803  0
41760.000000  0.011  0.02  5.96179  0
41820.000000  0.011  0.02  5.64456  0
41880.000000  0.012  0.02  5.80201  0
41940.000000  0.013  0.02  5.03938  0
42000.000000  0.013  0.02  5.03938  0
42060.000000  0.015  0.02  4.75237  0
42120.000000  0.016  0.02  5.4895  0
42180.000000  0.019  0.02  5.88162  0
42240.000000  0.02  0.02  6.96459  0
42300.000000  0.022  0.02  7.22552  0
42360.000000  0.024  0.02  8.20754  0
42420.000000  0.03  0.02  8.8458  0
42480.000000  0.032  0.02  9.21233  0
42540.000000  0.033  0.02  9.76148  0
42600.000000  0.033  0.02  11.9621  0
42660.000000  0.034  0.02  11.9621  0
42720.000000  0.034  0.02  12.61  0
42780.000000  0.035  0.02  12.2905  0
42840.000000  0.035  0.02  9.94378  0
42900.000000  0.036  0.02  7.66761  0
42960.000000  0.036  0.02  6.37091  0
43020.000000  0.036  0.02  5.72299  0
43080.000000  0.036  0.02  5.1128  0
43140.000000  0.034  0.02  4.96663  0
43200.000000  0.032  0.02  4.14658  0
43260.000000  0.032  0.02  6.28803  0
43320.000000  0.033  0.02  6.20566  0
43380.000000  0.033  0.02  6.62255  0
43440.000000  0.032  0.02  6.4543  0
43500.000000  0.029  0.02  6.96459  0
43560.000000  0.027  0.02  5.4895  0
43620.000000  0.026  0.02  6.70739  0
43680.000000  0.025  0.02  7.13815  0
43740.000000  0.024  0.02  10.7545  0
43800.000000  0.023  0.02  12.2092  0
43860.000000  0.023  0.02  12.045  0
43920.000000  0.023  0.02  11.7948  0
43980.000000  0.022  0.02  10.3965  0
44040.000000  0.008  0.02  6.79269  0
44100.000000  0.009  0.02  7.40135  0
44160.000000  0.008  0.02  9.94378  0
44220.000000  0.009  0.02  10.9317  0
44280.000000  0.01  0.02  10.576  0
44340.000000  0.011  0.02  9.67015  0
44400.000000  0.012  0.02  7.84659  0
44460.000000  0.013  0.02  7.05117  0
44520.000000  0.014  0.02  5.88162  0
44580.000000  0.016  0.02  5.56673  0
44640.000000  0.018  0.02  5.26157  0
44700.000000  0.018  0.02  5.56673  0
44760.000000  0.018  0.02  6.12383  0
44820.000000  0.017  0.02  6.04254  0
44880.000000  0.018  0.02  5.26157  0
44940.000000  0.016  0.02  5.03938  0
45000.000000  0.015  0.02  5.1128  0
45060.000000  0.012  0.02  8.20754  0
45120.000000  0.011  0.02  9.76148  0
45180.000000  0.007  0.02  11.6256  0
45240.000000  0.004  0.02  12.6884  0
45300.000000  0.002  0.02  12.2905  0
45360.000000  0.001  0.02  13.4385  0
45420.000000  0.001  0.02  13.4385  0
45480.000000  0.013  0.02  13.1461  0
45540.000000  0.012  0.02  12.9201  0
45600.000000  0.011  0.02  12.4514  0
45660.000000  0.011  0.02  11.3684  0
45720.000000  0.009  0.02  10.1255  0
45780.000000  0.007  0.02  9.21233  0
45840.000000  0.006  0.02  8.38922  0
45900.000000  0.005  0.02  7.40135  0
45960.000000  0.004  0.02  6.62255  0
46020.000000  0  0.02  5.88162  0
46080.000000  0  0.02  4.96663  0
46140.000000  0  0.02  4.47621  0
46200.000000  0  0.02  4.01964  0
46260.000000  0  0.02  3.71463  0
46320.000000  0  0.02  4.01964  0
46380.000000  0  0.02  3.4833  0
46440.000000  0  0.02  4.08276  0
46500.000000  0  0.02  5.88162  0
46560.000000  0  0.02  7.05117  0
46620.000000  0  0.02  8.75429  0
46680.000000  0  0.02  10.576  0
46740.000000  0  0.02  12.045  0
46800.000000  0  0.02  12.9961  0
46860.000000  0  0.02  13.5099  0
46920.000000  0  0.02  13.5099  0
46980.000000  0  0.02  13.0714  0
47040.000000  0  0.02  10.6654  0
47100.000000  0  0.02  11.4546  0
47160.000000  0  0.02  11.6256  0
47220.000000  0  0.02  10.0347  0
47280.000000  0  0.02  10.216  0
47340.000000  0  0.02  8.20754  0
47400.000000  0  0.02  7.40135  0
47460.000000  0  0.02  5.4129  0
47520.000000  0  0.02  4.75237  0
47580.000000  0  0.02  4.01964  0
47640.000000  0  0.02  3.77422  0
47700.000000  0.002  0.02  3.42722  0
47760.000000  0.006  0.02  3.20986  0
47820.000000  0.009  0.02  3.71463  0
47880.000000  0.011  0.02  5.4129  0
47940.000000  0.011  0.02  7.48978  0
48000.000000  0.012  0.02  8.93739  0
48060.000000  0.013  0.02  10.3064  0
48120.000000  0.013  0.02  11.9621  0
48180.000000  0.013  0.02  13.1461  0
48240.000000  0.014  0.02  13.7888  0
48300.000000  0.015  0.02  13.3664  0
48360.000000  0.015  0.02  13.3664  0
48420.000000  0.015  0.02  13.1461  0
48480.000000  0.015  0.02  13.2936  0
48540.000000  0.014  0.02  12.8435  0
48600.000000  0.014  0.02  11.7948  0
48660.000000  0.015  0.02  9.76148  0
48720.000000  0.016  0.02  8.66285  0
48780.000000  0.016  0.02  7.48978  0
48840.000000  0.019  0.02  6.28803  0
48900.000000  0.021  0.02  5.64456  0
48960.000000  0.023  0.02  5.26157  0
49020.000000  0.027  0.02  4.89454  0
49080.000000  0.032  0.02  4.08276  0
49140.000000  0.037  0.02  4.82312  0
49200.000000  0.041  0.02  4.89454  0
49260.000000  0.046  0.02  4.54422  0
49320.000000  0.05  0.02  4.82312  0
49380.000000  0.055  0.02  6.04254  0
49440.000000  0.059  0.02  7.48978  0
49500.000000  0.061  0.02  8.11698  0
49560.000000  0.063  0.02  8.57152  0
49620.000000  0.064  0.02  8.57152  0
49680.000000  0.067  0.02  7.93649  0
49740.000000  0.07  0.02  7.05117  0
49800.000000  0.073  0.02  7.05117  0
49860.000000  0.074  0.02  7.31326  0
49920.000000  0.076  0.02  7.22552  0
49980.000000  0.079  0.02  6.62255  0
50040.000000  0.08  0.02  5.96179  0
50100.000000  0.081  0.02  4.75237  0
50160.000000  0.082  0.02  4.34226  0
50220.000000  0.085  0.02  3.83452  0
50280.000000  0.087  0.02  3.26316  0
50340.000000  0.091  0.02  2.85584  0
50400.000000  0.093  0.02  2.76072  0
50460.000000  0.094  0.02  2.44822  0
50520.000000  0.094  0.02  2.12826  0
50580.000000  0.094  0.02  2.12826  0
50640.000000  0.095  0.02  2.53432  0
50700.000000  0.095  0.02  2.62295  0
50760.000000  0.097  0.02  2.66823  0
50820.000000  0.098  0.02  2.76072  0
50880.000000  0.1  0.02  2.90439  0
50940.000000  0.102  0.02  3.20986  0
51000.000000  0.105  0.02  4.40889  0
51060.000000  0.107  0.02  5.96179  0
51120.000000  0.106  0.02  6.96459  0
51180.000000  0.105  0.02  7.66761  0
51240.000000  0.104  0.02  8.38922  0
51300.000000  0.105  0.02  8.66285  0
51360.000000  0.104  0.02  8.02662  0
51420.000000  0.103  0.02  6.79269  0
51480.000000  0.101  0.02  5.26157  0
51540.000000  0.099  0.02  4.21111  0
51600.000000  0.097  0.02  3.54008  0
51660.000000  0.093  0.02  3.20986  0
51720.000000  0.089  0.02  3.15724  0
51780.000000  0.083  0.02  3.15724  0
51840.000000  0.08  0.02  3.10531  0
51900.000000  0.077  0.02  3.15724  0
51960.000000  0.076  0.02  3.20986  0
52020.000000  0.075  0.02  3.31715  0
52080.000000  0.073  0.02  3.37184  0
52140.000000  0.072  0.02  3.54008  0
52200.000000  0.071  0.02  3.65574  0
52260.000000  0.072  0.02  3.77422  0
52320.000000  0.072  0.02  3.95723  0
52380.000000  0.072  0.02  4.21111  0
52440.000000  0.072  0.02  4.75237  0
52500.000000  0.072  0.02  5.03938  0
52560.000000  0.069  0.02  5.1128  0
52620.000000  0.068  0.02  5.03938  0
52680.000000  0.062  0.02  5.56673  0
52740.000000  0.062  0.02  5.26157  0
52800.000000  0.061  0.02  5.33692  0
52860.000000  0.055  0.02  5.26157  0
52920.000000  0.04  0.02  5.33692  0
52980.000000  0.032  0.02  4.96663  0
53040.000000  0.03  0.02  4.01964  0
53100.000000  0.03  0.02  3.71463  0
53160.000000  0.035  0.02  3.54008  0
53220.000000  0.033  0.02  3.4833  0
53280.000000  0.038  0.02  3.26316  0
53340.000000  0.042  0.02  2.85584  0
53400.000000  0.047  0.02  2.85584  0
53460.000000  0.05  0.02  2.76072  0
53520.000000  0.054  0.02  2.71415  0
53580.000000  0.057  0.02  2.71415  0
53640.000000  0.061  0.02  2.95361  0
53700.000000  0.063  0.02  3.15724  0
53760.000000  0.065  0.02  3.37184  0
53820.000000  0.067  0.02  4.08276  0
53880.000000  0.067  0.02  3.77422  0
53940.000000  0.068  0.02  4.6823  0
54000.000000  0.074  0.02  4.82312  0
54060.000000  0.077  0.02  5.56673  0
54120.000000  0.085  0.02  6.62255  0
54180.000000  0.086  0.02  5.72299  0
54240.000000  0.087  0.02  6.62255  0
54300.000000  0.093  0.02  4.61292  0
54360.000000  0.107  0.02  3.95723  0
54420.000000  0.114  0.02  3.54008  0
54480.000000  0.116  0.02  3.42722  0
54540.000000  0.116  0.02  3.20986  0
54600.000000  0.111  0.02  3.20986  0
54660.000000  0.114  0.02  3.26316  0
54720.000000  0.109  0.02  3.77422  0
54780.000000  0.102  0.02  3.59756  0
54840.000000  0.095  0.02  3.59756  0
54900.000000  0.088  0.02  4.40889  0
54960.000000  0.08  0.02  3.89552  0
55020.000000  0.067  0.02  4.01964  0
55080.000000  0.061  0.02  4.01964  0
55140.000000  0.043  0.02  4.34226  0
55200.000000  0.019  0.02  5.26157  0
55260.000000  0.001  0.02  4.96663  0
55320.000000  0  0.02  5.1128  0
55380.000000  0  0.02  5.26157  0
55440.000000  0  0.02  5.18686  0
55500.000000  0  0.02  4.40889  0
55560.000000  0  0.02  3.77422  0
55620.000000  0  0.02  3.59756  0
55680.000000  0  0.02  3.20986  0
55740.000000  0  0.02  3.05407  0
55800.000000  0.014  0.02  3.10531  0
55860.000000  0.034  0.02  3.0035  0
55920.000000  0.054  0.02  2.66823  0
55980.000000  0.072  0.02  2.12826  0
56040.000000  0.088  0.02  1.71667  0
56100.000000  0.102  0.02  1.56727  0
56160.000000  0.115  0.02  1.48339  0
56220.000000  0.127  0.02  1.40361  0
56280.000000  0.137  0.02  1.35264  0
56340.000000  0.146  0.02  1.30337  0
56400.000000  0.155  0.02  1.25577  0
56460.000000  0.166  0.02  1.23257  0
56520.000000  0.169  0.02  1.98232  0
56580.000000  0.186  0.02  2.80795  0
56640.000000  0.209  0.02  3.54008  0
56700.000000  0.227  0.02  4.54422  0
56760.000000  0.251  0.02  5.33692  0
56820.000000  0.263  0.02  5.88162  0
56880.000000  0.277  0.02  5.33692  0
56940.000000  0.282  0.02  5.1128  0
57000.000000  0.274  0.02  4.89454  0
57060.000000  0.259  0.02  4.75237  0
57120.000000  0.253  0.02  5.33692  0
57180.000000  0.239  0.02  4.89454  0
57240.000000  0.22  0.02  4.82312  0
57300.000000  0.201  0.02  4.47621  0
57360.000000  0.182  0.02  4.14658  0
57420.000000  0.165  0.02  3.77422  0
57480.000000  0.148  0.02  3.65574  0
57540.000000  0.135  0.02  3.37184  0
57600.000000  0.121  0.02  3.37184  0
57660.000000  0.11  0.02  3.42722  0
57720.000000  0.103  0.02  3.4833  0
57780.000000  0.096  0.02  3.54008  0
57840.000000  0.09  0.02  3.65574  0
57900.000000  0.086  0.02  4.01964  0
57960.000000  0.081  0.02  4.27634  0
58020.000000  0.074  0.02  4.21111  0
58080.000000  0.069  0.02  4.75237  0
58140.000000  0.065  0.02  5.03938  0
58200.000000  0.064  0.02  6.20566  0
58260.000000  0.062  0.02  7.31326  0
58320.000000  0.061  0.02  7.93649  0
58380.000000  0.061  0.02  8.20754  0
58440.000000  0.06  0.02  8.8458  0
58500.000000  0.061  0.02  9.02901  0
58560.000000  0.062  0.02  8.8458  0
58620.000000  0.064  0.02  8.75429  0
58680.000000  0.065  0.02  9.21233  0
58740.000000  0.066  0.02  9.12067  0
58800.000000  0.067  0.02  7.93649  0
58860.000000  0.068  0.02  7.57854  0
58920.000000  0.069  0.02  7.13815  0
58980.000000  0.069  0.02  6.4543  0
59040.000000  0.07  0.02  5.88162  0
59100.000000  0.071  0.02  6.04254  0
59160.000000  0.069  0.02  5.96179  0
59220.000000  0.067  0.02  6.87842  0
59280.000000  0.065  0.02  6.79269  0
59340.000000  0.062  0.02  7.22552  0
59400.000000  0.062  0.02  7.93649  0
59460.000000  0.065  0.02  8.66285  0
59520.000000  0.063  0.02  9.94378  0
59580.000000  0.061  0.02  10.9317  0
59640.000000  0.058  0.02  12.2905  0
59700.000000  0.055  0.02  13.3664  0
59760.000000  0.054  0.02  14.6184  0
59820.000000  0.052  0.02  14.6773  0
59880.000000  0.051  0.02  14.9058  0
59940.000000  0.045  0.02  13.6507  0
60000.000000  0.041  0.02  11.7948  0
60060.000000  0.036  0.02  11.8787  0
60120.000000  0.033  0.02  11.3684  0
60180.000000  0.032  0.02  10.9317  0
60240.000000  0.03  0.02  10.576  0
60300.000000  0.029  0.02  9.67015  0
60360.000000  0.027  0.02  8.66285  0
60420.000000  0.025  0.02  7.66761  0
60480.000000  0.023  0.02  8.66285  0
60540.000000  0.022  0.02  7.75696  0
60600.000000  0.021  0.02  6.28803  0
60660.000000  0.021  0.02  5.80201  0
60720.000000  0.022  0.02  5.4129  0
60780.000000  0.024  0.02  6.37091  0
60840.000000  0.024  0.02  9.4872  0
60900.000000  0.025  0.02  9.30399  0
60960.000000  0.026  0.02  11.0197  0
61020.000000  0.027  0.02  10.6654  0
61080.000000  0.027  0.02  11.7104  0
61140.000000  0.027  0.02  11.9621  0
61200.000000  0.027  0.02  12.8435  0
61260.000000  0.026  0.02  12.9961  0
61320.000000  0.028  0.02  13.2202  0
61380.000000  0.03  0.02  13.8568  0
61440.000000  0.032  0.02  11.9621  0
61500.000000  0.033  0.02  10.7545  0
61560.000000  0.035  0.02  11.1948  0
61620.000000  0.036  0.02  10.3064  0
61680.000000  0.039  0.02  9.39561  0
61740.000000  0.041  0.02  8.02662  0
61800.000000  0.044  0.02  7.40135  0
61860.000000  0.046  0.02  6.87842  0
61920.000000  0.049  0.02  5.80201  0
61980.000000  0.052  0.02  6.04254  0
62040.000000  0.055  0.02  7.40135  0
62100.000000  0.057  0.02  6.79269  0
62160.000000  0.058  0.02  7.93649  0
62220.000000  0.061  0.02  9.39561  0
62280.000000  0.064  0.02  9.94378  0
62340.000000  0.065  0.02  9.39561  0
62400.000000  0.064  0.02  10.6654  0
62460.000000  0.064  0.02  13.6507  0
62520.000000  0.065  0.02  12.4514  0
62580.000000  0.066  0.02  12.2092  0
62640.000000  0.067  0.02  13.6507  0
62700.000000  0.069  0.02  15.0698  0
62760.000000  0.071  0.02  15.0158  0
62820.000000  0.074  0.02  16.1668  0
62880.000000  0.076  0.02  15.3794  0
62940.000000  0.078  0.02  15.2789  0
63000.000000  0.078  0.02  14.4985  0
63060.000000  0.075  0.02  13.5099  0
63120.000000  0.071  0.02  12.045  0
63180.000000  0.067  0.02  10.1255  0
63240.000000  0.063  0.02  8.4803  0
63300.000000  0.058  0.02  7.22552  0
63360.000000  0.054  0.02  6.37091  0
63420.000000  0.049  0.02  7.66761  0
63480.000000  0.043  0.02  7.40135  0
63540.000000  0.037  0.02  7.40135  0
63600.000000  0.031  0.02  7.57854  0
63660.000000  0.026  0.02  7.84659  0
63720.000000  0.023  0.02  10.3064  0
63780.000000  0.023  0.02  11.2818  0
63840.000000  0.022  0.02  12.4514  0
63900.000000  0.022  0.02  13.9241  0
63960.000000  0.021  0.02  14.1864  0
64020.000000  0.021  0.02  15.2277  0
64080.000000  0.021  0.02  15.842  0
64140.000000  0.02  0.02  16.0496  0
64200.000000  0.018  0.02  16.0496  0
64260.000000  0.014  0.02  15.3295  0
64320.000000  0.008  0.02  15.0158  0
64380.000000  0.003  0.02  14.6773  0
64440.000000  0  0.02  13.7201  0
64500.000000  0  0.02  12.045  0
64560.000000  0  0.02  10.9317  0
64620.000000  0.002  0.02  10.1255  0
64680.000000  0.005  0.02  9.21233  0
64740.000000  0.007  0.02  8.4803  0
64800.000000  0.009  0.02  7.84659  0
64860.000000  0.011  0.02  8.75429  0
64920.000000  0.015  0.02  8.38922  0
64980.000000  0.021  0.02  8.57152  0
65040.000000  0.027  0.02  8.75429  0
65100.000000  0.032  0.02  8.8458  0
65160.000000  0.035  0.02  10.6654  0
65220.000000  0.037  0.02  12.045  0
65280.000000  0.038  0.02  12.4514  0
65340.000000  0.039  0.02  13.7201  0
65400.000000  0.041  0.02  14.7354  0
65460.000000  0.042  0.02  15.3794  0
65520.000000  0.044  0.02  15.3295  0
65580.000000  0.044  0.02  15.7547  0
65640.000000  0.043  0.02  15.8848  0
65700.000000  0.045  0.02  15.8848  0
65760.000000  0.046  0.02  15.2277  0
65820.000000  0.049  0.02  14.7354  0
65880.000000  0.051  0.02  13.8568  0
65940.000000  0.054  0.02  12.045  0
66000.000000  0.056  0.02  11.4546  0
66060.000000  0.057  0.02  10.4864  0
66120.000000  0.058  0.02  9.57871  0
66180.000000  0.06  0.02  9.12067  0
66240.000000  0.063  0.02  8.20754  0
66300.000000  0.067  0.02  8.02662  0
66360.000000  0.071  0.02  8.29829  0
66420.000000  0.074  0.02  7.66761  0
66480.000000  0.076  0.02  8.02662  0
66540.000000  0.078  0.02  8.02662  0
66600.000000  0.08  0.02  11.0197  0
66660.000000  0.082  0.02  11.7948  0
66720.000000  0.085  0.02  12.9961  0
66780.000000  0.087  0.02  13.9241  0
66840.000000  0.09  0.02  14.7354  0
66900.000000  0.091  0.02  15.5723  0
66960.000000  0.09  0.02  15.2789  0
67020.000000  0.09  0.02  15.2277  0
67080.000000  0.089  0.02  13.7201  0
67140.000000  0.09  0.02  12.6884  0
67200.000000  0.091  0.02  12.2092  0
67260.000000  0.091  0.02  13.2936  0
67320.000000  0.093  0.02  12.61  0
67380.000000  0.095  0.02  10.8432  0
67440.000000  0.095  0.02  10.3064  0
67500.000000  0.095  0.02  9.39561  0
67560.000000  0.095  0.02  8.29829  0
67620.000000  0.096  0.02  8.29829  0
67680.000000  0.098  0.02  8.02662  0
67740.000000  0.099  0.02  8.66285  0
67800.000000  0.099  0.02  9.12067  0
67860.000000  0.098  0.02  8.11698  0
67920.000000  0.097  0.02  8.38922  0
67980.000000  0.097  0.02  8.93739  0
68040.000000  0.096  0.02  9.30399  0
68100.000000  0.096  0.02  10.1255  0
68160.000000  0.096  0.02  12.9961  0
68220.000000  0.095  0.02  13.7888  0
68280.000000  0.094  0.02  13.1461  0
68340.000000  0.093  0.02  13.6507  0
68400.000000  0.095  0.02  13.9907  0
68460.000000  0.097  0.02  13.7888  0
68520.000000  0.1  0.02  9.21233  0
68580.000000  0.103  0.02  6.96459  0
68640.000000  0.107  0.02  6.12383  0
68700.000000  0.102  0.02  5.96179  0
68760.000000  0.103  0.02  5.96179  0
68820.000000  0.105  0.02  5.72299  0
68880.000000  0.108  0.02  5.33692  0
68940.000000  0.11  0.02  5.33692  0
69000.000000  0.105  0.02  4.89454  0
69060.000000  0.105  0.02  4.34226  0
69120.000000  0.105  0.02  3.95723  0
69180.000000  0.093  0.02  3.71463  0
69240.000000  0.082  0.02  3.42722  0
69300.000000  0.074  0.02  3.31715  0
69360.000000  0.073  0.02  3.37184  0
69420.000000  0.075  0.02  3.54008  0
69480.000000  0.078  0.02  3.83452  0
69540.000000  0.081  0.02  4.08276  0
69600.000000  0.083  0.02  4.6823  0
69660.000000  0.082  0.02  4.61292  0
69720.000000  0.082  0.02  4.96663  0
69780.000000  0.085  0.02  4.89454  0
69840.000000  0.087  0.02  5.80201  0
69900.000000  0.088  0.02  6.28803  0
69960.000000  0.089  0.02  6.53819  0
70020.000000  0.088  0.02  5.33692  0
70080.000000  0.087  0.02  5.96179  0
70140.000000  0.092  0.02  4.75237  0
70200.000000  0.091  0.02  4.01964  0
70260.000000  0.086  0.02  3.4833  0
70320.000000  0.085  0.02  3.0035  0
70380.000000  0.084  0.02  2.71415  0
70440.000000  0.088  0.02  2.28344  0
70500.000000  0.088  0.02  2.12826  0
70560.000000  0.086  0.02  2.05416  0
70620.000000  0.096  0.02  1.94724  0
70680.000000  0.104  0.02  1.94724  0
70740.000000  0.108  0.02  1.98232  0
70800.000000  0.105  0.02  1.94724  0
70860.000000  0.099  0.02  2.16617  0
70920.000000  0.094  0.02  3.31715  0
70980.000000  0.089  0.02  4.47621  0
71040.000000  0.083  0.02  5.72299  0
71100.000000  0.08  0.02  6.28803  0
71160.000000  0.077  0.02  7.05117  0
71220.000000  0.07  0.02  9.02901  0
71280.000000  0.064  0.02  9.67015  0
71340.000000  0.059  0.02  9.30399  0
71400.000000  0.055  0.02  10.576  0
71460.000000  0.051  0.02  10.0347  0
71520.000000  0.049  0.02  10.216  0
71580.000000  0.046  0.02  10.0347  0
71640.000000  0.043  0.02  9.21233  0
71700.000000  0.041  0.02  7.40135  0
71760.000000  0.036  0.02  6.79269  0
71820.000000  0.032  0.02  6.12383  0
71880.000000  0.028  0.02  5.80201  0
71940.000000  0.023  0.02  5.4895  0
72000.000000  0.019  0.02  5.18686  0
72060.000000  0.015  0.02  6.62255  0
72120.000000  0.012  0.02  6.79269  0
72180.000000  0.011  0.02  7.31326  0
72240.000000  0.01  0.02  7.05117  0
72300.000000  0.008  0.02  7.57854  0
72360.000000  0.007  0.02  9.8527  0
72420.000000  0.006  0.02  11.2818  0
72480.000000  0.007  0.02  12.9961  0
72540.000000  0.007  0.02  13.9241  0
72600.000000  0.009  0.02  14.6184  0
72660.000000  0.012  0.02  14.9612  0
72720.000000  0.012  0.02  14.3134  0
72780.000000  0.013  0.02  14.5588  0
72840.000000  0.012  0.02  14.5588  0
72900.000000  0.013  0.02  14.5588  0
72960.000000  0.013  0.02  14.3758  0
73020.000000  0.013  0.02  14.3758  0
73080.000000  0.014  0.02  13.2202  0
73140.000000  0.017  0.02  11.5403  0
73200.000000  0.019  0.02  10.576  0
73260.000000  0.02  0.02  9.94378  0
73320.000000  0.024  0.02  9.30399  0
73380.000000  0.026  0.02  8.8458  0
73440.000000  0.03  0.02  8.38922  0
73500.000000  0.034  0.02  8.38922  0
73560.000000  0.039  0.02  9.57871  0
73620.000000  0.042  0.02  10.3064  0
73680.000000  0.046  0.02  10.7545  0
73740.000000  0.051  0.02  11.3684  0
73800.000000  0.055  0.02  11.8787  0
73860.000000  0.058  0.02  13.2936  0
73920.000000  0.059  0.02  14.0567  0
73980.000000  0.061  0.02  15.0158  0
74040.000000  0.063  0.02  15.71  0
74100.000000  0.064  0.02  16.0093  0
74160.000000  0.068  0.02  16.2421  0
74220.000000  0.072  0.02  16.0892  0
74280.000000  0.077  0.02  16.3858  0
74340.000000  0.08  0.02  15.6648  0
74400.000000  0.082  0.02  15.5723  0
74460.000000  0.084  0.02  15.2789  0
74520.000000  0.086  0.02  14.4985  0
74580.000000  0.088  0.02  12.9961  0
74640.000000  0.089  0.02  11.9621  0
74700.000000  0.089  0.02  11.5403  0
74760.000000  0.088  0.02  11.1075  0
74820.000000  0.087  0.02  11.7104  0
74880.000000  0.084  0.02  13.0714  0
74940.000000  0.08  0.02  12.531  0
75000.000000  0.075  0.02  12.4514  0
75060.000000  0.071  0.02  12.61  0
75120.000000  0.068  0.02  12.045  0
75180.000000  0.065  0.02  11.9621  0
75240.000000  0.062  0.02  13.7888  0
75300.000000  0.061  0.02  14.3758  0
75360.000000  0.059  0.02  15.0698  0
75420.000000  0.058  0.02  15.71  0
75480.000000  0.057  0.02  16.0093  0
75540.000000  0.058  0.02  15.71  0
75600.000000  0.056  0.02  16.2788  0
75660.000000  0.053  0.02  16.2788  0
75720.000000  0.051  0.02  16.6472  0
75780.000000  0.05  0.02  16.7368  0
75840.000000  0.05  0.02  16.0093  0
75900.000000  0.049  0.02  15.6648  0
75960.000000  0.049  0.02  14.9058  0
76020.000000  0.049  0.02  14.1219  0
76080.000000  0.051  0.02  13.9907  0
76140.000000  0.053  0.02  12.6884  0
76200.000000  0.055  0.02  11.8787  0
76260.000000  0.056  0.02  11.0197  0
76320.000000  0.059  0.02  10.4864  0
76380.000000  0.061  0.02  9.4872  0
76440.000000  0.065  0.02  9.02901  0
76500.000000  0.067  0.02  8.66285  0
76560.000000  0.069  0.02  7.66761  0
76620.000000  0.071  0.02  7.66761  0
76680.000000  0.071  0.02  9.57871  0
76740.000000  0.07  0.02  11.2818  0
76800.000000  0.069  0.02  11.4546  0
76860.000000  0.069  0.02  11.7104  0
76920.000000  0.067  0.02  12.61  0
76980.000000  0.063  0.02  13.0714  0
77040.000000  0.063  0.02  13.5099  0
77100.000000  0.062  0.02  12.8435  0
77160.000000  0.06  0.02  13.7888  0
77220.000000  0.059  0.02  13.6507  0
77280.000000  0.057  0.02  13.2202  0
77340.000000  0.055  0.02  12.9961  0
77400.000000  0.052  0.02  11.7948  0
77460.000000  0.05  0.02  11.1075  0
77520.000000  0.048  0.02  9.67015  0
77580.000000  0.049  0.02  7.75696  0
77640.000000  0.051  0.02  7.31326  0
77700.000000  0.056  0.02  7.31326  0
77760.000000  0.062  0.02  7.05117  0
77820.000000  0.07  0.02  6.79269  0
77880.000000  0.077  0.02  6.70739  0
77940.000000  0.086  0.02  6.70739  0
78000.000000  0.093  0.02  6.70739  0
78060.000000  0.101  0.02  6.87842  0
78120.000000  0.111  0.02  7.40135  0
78180.000000  0.119  0.02  7.93649  0
78240.000000  0.127  0.02  9.39561  0
78300.000000  0.133  0.02  10.1255  0
78360.000000  0.136  0.02  11.1948  0
78420.000000  0.138  0.02  12.531  0
78480.000000  0.136  0.02  13.2202  0
78540.000000  0.135  0.02  13.6507  0
78600.000000  0.133  0.02  14.4985  0
78660.000000  0.132  0.02  14.6773  0
78720.000000  0.129  0.02  14.4985  0
78780.000000  0.126  0.02  14.8497  0
78840.000000  0.122  0.02  14.1219  0
78900.000000  0.117  0.02  12.9961  0
78960.000000  0.112  0.02  13.5806  0
79020.000000  0.107  0.02  12.8435  0
79080.000000  0.103  0.02  12.045  0
79140.000000  0.098  0.02  11.8787  0
79200.000000  0.091  0.02  11.7948  0
79260.000000  0.086  0.02  11.2818  0
79320.000000  0.082  0.02  11.2818  0
79380.000000  0.076  0.02  12.1273  0
79440.000000  0.071  0.02  12.8435  0
79500.000000  0.064  0.02  12.9201  0
79560.000000  0.057  0.02  13.5099  0
79620.000000  0.053  0.02  14.2502  0
79680.000000  0.049  0.02  14.6184  0
79740.000000  0.047  0.02  16.0496  0
79800.000000  0.045  0.02  16.315  0
79860.000000  0.046  0.02  16.8221  0
79920.000000  0.048  0.02  16.8767  0
79980.000000  0.051  0.02  17.1456  0
80040.000000  0.053  0.02  17.2105  0
80100.000000  0.053  0.02  17.4037  0
80160.000000  0.053  0.02  16.315  0
80220.000000  0.056  0.02  16.0892  0
80280.000000  0.059  0.02  15.7547  0
80340.000000  0.062  0.02  14.2502  0
80400.000000  0.063  0.02  13.4385  0
80460.000000  0.062  0.02  12.2905  0
80520.000000  0.063  0.02  11.3684  0
80580.000000  0.061  0.02  11.0197  0
80640.000000  0.061  0.02  10.6654  0
80700.000000  0.056  0.02  10.576  0
80760.000000  0.054  0.02  10.9317  0
80820.000000  0.051  0.02  11.7948  0
80880.000000  0.051  0.02  12.4514  0
80940.000000  0.052  0.02  12.2905  0
81000.000000  0.052  0.02  12.3712  0
81060.000000  0.051  0.02  12.6884  0
81120.000000  0.049  0.02  13.3664  0
81180.000000  0.05  0.02  15.3295  0
81240.000000  0.051  0.02  15.3295  0
81300.000000  0.052  0.02  14.9058  0
81360.000000  0.052  0.02  14.5588  0
81420.000000  0.053  0.02  14.1864  0
81480.000000  0.052  0.02  14.5588  0
81540.000000  0.054  0.02  15.3295  0
81600.000000  0.057  0.02  14.5588  0
81660.000000  0.058  0.02  13.9241  0
81720.000000  0.057  0.02  12.4514  0
81780.000000  0.056  0.02  11.1075  0
81840.000000  0.055  0.02  10.4864  0
81900.000000  0.054  0.02  10.1255  0
81960.000000  0.049  0.02  9.76148  0
82020.000000  0.044  0.02  8.75429  0
82080.000000  0.035  0.02  8.20754  0
82140.000000  0.03  0.02  7.93649  0
82200.000000  0  0.02  8.02662  0
82260.000000  0  0.02  7.93649  0
82320.000000  0  0.02  7.75696  0
82380.000000  0  0.02  7.93649  0
82440.000000  0  0.02  8.20754  0
82500.000000  0  0.02  8.29829  0
82560.000000  0  0.02  9.30399  0
82620.000000  0  0.02  9.30399  0
82680.000000  0  0.02  9.67015  0
82740.000000  0  0.02  10.576  0
82800.000000  0  0.02  10.576  0
82860.000000  0.001  0.02  10.7545  0
82920.000000  0.01  0.02  10.0347  0
82980.000000  0.015  0.02  10.4864  0
83040.000000  0.02  0.02  9.94378  0
83100.000000  0.024  0.02  9.02901  0
83160.000000  0.03  0.02  8.66285  0
83220.000000  0.034  0.02  8.75429  0
83280.000000  0.036  0.02  8.4803  0
83340.000000  0.039  0.02  7.84659  0
83400.000000  0.041  0.02  7.66761  0
83460.000000  0.041  0.02  7.40135  0
83520.000000  0.038  0.02  7.22552  0
83580.000000  0.031  0.02  7.22552  0
83640.000000  0.07  0.02  6.96459  0
83700.000000  0.069  0.02  6.96459  0
83760.000000  0.063  0.02  6.96459  0
83820.000000  0.058  0.02  7.22552  0
83880.000000  0.055  0.02  7.84659  0
83940.000000  0.078  0.02  8.20754  0
84000.000000  0.072  0.02  9.21233  0
84060.000000  0.064  0.02  11.9621  0
84120.000000  0.053  0.02  13.5099  0
84180.000000  0.041  0.02  13.0714  0
84240.000000  0.029  0.02  12.3712  0
84300.000000  0.014  0.02  13.5099  0
84360.000000  0.003  0.02  10.7545  0
84420.000000  0  0.02  11.0197  0
84480.000000  0  0.02  11.0197  0
84540.000000  0  0.02  10.0347  0
84600.000000  0  0.02  8.57152  0
84660.000000  0  0.02  7.48978  0
84720.000000  0  0.02  6.79269  0
84780.000000  0  0.02  6.79269  0
84840.000000  0  0.02  6.4543  0
84900.000000  0.012  0.02  5.96179  0
84960.000000  0.031  0.02  5.80201  0
85020.000000  0.055  0.02  5.1128  0
85080.000000  0.068  0.02  4.82312  0
85140.000000  0.077  0.02  4.61292  0
85200.000000  0.084  0.02  4.47621  0
85260.000000  0.09  0.02  4.96663  0
85320.000000  0.094  0.02  6.28803  0
85380.000000  0.097  0.02  7.57854  0
85440.000000  0.099  0.02  9.57871  0
85500.000000  0.1  0.02  10.216  0
85560.000000  0.1  0.02  9.8527  0
85620.000000  0.1  0.02  9.12067  0
85680.000000  0.1  0.02  8.57152  0
85740.000000  0.1  0.02  11.0197  0
85800.000000  0.097  0.02  10.216  0
85860.000000  0.095  0.02  9.57871  0
85920.000000  0.091  0.02  9.39561  0
85980.000000  0.086  0.02  9.8527  0
86040.000000  0.08  0.02  9.67015  0
86100.000000  0.074  0.02  8.57152  0
86160.000000  0.069  0.02  7.48978  0
86220.000000  0.062  0.02  7.48978  0
86280.000000  0.055  0.02  7.05117  0
86340.000000  0.045  0.02  6.79269  0
86400.000000  0.036  0.02  6.62255  0
86460.000000  0.021  0.02  6.79269  0
86520.000000  0.009  0.02  6.79269  0
86580.000000  0  0.02  6.79269  0
86640.000000  0  0.02  6.70739  0
86700.000000  0  0.02  6.70739  0
86760.000000  0  0.02  6.70739  0
86820.000000  0  0.02  6.87842  0
86880.000000  0  0.02  6.96459  0
86940.000000  0  0.02  7.13815  0
87000.000000  0  0.02  6.96459  0
87060.000000  0  0.02  7.40135  0
87120.000000  0  0.02  7.75696  0
87180.000000  0  0.02  8.57152  0
87240.000000  0  0.02  8.93739  0
87300.000000  0  0.02  9.21233  0
87360.000000  0.006  0.02  9.94378  0
87420.000000  0.012  0.02  9.12067  0
87480.000000  0.018  0.02  9.4872  0
87540.000000  0.023  0.02  8.93739  0
87600.000000  0.027  0.02  8.57152  0
87660.000000  0.031  0.02  8.02662  0
87720.000000  0.034  0.02  7.40135  0
87780.000000  0.037  0.02  7.22552  0
87840.000000  0.038  0.02  7.22552  0
87900.000000  0.04  0.02  7.22552  0
87960.000000  0.04  0.02  7.05117  0
88020.000000  0.041  0.02  7.05117  0
88080.000000  0.041  0.02  7.05117  0
88140.000000  0.042  0.02  6.87842  0
88200.000000  0.043  0.02  6.62255  0
88260.000000  0.039  0.02  6.62255  0
88320.000000  0.037  0.02  6.28803  0
88380.000000  0.036  0.02  6.53819  0
88440.000000  0.038  0.02  6.96459  0
88500.000000  0.039  0.02  7.31326  0
88560.000000  0.038  0.02  7.48978  0
88620.000000  0.037  0.02  7.57854  0
88680.000000  0.036  0.02  8.20754  0
88740.000000  0.037  0.02  8.38922  0
88800.000000  0.037  0.02  8.66285  0
88860.000000  0.038  0.02  8.20754  0
88920.000000  0.039  0.02  8.8458  0
88980.000000  0.039  0.02  7.66761  0
89040.000000  0.04  0.02  7.84659  0
89100.000000  0.04  0.02  7.31326  0
89160.000000  0.039  0.02  6.28803  0
89220.000000  0.04  0.02  5.18686  0
89280.000000  0.041  0.02  4.6823  0
89340.000000  0.043  0.02  4.54422  0
89400.000000  0.045  0.02  5.18686  0
89460.000000  0.047  0.02  5.26157  0
89520.000000  0.05  0.02  5.56673  0
89580.000000  0.052  0.02  5.96179  0
89640.000000  0.056  0.02  6.37091  0
89700.000000  0.063  0.02  6.87842  0
89760.000000  0.067  0.02  6.87842  0
89820.000000  0.069  0.02  7.75696  0
89880.000000  0.069  0.02  7.48978  0
89940.000000  0.068  0.02  7.75696  0
90000.000000  0.067  0.02  9.57871  0
90060.000000  0.064  0.02  9.30399  0
90120.000000  0.062  0.02  8.8458  0
90180.000000  0.058  0.02  8.66285  0
90240.000000  0.056  0.02  8.29829  0
90300.000000  0.054  0.02  8.29829  0
90360.000000  0.052  0.02  7.48978  0
90420.000000  0.051  0.02  6.70739  0
90480.000000  0.053  0.02  6.70739  0
90540.000000  0.055  0.02  6.87842  0
90600.000000  0.058  0.02  8.8458  0
90660.000000  0.062  0.02  9.57871  0
90720.000000  0.065  0.02  8.4803  0
90780.000000  0.069  0.02  7.66761  0
90840.000000  0.071  0.02  6.62255  0
90900.000000  0.059  0.02  5.88162  0
90960.000000  0.012  0.02  5.03938  0
91020.000000  0.004  0.02  4.96663  0
91080.000000  0.006  0.02  4.89454  0
91140.000000  0.01  0.02  5.1128  0
91200.000000  0.016  0.02  6.04254  0
91260.000000  0.025  0.02  6.79269  0
91320.000000  0.035  0.02  6.62255  0
91380.000000  0.046  0.02  6.87842  0
91440.000000  0.055  0.02  6.37091  0
91500.000000  0.067  0.02  7.22552  0
91560.000000  0.082  0.02  7.57854  0
91620.000000  0.095  0.02  7.31326  0
91680.000000  0.095  0.02  4.34226  0
91740.000000  0.095  0.02  4.54422  0
91800.000000  0.091  0.02  3.77422  0
91860.000000  0.088  0.02  3.71463  0
91920.000000  0.084  0.02  3.65574  0
91980.000000  0.095  0.02  3.71463  0
92040.000000  0.103  0.02  4.6823  0
92100.000000  0.09  0.02  3.05407  0
92160.000000  0.088  0.02  3.20986  0
92220.000000  0.081  0.02  3.31715  0
92280.000000  0.08  0.02  3.05407  0
92340.000000  0.096  0.02  3.37184  0
92400.000000  0.149  0.02  3.59756  0
92460.000000  0.161  0.02  4.54422  0
92520.000000  0.163  0.02  5.18686  0
92580.000000  0.16  0.02  5.96179  0
92640.000000  0.156  0.02  7.13815  0
92700.000000  0.145  0.02  8.66285  0
92760.000000  0.136  0.02  8.4803  0
92820.000000  0.125  0.02  8.20754  0
92880.000000  0.114  0.02  8.57152  0
92940.000000  0.102  0.02  9.94378  0
93000.000000  0.086  0.02  10.1255  0
93060.000000  0.073  0.02  8.11698  0
93120.000000  0.07  0.02  7.84659  0
93180.000000  0.071  0.02  7.22552  0
93240.000000  0.066  0.02  5.88162  0
93300.000000  0.054  0.02  4.34226  0
93360.000000  0.041  0.02  3.71463  0
93420.000000  0.024  0.02  4.47621  0
93480.000000  0.015  0.02  4.40889  0
93540.000000  0.03  0.02  3.95723  0
93600.000000  0.032  0.02  3.65574  0
93660.000000  0.035  0.02  3.37184  0
93720.000000  0.036  0.02  3.4833  0
93780.000000  0.032  0.02  3.42722  0
93840.000000  0.027  0.02  3.42722  0
93900.000000  0.029  0.02  3.42722  0
93960.000000  0.032  0.02  3.77422  0
94020.000000  0.037  0.02  4.27634  0
94080.000000  0.042  0.02  4.75237  0
94140.000000  0.046  0.02  5.4895  0
94200.000000  0.051  0.02  5.56673  0
94260.000000  0.054  0.02  5.03938  0
94320.000000  0.061  0.02  4.54422  0
94380.000000  0.069  0.02  5.26157  0
94440.000000  0.077  0.02  5.4129  0
94500.000000  0.054  0.02  5.88162  0
94560.000000  0.043  0.02  4.61292  0
94620.000000  0.05  0.02  5.56673  0
94680.000000  0.065  0.02  4.75237  0
94740.000000  0.084  0.02  3.95723  0
94800.000000  0.105  0.02  3.65574  0
94860.000000  0.115  0.02  3.59756  0
94920.000000  0.117  0.02  3.0035  0
94980.000000  0.118  0.02  2.95361  0
95040.000000  0.117  0.02  3.10531  0
95100.000000  0.121  0.02  2.76072  0
95160.000000  0.123  0.02  3.15724  0
95220.000000  0.126  0.02  3.31715  0
95280.000000  0.126  0.02  3.37184  0
95340.000000  0.12  0.02  4.14658  0
95400.000000  0.114  0.02  5.88162  0
95460.000000  0.108  0.02  6.12383  0
95520.000000  0.103  0.02  6.04254  0
95580.000000  0.098  0.02  6.12383  0
95640.000000  0.094  0.02  8.02662  0
95700.000000  0.091  0.02  6.96459  0
95760.000000  0.087  0.02  8.38922  0
95820.000000  0.081  0.02  6.70739  0
95880.000000  0.077  0.02  6.04254  0
95940.000000  0.101  0.02  5.33692  0
96000.000000  0.111  0.02  5.26157  0
96060.000000  0.104  0.02  5.72299  0
96120.000000  0.099  0.02  5.88162  0
96180.000000  0.096  0.02  5.1128  0
96240.000000  0.091  0.02  4.82312  0
96300.000000  0.087  0.02  4.89454  0
96360.000000  0.086  0.02  4.21111  0
96420.000000  0.083  0.02  4.75237  0
96480.000000  0.085  0.02  3.95723  0
96540.000000  0.086  0.02  4.21111  0
96600.000000  0.087  0.02  4.40889  0
96660.000000  0.092  0.02  5.26157  0
96720.000000  0.094  0.02  4.75237  0
96780.000000  0.098  0.02  5.26157  0
96840.000000  0.1  0.02  5.26157  0
96900.000000  0.102  0.02  4.47621  0
96960.000000  0.105  0.02  5.80201  0
97020.000000  0.109  0.02  6.12383  0
97080.000000  0.11  0.02  7.75696  0
97140.000000  0.112  0.02  7.93649  0
97200.000000  0.111  0.02  9.30399  0
97260.000000  0.11  0.02  9.21233  0
97320.000000  0.107  0.02  8.93739  0
97380.000000  0.104  0.02  7.93649  0
97440.000000  0.108  0.02  8.38922  0
97500.000000  0.109  0.02  8.66285  0
97560.000000  0.108  0.02  9.30399  0
97620.000000  0.107  0.02  7.31326  0
97680.000000  0.104  0.02  6.20566  0
97740.000000  0.101  0.02  5.4895  0
97800.000000  0.097  0.02  4.40889  0
97860.000000  0.094  0.02  4.01964  0
97920.000000  0.089  0.02  3.65574  0
97980.000000  0.086  0.02  3.54008  0
98040.000000  0.082  0.02  3.37184  0
98100.000000  0.078  0.02  3.15724  0
98160.000000  0.075  0.02  3.31715  0
98220.000000  0.074  0.02  3.54008  0
98280.000000  0.073  0.02  5.80201  0
98340.000000  0.073  0.02  7.48978  0
98400.000000  0.071  0.02  8.29829  0
98460.000000  0.07  0.02  8.38922  0
98520.000000  0.071  0.02  9.76148  0
98580.000000  0.073  0.02  9.67015  0
98640.000000  0.075  0.02  9.94378  0
98700.000000  0.078  0.02  9.4872  0
98760.000000  0.08  0.02  6.62255  0
98820.000000  0.082  0.02  7.75696  0
98880.000000  0.082  0.02  7.31326  0
98940.000000  0.081  0.02  6.53819  0
99000.000000  0.079  0.02  4.34226  0
99060.000000  0.074  0.02  3.65574  0
99120.000000  0.048  0.02  3.54008  0
99180.000000  0.05  0.02  3.65574  0
99240.000000  0.055  0.02  3.54008  0
99300.000000  0.041  0.02  3.59756  0
99360.000000  0.047  0.02  3.42722  0
99420.000000  0.051  0.02  3.4833  0
99480.000000  0.058  0.02  3.42722  0
99540.000000  0.062  0.02  3.42722  0
99600.000000  0.068  0.02  3.42722  0
99660.000000  0.071  0.02  3.42722  0
99720.000000  0.075  0.02  3.65574  0
99780.000000  0.072  0.02  3.77422  0
99840.000000  0.058  0.02  3.77422  0
99900.000000  0.053  0.02  4.82312  0
99960.000000  0.055  0.02  4.6823  0
100020.000000  0.041  0.02  4.61292  0
100080.000000  0.036  0.02  4.6823  0
100140.000000  0.039  0.02  5.33692  0
100200.000000  0.024  0.02  5.03938  0
100260.000000  0  0.02  5.26157  0
100320.000000  0  0.02  5.72299  0
100380.000000  0  0.02  6.04254  0
100440.000000  0.01  0.02  5.4129  0
100500.000000  0.026  0.02  5.26157  0
100560.000000  0.065  0.02  5.26157  0
100620.000000  0.089  0.02  5.64456  0
100680.000000  0.104  0.02  5.64456  0
100740.000000  0.106  0.02  5.4895  0
100800.000000  0.124  0.02  5.33692  0
100860.000000  0.147  0.02  5.1128  0
100920.000000  0.168  0.02  4.89454  0
100980.000000  0.19  0.02  4.75237  0
101040.000000  0.209  0.02  4.6823  0
101100.000000  0.226  0.02  4.54422  0
101160.000000  0.24  0.02  4.47621  0
101220.000000  0.259  0.02  4.47621  0
101280.000000  0.287  0.02  4.61292  0
101340.000000  0.307  0.02  4.6823  0
101400.000000  0.322  0.02  4.54422  0
101460.000000  0.35  0.02  4.61292  0
101520.000000  0.368  0.02  4.82312  0
101580.000000  0.376  0.02  4.75237  0
101640.000000  0.404  0.02  5.03938  0
101700.000000  0.428  0.02  4.75237  0
101760.000000  0.451  0.02  5.1128  0
101820.000000  0.45  0.02  5.1128  0
101880.000000  0.437  0.02  4.82312  0
101940.000000  0.438  0.02  4.89454  0
102000.000000  0.432  0.02  4.54422  0
102060.000000  0.406  0.02  4.40889  0
102120.000000  0.393  0.02  4.08276  0
102180.000000  0.4  0.02  3.95723  0
102240.000000  0.381  0.02  3.89552  0
102300.000000  0.323  0.02  3.95723  0
102360.000000  0.305  0.02  3.59756  0
102420.000000  0.289  0.02  3.59756  0
102480.000000  0.272  0.02  3.4833  0
102540.000000  0.261  0.02  3.65574  0
102600.000000  0.254  0.02  3.65574  0
102660.000000  0.243  0.02  3.65574  0
102720.000000  0.231  0.02  3.77422  0
102780.000000  0.213  0.02  3.89552  0
102840.000000  0.2  0.02  4.27634  0
102900.000000  0.195  0.02  4.61292  0
102960.000000  0.202  0.02  5.4895  0
103020.000000  0.211  0.02  5.4129  0
103080.000000  0.218  0.02  6.70739  0
103140.000000  0.25  0.02  7.84659  0
103200.000000  0.259  0.02  6.4543  0
103260.000000  0.264  0.02  4.75237  0
103320.000000  0.275  0.02  4.27634  0
103380.000000  0.273  0.02  4.08276  0
103440.000000  0.276  0.02  3.83452  0
103500.000000  0.291  0.02  3.65574  0
103560.000000  0.302  0.02  3.37184  0
103620.000000  0.326  0.02  3.31715  0
103680.000000  0.337  0.02  3.10531  0
103740.000000  0.382  0.02  2.90439  0
103800.000000  0.387  0.02  2.66823  0
103860.000000  0.388  0.02  2.66823  0
103920.000000  0.392  0.02  2.85584  0
103980.000000  0.393  0.02  2.85584  0
104040.000000  0.391  0.02  3.42722  0
104100.000000  0.395  0.02  3.54008  0
104160.000000  0.4  0.02  4.14658  0
104220.000000  0.408  0.02  4.82312  0
104280.000000  0.41  0.02  5.1128  0
104340.000000  0.407  0.02  5.56673  0
104400.000000  0.391  0.02  5.33692  0
104460.000000  0.368  0.02  4.08276  0
104520.000000  0.355  0.02  4.40889  0
104580.000000  0.34  0.02  5.1128  0
104640.000000  0.326  0.02  4.47621  0
104700.000000  0.312  0.02  3.95723  0
104760.000000  0.308  0.02  3.89552  0
104820.000000  0.307  0.02  3.95723  0
104880.000000  0.307  0.02  3.77422  0
104940.000000  0.301  0.02  3.59756  0
105000.000000  0.292  0.02  3.42722  0
105060.000000  0.282  0.02  3.37184  0
105120.000000  0.272  0.02  3.37184  0
105180.000000  0.261  0.02  3.42722  0
105240.000000  0.251  0.02  3.4833  0
105300.000000  0.241  0.02  3.31715  0
105360.000000  0.23  0.02  3.15724  0
105420.000000  0.222  0.02  3.42722  0
105480.000000  0.213  0.02  3.77422  0
105540.000000  0.206  0.02  4.27634  0
105600.000000  0.2  0.02  4.47621  0
105660.000000  0.193  0.02  5.26157  0
105720.000000  0.187  0.02  5.64456  0
105780.000000  0.181  0.02  6.62255  0
105840.000000  0.177  0.02  6.70739  0
105900.000000  0.181  0.02  8.4803  0
105960.000000  0.176  0.02  7.22552  0
106020.000000  0.172  0.02  7.13815  0
106080.000000  0.167  0.02  6.53819  0
106140.000000  0.166  0.02  5.80201  0
106200.000000  0.146  0.02  4.54422  0
106260.000000  0.135  0.02  4.6823  0
106320.000000  0.13  0.02  4.47621  0
106380.000000  0.127  0.02  4.27634  0
106440.000000  0.126  0.02  4.01964  0
106500.000000  0.125  0.02  4.01964  0
106560.000000  0.126  0.02  4.01964  0
106620.000000  0.126  0.02  4.14658  0
106680.000000  0.129  0.02  4.14658  0
106740.000000  0.133  0.02  4.21111  0
106800.000000  0.139  0.02  4.27634  0
106860.000000  0.144  0.02  4.47621  0
106920.000000  0.149  0.02  5.03938  0
106980.000000  0.151  0.02  6.12383  0
107040.000000  0.155  0.02  6.70739  0
107100.000000  0.158  0.02  8.29829  0
107160.000000  0.161  0.02  9.4872  0
107220.000000  0.164  0.02  10.4864  0
107280.000000  0.166  0.02  10.9317  0
107340.000000  0.168  0.02  12.1273  0
107400.000000  0.169  0.02  11.7948  0
107460.000000  0.17  0.02  11.3684  0
107520.000000  0.172  0.02  11.2818  0
107580.000000  0.173  0.02  11.1075  0
107640.000000  0.19  0.02  11.4546  0
107700.000000  0.194  0.02  8.93739  0
107760.000000  0.193  0.02  8.38922  0
107820.000000  0.191  0.02  7.75696  0
107880.000000  0.187  0.02  7.31326  0
107940.000000  0.183  0.02  7.05117  0
108000.000000  0.178  0.02  6.28803  0
108060.000000  0.174  0.02  6.53819  0
108120.000000  0.17  0.02  6.4543  0
108180.000000  0.166  0.02  6.70739  0
108240.000000  0.159  0.02  6.87842  0
108300.000000  0.153  0.02  8.02662  0
108360.000000  0.146  0.02  10.1255  0
108420.000000  0.142  0.02  10.0347  0
108480.000000  0.136  0.02  10.576  0
108540.000000  0.134  0.02  12.045  0
108600.000000  0.134  0.02  13.4385  0
108660.000000  0.132  0.02  13.7888  0
108720.000000  0.13  0.02  13.0714  0
108780.000000  0.128  0.02  12.61  0
108840.000000  0.127  0.02  14.3758  0
108900.000000  0.126  0.02  14.5588  0
108960.000000  0.125  0.02  13.7201  0
109020.000000  0.125  0.02  13.7201  0
109080.000000  0.124  0.02  13.0714  0
109140.000000  0.124  0.02  11.6256  0
109200.000000  0.123  0.02  10.8432  0
109260.000000  0.123  0.02  10.4864  0
109320.000000  0.122  0.02  10.1255  0
109380.000000  0.122  0.02  11.4546  0
109440.000000  0.123  0.02  11.1948  0
109500.000000  0.124  0.02  10.3064  0
109560.000000  0.122  0.02  10.3965  0
109620.000000  0.12  0.02  9.39561  0
109680.000000  0.122  0.02  10.6654  0
109740.000000  0.124  0.02  10.7545  0
109800.000000  0.126  0.02  10.9317  0
109860.000000  0.128  0.02  10.3064  0
109920.000000  0.13  0.02  9.76148  0
109980.000000  0.131  0.02  9.4872  0
110040.000000  0.124  0.02  7.66761  0
110100.000000  0.116  0.02  8.4803  0
110160.000000  0.115  0.02  8.8458  0
110220.000000  0.116  0.02  10.9317  0
110280.000000  0.116  0.02  11.6256  0
110340.000000  0.115  0.02  10.3064  0
110400.000000  0.113  0.02  9.94378  0
110460.000000  0.112  0.02  9.94378  0
110520.000000  0.103  0.02  8.11698  0
110580.000000  0.103  0.02  8.02662  0
110640.000000  0.105  0.02  7.93649  0
110700.000000  0.094  0.02  6.53819  0
110760.000000  0.098  0.02  6.53819  0
110820.000000  0.1  0.02  6.96459  0
110880.000000  0.102  0.02  6.04254  0
110940.000000  0.104  0.02  5.33692  0
111000.000000  0.108  0.02  5.4895  0
111060.000000  0.112  0.02  5.88162  0
111120.000000  0.115  0.02  6.28803  0
111180.000000  0.118  0.02  7.22552  0
111240.000000  0.12  0.02  9.12067  0
111300.000000  0.121  0.02  10.7545  0
111360.000000  0.125  0.02  10.4864  0
111420.000000  0.126  0.02  9.94378  0
111480.000000  0.135  0.02  10.4864  0
111540.000000  0.145  0.02  11.4546  0
111600.000000  0.147  0.02  12.2092  0
111660.000000  0.149  0.02  13.9241  0
111720.000000  0.149  0.02  13.5806  0
111780.000000  0.149  0.02  11.9621  0
111840.000000  0.149  0.02  9.02901  0
111900.000000  0.149  0.02  9.21233  0
111960.000000  0.155  0.02  9.4872  0
112020.000000  0.153  0.02  8.38922  0
112080.000000  0.147  0.02  7.40135  0
112140.000000  0.151  0.02  7.66761  0
112200.000000  0.144  0.02  6.53819  0
112260.000000  0.141  0.02  5.56673  0
112320.000000  0.141  0.02  5.26157  0
112380.000000  0.141  0.02  5.26157  0
112440.000000  0.141  0.02  5.1128  0
112500.000000  0.14  0.02  4.96663  0
112560.000000  0.141  0.02  5.26157  0
112620.000000  0.142  0.02  5.72299  0
112680.000000  0.143  0.02  6.4543  0
112740.000000  0.144  0.02  7.57854  0
112800.000000  0.146  0.02  8.75429  0
112860.000000  0.147  0.02  9.8527  0
112920.000000  0.148  0.02  8.93739  0
112980.000000  0.146  0.02  9.02901  0
113040.000000  0.144  0.02  9.39561  0
113100.000000  0.141  0.02  9.8527  0
113160.000000  0.137  0.02  8.75429  0
113220.000000  0.135  0.02  7.13815  0
113280.000000  0.135  0.02  6.70739  0
113340.000000  0.132  0.02  6.70739  0
113400.000000  0.135  0.02  6.87842  0
113460.000000  0.136  0.02  7.13815  0
113520.000000  0.14  0.02  6.70739  0
113580.000000  0.133  0.02  6.20566  0
113640.000000  0.136  0.02  6.12383  0
113700.000000  0.112  0.02  5.88162  0
113760.000000  0.093  0.02  5.4895  0
113820.000000  0.085  0.02  5.4895  0
113880.000000  0.06  0.02  5.4129  0
113940.000000  0.021  0.02  4.89454  0
114000.000000  0.013  0.02  4.47621  0
114060.000000  0  0.02  4.01964  0
114120.000000  0.006  0.02  3.83452  0
114180.000000  0.023  0.02  4.82312  0
114240.000000  0.038  0.02  4.82312  0
114300.000000  0.057  0.02  4.61292  0
114360.000000  0.077  0.02  5.18686  0
114420.000000  0.097  0.02  5.4129  0
114480.000000  0.117  0.02  5.80201  0
114540.000000  0.136  0.02  4.89454  0
114600.000000  0.156  0.02  5.96179  0
114660.000000  0.172  0.02  6.12383  0
114720.000000  0.186  0.02  7.05117  0
114780.000000  0.198  0.02  7.66761  0
114840.000000  0.206  0.02  7.40135  0
114900.000000  0.213  0.02  6.87842  0
114960.000000  0.22  0.02  6.20566  0
115020.000000  0.238  0.02  5.56673  0
115080.000000  0.244  0.02  5.4895  0
115140.000000  0.275  0.02  5.56673  0
115200.000000  0.298  0.02  6.37091  0
115260.000000  0.309  0.02  6.70739  0
115320.000000  0.337  0.02  6.96459  0
115380.000000  0.377  0.02  7.48978  0
115440.000000  0.386  0.02  7.40135  0
115500.000000  0.406  0.02  7.57854  0
115560.000000  0.393  0.02  8.02662  0
115620.000000  0.378  0.02  6.79269  0
115680.000000  0.362  0.02  6.96459  0
115740.000000  0.346  0.02  5.26157  0
115800.000000  0.325  0.02  5.56673  0
115860.000000  0.29  0.02  5.18686  0
115920.000000  0.273  0.02  4.89454  0
115980.000000  0.258  0.02  4.47621  0
116040.000000  0.245  0.02  5.33692  0
116100.000000  0.238  0.02  5.03938  0
116160.000000  0.231  0.02  5.1128  0
116220.000000  0.229  0.02  5.4129  0
116280.000000  0.216  0.02  5.1128  0
116340.000000  0.209  0.02  5.4895  0
116400.000000  0.217  0.02  5.4895  0
116460.000000  0.225  0.02  5.33692  0
116520.000000  0.235  0.02  5.18686  0
116580.000000  0.241  0.02  5.18686  0
116640.000000  0.248  0.02  5.56673  0
116700.000000  0.251  0.02  6.04254  0
116760.000000  0.252  0.02  5.64456  0
116820.000000  0.252  0.02  5.4895  0
116880.000000  0.252  0.02  5.72299  0
116940.000000  0.252  0.02  5.4895  0
117000.000000  0.25  0.02  5.64456  0
117060.000000  0.246  0.02  6.79269  0
117120.000000  0.242  0.02  7.48978  0
117180.000000  0.236  0.02  7.93649  0
117240.000000  0.234  0.02  8.02662  0
117300.000000  0.247  0.02  8.75429  0
117360.000000  0.244  0.02  9.12067  0
117420.000000  0.242  0.02  9.67015  0
117480.000000  0.238  0.02  9.76148  0
117540.000000  0.232  0.02  11.0197  0
117600.000000  0.227  0.02  11.0197  0
117660.000000  0.22  0.02  10.6654  0
117720.000000  0.225  0.02  9.67015  0
117780.000000  0.224  0.02  7.84659  0
117840.000000  0.21  0.02  7.05117  0
117900.000000  0.197  0.02  6.96459  0
117960.000000  0.183  0.02  6.37091  0
118020.000000  0.171  0.02  6.12383  0
118080.000000  0.161  0.02  6.12383  0
118140.000000  0.154  0.02  6.20566  0
118200.000000  0.149  0.02  6.20566  0
118260.000000  0.145  0.02  6.28803  0
118320.000000  0.139  0.02  7.31326  0
118380.000000  0.132  0.02  7.48978  0
118440.000000  0.128  0.02  7.66761  0
118500.000000  0.13  0.02  9.21233  0
118560.000000  0.132  0.02  9.39561  0
118620.000000  0.136  0.02  11.3684  0
118680.000000  0.138  0.02  12.2092  0
118740.000000  0.142  0.02  12.045  0
118800.000000  0.145  0.02  14.1219  0
118860.000000  0.145  0.02  14.0567  0
118920.000000  0.145  0.02  12.045  0
118980.000000  0.146  0.02  11.1948  0
119040.000000  0.147  0.02  10.216  0
119100.000000  0.148  0.02  9.76148  0
119160.000000  0.15  0.02  9.8527  0
119220.000000  0.151  0.02  9.02901  0
119280.000000  0.149  0.02  8.11698  0
119340.000000  0.15  0.02  7.66761  0
119400.000000  0.132  0.02  7.31326  0
119460.000000  0.132  0.02  7.13815  0
119520.000000  0.133  0.02  6.96459  0
119580.000000  0.137  0.02  7.31326  0
119640.000000  0.141  0.02  7.22552  0
119700.000000  0.139  0.02  7.31326  0
119760.000000  0.129  0.02  7.40135  0
119820.000000  0.139  0.02  7.57854  0
119880.000000  0.149  0.02  7.75696  0
119940.000000  0.154  0.02  7.31326  0
120000.000000  0.158  0.02  7.31326  0
120060.000000  0.161  0.02  7.75696  0
120120.000000  0.164  0.02  8.57152  0
120180.000000  0.165  0.02  7.75696  0
120240.000000  0.167  0.02  8.20754  0
120300.000000  0.168  0.02  9.76148  0
120360.000000  0.17  0.02  9.8527  0
120420.000000  0.172  0.02  9.4872  0
120480.000000  0.174  0.02  9.39561  0
120540.000000  0.177  0.02  9.57871  0
120600.000000  0.178  0.02  8.8458  0
120660.000000  0.181  0.02  8.29829  0
120720.000000  0.188  0.02  7.22552  0
120780.000000  0.191  0.02  6.96459  0
120840.000000  0.213  0.02  6.62255  0
120900.000000  0.218  0.02  6.12383  0
120960.000000  0.221  0.02  5.64456  0
121020.000000  0.226  0.02  5.4895  0
121080.000000  0.232  0.02  4.54422  0
121140.000000  0.244  0.02  4.34226  0
121200.000000  0.26  0.02  4.34226  0
121260.000000  0.259  0.02  5.64456  0
121320.000000  0.259  0.02  6.12383  0
121380.000000  0.256  0.02  6.70739  0
121440.000000  0.253  0.02  7.84659  0
121500.000000  0.249  0.02  9.4872  0
121560.000000  0.245  0.02  10.3965  0
121620.000000  0.241  0.02  11.2818  0
121680.000000  0.238  0.02  11.9621  0
121740.000000  0.235  0.02  13.1461  0
121800.000000  0.231  0.02  14.1864  0
121860.000000  0.227  0.02  14.8497  0
121920.000000  0.222  0.02  15.4772  0
121980.000000  0.216  0.02  14.4375  0
122040.000000  0.21  0.02  13.3664  0
122100.000000  0.204  0.02  11.8787  0
122160.000000  0.196  0.02  10.3965  0
122220.000000  0.189  0.02  9.76148  0
122280.000000  0.184  0.02  8.93739  0
122340.000000  0.177  0.02  8.38922  0
122400.000000  0.17  0.02  7.66761  0
122460.000000  0.159  0.02  7.48978  0
122520.000000  0.148  0.02  7.05117  0
122580.000000  0.139  0.02  7.57854  0
122640.000000  0.134  0.02  7.93649  0
122700.000000  0.13  0.02  8.66285  0
122760.000000  0.126  0.02  11.3684  0
122820.000000  0.123  0.02  13.2202  0
122880.000000  0.12  0.02  14.0567  0
122940.000000  0.117  0.02  14.8497  0
123000.000000  0.115  0.02  15.7547  0
123060.000000  0.114  0.02  16.1668  0
123120.000000  0.113  0.02  14.8497  0
123180.000000  0.113  0.02  15.2277  0
123240.000000  0.113  0.02  13.8568  0
123300.000000  0.111  0.02  11.9621  0
123360.000000  0.111  0.02  9.8527  0
123420.000000  0.11  0.02  9.12067  0
123480.000000  0.113  0.02  7.66761  0
123540.000000  0.115  0.02  6.87842  0
123600.000000  0.11  0.02  6.62255  0
123660.000000  0.099  0.02  6.4543  0
123720.000000  0.093  0.02  6.28803  0
123780.000000  0.091  0.02  5.96179  0
123840.000000  0.083  0.02  5.64456  0
123900.000000  0.082  0.02  5.56673  0
123960.000000  0.089  0.02  5.56673  0
124020.000000  0.093  0.02  5.64456  0
124080.000000  0.099  0.02  5.64456  0
124140.000000  0.103  0.02  5.80201  0
124200.000000  0.104  0.02  5.88162  0
124260.000000  0.114  0.02  6.70739  0
124320.000000  0.123  0.02  6.62255  0
124380.000000  0.134  0.02  7.22552  0
124440.000000  0.141  0.02  8.93739  0
124500.000000  0.147  0.02  10.216  0
124560.000000  0.151  0.02  10.3064  0
124620.000000  0.154  0.02  11.2818  0
124680.000000  0.157  0.02  12.2905  0
124740.000000  0.161  0.02  12.1273  0
124800.000000  0.162  0.02  12.3712  0
124860.000000  0.164  0.02  12.6884  0
124920.000000  0.162  0.02  12.2905  0
124980.000000  0.161  0.02  10.4864  0
125040.000000  0.168  0.02  10.1255  0
125100.000000  0.178  0.02  9.57871  0
125160.000000  0.181  0.02  9.30399  0
125220.000000  0.183  0.02  8.8458  0
125280.000000  0.188  0.02  8.4803  0
125340.000000  0.187  0.02  8.11698  0
125400.000000  0.177  0.02  10.216  0
125460.000000  0.171  0.02  9.76148  0
125520.000000  0.161  0.02  10.6654  0
125580.000000  0.151  0.02  10.3965  0
125640.000000  0.146  0.02  11.0197  0
125700.000000  0.132  0.02  13.1461  0
125760.000000  0.12  0.02  13.7888  0
125820.000000  0.107  0.02  14.4375  0
125880.000000  0.097  0.02  15.2277  0
125940.000000  0.089  0.02  15.5723  0
126000.000000  0.082  0.02  15.1231  0
126060.000000  0.076  0.02  15.1231  0
126120.000000  0.071  0.02  15.71  0
126180.000000  0.068  0.02  15.3295  0
126240.000000  0.068  0.02  15.6648  0
126300.000000  0.067  0.02  15.3295  0
126360.000000  0.067  0.02  14.8497  0
126420.000000  0.069  0.02  13.5099  0
126480.000000  0.068  0.02  13.2936  0
126540.000000  0.07  0.02  12.61  0
126600.000000  0.071  0.02  11.4546  0
126660.000000  0.072  0.02  10.9317  0
126720.000000  0.076  0.02  11.2818  0
126780.000000  0.082  0.02  15.0158  0
126840.000000  0.085  0.02  14.6773  0
126900.000000  0.086  0.02  11.8787  0
126960.000000  0.086  0.02  11.1075  0
127020.000000  0.085  0.02  10.7545  0
127080.000000  0.084  0.02  10.576  0
127140.000000  0.085  0.02  10.3064  0
127200.000000  0.087  0.02  10.1255  0
127260.000000  0.09  0.02  10.4864  0
127320.000000  0.092  0.02  11.3684  0
127380.000000  0.096  0.02  10.3064  0
127440.000000  0.1  0.02  10.3064  0
127500.000000  0.106  0.02  10.8432  0
127560.000000  0.111  0.02  12.3712  0
127620.000000  0.117  0.02  13.0714  0
127680.000000  0.122  0.02  13.0714  0
127740.000000  0.128  0.02  13.5099  0
127800.000000  0.134  0.02  12.3712  0
127860.000000  0.138  0.02  11.4546  0
127920.000000  0.143  0.02  10.8432  0
127980.000000  0.146  0.02  10.216  0
128040.000000  0.148  0.02  9.4872  0
128100.000000  0.147  0.02  9.8527  0
128160.000000  0.143  0.02  10.1255  0
128220.000000  0.136  0.02  9.57871  0
128280.000000  0.129  0.02  9.12067  0
128340.000000  0.123  0.02  9.21233  0
128400.000000  0.116  0.02  8.8458  0
128460.000000  0.109  0.02  7.75696  0
128520.000000  0.1  0.02  6.87842  0
128580.000000  0.092  0.02  7.40135  0
128640.000000  0.082  0.02  6.12383  0
128700.000000  0.078  0.02  6.70739  0
128760.000000  0.076  0.02  7.05117  0
128820.000000  0.074  0.02  6.28803  0
128880.000000  0.07  0.02  7.31326  0
128940.000000  0.068  0.02  7.84659  0
129000.000000  0.068  0.02  7.93649  0
129060.000000  0.069  0.02  9.39561  0
129120.000000  0.07  0.02  9.12067  0
129180.000000  0.071  0.02  8.66285  0
129240.000000  0.074  0.02  8.75429  0
129300.000000  0.076  0.02  7.05117  0
129360.000000  0.079  0.02  7.40135  0
129420.000000  0.08  0.02  7.05117  0
129480.000000  0.083  0.02  6.79269  0
129540.000000  0.086  0.02  6.87842  0
129600.000000  0.091  0.02  6.20566  0
129660.000000  0.097  0.02  6.28803  0
129720.000000  0.102  0.02  6.70739  0
129780.000000  0.108  0.02  6.87842  0
129840.000000  0.115  0.02  7.31326  0
129900.000000  0.122  0.02  7.31326  0
129960.000000  0.13  0.02  7.31326  0
130020.000000  0.135  0.02  8.29829  0
130080.000000  0.138  0.02  8.75429  0
130140.000000  0.135  0.02  9.4872  0
130200.000000  0.13  0.02  10.216  0
130260.000000  0.124  0.02  8.4803  0
130320.000000  0.119  0.02  9.21233  0
130380.000000  0.112  0.02  9.4872  0
130440.000000  0.103  0.02  10.1255  0
130500.000000  0.093  0.02  9.30399  0
130560.000000  0.082  0.02  8.8458  0
130620.000000  0.072  0.02  8.8458  0
130680.000000  0.059  0.02  9.02901  0
130740.000000  0.048  0.02  8.75429  0
130800.000000  0.039  0.02  8.11698  0
130860.000000  0.034  0.02  7.48978  0
130920.000000  0.026  0.02  6.79269  0
130980.000000  0.022  0.02  6.4543  0
131040.000000  0.015  0.02  5.88162  0
131100.000000  0  0.02  5.4895  0
131160.000000  0  0.02  5.33692  0
131220.000000  0  0.02  5.1128  0
131280.000000  0  0.02  5.1128  0
131340.000000  0  0.02  5.33692  0
131400.000000  0.003  0.02  5.64456  0
131460.000000  0.012  0.02  5.80201  0
131520.000000  0.023  0.02  5.33692  0
131580.000000  0.033  0.02  5.4129  0
131640.000000  0.046  0.02  6.53819  0
131700.000000  0.058  0.02  6.28803  0
131760.000000  0.071  0.02  7.13815  0
131820.000000  0.078  0.02  8.20754  0
131880.000000  0.084  0.02  7.31326  0
131940.000000  0.09  0.02  6.87842  0
132000.000000  0.097  0.02  8.02662  0
132060.000000  0.104  0.02  7.84659  0
132120.000000  0.111  0.02  6.79269  0
132180.000000  0.118  0.02  6.70739  0
132240.000000  0.125  0.02  5.88162  0
132300.000000  0.132  0.02  6.12383  0
132360.000000  0.139  0.02  5.72299  0
132420.000000  0.14  0.02  5.26157  0
132480.000000  0.143  0.02  5.26157  0
132540.000000  0.184  0.02  5.33692  0
132600.000000  0.19  0.02  5.4895  0
132660.000000  0.189  0.02  5.64456  0
132720.000000  0.183  0.02  5.4129  0
132780.000000  0.174  0.02  5.4129  0
132840.000000  0.166  0.02  5.56673  0
132900.000000  0.159  0.02  5.72299  0
132960.000000  0.123  0.02  5.26157  0
133020.000000  0.119  0.02  5.4895  0
133080.000000  0.105  0.02  5.80201  0
133140.000000  0.093  0.02  5.4129  0
133200.000000  0.092  0.02  5.64456  0
133260.000000  0.095  0.02  6.04254  0
133320.000000  0.099  0.02  6.28803  0
133380.000000  0.101  0.02  6.20566  0
133440.000000  0.101  0.02  6.70739  0
133500.000000  0.099  0.02  5.80201  0
133560.000000  0.097  0.02  5.4129  0
133620.000000  0.089  0.02  4.96663  0
133680.000000  0.086  0.02  4.82312  0
133740.000000  0.088  0.02  4.75237  0
133800.000000  0.09  0.02  4.6823  0
133860.000000  0.091  0.02  4.54422  0
133920.000000  0.099  0.02  4.40889  0
133980.000000  0.103  0.02  4.01964  0
134040.000000  0.108  0.02  4.01964  0
134100.000000  0.114  0.02  4.08276  0
134160.000000  0.123  0.02  4.40889  0
134220.000000  0.134  0.02  5.18686  0
134280.000000  0.144  0.02  4.89454  0
134340.000000  0.151  0.02  5.72299  0
134400.000000  0.188  0.02  6.87842  0
134460.000000  0.191  0.02  7.13815  0
134520.000000  0.201  0.02  8.02662  0
134580.000000  0.21  0.02  8.66285  0
134640.000000  0.207  0.02  10.1255  0
134700.000000  0.202  0.02  9.02901  0
134760.000000  0.197  0.02  10.576  0
134820.000000  0.193  0.02  9.39561  0
134880.000000  0.189  0.02  9.76148  0
134940.000000  0.187  0.02  9.21233  0
135000.000000  0.185  0.02  7.75696  0
135060.000000  0.189  0.02  7.13815  0
135120.000000  0.187  0.02  6.62255  0
135180.000000  0.182  0.02  6.20566  0
135240.000000  0.178  0.02  5.56673  0
135300.000000  0.177  0.02  5.33692  0
135360.000000  0.171  0.02  4.89454  0
135420.000000  0.164  0.02  4.89454  0
135480.000000  0.156  0.02  5.1128  0
135540.000000  0.148  0.02  5.4129  0
135600.000000  0.139  0.02  5.80201  0
135660.000000  0.131  0.02  6.20566  0
135720.000000  0.124  0.02  6.62255  0
135780.000000  0.118  0.02  7.40135  0
135840.000000  0.113  0.02  8.38922  0
135900.000000  0.108  0.02  10.576  0
135960.000000  0.103  0.02  11.2818  0
136020.000000  0.099  0.02  12.7663  0
136080.000000  0.097  0.02  12.7663  0
136140.000000  0.095  0.02  12.531  0
136200.000000  0.095  0.02  12.8435  0
136260.000000  0.097  0.02  12.9201  0
136320.000000  0.096  0.02  13.2936  0
136380.000000  0.096  0.02  14.1219  0
136440.000000  0.098  0.02  12.61  0
136500.000000  0.096  0.02  9.76148  0
136560.000000  0.096  0.02  9.76148  0
136620.000000  0.09  0.02  7.57854  0
136680.000000  0.083  0.02  6.79269  0
136740.000000  0.081  0.02  6.4543  0
136800.000000  0.063  0.02  5.64456  0
136860.000000  0.04  0.02  5.18686  0
136920.000000  0.005  0.02  4.75237  0
136980.000000  0  0.02  4.40889  0
137040.000000  0  0.02  4.27634  0
137100.000000  0  0.02  4.34226  0
137160.000000  0  0.02  4.61292  0
137220.000000  0  0.02  4.54422  0
137280.000000  0  0.02  4.61292  0
137340.000000  0  0.02  4.6823  0
137400.000000  0  0.02  4.47621  0
137460.000000  0  0.02  4.54422  0
137520.000000  0  0.02  4.75237  0
137580.000000  0.007  0.02  4.61292  0
137640.000000  0.014  0.02  4.96663  0
137700.000000  0.023  0.02  5.03938  0
137760.000000  0.021  0.02  4.61292  0
137820.000000  0.024  0.02  4.47621  0
137880.000000  0.022  0.02  4.40889  0
137940.000000  0.018  0.02  4.21111  0
138000.000000  0.002  0.02  4.14658  0
138060.000000  0.004  0.02  4.01964  0
138120.000000  0.003  0.02  3.83452  0
138180.000000  0  0.02  3.83452  0
138240.000000  0  0.02  3.77422  0
138300.000000  0  0.02  4.01964  0
138360.000000  0  0.02  4.14658  0
138420.000000  0  0.02  4.47621  0
138480.000000  0.001  0.02  4.89454  0
138540.000000  0.097  0.02  5.4129  0
138600.000000  0.172  0.02  5.4895  0
138660.000000  0.308  0.02  5.4129  0
138720.000000  0.466  0.02  5.33692  0
138780.000000  0.641  0.02  5.1128  0
138840.000000  0.795  0.02  5.33692  0
138900.000000  0.957  0.02  5.56673  0
138960.000000  1.131  0.02  5.80201  0
139020.000000  1.293  0.02  6.37091  0
139080.000000  1.438  0.02  6.37091  0
139140.000000  1.566  0.02  6.96459  0
139200.000000  1.686  0.02  6.79269  0
139260.000000  1.796  0.02  6.87842  0
139320.000000  1.896  0.02  7.05117  0
139380.000000  1.992  0.02  6.87842  0
139440.000000  2.087  0.02  6.53819  0
139500.000000  2.164  0.02  6.53819  0
139560.000000  2.23  0.02  6.12383  0
139620.000000  2.354  0.02  5.72299  0
139680.000000  2.625  0.02  5.56673  0
139740.000000  2.623  0.02  5.4895  0
139800.000000  2.686  0.02  5.56673  0
139860.000000  2.628  0.02  5.4895  0
139920.000000  2.546  0.02  5.56673  0
139980.000000  2.479  0.02  5.88162  0
140040.000000  2.424  0.02  6.12383  0
140100.000000  2.31  0.02  6.62255  0
140160.000000  2.173  0.02  6.96459  0
140220.000000  2.011  0.02  7.84659  0
140280.000000  1.882  0.02  7.48978  0
140340.000000  1.734  0.02  8.11698  0
140400.000000  1.573  0.02  7.84659  0
140460.000000  1.416  0.02  7.13815  0
140520.000000  1.278  0.02  7.31326  0
140580.000000  1.153  0.02  7.05117  0
140640.000000  1.051  0.02  6.96459  0
140700.000000  0.956  0.02  7.66761  0
140760.000000  0.875  0.02  7.22552  0
140820.000000  0.795  0.02  6.87842  0
140880.000000  0.726  0.02  6.96459  0
140940.000000  0.663  0.02  6.4543  0
141000.000000  0.618  0.02  6.37091  0
141060.000000  0.574  0.02  6.53819  0
141120.000000  0.551  0.02  6.37091  0
141180.000000  0.526  0.02  6.28803  0
141240.000000  0.506  0.02  6.28803  0
141300.000000  0.485  0.02  5.88162  0
141360.000000  0.45  0.02  5.72299  0
141420.000000  0.437  0.02  5.80201  0
141480.000000  0.429  0.02  6.28803  0
141540.000000  0.425  0.02  6.70739  0
141600.000000  0.412  0.02  7.31326  0
141660.000000  0.41  0.02  8.11698  0
141720.000000  0.395  0.02  8.57152  0
141780.000000  0.391  0.02  9.12067  0
141840.000000  0.382  0.02  9.67015  0
141900.000000  0.379  0.02  9.21233  0
141960.000000  0.379  0.02  8.66285  0
142020.000000  0.379  0.02  7.93649  0
142080.000000  0.366  0.02  8.29829  0
142140.000000  0.366  0.02  7.84659  0
142200.000000  0.366  0.02  7.48978  0
142260.000000  0.342  0.02  7.05117  0
142320.000000  0.323  0.02  6.87842  0
142380.000000  0.294  0.02  6.79269  0
142440.000000  0.235  0.02  6.62255  0
142500.000000  0.236  0.02  6.28803  0
142560.000000  0.225  0.02  6.12383  0
142620.000000  0.242  0.02  5.96179  0
142680.000000  0.272  0.02  5.96179  0
142740.000000  0.3  0.02  5.88162  0
142800.000000  0.349  0.02  5.88162  0
142860.000000  0.38  0.02  6.04254  0
142920.000000  0.406  0.02  6.37091  0
142980.000000  0.434  0.02  6.37091  0
143040.000000  0.469  0.02  6.62255  0
143100.000000  0.486  0.02  6.53819  0
143160.000000  0.499  0.02  7.13815  0
143220.000000  0.52  0.02  7.75696  0
143280.000000  0.542  0.02  8.93739  0
143340.000000  0.56  0.02  9.02901  0
143400.000000  0.58  0.02  8.57152  0
143460.000000  0.602  0.02  8.66285  0
143520.000000  0.628  0.02  8.8458  0
143580.000000  0.638  0.02  8.75429  0
143640.000000  0.64  0.02  8.75429  0
143700.000000  0.682  0.02  7.57854  0
143760.000000  0.711  0.02  6.96459  0
143820.000000  0.745  0.02  6.37091  0
143880.000000  0.808  0.02  5.88162  0
143940.000000  0.822  0.02  6.20566  0
144000.000000  0.831  0.02  6.12383  0
144060.000000  0.823  0.02  6.20566  0
144120.000000  0.793  0.02  5.96179  0
144180.000000  0.768  0.02  5.64456  0
144240.000000  0.742  0.02  5.72299  0
144300.000000  0.711  0.02  6.04254  0
144360.000000  0.682  0.02  7.84659  0
144420.000000  0.65  0.02  9.4872  0
144480.000000  0.616  0.02  10.8432  0
144540.000000  0.592  0.02  11.9621  0
144600.000000  0.577  0.02  12.2092  0
144660.000000  0.555  0.02  12.1273  0
144720.000000  0.537  0.02  11.6256  0
144780.000000  0.513  0.02  10.8432  0
144840.000000  0.492  0.02  10.9317  0
144900.000000  0.467  0.02  11.2818  0
144960.000000  0.445  0.02  10.4864  0
145020.000000  0.423  0.02  10.9317  0
145080.000000  0.415  0.02  11.2818  0
145140.000000  0.402  0.02  11.3684  0
145200.000000  0.39  0.02  11.1075  0
145260.000000  0.383  0.02  9.94378  0
145320.000000  0.366  0.02  9.30399  0
145380.000000  0.336  0.02  8.29829  0
145440.000000  0.308  0.02  7.84659  0
145500.000000  0.285  0.02  7.75696  0
145560.000000  0.262  0.02  7.66761  0
145620.000000  0.248  0.02  7.66761  0
145680.000000  0.237  0.02  7.75696  0
145740.000000  0.231  0.02  7.84659  0
145800.000000  0.226  0.02  7.93649  0
145860.000000  0.222  0.02  8.20754  0
145920.000000  0.218  0.02  8.38922  0
145980.000000  0.217  0.02  7.93649  0
146040.000000  0.217  0.02  7.93649  0
146100.000000  0.212  0.02  8.57152  0
146160.000000  0.208  0.02  9.12067  0
146220.000000  0.208  0.02  9.57871  0
146280.000000  0.198  0.02  10.3965  0
146340.000000  0.2  0.02  10.8432  0
146400.000000  0.202  0.02  10.3965  0
146460.000000  0.199  0.02  10.4864  0
146520.000000  0.189  0.02  10.3064  0
146580.000000  0.181  0.02  9.39561  0
146640.000000  0.177  0.02  8.66285  0
146700.000000  0.172  0.02  8.20754  0
146760.000000  0.178  0.02  8.02662  0
146820.000000  0.184  0.02  7.84659  0
146880.000000  0.201  0.02  7.75696  0
146940.000000  0.208  0.02  7.75696  0
147000.000000  0.224  0.02  7.48978  0
147060.000000  0.235  0.02  7.31326  0
147120.000000  0.242  0.02  7.40135  0
147180.000000  0.243  0.02  7.48978  0
147240.000000  0.252  0.02  7.57854  0
147300.000000  0.257  0.02  8.29829  0
147360.000000  0.251  0.02  8.75429  0
147420.000000  0.254  0.02  9.21233  0
147480.000000  0.256  0.02  9.76148  0
147540.000000  0.252  0.02  12.2092  0
147600.000000  0.252  0.02  11.6256  0
147660.000000  0.25  0.02  12.8435  0
147720.000000  0.255  0.02  12.3712  0
147780.000000  0.245  0.02  12.531  0
147840.000000  0.244  0.02  11.6256  0
147900.000000  0.243  0.02  11.1075  0
147960.000000  0.244  0.02  10.216  0
148020.000000  0.241  0.02  8.75429  0
148080.000000  0.238  0.02  8.20754  0
148140.000000  0.241  0.02  8.02662  0
148200.000000  0.244  0.02  8.02662  0
148260.000000  0.246  0.02  7.93649  0
148320.000000  0.244  0.02  7.75696  0
148380.000000  0.237  0.02  7.66761  0
148440.000000  0.233  0.02  7.57854  0
148500.000000  0.233  0.02  7.57854  0
148560.000000  0.226  0.02  7.40135  0
148620.000000  0.222  0.02  7.48978  0
148680.000000  0.208  0.02  7.48978  0
148740.000000  0.202  0.02  7.40135  0
148800.000000  0.201  0.02  7.84659  0
148860.000000  0.194  0.02  8.29829  0
148920.000000  0.179  0.02  8.75429  0
148980.000000  0.18  0.02  8.8458  0
149040.000000  0.176  0.02  9.12067  0
149100.000000  0.175  0.02  9.8527  0
149160.000000  0.17  0.02  11.1075  0
149220.000000  0.173  0.02  11.1075  0
149280.000000  0.168  0.02  10.0347  0
149340.000000  0.17  0.02  9.8527  0
149400.000000  0.173  0.02  9.8527  0
149460.000000  0.183  0.02  9.4872  0
149520.000000  0.188  0.02  9.12067  0
149580.000000  0.188  0.02  8.8458  0
149640.000000  0.183  0.02  8.57152  0
149700.000000  0.189  0.02  8.38922  0
149760.000000  0.188  0.02  7.93649  0
149820.000000  0.196  0.02  8.02662  0
149880.000000  0.204  0.02  7.75696  0
149940.000000  0.209  0.02  7.57854  0
150000.000000  0.216  0.02  7.57854  0
150060.000000  0.218  0.02  7.84659  0
150120.000000  0.226  0.02  7.93649  0
150180.000000  0.23  0.02  8.29829  0
150240.000000  0.233  0.02  8.75429  0
150300.000000  0.232  0.02  9.57871  0
150360.000000  0.239  0.02  12.2905  0
150420.000000  0.24  0.02  12.3712  0
150480.000000  0.239  0.02  13.5806  0
150540.000000  0.24  0.02  11.5403  0
150600.000000  0.245  0.02  12.4514  0
150660.000000  0.247  0.02  12.61  0
150720.000000  0.251  0.02  12.6884  0
150780.000000  0.254  0.02  12.9961  0
150840.000000  0.252  0.02  13.2202  0
150900.000000  0.251  0.02  11.9621  0
150960.000000  0.25  0.02  11.5403  0
151020.000000  0.247  0.02  10.9317  0
151080.000000  0.252  0.02  11.4546  0
151140.000000  0.247  0.02  11.3684  0
151200.000000  0.248  0.02  11.1075  0
151260.000000  0.248  0.02  10.216  0
151320.000000  0.252  0.02  10.0347  0
151380.000000  0.242  0.02  9.8527  0
151440.000000  0.237  0.02  9.67015  0
151500.000000  0.233  0.02  9.21233  0
151560.000000  0.227  0.02  10.1255  0
151620.000000  0.217  0.02  11.5403  0
151680.000000  0.212  0.02  11.4546  0
151740.000000  0.21  0.02  11.3684  0
151800.000000  0.202  0.02  10.9317  0
151860.000000  0.197  0.02  11.0197  0
151920.000000  0.192  0.02  11.0197  0
151980.000000  0.19  0.02  11.0197  0
152040.000000  0.185  0.02  10.8432  0
152100.000000  0.184  0.02  10.7545  0
152160.000000  0.182  0.02  9.94378  0
152220.000000  0.164  0.02  10.1255  0
152280.000000  0.164  0.02  10.0347  0
152340.000000  0.159  0.02  10.216  0
152400.000000  0.16  0.02  10.0347  0
152460.000000  0.162  0.02  8.93739  0
152520.000000  0.161  0.02  8.75429  0
152580.000000  0.159  0.02  8.4803  0
152640.000000  0.164  0.02  8.20754  0
152700.000000  0.174  0.02  7.75696  0
152760.000000  0.171  0.02  8.20754  0
152820.000000  0.173  0.02  8.57152  0
152880.000000  0.178  0.02  8.66285  0
152940.000000  0.191  0.02  8.38922  0
153000.000000  0.197  0.02  8.57152  0
153060.000000  0.204  0.02  8.75429  0
153120.000000  0.205  0.02  8.8458  0
153180.000000  0.208  0.02  9.30399  0
153240.000000  0.213  0.02  9.39561  0
153300.000000  0.22  0.02  10.3064  0
153360.000000  0.223  0.02  11.1075  0
153420.000000  0.225  0.02  11.1075  0
153480.000000  0.228  0.02  12.531  0
153540.000000  0.227  0.02  12.6884  0
153600.000000  0.232  0.02  13.3664  0
153660.000000  0.243  0.02  11.0197  0
153720.000000  0.235  0.02  9.94378  0
153780.000000  0.21  0.02  9.4872  0
153840.000000  0.214  0.02  9.39561  0
153900.000000  0.209  0.02  9.21233  0
153960.000000  0.204  0.02  9.02901  0
154020.000000  0.206  0.02  8.66285  0
154080.000000  0.202  0.02  8.4803  0
154140.000000  0.194  0.02  8.20754  0
154200.000000  0.19  0.02  8.11698  0
154260.000000  0.191  0.02  8.20754  0
154320.000000  0.2  0.02  8.20754  0
154380.000000  0.19  0.02  8.4803  0
154440.000000  0.192  0.02  8.93739  0
154500.000000  0.189  0.02  9.39561  0
154560.000000  0.189  0.02  10.0347  0
154620.000000  0.191  0.02  10.4864  0
154680.000000  0.193  0.02  10.6654  0
154740.000000  0.195  0.02  11.6256  0
154800.000000  0.191  0.02  11.2818  0
154860.000000  0.188  0.02  11.3684  0
154920.000000  0.182  0.02  10.7545  0
154980.000000  0.18  0.02  10.1255  0
155040.000000  0.176  0.02  9.30399  0
155100.000000  0.18  0.02  9.30399  0
155160.000000  0.182  0.02  9.12067  0
155220.000000  0.202  0.02  9.02901  0
155280.000000  0.195  0.02  8.75429  0
155340.000000  0.197  0.02  8.66285  0
155400.000000  0.2  0.02  8.38922  0
155460.000000  0.198  0.02  8.20754  0
155520.000000  0.199  0.02  8.02662  0
155580.000000  0.197  0.02  7.84659  0
155640.000000  0.196  0.02  7.48978  0
155700.000000  0.191  0.02  7.31326  0
155760.000000  0.182  0.02  7.22552  0
155820.000000  0.182  0.02  7.31326  0
155880.000000  0.18  0.02  7.22552  0
155940.000000  0.185  0.02  7.57854  0
156000.000000  0.189  0.02  8.02662  0
156060.000000  0.191  0.02  7.57854  0
156120.000000  0.195  0.02  7.75696  0
156180.000000  0.19  0.02  7.93649  0
156240.000000  0.195  0.02  8.4803  0
156300.000000  0.199  0.02  8.57152  0
156360.000000  0.21  0.02  9.21233  0
156420.000000  0.215  0.02  9.76148  0
156480.000000  0.217  0.02  10.216  0
156540.000000  0.215  0.02  10.4864  0
156600.000000  0.218  0.02  10.1255  0
156660.000000  0.221  0.02  9.02901  0
156720.000000  0.223  0.02  7.84659  0
156780.000000  0.223  0.02  7.40135  0
156840.000000  0.223  0.02  7.05117  0
156900.000000  0.225  0.02  6.87842  0
156960.000000  0.224  0.02  6.37091  0
157020.000000  0.224  0.02  6.96459  0
157080.000000  0.227  0.02  7.93649  0
157140.000000  0.232  0.02  8.02662  0
157200.000000  0.229  0.02  8.29829  0
157260.000000  0.227  0.02  8.4803  0
157320.000000  0.224  0.02  9.12067  0
157380.000000  0.218  0.02  10.1255  0
157440.000000  0.212  0.02  11.1075  0
157500.000000  0.206  0.02  11.5403  0
157560.000000  0.202  0.02  12.8435  0
157620.000000  0.2  0.02  14.1864  0
157680.000000  0.199  0.02  15.1231  0
157740.000000  0.202  0.02  14.9612  0
157800.000000  0.193  0.02  14.4985  0
157860.000000  0.189  0.02  12.9961  0
157920.000000  0.188  0.02  13.4385  0
157980.000000  0.184  0.02  13.4385  0
158040.000000  0.186  0.02  13.5099  0
158100.000000  0.185  0.02  12.7663  0
158160.000000  0.188  0.02  12.531  0
158220.000000  0.191  0.02  11.1948  0
158280.000000  0.19  0.02  10.7545  0
158340.000000  0.185  0.02  10.576  0
158400.000000  0.183  0.02  10.6654  0
158460.000000  0.18  0.02  11.0197  0
158520.000000  0.175  0.02  11.9621  0
158580.000000  0.171  0.02  11.7104  0
158640.000000  0.171  0.02  11.3684  0
158700.000000  0.169  0.02  11.2818  0
158760.000000  0.167  0.02  11.8787  0
158820.000000  0.166  0.02  13.8568  0
158880.000000  0.169  0.02  13.7888  0
158940.000000  0.171  0.02  15.6648  0
159000.000000  0.172  0.02  16.2421  0
159060.000000  0.173  0.02  16.4877  0
159120.000000  0.172  0.02  16.6472  0
159180.000000  0.167  0.02  16.9551  0
159240.000000  0.169  0.02  17.1456  0
159300.000000  0.17  0.02  16.7657  0
159360.000000  0.168  0.02  16.7657  0
159420.000000  0.169  0.02  16.6472  0
159480.000000  0.163  0.02  16.2421  0
159540.000000  0.158  0.02  14.7354  0
159600.000000  0.149  0.02  13.5806  0
159660.000000  0.139  0.02  12.7663  0
159720.000000  0.133  0.02  12.1273  0
159780.000000  0.131  0.02  11.1075  0
159840.000000  0.128  0.02  10.6654  0
159900.000000  0.127  0.02  10.4864  0
159960.000000  0.124  0.02  10.1255  0
160020.000000  0.121  0.02  9.8527  0
160080.000000  0.118  0.02  9.57871  0
160140.000000  0.116  0.02  9.8527  0
160200.000000  0.115  0.02  11.5403  0
160260.000000  0.118  0.02  13.2936  0
160320.000000  0.118  0.02  14.2502  0
160380.000000  0.12  0.02  14.7354  0
160440.000000  0.118  0.02  14.3758  0
160500.000000  0.12  0.02  15.4286  0
160560.000000  0.123  0.02  16.6163  0
160620.000000  0.122  0.02  16.9032  0
160680.000000  0.119  0.02  16.9032  0
160740.000000  0.118  0.02  16.1283  0
160800.000000  0.118  0.02  13.9241  0
160860.000000  0.123  0.02  11.8787  0
160920.000000  0.124  0.02  12.045  0
160980.000000  0.127  0.02  11.8787  0
161040.000000  0.129  0.02  11.6256  0
161100.000000  0.13  0.02  10.3064  0
161160.000000  0.12  0.02  9.30399  0
161220.000000  0.078  0.02  8.38922  0
161280.000000  0.075  0.02  7.75696  0
161340.000000  0.042  0.02  7.40135  0
161400.000000  0.05  0.02  7.22552  0
161460.000000  0.056  0.02  6.87842  0
161520.000000  0.061  0.02  6.87842  0
161580.000000  0.076  0.02  6.96459  0
161640.000000  0.09  0.02  7.05117  0
161700.000000  0.103  0.02  7.05117  0
161760.000000  0.12  0.02  7.31326  0
161820.000000  0.133  0.02  7.75696  0
161880.000000  0.15  0.02  8.02662  0
161940.000000  0.162  0.02  8.4803  0
162000.000000  0.172  0.02  9.02901  0
162060.000000  0.182  0.02  9.8527  0
162120.000000  0.191  0.02  10.3064  0
162180.000000  0.196  0.02  9.57871  0
162240.000000  0.205  0.02  9.30399  0
162300.000000  0.205  0.02  9.4872  0
162360.000000  0.209  0.02  9.39561  0
162420.000000  0.215  0.02  9.39561  0
162480.000000  0.221  0.02  8.66285  0
162540.000000  0.226  0.02  8.20754  0
162600.000000  0.24  0.02  7.75696  0
162660.000000  0.287  0.02  7.48978  0
162720.000000  0.293  0.02  7.31326  0
162780.000000  0.328  0.02  7.31326  0
162840.000000  0.322  0.02  7.13815  0
162900.000000  0.318  0.02  7.13815  0
162960.000000  0.312  0.02  7.40135  0
163020.000000  0.296  0.02  7.40135  0
163080.000000  0.246  0.02  7.13815  0
163140.000000  0.228  0.02  7.13815  0
163200.000000  0.21  0.02  7.22552  0
163260.000000  0.194  0.02  7.75696  0
163320.000000  0.175  0.02  8.11698  0
163380.000000  0.162  0.02  9.21233  0
163440.000000  0.153  0.02  9.94378  0
163500.000000  0.141  0.02  9.67015  0
163560.000000  0.133  0.02  9.94378  0
163620.000000  0.129  0.02  10.4864  0
163680.000000  0.121  0.02  10.9317  0
163740.000000  0.115  0.02  10.7545  0
163800.000000  0.11  0.02  9.21233  0
163860.000000  0.105  0.02  8.4803  0
163920.000000  0.101  0.02  7.57854  0
163980.000000  0.098  0.02  6.96459  0
164040.000000  0.098  0.02  5.96179  0
164100.000000  0.096  0.02  5.56673  0
164160.000000  0.097  0.02  5.33692  0
164220.000000  0.098  0.02  5.33692  0
164280.000000  0.104  0.02  5.03938  0
164340.000000  0.108  0.02  4.89454  0
164400.000000  0.117  0.02  4.89454  0
164460.000000  0.121  0.02  4.89454  0
164520.000000  0.16  0.02  6.37091  0
164580.000000  0.162  0.02  7.13815  0
164640.000000  0.165  0.02  7.57854  0
164700.000000  0.163  0.02  8.4803  0
164760.000000  0.164  0.02  10.7545  0
164820.000000  0.161  0.02  11.1075  0
164880.000000  0.158  0.02  12.2092  0
164940.000000  0.158  0.02  12.531  0
165000.000000  0.159  0.02  11.8787  0
165060.000000  0.158  0.02  12.7663  0
165120.000000  0.159  0.02  13.0714  0
165180.000000  0.161  0.02  12.7663  0
165240.000000  0.164  0.02  12.045  0
165300.000000  0.166  0.02  10.576  0
165360.000000  0.167  0.02  10.1255  0
165420.000000  0.167  0.02  9.67015  0
165480.000000  0.168  0.02  8.57152  0
165540.000000  0.167  0.02  8.29829  0
165600.000000  0.163  0.02  8.66285  0
165660.000000  0.158  0.02  8.20754  0
165720.000000  0.15  0.02  8.11698  0
165780.000000  0.144  0.02  8.02662  0
165840.000000  0.137  0.02  7.66761  0
165900.000000  0.131  0.02  7.48978  0
165960.000000  0.123  0.02  9.4872  0
166020.000000  0.119  0.02  9.8527  0
166080.000000  0.112  0.02  10.6654  0
166140.000000  0.107  0.02  11.7948  0
166200.000000  0.104  0.02  12.3712  0
166260.000000  0.101  0.02  12.531  0
166320.000000  0.097  0.02  11.9621  0
166380.000000  0.094  0.02  11.9621  0
166440.000000  0.09  0.02  12.61  0
166500.000000  0.087  0.02  13.4385  0
166560.000000  0.085  0.02  13.5806  0
166620.000000  0.081  0.02  12.9961  0
166680.000000  0.077  0.02  12.045  0
166740.000000  0.073  0.02  10.9317  0
166800.000000  0.068  0.02  10.3965  0
166860.000000  0.064  0.02  9.94378  0
166920.000000  0.06  0.02  9.67015  0
166980.000000  0.056  0.02  9.30399  0
167040.000000  0.054  0.02  9.30399  0
167100.000000  0.054  0.02  8.93739  0
167160.000000  0.053  0.02  9.12067  0
167220.000000  0.055  0.02  10.3965  0
167280.000000  0.055  0.02  10.4864  0
167340.000000  0.055  0.02  10.0347  0
167400.000000  0.056  0.02  9.94378  0
167460.000000  0.057  0.02  9.94378  0
167520.000000  0.056  0.02  9.8527  0
167580.000000  0.056  0.02  10.1255  0
167640.000000  0.056  0.02  10.6654  0
167700.000000  0.057  0.02  10.7545  0
167760.000000  0.055  0.02  10.7545  0
167820.000000  0.053  0.02  9.67015  0
167880.000000  0.057  0.02  12.1273  0
167940.000000  0.061  0.02  13.5806  0
168000.000000  0.062  0.02  12.531  0
168060.000000  0.064  0.02  10.576  0
168120.000000  0.027  0.02  8.11698  0
168180.000000  0  0.02  8.57152  0
168240.000000  0.001  0.02  8.8458  0
168300.000000  0.012  0.02  7.84659  0
168360.000000  0.022  0.02  7.84659  0
168420.000000  0.035  0.02  8.02662  0
168480.000000  0.046  0.02  7.93649  0
168540.000000  0.054  0.02  7.66761  0
168600.000000  0.062  0.02  7.22552  0
168660.000000  0.069  0.02  6.96459  0
168720.000000  0.076  0.02  6.4543  0
168780.000000  0.088  0.02  6.4543  0
168840.000000  0.097  0.02  6.62255  0
168900.000000  0.103  0.02  7.22552  0
168960.000000  0.109  0.02  9.30399  0
169020.000000  0.115  0.02  10.3064  0
169080.000000  0.118  0.02  9.76148  0
169140.000000  0.121  0.02  10.4864  0
169200.000000  0.125  0.02  10.576  0
169260.000000  0.128  0.02  10.4864  0
169320.000000  0.127  0.02  10.6654  0
169380.000000  0.123  0.02  9.94378  0
169440.000000  0.122  0.02  10.3965  0
169500.000000  0.118  0.02  10.0347  0
169560.000000  0.155  0.02  9.57871  0
169620.000000  0.187  0.02  8.93739  0
169680.000000  0.183  0.02  8.93739  0
169740.000000  0.174  0.02  7.48978  0
169800.000000  0.166  0.02  6.87842  0
169860.000000  0.158  0.02  6.37091  0
169920.000000  0.152  0.02  6.20566  0
169980.000000  0.148  0.02  5.96179  0
170040.000000  0.146  0.02  6.20566  0
170100.000000  0.144  0.02  6.79269  0
170160.000000  0.138  0.02  6.87842  0
170220.000000  0.133  0.02  6.62255  0
170280.000000  0.132  0.02  7.48978  0
170340.000000  0.131  0.02  9.76148  0
170400.000000  0.13  0.02  10.0347  0
170460.000000  0.127  0.02  10.3965  0
170520.000000  0.124  0.02  8.20754  0
170580.000000  0.122  0.02  10.3064  0
170640.000000  0.119  0.02  10.576  0
170700.000000  0.116  0.02  11.0197  0
170760.000000  0.11  0.02  9.4872  0
170820.000000  0.108  0.02  8.02662  0
170880.000000  0.106  0.02  9.4872  0
170940.000000  0.104  0.02  9.39561  0
171000.000000  0.104  0.02  9.39561  0
171060.000000  0.103  0.02  8.4803  0
171120.000000  0.102  0.02  8.4803  0
171180.000000  0.112  0.02  8.02662  0
171240.000000  0.111  0.02  8.02662  0
171300.000000  0.113  0.02  7.93649  0
171360.000000  0.115  0.02  7.57854  0
171420.000000  0.117  0.02  7.66761  0
171480.000000  0.117  0.02  7.57854  0
171540.000000  0.118  0.02  7.48978  0
171600.000000  0.12  0.02  7.48978  0
171660.000000  0.119  0.02  7.48978  0
171720.000000  0.116  0.02  8.02662  0
171780.000000  0.116  0.02  8.66285  0
171840.000000  0.115  0.02  9.12067  0
171900.000000  0.115  0.02  10.0347  0
171960.000000  0.115  0.02  10.1255  0
172020.000000  0.115  0.02  10.8432  0
172080.000000  0.115  0.02  11.3684  0
172140.000000  0.115  0.02  12.531  0
172200.000000  0.117  0.02  12.9201  0
172260.000000  0.117  0.02  13.4385  0
172320.000000  0.114  0.02  12.9961  0
172380.000000  0.113  0.02  12.531  0
172440.000000  0.111  0.02  11.6256  0
172500.000000  0.112  0.02  9.57871  0
172560.000000  0.11  0.02  8.93739  0
172620.000000  0.098  0.02  8.20754  0
172680.000000  0.095  0.02  7.66761  0
172740.000000  0.087  0.02  7.40135  0
172800.000000  0.081  0.02  7.66761  0
172860.000000  0.074  0.02  8.75429  0
172920.000000  0.068  0.02  8.4803  0
172980.000000  0.06  0.02  8.66285  0
173040.000000  0.053  0.02  8.75429  0
173100.000000  0.048  0.02  8.93739  0
173160.000000  0.042  0.02  9.57871  0
173220.000000  0.038  0.02  10.576  0
173280.000000  0.034  0.02  10.0347  0
173340.000000  0.031  0.02  13.0714  0
173400.000000  0.03  0.02  13.1461  0
173460.000000  0.032  0.02  13.9907  0
173520.000000  0.032  0.02  14.0567  0
173580.000000  0.032  0.02  13.2936  0
173640.000000  0.033  0.02  12.9201  0
173700.000000  0.033  0.02  12.6884  0
173760.000000  0.028  0.02  8.75429  0
173820.000000  0.025  0.02  7.57854  0
173880.000000  0.008  0.02  7.31326  0
173940.000000  0  0.02  6.87842  0
174000.000000  0  0.02  6.70739  0
174060.000000  0.004  0.02  6.37091  0
174120.000000  0.007  0.02  6.04254  0
174180.000000  0.012  0.02  5.88162  0
174240.000000  0.018  0.02  6.20566  0
174300.000000  0.023  0.02  6.62255  0
174360.000000  0.027  0.02  7.22552  0
174420.000000  0.031  0.02  6.4543  0
174480.000000  0.036  0.02  6.62255  0
174540.000000  0.034  0.02  6.28803  0
174600.000000  0.039  0.02  6.70739  0
174660.000000  0.041  0.02  7.22552  0
174720.000000  0.043  0.02  8.20754  0
174780.000000  0.043  0.02  9.39561  0
174840.000000  0.043  0.02  9.21233  0
174900.000000  0.041  0.02  9.57871  0
174960.000000  0.04  0.02  9.21233  0
175020.000000  0.038  0.02  9.57871  0
175080.000000  0.039  0.02  10.576  0
175140.000000  0.039  0.02  9.39561  0
175200.000000  0.046  0.02  9.12067  0
175260.000000  0.05  0.02  9.39561  0
175320.000000  0.068  0.02  8.4803  0
175380.000000  0.084  0.02  8.29829  0
175440.000000  0.083  0.02  8.29829  0
175500.000000  0.084  0.02  7.84659  0
175560.000000  0.086  0.02  7.57854  0
175620.000000  0.086  0.02  7.13815  0
175680.000000  0.084  0.02  7.05117  0
175740.000000  0.084  0.02  6.79269  0
175800.000000  0.084  0.02  5.80201  0
175860.000000  0.084  0.02  5.80201  0
175920.000000  0.081  0.02  5.4129  0
175980.000000  0.086  0.02  5.88162  0
176040.000000  0.083  0.02  6.4543  0
176100.000000  0.081  0.02  8.29829  0
176160.000000  0.079  0.02  9.21233  0
176220.000000  0.077  0.02  10.1255  0
176280.000000  0.075  0.02  10.9317  0
176340.000000  0.074  0.02  11.3684  0
176400.000000  0.074  0.02  10.3064  0
176460.000000  0.073  0.02  10.1255  0
176520.000000  0.071  0.02  10.4864  0
176580.000000  0.069  0.02  10.6654  0
176640.000000  0.067  0.02  10.216  0
176700.000000  0.065  0.02  10.3064  0
176760.000000  0.064  0.02  10.1255  0
176820.000000  0.061  0.02  9.02901  0
176880.000000  0.056  0.02  8.02662  0
176940.000000  0.052  0.02  6.96459  0
177000.000000  0.047  0.02  6.4543  0
177060.000000  0.043  0.02  6.28803  0
177120.000000  0.039  0.02  5.96179  0
177180.000000  0.035  0.02  5.72299  0
177240.000000  0.031  0.02  5.56673  0
177300.000000  0.028  0.02  5.64456  0
177360.000000  0.025  0.02  5.56673  0
177420.000000  0.023  0.02  5.64456  0
177480.000000  0.019  0.02  7.22552  0
177540.000000  0.018  0.02  8.75429  0
177600.000000  0.019  0.02  10.1255  0
177660.000000  0.021  0.02  11.4546  0
177720.000000  0.022  0.02  12.61  0
177780.000000  0.023  0.02  13.0714  0
177840.000000  0.025  0.02  13.6507  0
177900.000000  0.028  0.02  14.0567  0
177960.000000  0.031  0.02  14.3134  0
178020.000000  0.033  0.02  14.2502  0
178080.000000  0.035  0.02  14.2502  0
178140.000000  0.036  0.02  14.1219  0
178200.000000  0.035  0.02  13.2936  0
178260.000000  0.034  0.02  11.5403  0
178320.000000  0.033  0.02  10.7545  0
178380.000000  0.031  0.02  9.8527  0
178440.000000  0.028  0.02  9.02901  0
178500.000000  0.026  0.02  8.20754  0
178560.000000  0.023  0.02  7.75696  0
178620.000000  0.02  0.02  7.31326  0
178680.000000  0.018  0.02  6.87842  0
178740.000000  0.014  0.02  6.62255  0
178800.000000  0.012  0.02  6.62255  0
178860.000000  0.011  0.02  6.79269  0
178920.000000  0.011  0.02  7.75696  0
178980.000000  0.011  0.02  10.1255  0
179040.000000  0.011  0.02  11.4546  0
179100.000000  0.01  0.02  12.531  0
179160.000000  0.009  0.02  13.5099  0
179220.000000  0.008  0.02  13.9907  0
179280.000000  0.009  0.02  14.0567  0
179340.000000  0.008  0.02  14.1864  0
179400.000000  0.006  0.02  14.4375  0
179460.000000  0.004  0.02  14.3758  0
179520.000000  0.004  0.02  13.7888  0
179580.000000  0.004  0.02  13.3664  0
179640.000000  0.005  0.02  13.0714  0
179700.000000  0.006  0.02  12.6884  0
179760.000000  0.007  0.02  11.7104  0
179820.000000  0.008  0.02  10.6654  0
179880.000000  0.008  0.02  10.0347  0
179940.000000  0.01  0.02  9.39561  0
180000.000000  0.012  0.02  9.67015  0
180060.000000  0.011  0.02  9.4872  0
180120.000000  0.01  0.02  9.02901  0
180180.000000  0.014  0.02  9.39561  0
180240.000000  0.016  0.02  9.4872  0
180300.000000  0.016  0.02  9.30399  0
180360.000000  0.014  0.02  9.21233  0
180420.000000  0.01  0.02  9.02901  0
180480.000000  0.004  0.02  8.8458  0
180540.000000  0  0.02  8.75429  0
180600.000000  0  0.02  8.66285  0
180660.000000  0  0.02  8.8458  0
180720.000000  0  0.02  9.12067  0
180780.000000  0  0.02  9.57871  0
180840.000000  0  0.02  9.39561  0
180900.000000  0  0.02  9.12067  0
180960.000000  0  0.02  9.12067  0
181020.000000  0  0.02  9.21233  0
181080.000000  0  0.02  9.30399  0
181140.000000  0.004  0.02  9.02901  0
181200.000000  0.011  0.02  8.57152  0
181260.000000  0.018  0.02  8.38922  0
181320.000000  0.026  0.02  8.20754  0
181380.000000  0.033  0.02  8.20754  0
181440.000000  0.039  0.02  8.20754  0
181500.000000  0.048  0.02  7.75696  0
181560.000000  0.056  0.02  7.84659  0
181620.000000  0.058  0.02  8.02662  0
181680.000000  0.061  0.02  8.20754  0
181740.000000  0.064  0.02  8.29829  0
181800.000000  0.069  0.02  8.4803  0
181860.000000  0.075  0.02  8.66285  0
181920.000000  0.082  0.02  9.12067  0
181980.000000  0.125  0.02  9.94378  0
182040.000000  0.125  0.02  11.7104  0
182100.000000  0.129  0.02  12.2905  0
182160.000000  0.126  0.02  13.3664  0
182220.000000  0.121  0.02  13.5806  0
182280.000000  0.116  0.02  13.7888  0
182340.000000  0.112  0.02  12.8435  0
182400.000000  0.108  0.02  13.3664  0
182460.000000  0.103  0.02  12.6884  0
182520.000000  0.097  0.02  12.045  0
182580.000000  0.087  0.02  10.8432  0
182640.000000  0.077  0.02  10.1255  0
182700.000000  0.073  0.02  10.4864  0
182760.000000  0.069  0.02  11.0197  0
182820.000000  0.066  0.02  10.576  0
182880.000000  0.063  0.02  10.3064  0
182940.000000  0.059  0.02  10.3064  0
183000.000000  0.056  0.02  10.216  0
183060.000000  0.053  0.02  10.1255  0
183120.000000  0.049  0.02  10.0347  0
183180.000000  0.038  0.02  9.8527  0
183240.000000  0.034  0.02  10.1255  0
183300.000000  0.024  0.02  10.4864  0
183360.000000  0  0.02  10.7545  0
183420.000000  0  0.02  11.1948  0
183480.000000  0.002  0.02  12.8435  0
183540.000000  0.009  0.02  13.8568  0
183600.000000  0.017  0.02  13.7201  0
183660.000000  0.025  0.02  14.1219  0
183720.000000  0.033  0.02  14.4375  0
183780.000000  0.04  0.02  14.1219  0
183840.000000  0.049  0.02  14.2502  0
183900.000000  0.055  0.02  14.2502  0
183960.000000  0.061  0.02  12.8435  0
184020.000000  0.069  0.02  12.1273  0
184080.000000  0.076  0.02  11.9621  0
184140.000000  0.076  0.02  11.7948  0
184200.000000  0.075  0.02  11.4546  0
184260.000000  0.074  0.02  11.3684  0
184320.000000  0.067  0.02  11.4546  0
184380.000000  0.061  0.02  11.1948  0
184440.000000  0.058  0.02  10.9317  0
184500.000000  0.058  0.02  10.9317  0
184560.000000  0.061  0.02  11.2818  0
184620.000000  0.072  0.02  11.3684  0
184680.000000  0.078  0.02  11.5403  0
184740.000000  0.089  0.02  12.6884  0
184800.000000  0.116  0.02  12.3712  0
184860.000000  0.12  0.02  12.1273  0
184920.000000  0.116  0.02  13.4385  0
184980.000000  0.111  0.02  14.9612  0
185040.000000  0.107  0.02  14.3134  0
185100.000000  0.101  0.02  12.6884  0
185160.000000  0.093  0.02  12.8435  0
185220.000000  0.085  0.02  11.1948  0
185280.000000  0.068  0.02  11.1948  0
185340.000000  0.064  0.02  10.8432  0
185400.000000  0.002  0.02  8.57152  0
185460.000000  0  0.02  8.02662  0
185520.000000  0  0.02  8.11698  0
185580.000000  0  0.02  8.11698  0
185640.000000  0  0.02  7.93649  0
185700.000000  0  0.02  8.02662  0
185760.000000  0  0.02  8.20754  0
185820.000000  0.011  0.02  7.66761  0
185880.000000  0.031  0.02  7.13815  0
185940.000000  0.047  0.02  7.31326  0
186000.000000  0.062  0.02  7.13815  0
186060.000000  0.077  0.02  7.05117  0
186120.000000  0.092  0.02  7.84659  0
186180.000000  0.102  0.02  8.02662  0
186240.000000  0.109  0.02  10.3064  0
186300.000000  0.114  0.02  11.1948  0
186360.000000  0.11  0.02  9.57871  0
186420.000000  0.113  0.02  11.5403  0
186480.000000  0.112  0.02  9.94378  0
186540.000000  0.113  0.02  9.8527  0
186600.000000  0.114  0.02  10.3965  0
186660.000000  0.118  0.02  11.5403  0
186720.000000  0.129  0.02  11.6256  0
186780.000000  0.129  0.02  11.2818  0
186840.000000  0.187  0.02  9.4872  0
186900.000000  0.217  0.02  9.12067  0
186960.000000  0.236  0.02  8.66285  0
187020.000000  0.247  0.02  8.20754  0
187080.000000  0.237  0.02  8.11698  0
187140.000000  0.224  0.02  8.02662  0
187200.000000  0.212  0.02  7.75696  0
187260.000000  0.198  0.02  7.48978  0
187320.000000  0.185  0.02  7.22552  0
187380.000000  0.172  0.02  7.31326  0
187440.000000  0.16  0.02  7.40135  0
187500.000000  0.147  0.02  8.4803  0
187560.000000  0.135  0.02  8.29829  0
187620.000000  0.125  0.02  8.29829  0
187680.000000  0.118  0.02  8.38922  0
187740.000000  0.113  0.02  10.1255  0
187800.000000  0.117  0.02  9.8527  0
187860.000000  0.116  0.02  11.0197  0
187920.000000  0.118  0.02  11.9621  0
187980.000000  0.119  0.02  11.8787  0
188040.000000  0.121  0.02  11.7948  0
188100.000000  0.116  0.02  10.9317  0
188160.000000  0.113  0.02  9.76148  0
188220.000000  0.107  0.02  9.57871  0
188280.000000  0.104  0.02  9.21233  0
188340.000000  0.097  0.02  8.66285  0
188400.000000  0.069  0.02  8.02662  0
188460.000000  0.054  0.02  7.57854  0
188520.000000  0.051  0.02  7.57854  0
188580.000000  0.042  0.02  7.13815  0
188640.000000  0.034  0.02  6.87842  0
188700.000000  0.033  0.02  6.70739  0
188760.000000  0.031  0.02  6.79269  0
188820.000000  0.031  0.02  6.62255  0
188880.000000  0.032  0.02  6.87842  0
188940.000000  0.033  0.02  7.31326  0
189000.000000  0.035  0.02  8.02662  0
189060.000000  0.041  0.02  8.75429  0
189120.000000  0.048  0.02  8.8458  0
189180.000000  0.05  0.02  8.11698  0
189240.000000  0.04  0.02  7.31326  0
189300.000000  0.031  0.02  7.75696  0
189360.000000  0.03  0.02  8.02662  0
189420.000000  0.039  0.02  9.21233  0
189480.000000  0.044  0.02  7.75696  0
189540.000000  0.007  0.02  7.13815  0
189600.000000  0.01  0.02  7.66761  0
189660.000000  0.028  0.02  7.57854  0
189720.000000  0.037  0.02  7.05117  0
189780.000000  0.06  0.02  6.96459  0
189840.000000  0.099  0.02  7.22552  0
189900.000000  0.124  0.02  6.87842  0
189960.000000  0.124  0.02  6.28803  0
190020.000000  0.089  0.02  6.62255  0
190080.000000  0.072  0.02  6.96459  0
190140.000000  0.04  0.02  7.31326  0
190200.000000  0.023  0.02  6.79269  0
190260.000000  0.047  0.02  7.05117  0
190320.000000  0.086  0.02  6.79269  0
190380.000000  0.096  0.02  6.04254  0
190440.000000  0.135  0.02  5.80201  0
190500.000000  0.18  0.02  5.72299  0
190560.000000  0.228  0.02  5.88162  0
190620.000000  0.278  0.02  5.64456  0
190680.000000  0.341  0.02  5.72299  0
190740.000000  0.404  0.02  6.53819  0
190800.000000  0.459  0.02  5.96179  0
190860.000000  0.496  0.02  6.04254  0
190920.000000  0.54  0.02  6.37091  0
190980.000000  0.619  0.02  6.28803  0
191040.000000  0.658  0.02  6.70739  0
191100.000000  0.679  0.02  6.4543  0
191160.000000  0.701  0.02  5.88162  0
191220.000000  0.713  0.02  5.80201  0
191280.000000  0.724  0.02  5.88162  0
191340.000000  0.731  0.02  5.4129  0
191400.000000  0.755  0.02  5.4129  0
191460.000000  0.818  0.02  5.4129  0
191520.000000  0.857  0.02  5.64456  0
191580.000000  0.9  0.02  5.4129  0
191640.000000  0.932  0.02  5.56673  0
191700.000000  0.917  0.02  5.64456  0
191760.000000  0.887  0.02  5.72299  0
191820.000000  0.884  0.02  5.88162  0
191880.000000  0.847  0.02  5.80201  0
191940.000000  0.805  0.02  6.04254  0
192000.000000  0.76  0.02  6.62255  0
192060.000000  0.719  0.02  8.02662  0
192120.000000  0.673  0.02  8.8458  0
192180.000000  0.625  0.02  10.4864  0
192240.000000  0.577  0.02  10.9317  0
192300.000000  0.537  0.02  11.0197  0
192360.000000  0.492  0.02  10.9317  0
192420.000000  0.463  0.02  10.3965  0
192480.000000  0.433  0.02  10.3965  0
192540.000000  0.407  0.02  11.0197  0
192600.000000  0.385  0.02  10.4864  0
192660.000000  0.366  0.02  9.02901  0
192720.000000  0.346  0.02  9.30399  0
192780.000000  0.331  0.02  9.39561  0
192840.000000  0.315  0.02  9.39561  0
192900.000000  0.299  0.02  8.8458  0
192960.000000  0.285  0.02  9.02901  0
193020.000000  0.276  0.02  9.57871  0
193080.000000  0.264  0.02  9.4872  0
193140.000000  0.254  0.02  8.75429  0
193200.000000  0.244  0.02  7.84659  0
193260.000000  0.237  0.02  9.30399  0
193320.000000  0.231  0.02  9.76148  0
193380.000000  0.223  0.02  9.94378  0
193440.000000  0.215  0.02  11.7948  0
193500.000000  0.208  0.02  13.1461  0
193560.000000  0.204  0.02  13.8568  0
193620.000000  0.202  0.02  13.3664  0
193680.000000  0.199  0.02  12.531  0
193740.000000  0.197  0.02  12.61  0
193800.000000  0.194  0.02  10.9317  0
193860.000000  0.185  0.02  11.0197  0
193920.000000  0.181  0.02  10.8432  0
193980.000000  0.179  0.02  13.2202  0
194040.000000  0.176  0.02  12.4514  0
194100.000000  0.176  0.02  12.2092  0
194160.000000  0.175  0.02  11.6256  0
194220.000000  0.173  0.02  11.2818  0
194280.000000  0.172  0.02  10.6654  0
194340.000000  0.171  0.02  10.3965  0
194400.000000  0.169  0.02  10.0347  0
194460.000000  0.17  0.02  9.8527  0
194520.000000  0.169  0.02  9.39561  0
194580.000000  0.168  0.02  9.57871  0
194640.000000  0.166  0.02  9.39561  0
194700.000000  0.164  0.02  9.76148  0
194760.000000  0.163  0.02  9.76148  0
194820.000000  0.164  0.02  10.1255  0
194880.000000  0.163  0.02  10.576  0
194940.000000  0.16  0.02  10.8432  0
195000.000000  0.159  0.02  13.2936  0
195060.000000  0.152  0.02  13.7201  0
195120.000000  0.147  0.02  13.6507  0
195180.000000  0.142  0.02  13.8568  0
195240.000000  0.142  0.02  12.6884  0
195300.000000  0.143  0.02  12.045  0
195360.000000  0.143  0.02  11.0197  0
195420.000000  0.14  0.02  10.8432  0
195480.000000  0.138  0.02  10.0347  0
195540.000000  0.134  0.02  9.30399  0
195600.000000  0.131  0.02  8.75429  0
195660.000000  0.132  0.02  8.38922  0
195720.000000  0.132  0.02  8.29829  0
195780.000000  0.132  0.02  8.20754  0
195840.000000  0.136  0.02  8.11698  0
195900.000000  0.139  0.02  8.11698  0
195960.000000  0.142  0.02  7.93649  0
196020.000000  0.147  0.02  7.84659  0
196080.000000  0.151  0.02  7.75696  0
196140.000000  0.155  0.02  7.75696  0
196200.000000  0.161  0.02  8.02662  0
196260.000000  0.161  0.02  8.29829  0
196320.000000  0.162  0.02  8.93739  0
196380.000000  0.165  0.02  9.8527  0
196440.000000  0.165  0.02  9.67015  0
196500.000000  0.172  0.02  9.4872  0
196560.000000  0.177  0.02  9.57871  0
196620.000000  0.173  0.02  8.20754  0
196680.000000  0.169  0.02  8.66285  0
196740.000000  0.166  0.02  8.8458  0
196800.000000  0.162  0.02  8.4803  0
196860.000000  0.166  0.02  8.38922  0
196920.000000  0.17  0.02  8.20754  0
196980.000000  0.175  0.02  8.66285  0
197040.000000  0.181  0.02  8.20754  0
197100.000000  0.176  0.02  7.57854  0
197160.000000  0.13  0.02  6.20566  0
197220.000000  0.094  0.02  5.56673  0
197280.000000  0.074  0.02  5.4895  0
197340.000000  0.081  0.02  5.88162  0
197400.000000  0.09  0.02  6.12383  0
197460.000000  0.098  0.02  6.53819  0
197520.000000  0.105  0.02  6.20566  0
197580.000000  0.112  0.02  6.53819  0
197640.000000  0.122  0.02  7.13815  0
197700.000000  0.134  0.02  7.48978  0
197760.000000  0.147  0.02  7.84659  0
197820.000000  0.162  0.02  7.93649  0
197880.000000  0.174  0.02  7.84659  0
197940.000000  0.185  0.02  9.21233  0
198000.000000  0.19  0.02  9.21233  0
198060.000000  0.207  0.02  9.12067  0
198120.000000  0.221  0.02  9.12067  0
198180.000000  0.23  0.02  7.75696  0
198240.000000  0.242  0.02  8.93739  0
198300.000000  0.241  0.02  7.05117  0
198360.000000  0.244  0.02  7.31326  0
198420.000000  0.248  0.02  7.84659  0
198480.000000  0.25  0.02  8.02662  0
198540.000000  0.262  0.02  8.4803  0
198600.000000  0.315  0.02  9.30399  0
198660.000000  0.355  0.02  9.12067  0
198720.000000  0.379  0.02  9.67015  0
198780.000000  0.372  0.02  9.39561  0
198840.000000  0.365  0.02  9.30399  0
198900.000000  0.36  0.02  9.30399  0
198960.000000  0.355  0.02  8.8458  0
199020.000000  0.351  0.02  8.8458  0
199080.000000  0.345  0.02  8.20754  0
199140.000000  0.335  0.02  8.66285  0
199200.000000  0.299  0.02  6.28803  0
199260.000000  0.274  0.02  7.22552  0
199320.000000  0.265  0.02  8.02662  0
199380.000000  0.256  0.02  7.13815  0
199440.000000  0.26  0.02  7.66761  0
199500.000000  0.252  0.02  8.29829  0
199560.000000  0.255  0.02  8.20754  0
199620.000000  0.253  0.02  7.57854  0
199680.000000  0.253  0.02  8.02662  0
199740.000000  0.26  0.02  8.8458  0
199800.000000  0.265  0.02  9.21233  0
199860.000000  0.27  0.02  8.38922  0
199920.000000  0.273  0.02  8.20754  0
199980.000000  0.275  0.02  8.02662  0
200040.000000  0.276  0.02  8.02662  0
200100.000000  0.279  0.02  8.11698  0
200160.000000  0.28  0.02  8.29829  0
200220.000000  0.283  0.02  8.20754  0
200280.000000  0.287  0.02  9.30399  0
200340.000000  0.29  0.02  8.29829  0
200400.000000  0.292  0.02  7.40135  0
200460.000000  0.295  0.02  6.62255  0
200520.000000  0.295  0.02  6.37091  0
200580.000000  0.298  0.02  7.13815  0
200640.000000  0.325  0.02  7.13815  0
200700.000000  0.334  0.02  7.22552  0
200760.000000  0.302  0.02  6.79269  0
200820.000000  0.276  0.02  7.31326  0
200880.000000  0.278  0.02  8.38922  0
200940.000000  0.267  0.02  6.96459  0
201000.000000  0.249  0.02  7.31326  0
201060.000000  0.259  0.02  8.57152  0
201120.000000  0.265  0.02  8.11698  0
201180.000000  0.258  0.02  6.04254  0
201240.000000  0.258  0.02  6.4543  0
201300.000000  0.258  0.02  5.96179  0
201360.000000  0.258  0.02  5.64456  0
201420.000000  0.261  0.02  6.12383  0
201480.000000  0.266  0.02  6.28803  0
201540.000000  0.234  0.02  5.33692  0
201600.000000  0.229  0.02  5.26157  0
201660.000000  0.234  0.02  5.72299  0
201720.000000  0.228  0.02  5.56673  0
201780.000000  0.213  0.02  5.33692  0
201840.000000  0.214  0.02  5.4129  0
201900.000000  0.211  0.02  5.33692  0
201960.000000  0.215  0.02  5.18686  0
202020.000000  0.219  0.02  5.4129  0
202080.000000  0.236  0.02  6.04254  0
202140.000000  0.257  0.02  7.22552  0
202200.000000  0.306  0.02  8.02662  0
202260.000000  0.346  0.02  9.02901  0
202320.000000  0.357  0.02  8.29829  0
202380.000000  0.381  0.02  7.05117  0
202440.000000  0.409  0.02  8.4803  0
202500.000000  0.415  0.02  8.8458  0
202560.000000  0.423  0.02  8.57152  0
202620.000000  0.437  0.02  7.31326  0
202680.000000  0.444  0.02  7.48978  0
202740.000000  0.449  0.02  6.79269  0
202800.000000  0.456  0.02  6.53819  0
202860.000000  0.458  0.02  5.96179  0
202920.000000  0.46  0.02  6.20566  0
202980.000000  0.496  0.02  6.04254  0
203040.000000  0.503  0.02  5.96179  0
203100.000000  0.5  0.02  6.04254  0
203160.000000  0.51  0.02  6.53819  0
203220.000000  0.527  0.02  6.28803  0
203280.000000  0.53  0.02  7.31326  0
203340.000000  0.535  0.02  7.48978  0
203400.000000  0.534  0.02  7.84659  0
203460.000000  0.534  0.02  8.66285  0
203520.000000  0.52  0.02  9.4872  0
203580.000000  0.511  0.02  10.4864  0
203640.000000  0.501  0.02  14.1864  0
203700.000000  0.492  0.02  14.3758  0
203760.000000  0.477  0.02  14.8497  0
203820.000000  0.469  0.02  14.6773  0
203880.000000  0.453  0.02  14.1219  0
203940.000000  0.436  0.02  12.61  0
204000.000000  0.422  0.02  12.7663  0
204060.000000  0.411  0.02  13.3664  0
204120.000000  0.398  0.02  12.2092  0
204180.000000  0.386  0.02  11.0197  0
204240.000000  0.375  0.02  9.67015  0
204300.000000  0.359  0.02  9.02901  0
204360.000000  0.274  0.02  8.57152  0
204420.000000  0.252  0.02  7.75696  0
204480.000000  0.253  0.02  7.13815  0
204540.000000  0.259  0.02  6.53819  0
204600.000000  0.262  0.02  6.70739  0
204660.000000  0.267  0.02  7.13815  0
204720.000000  0.274  0.02  7.13815  0
204780.000000  0.281  0.02  6.87842  0
204840.000000  0.287  0.02  6.62255  0
204900.000000  0.296  0.02  7.13815  0
204960.000000  0.305  0.02  7.48978  0
205020.000000  0.313  0.02  7.66761  0
205080.000000  0.315  0.02  7.57854  0
205140.000000  0.32  0.02  8.4803  0
205200.000000  0.325  0.02  9.12067  0
205260.000000  0.329  0.02  10.3965  0
205320.000000  0.333  0.02  10.6654  0
205380.000000  0.342  0.02  10.576  0
205440.000000  0.345  0.02  11.1948  0
205500.000000  0.349  0.02  10.576  0
205560.000000  0.354  0.02  8.8458  0
205620.000000  0.362  0.02  7.66761  0
205680.000000  0.366  0.02  6.96459  0
205740.000000  0.376  0.02  6.4543  0
205800.000000  0.454  0.02  6.28803  0
205860.000000  0.469  0.02  6.04254  0
205920.000000  0.466  0.02  6.20566  0
205980.000000  0.459  0.02  6.70739  0
206040.000000  0.453  0.02  6.70739  0
206100.000000  0.446  0.02  7.57854  0
206160.000000  0.438  0.02  8.29829  0
206220.000000  0.428  0.02  7.84659  0
206280.000000  0.423  0.02  8.93739  0
206340.000000  0.411  0.02  9.30399  0
206400.000000  0.406  0.02  9.67015  0
206460.000000  0.397  0.02  11.1948  0
206520.000000  0.39  0.02  12.045  0
206580.000000  0.381  0.02  12.2092  0
206640.000000  0.375  0.02  12.9201  0
206700.000000  0.371  0.02  12.045  0
206760.000000  0.367  0.02  12.8435  0
206820.000000  0.358  0.02  12.2092  0
206880.000000  0.354  0.02  12.3712  0
206940.000000  0.349  0.02  13.2936  0
207000.000000  0.342  0.02  13.5099  0
207060.000000  0.307  0.02  7.13815  0
207120.000000  0.271  0.02  6.87842  0
207180.000000  0.271  0.02  6.79269  0
207240.000000  0.273  0.02  8.20754  0
207300.000000  0.273  0.02  9.12067  0
207360.000000  0.273  0.02  8.75429  0
207420.000000  0.27  0.02  8.29829  0
207480.000000  0.268  0.02  8.29829  0
207540.000000  0.265  0.02  7.22552  0
207600.000000  0.263  0.02  7.31326  0
207660.000000  0.264  0.02  6.37091  0
207720.000000  0.263  0.02  7.13815  0
207780.000000  0.267  0.02  7.05117  0
207840.000000  0.266  0.02  7.31326  0
207900.000000  0.266  0.02  8.8458  0
207960.000000  0.266  0.02  10.4864  0
208020.000000  0.266  0.02  11.0197  0
208080.000000  0.266  0.02  10.4864  0
208140.000000  0.265  0.02  8.93739  0
208200.000000  0.263  0.02  7.13815  0
208260.000000  0.265  0.02  9.39561  0
208320.000000  0.267  0.02  8.75429  0
208380.000000  0.269  0.02  8.11698  0
208440.000000  0.272  0.02  7.57854  0
208500.000000  0.299  0.02  7.40135  0
208560.000000  0.33  0.02  6.87842  0
208620.000000  0.323  0.02  6.87842  0
208680.000000  0.24  0.02  6.04254  0
208740.000000  0.21  0.02  5.80201  0
208800.000000  0.211  0.02  5.33692  0
208860.000000  0.22  0.02  5.4129  0
208920.000000  0.225  0.02  5.03938  0
208980.000000  0.233  0.02  4.75237  0
209040.000000  0.243  0.02  4.34226  0
209100.000000  0.249  0.02  4.40889  0
209160.000000  0.259  0.02  4.54422  0
209220.000000  0.264  0.02  5.33692  0
209280.000000  0.27  0.02  5.88162  0
209340.000000  0.281  0.02  7.31326  0
209400.000000  0.29  0.02  7.40135  0
209460.000000  0.293  0.02  7.22552  0
209520.000000  0.305  0.02  8.57152  0
209580.000000  0.317  0.02  8.93739  0
209640.000000  0.327  0.02  8.29829  0
209700.000000  0.335  0.02  9.57871  0
209760.000000  0.338  0.02  9.94378  0
209820.000000  0.344  0.02  8.29829  0
209880.000000  0.349  0.02  7.31326  0
209940.000000  0.34  0.02  6.62255  0
210000.000000  0.346  0.02  5.88162  0
210060.000000  0.354  0.02  5.18686  0
210120.000000  0.432  0.02  5.80201  0
210180.000000  0.463  0.02  6.53819  0
210240.000000  0.461  0.02  6.28803  0
210300.000000  0.452  0.02  6.12383  0
210360.000000  0.445  0.02  5.96179  0
210420.000000  0.436  0.02  5.80201  0
210480.000000  0.427  0.02  5.4129  0
210540.000000  0.415  0.02  5.33692  0
210600.000000  0.402  0.02  5.88162  0
210660.000000  0.391  0.02  6.96459  0
210720.000000  0.383  0.02  8.4803  0
210780.000000  0.362  0.02  6.37091  0
210840.000000  0.33  0.02  5.64456  0
210900.000000  0.317  0.02  6.28803  0
210960.000000  0.3  0.02  6.4543  0
211020.000000  0.277  0.02  6.37091  0
211080.000000  0.247  0.02  5.88162  0
211140.000000  0.223  0.02  5.88162  0
211200.000000  0.222  0.02  6.37091  0
211260.000000  0.215  0.02  5.72299  0
211320.000000  0.207  0.02  5.64456  0
211380.000000  0.203  0.02  5.1128  0
211440.000000  0.211  0.02  5.4895  0
211500.000000  0.221  0.02  5.80201  0
211560.000000  0.231  0.02  5.4895  0
211620.000000  0.244  0.02  4.89454  0
211680.000000  0.249  0.02  4.89454  0
211740.000000  0.264  0.02  4.75237  0
211800.000000  0.28  0.02  5.4895  0
211860.000000  0.297  0.02  5.80201  0
211920.000000  0.315  0.02  5.96179  0
211980.000000  0.325  0.02  5.4895  0
212040.000000  0.328  0.02  6.53819  0
212100.000000  0.302  0.02  5.72299  0
212160.000000  0.294  0.02  5.33692  0
212220.000000  0.315  0.02  5.96179  0
212280.000000  0.35  0.02  6.70739  0
212340.000000  0.368  0.02  6.20566  0
212400.000000  0.38  0.02  6.12383  0
212460.000000  0.389  0.02  5.4129  0
212520.000000  0.393  0.02  5.4129  0
212580.000000  0.415  0.02  5.4895  0
212640.000000  0.428  0.02  6.04254  0
212700.000000  0.448  0.02  6.04254  0
212760.000000  0.473  0.02  6.20566  0
212820.000000  0.513  0.02  6.12383  0
212880.000000  0.527  0.02  5.72299  0
212940.000000  0.537  0.02  6.20566  0
213000.000000  0.551  0.02  6.37091  0
213060.000000  0.56  0.02  5.4895  0
213120.000000  0.58  0.02  5.64456  0
213180.000000  0.589  0.02  5.26157  0
213240.000000  0.595  0.02  5.4129  0
213300.000000  0.6  0.02  5.18686  0
213360.000000  0.603  0.02  4.54422  0
213420.000000  0.617  0.02  4.47621  0
213480.000000  0.636  0.02  4.47621  0
213540.000000  0.679  0.02  5.33692  0
213600.000000  0.701  0.02  7.84659  0
213660.000000  0.699  0.02  9.21233  0
213720.000000  0.694  0.02  8.75429  0
213780.000000  0.693  0.02  9.76148  0
213840.000000  0.695  0.02  9.4872  0
213900.000000  0.708  0.02  8.8458  0
213960.000000  0.728  0.02  7.22552  0
214020.000000  0.721  0.02  7.40135  0
214080.000000  0.7  0.02  6.87842  0
214140.000000  0.677  0.02  6.96459  0
214200.000000  0.663  0.02  7.40135  0
214260.000000  0.64  0.02  7.40135  0
214320.000000  0.622  0.02  11.0197  0
214380.000000  0.604  0.02  12.045  0
214440.000000  0.585  0.02  12.61  0
214500.000000  0.565  0.02  12.2905  0
214560.000000  0.544  0.02  12.2092  0
214620.000000  0.525  0.02  11.7104  0
214680.000000  0.507  0.02  12.531  0
214740.000000  0.487  0.02  12.4514  0
214800.000000  0.467  0.02  12.2092  0
214860.000000  0.445  0.02  11.6256  0
214920.000000  0.422  0.02  12.045  0
214980.000000  0.406  0.02  11.8787  0
215040.000000  0.39  0.02  11.5403  0
215100.000000  0.378  0.02  10.9317  0
215160.000000  0.368  0.02  10.216  0
215220.000000  0.364  0.02  10.576  0
215280.000000  0.361  0.02  10.9317  0
215340.000000  0.353  0.02  12.1273  0
215400.000000  0.359  0.02  12.2905  0
215460.000000  0.364  0.02  12.2092  0
215520.000000  0.374  0.02  11.7948  0
215580.000000  0.383  0.02  11.6256  0
215640.000000  0.38  0.02  11.2818  0
215700.000000  0.381  0.02  10.6654  0
215760.000000  0.378  0.02  11.7948  0
215820.000000  0.377  0.02  11.4546  0
215880.000000  0.376  0.02  11.7948  0
215940.000000  0.376  0.02  11.3684  0
216000.000000  0.374  0.02  12.045  0
216060.000000  0.372  0.02  11.7948  0
216120.000000  0.372  0.02  11.1948  0
216180.000000  0.374  0.02  11.4546  0
216240.000000  0.375  0.02  12.045  0
216300.000000  0.377  0.02  12.61  0
216360.000000  0.379  0.02  13.0714  0
216420.000000  0.377  0.02  13.4385  0
216480.000000  0.376  0.02  14.4375  0
216540.000000  0.375  0.02  14.8497  0
216600.000000  0.375  0.02  13.6507  0
216660.000000  0.364  0.02  9.94378  0
216720.000000  0.359  0.02  12.7663  0
216780.000000  0.356  0.02  11.9621  0
216840.000000  0.349  0.02  10.4864  0
216900.000000  0.309  0.02  9.21233  0
216960.000000  0.262  0.02  8.8458  0
217020.000000  0.259  0.02  8.8458  0
217080.000000  0.261  0.02  8.66285  0
217140.000000  0.264  0.02  8.29829  0
217200.000000  0.192  0.02  7.93649  0
217260.000000  0.192  0.02  7.75696  0
217320.000000  0.204  0.02  6.87842  0
217380.000000  0.216  0.02  6.12383  0
217440.000000  0.228  0.02  5.72299  0
217500.000000  0.241  0.02  5.64456  0
217560.000000  0.255  0.02  5.4895  0
217620.000000  0.267  0.02  5.4129  0
217680.000000  0.28  0.02  5.56673  0
217740.000000  0.292  0.02  5.80201  0
217800.000000  0.305  0.02  5.88162  0
217860.000000  0.32  0.02  5.96179  0
217920.000000  0.328  0.02  6.20566  0
217980.000000  0.341  0.02  6.79269  0
218040.000000  0.349  0.02  7.57854  0
218100.000000  0.363  0.02  7.48978  0
218160.000000  0.369  0.02  10.576  0
218220.000000  0.374  0.02  8.4803  0
218280.000000  0.377  0.02  7.66761  0
218340.000000  0.418  0.02  8.11698  0
218400.000000  0.456  0.02  6.62255  0
218460.000000  0.445  0.02  6.37091  0
218520.000000  0.427  0.02  6.37091  0
218580.000000  0.405  0.02  6.12383  0
218640.000000  0.479  0.02  5.80201  0
218700.000000  0.476  0.02  5.4129  0
218760.000000  0.47  0.02  5.18686  0
218820.000000  0.457  0.02  4.89454  0
218880.000000  0.434  0.02  4.96663  0
218940.000000  0.424  0.02  5.03938  0
219000.000000  0.421  0.02  4.89454  0
219060.000000  0.421  0.02  4.75237  0
219120.000000  0.43  0.02  4.82312  0
219180.000000  0.437  0.02  4.89454  0
219240.000000  0.448  0.02  5.03938  0
219300.000000  0.453  0.02  5.1128  0
219360.000000  0.466  0.02  5.56673  0
219420.000000  0.473  0.02  6.37091  0
219480.000000  0.486  0.02  7.31326  0
219540.000000  0.498  0.02  7.75696  0
219600.000000  0.508  0.02  8.20754  0
219660.000000  0.519  0.02  8.75429  0
219720.000000  0.531  0.02  8.57152  0
219780.000000  0.538  0.02  7.93649  0
219840.000000  0.552  0.02  7.31326  0
219900.000000  0.569  0.02  7.31326  0
219960.000000  0.59  0.02  7.22552  0
220020.000000  0.611  0.02  6.87842  0
220080.000000  0.613  0.02  6.20566  0
220140.000000  0.618  0.02  5.03938  0
220200.000000  0.613  0.02  4.75237  0
220260.000000  0.615  0.02  4.82312  0
220320.000000  0.63  0.02  5.26157  0
220380.000000  0.631  0.02  5.33692  0
220440.000000  0.624  0.02  5.26157  0
220500.000000  0.615  0.02  5.18686  0
220560.000000  0.597  0.02  5.33692  0
220620.000000  0.58  0.02  4.89454  0
220680.000000  0.56  0.02  4.96663  0
220740.000000  0.543  0.02  6.4543  0
220800.000000  0.524  0.02  7.13815  0
220860.000000  0.508  0.02  8.29829  0
220920.000000  0.491  0.02  10.216  0
220980.000000  0.474  0.02  10.576  0
221040.000000  0.461  0.02  11.1948  0
221100.000000  0.449  0.02  11.7948  0
221160.000000  0.438  0.02  12.2092  0
221220.000000  0.429  0.02  12.6884  0
221280.000000  0.421  0.02  12.7663  0
221340.000000  0.42  0.02  12.045  0
221400.000000  0.418  0.02  8.93739  0
221460.000000  0.415  0.02  8.11698  0
221520.000000  0.411  0.02  7.13815  0
221580.000000  0.409  0.02  6.53819  0
221640.000000  0.407  0.02  6.12383  0
221700.000000  0.405  0.02  5.88162  0
221760.000000  0.402  0.02  5.96179  0
221820.000000  0.398  0.02  5.4895  0
221880.000000  0.392  0.02  5.33692  0
221940.000000  0.387  0.02  5.33692  0
222000.000000  0.387  0.02  5.26157  0
222060.000000  0.383  0.02  5.26157  0
222120.000000  0.381  0.02  5.18686  0
222180.000000  0.38  0.02  6.87842  0
222240.000000  0.38  0.02  7.13815  0
222300.000000  0.379  0.02  8.8458  0
222360.000000  0.38  0.02  10.3965  0
222420.000000  0.382  0.02  11.3684  0
222480.000000  0.383  0.02  12.531  0
222540.000000  0.381  0.02  12.1273  0
222600.000000  0.379  0.02  12.045  0
222660.000000  0.381  0.02  12.3712  0
222720.000000  0.38  0.02  11.5403  0
222780.000000  0.375  0.02  10.576  0
222840.000000  0.371  0.02  8.57152  0
222900.000000  0.371  0.02  7.13815  0
222960.000000  0.371  0.02  6.70739  0
223020.000000  0.37  0.02  6.04254  0
223080.000000  0.37  0.02  6.04254  0
223140.000000  0.37  0.02  5.80201  0
223200.000000  0.37  0.02  5.80201  0
223260.000000  0.37  0.02  5.80201  0
223320.000000  0.37  0.02  6.20566  0
223380.000000  0.371  0.02  6.37091  0
223440.000000  0.368  0.02  6.79269  0
223500.000000  0.367  0.02  7.40135  0
223560.000000  0.365  0.02  7.57854  0
223620.000000  0.363  0.02  10.0347  0
223680.000000  0.358  0.02  8.75429  0
223740.000000  0.352  0.02  9.12067  0
223800.000000  0.349  0.02  10.3064  0
223860.000000  0.345  0.02  10.3965  0
223920.000000  0.338  0.02  10.6654  0
223980.000000  0.336  0.02  11.1948  0
224040.000000  0.334  0.02  12.6884  0
224100.000000  0.331  0.02  11.6256  0
224160.000000  0.327  0.02  11.7104  0
224220.000000  0.326  0.02  11.7104  0
224280.000000  0.325  0.02  11.4546  0
224340.000000  0.322  0.02  9.67015  0
224400.000000  0.32  0.02  8.57152  0
224460.000000  0.318  0.02  7.66761  0
224520.000000  0.317  0.02  7.40135  0
224580.000000  0.315  0.02  7.22552  0
224640.000000  0.313  0.02  7.57854  0
224700.000000  0.312  0.02  7.57854  0
224760.000000  0.313  0.02  7.48978  0
224820.000000  0.304  0.02  7.40135  0
224880.000000  0.301  0.02  7.31326  0
224940.000000  0.294  0.02  7.31326  0
225000.000000  0.29  0.02  7.31326  0
225060.000000  0.29  0.02  7.57854  0
225120.000000  0.291  0.02  7.84659  0
225180.000000  0.293  0.02  8.11698  0
225240.000000  0.291  0.02  8.4803  0
225300.000000  0.29  0.02  8.75429  0
225360.000000  0.289  0.02  8.8458  0
225420.000000  0.276  0.02  8.93739  0
225480.000000  0.27  0.02  9.39561  0
225540.000000  0.267  0.02  10.1255  0
225600.000000  0.269  0.02  10.0347  0
225660.000000  0.268  0.02  9.4872  0
225720.000000  0.269  0.02  9.67015  0
225780.000000  0.269  0.02  9.12067  0
225840.000000  0.269  0.02  8.93739  0
225900.000000  0.27  0.02  8.8458  0
225960.000000  0.271  0.02  8.66285  0
226020.000000  0.272  0.02  8.57152  0
226080.000000  0.273  0.02  8.38922  0
226140.000000  0.275  0.02  8.29829  0
226200.000000  0.275  0.02  8.38922  0
226260.000000  0.285  0.02  8.29829  0
226320.000000  0.287  0.02  8.11698  0
226380.000000  0.293  0.02  7.93649  0
226440.000000  0.298  0.02  7.93649  0
226500.000000  0.298  0.02  8.02662  0
226560.000000  0.301  0.02  8.29829  0
226620.000000  0.303  0.02  8.4803  0
226680.000000  0.305  0.02  9.57871  0
226740.000000  0.305  0.02  10.4864  0
226800.000000  0.31  0.02  11.7104  0
226860.000000  0.324  0.02  12.3712  0
226920.000000  0.331  0.02  11.6256  0
226980.000000  0.335  0.02  12.3712  0
227040.000000  0.335  0.02  12.7663  0
227100.000000  0.334  0.02  11.7948  0
227160.000000  0.334  0.02  11.1948  0
227220.000000  0.334  0.02  10.3064  0
227280.000000  0.335  0.02  9.57871  0
227340.000000  0.335  0.02  9.02901  0
227400.000000  0.334  0.02  8.93739  0
227460.000000  0.334  0.02  8.75429  0
227520.000000  0.333  0.02  8.57152  0
227580.000000  0.33  0.02  8.29829  0
227640.000000  0.326  0.02  8.29829  0
227700.000000  0.322  0.02  8.11698  0
227760.000000  0.321  0.02  7.93649  0
227820.000000  0.32  0.02  7.57854  0
227880.000000  0.318  0.02  7.57854  0
227940.000000  0.317  0.02  7.84659  0
228000.000000  0.314  0.02  8.29829  0
228060.000000  0.312  0.02  9.94378  0
228120.000000  0.311  0.02  12.2092  0
228180.000000  0.312  0.02  14.3134  0
228240.000000  0.311  0.02  15.2277  0
228300.000000  0.309  0.02  16.0093  0
228360.000000  0.308  0.02  15.6648  0
228420.000000  0.307  0.02  14.7354  0
228480.000000  0.306  0.02  14.4985  0
228540.000000  0.307  0.02  13.9907  0
228600.000000  0.307  0.02  12.61  0
228660.000000  0.307  0.02  12.045  0
228720.000000  0.306  0.02  11.1948  0
228780.000000  0.304  0.02  11.1075  0
228840.000000  0.304  0.02  11.1075  0
228900.000000  0.302  0.02  10.6654  0
228960.000000  0.301  0.02  10.6654  0
229020.000000  0.299  0.02  10.1255  0
229080.000000  0.299  0.02  9.94378  0
229140.000000  0.299  0.02  9.67015  0
229200.000000  0.299  0.02  9.94378  0
229260.000000  0.299  0.02  9.39561  0
229320.000000  0.299  0.02  9.30399  0
229380.000000  0.3  0.02  10.1255  0
229440.000000  0.301  0.02  12.045  0
229500.000000  0.301  0.02  13.0714  0
229560.000000  0.3  0.02  14.6773  0
229620.000000  0.299  0.02  14.7929  0
229680.000000  0.297  0.02  15.842  0
229740.000000  0.299  0.02  16.0093  0
229800.000000  0.297  0.02  16.2421  0
229860.000000  0.297  0.02  15.9684  0
229920.000000  0.297  0.02  15.9684  0
229980.000000  0.294  0.02  14.9058  0
230040.000000  0.293  0.02  13.4385  0
230100.000000  0.291  0.02  12.61  0
230160.000000  0.292  0.02  11.6256  0
230220.000000  0.292  0.02  10.3064  0
230280.000000  0.291  0.02  9.76148  0
230340.000000  0.29  0.02  9.39561  0
230400.000000  0.289  0.02  9.4872  0
230460.000000  0.289  0.02  9.02901  0
230520.000000  0.287  0.02  8.57152  0
230580.000000  0.286  0.02  8.66285  0
230640.000000  0.286  0.02  8.75429  0
230700.000000  0.286  0.02  9.12067  0
230760.000000  0.286  0.02  9.76148  0
230820.000000  0.285  0.02  10.1255  0
230880.000000  0.283  0.02  12.2905  0
230940.000000  0.283  0.02  13.2202  0
231000.000000  0.281  0.02  14.5588  0
231060.000000  0.28  0.02  14.9058  0
231120.000000  0.279  0.02  15.1758  0
231180.000000  0.277  0.02  15.2277  0
231240.000000  0.275  0.02  15.0158  0
231300.000000  0.272  0.02  15.0158  0
231360.000000  0.27  0.02  13.3664  0
231420.000000  0.254  0.02  10.8432  0
231480.000000  0.232  0.02  10.6654  0
231540.000000  0.216  0.02  10.4864  0
231600.000000  0.205  0.02  10.3965  0
231660.000000  0.204  0.02  10.3064  0
231720.000000  0.201  0.02  10.3064  0
231780.000000  0.197  0.02  10.576  0
231840.000000  0.196  0.02  10.576  0
231900.000000  0.196  0.02  10.3965  0
231960.000000  0.192  0.02  10.3064  0
232020.000000  0.18  0.02  10.216  0
232080.000000  0.154  0.02  10.1255  0
232140.000000  0.11  0.02  9.39561  0
232200.000000  0.089  0.02  8.8458  0
232260.000000  0.089  0.02  8.66285  0
232320.000000  0.073  0.02  8.38922  0
232380.000000  0.046  0.02  7.84659  0
232440.000000  0.024  0.02  7.40135  0
232500.000000  0  0.02  6.96459  0
232560.000000  0  0.02  6.53819  0
232620.000000  0  0.02  6.37091  0
232680.000000  0  0.02  6.37091  0
232740.000000  0  0.02  6.37091  0
232800.000000  0  0.02  6.20566  0
232860.000000  0  0.02  5.64456  0
232920.000000  0  0.02  5.33692  0
232980.000000  0  0.02  4.89454  0
233040.000000  0  0.02  4.6823  0
233100.000000  0  0.02  4.47621  0
233160.000000  0  0.02  4.08276  0
233220.000000  0  0.02  4.01964  0
233280.000000  0  0.02  3.89552  0
233340.000000  0  0.02  3.83452  0
233400.000000  0  0.02  3.77422  0
233460.000000  0  0.02  3.77422  0
233520.000000  0  0.02  3.59756  0
233580.000000  0.016  0.02  3.37184  0
233640.000000  0.042  0.02  3.26316  0
233700.000000  0.047  0.02  3.37184  0
233760.000000  0.067  0.02  4.27634  0
233820.000000  0.096  0.02  4.40889  0
233880.000000  0.123  0.02  5.88162  0
233940.000000  0.156  0.02  6.37091  0
234000.000000  0.198  0.02  7.93649  0
234060.000000  0.217  0.02  8.4803  0
234120.000000  0.241  0.02  8.4803  0
234180.000000  0.261  0.02  7.84659  0
234240.000000  0.281  0.02  7.31326  0
234300.000000  0.298  0.02  6.53819  0
234360.000000  0.308  0.02  6.37091  0
234420.000000  0.321  0.02  5.88162  0
234480.000000  0.322  0.02  5.72299  0
234540.000000  0.331  0.02  5.18686  0
234600.000000  0.324  0.02  5.1128  0
234660.000000  0.323  0.02  4.89454  0
234720.000000  0.319  0.02  4.96663  0
234780.000000  0.314  0.02  4.61292  0
234840.000000  0.308  0.02  4.61292  0
234900.000000  0.303  0.02  4.6823  0
234960.000000  0.297  0.02  4.14658  0
235020.000000  0.291  0.02  3.83452  0
235080.000000  0.285  0.02  3.54008  0
235140.000000  0.28  0.02  5.4129  0
235200.000000  0.276  0.02  7.40135  0
235260.000000  0.271  0.02  8.38922  0
235320.000000  0.268  0.02  6.53819  0
235380.000000  0.265  0.02  7.22552  0
235440.000000  0.264  0.02  8.02662  0
235500.000000  0.263  0.02  7.57854  0
235560.000000  0.262  0.02  8.02662  0
235620.000000  0.26  0.02  7.75696  0
235680.000000  0.257  0.02  8.02662  0
235740.000000  0.256  0.02  7.22552  0
235800.000000  0.254  0.02  7.75696  0
235860.000000  0.251  0.02  7.66761  0
235920.000000  0.252  0.02  7.66761  0
235980.000000  0.251  0.02  7.22552  0
236040.000000  0.251  0.02  5.56673  0
236100.000000  0.217  0.02  4.54422  0
236160.000000  0.207  0.02  4.01964  0
236220.000000  0.199  0.02  4.61292  0
236280.000000  0.186  0.02  4.40889  0
236340.000000  0.163  0.02  4.21111  0
236400.000000  0.164  0.02  4.6823  0
236460.000000  0.164  0.02  5.03938  0
236520.000000  0.155  0.02  4.75237  0
236580.000000  0.15  0.02  4.61292  0
236640.000000  0.119  0.02  4.01964  0
236700.000000  0.092  0.02  4.14658  0
236760.000000  0.033  0.02  3.95723  0
236820.000000  0  0.02  4.21111  0
236880.000000  0  0.02  4.27634  0
236940.000000  0  0.02  4.47621  0
237000.000000  0  0.02  4.21111  0
237060.000000  0  0.02  4.21111  0
237120.000000  0  0.02  3.4833  0
237180.000000  0  0.02  3.71463  0
237240.000000  0  0.02  3.37184  0
237300.000000  0  0.02  3.37184  0
237360.000000  0  0.02  3.10531  0
237420.000000  0  0.02  3.20986  0
237480.000000  0  0.02  3.10531  0
237540.000000  0  0.02  3.10531  0
237600.000000  0  0.02  3.15724  0
237660.000000  0  0.02  2.90439  0
237720.000000  0  0.02  3.10531  0
237780.000000  0  0.02  3.4833  0
237840.000000  0  0.02  3.4833  0
237900.000000  0  0.02  3.37184  0
237960.000000  0.003  0.02  3.59756  0
238020.000000  0.015  0.02  3.42722  0
238080.000000  0.049  0.02  3.37184  0
238140.000000  0.081  0.02  3.65574  0
238200.000000  0.142  0.02  4.21111  0
238260.000000  0.226  0.02  5.26157  0
238320.000000  0.281  0.02  4.61292  0
238380.000000  0.292  0.02  4.82312  0
238440.000000  0.301  0.02  4.82312  0
238500.000000  0.324  0.02  5.4129  0
238560.000000  0.342  0.02  5.33692  0
238620.000000  0.338  0.02  4.54422  0
238680.000000  0.348  0.02  3.59756  0
238740.000000  0.35  0.02  3.77422  0
238800.000000  0.351  0.02  4.01964  0
238860.000000  0.354  0.02  4.21111  0
238920.000000  0.359  0.02  3.77422  0
238980.000000  0.357  0.02  4.21111  0
239040.000000  0.355  0.02  3.59756  0
239100.000000  0.351  0.02  3.10531  0
239160.000000  0.349  0.02  3.37184  0
239220.000000  0.346  0.02  3.83452  0
239280.000000  0.341  0.02  3.95723  0
239340.000000  0.336  0.02  3.65574  0
239400.000000  0.332  0.02  3.65574  0
239460.000000  0.328  0.02  4.27634  0
239520.000000  0.329  0.02  4.47621  0
239580.000000  0.329  0.02  6.4543  0
239640.000000  0.332  0.02  6.96459  0
239700.000000  0.334  0.02  8.57152  0
239760.000000  0.333  0.02  8.93739  0
239820.000000  0.33  0.02  9.67015  0
239880.000000  0.326  0.02  9.57871  0
239940.000000  0.325  0.02  9.02901  0
240000.000000  0.325  0.02  8.4803  0
240060.000000  0.336  0.02  7.13815  0
240120.000000  0.335  0.02  6.62255  0
240180.000000  0.335  0.02  6.53819  0
240240.000000  0.334  0.02  5.88162  0
240300.000000  0.33  0.02  5.4129  0
240360.000000  0.328  0.02  5.4895  0
240420.000000  0.325  0.02  5.80201  0
240480.000000  0.324  0.02  7.05117  0
240540.000000  0.324  0.02  9.12067  0
240600.000000  0.321  0.02  7.84659  0
240660.000000  0.319  0.02  7.75696  0
240720.000000  0.318  0.02  9.94378  0
240780.000000  0.318  0.02  10.7545  0
240840.000000  0.319  0.02  10.9317  0
240900.000000  0.321  0.02  10.576  0
240960.000000  0.32  0.02  10.1255  0
241020.000000  0.318  0.02  11.6256  0
241080.000000  0.318  0.02  11.8787  0
241140.000000  0.316  0.02  12.2905  0
241200.000000  0.318  0.02  11.3684  0
241260.000000  0.32  0.02  9.4872  0
241320.000000  0.316  0.02  8.38922  0
241380.000000  0.26  0.02  8.02662  0
241440.000000  0.252  0.02  8.02662  0
241500.000000  0.252  0.02  7.75696  0
241560.000000  0.251  0.02  7.40135  0
241620.000000  0.252  0.02  7.13815  0
241680.000000  0.248  0.02  7.05117  0
241740.000000  0.228  0.02  6.96459  0
241800.000000  0.229  0.02  6.37091  0
241860.000000  0.231  0.02  5.96179  0
241920.000000  0.232  0.02  6.12383  0
241980.000000  0.235  0.02  5.72299  0
242040.000000  0.24  0.02  5.56673  0
242100.000000  0.245  0.02  5.56673  0
242160.000000  0.25  0.02  5.64456  0
242220.000000  0.255  0.02  4.96663  0
242280.000000  0.259  0.02  4.96663  0
242340.000000  0.261  0.02  4.96663  0
242400.000000  0.266  0.02  5.4895  0
242460.000000  0.271  0.02  8.29829  0
242520.000000  0.276  0.02  9.12067  0
242580.000000  0.281  0.02  9.4872  0
242640.000000  0.283  0.02  8.66285  0
242700.000000  0.284  0.02  7.22552  0
242760.000000  0.293  0.02  7.66761  0
242820.000000  0.353  0.02  7.31326  0
242880.000000  0.362  0.02  6.37091  0
242940.000000  0.362  0.02  6.62255  0
243000.000000  0.366  0.02  6.12383  0
243060.000000  0.366  0.02  5.80201  0
243120.000000  0.371  0.02  5.26157  0
243180.000000  0.393  0.02  4.89454  0
243240.000000  0.396  0.02  5.18686  0
243300.000000  0.398  0.02  5.26157  0
243360.000000  0.397  0.02  5.18686  0
243420.000000  0.397  0.02  5.18686  0
243480.000000  0.393  0.02  5.1128  0
243540.000000  0.391  0.02  5.1128  0
243600.000000  0.389  0.02  5.18686  0
243660.000000  0.387  0.02  5.26157  0
243720.000000  0.383  0.02  5.03938  0
243780.000000  0.382  0.02  5.18686  0
243840.000000  0.38  0.02  5.56673  0
243900.000000  0.378  0.02  6.4543  0
243960.000000  0.373  0.02  7.84659  0
244020.000000  0.368  0.02  8.29829  0
244080.000000  0.366  0.02  8.4803  0
244140.000000  0.364  0.02  10.3965  0
244200.000000  0.361  0.02  12.9201  0
244260.000000  0.359  0.02  12.6884  0
244320.000000  0.357  0.02  12.045  0
244380.000000  0.356  0.02  11.4546  0
244440.000000  0.355  0.02  11.2818  0
244500.000000  0.353  0.02  11.1075  0
244560.000000  0.352  0.02  10.6654  0
244620.000000  0.351  0.02  9.94378  0
244680.000000  0.35  0.02  9.12067  0
244740.000000  0.347  0.02  9.21233  0
244800.000000  0.348  0.02  8.8458  0
244860.000000  0.348  0.02  9.39561  0
244920.000000  0.351  0.02  11.1948  0
244980.000000  0.351  0.02  10.4864  0
245040.000000  0.35  0.02  8.75429  0
245100.000000  0.35  0.02  9.02901  0
245160.000000  0.352  0.02  9.67015  0
245220.000000  0.35  0.02  9.4872  0
245280.000000  0.348  0.02  9.94378  0
245340.000000  0.348  0.02  10.1255  0
245400.000000  0.347  0.02  11.6256  0
245460.000000  0.346  0.02  12.2905  0
245520.000000  0.345  0.02  13.2936  0
245580.000000  0.346  0.02  12.8435  0
245640.000000  0.347  0.02  13.4385  0
245700.000000  0.348  0.02  14.3134  0
245760.000000  0.351  0.02  13.9241  0
245820.000000  0.355  0.02  12.1273  0
245880.000000  0.359  0.02  10.4864  0
245940.000000  0.36  0.02  9.39561  0
246000.000000  0.361  0.02  8.66285  0
246060.000000  0.362  0.02  8.29829  0
246120.000000  0.364  0.02  8.02662  0
246180.000000  0.365  0.02  7.66761  0
246240.000000  0.364  0.02  7.57854  0
246300.000000  0.361  0.02  7.40135  0
246360.000000  0.358  0.02  7.22552  0
246420.000000  0.355  0.02  6.70739  0
246480.000000  0.352  0.02  6.79269  0
246540.000000  0.352  0.02  6.4543  0
246600.000000  0.351  0.02  6.62255  0
246660.000000  0.349  0.02  7.22552  0
246720.000000  0.349  0.02  8.66285  0
246780.000000  0.349  0.02  10.4864  0
246840.000000  0.351  0.02  11.5403  0
246900.000000  0.352  0.02  12.4514  0
246960.000000  0.353  0.02  11.9621  0
247020.000000  0.355  0.02  11.9621  0
247080.000000  0.36  0.02  12.2092  0
247140.000000  0.36  0.02  12.531  0
247200.000000  0.358  0.02  11.1948  0
247260.000000  0.355  0.02  9.94378  0
247320.000000  0.353  0.02  8.93739  0
247380.000000  0.354  0.02  8.02662  0
247440.000000  0.353  0.02  7.22552  0
247500.000000  0.35  0.02  6.79269  0
247560.000000  0.349  0.02  6.37091  0
247620.000000  0.347  0.02  5.80201  0
247680.000000  0.347  0.02  5.56673  0
247740.000000  0.346  0.02  5.26157  0
247800.000000  0.345  0.02  5.26157  0
247860.000000  0.346  0.02  4.75237  0
247920.000000  0.346  0.02  4.6823  0
247980.000000  0.344  0.02  5.18686  0
248040.000000  0.341  0.02  5.4895  0
248100.000000  0.34  0.02  5.72299  0
248160.000000  0.338  0.02  6.20566  0
248220.000000  0.335  0.02  6.37091  0
248280.000000  0.333  0.02  6.53819  0
248340.000000  0.331  0.02  6.62255  0
248400.000000  0.331  0.02  7.75696  0
248460.000000  0.329  0.02  9.57871  0
248520.000000  0.324  0.02  9.67015  0
248580.000000  0.322  0.02  9.57871  0
248640.000000  0.321  0.02  9.67015  0
248700.000000  0.32  0.02  8.57152  0
248760.000000  0.318  0.02  7.66761  0
248820.000000  0.317  0.02  7.40135  0
248880.000000  0.316  0.02  7.22552  0
248940.000000  0.316  0.02  6.96459  0
249000.000000  0.316  0.02  6.87842  0
249060.000000  0.317  0.02  6.53819  0
249120.000000  0.316  0.02  6.20566  0
249180.000000  0.318  0.02  6.28803  0
249240.000000  0.319  0.02  6.12383  0
249300.000000  0.32  0.02  6.04254  0
249360.000000  0.322  0.02  6.20566  0
249420.000000  0.325  0.02  6.20566  0
249480.000000  0.326  0.02  5.96179  0
249540.000000  0.328  0.02  5.72299  0
249600.000000  0.33  0.02  5.96179  0
249660.000000  0.331  0.02  6.04254  0
249720.000000  0.33  0.02  6.70739  0
249780.000000  0.33  0.02  6.79269  0
249840.000000  0.331  0.02  6.70739  0
249900.000000  0.331  0.02  7.22552  0
249960.000000  0.33  0.02  7.22552  0
250020.000000  0.328  0.02  7.22552  0
250080.000000  0.327  0.02  7.13815  0
250140.000000  0.328  0.02  6.96459  0
250200.000000  0.328  0.02  6.28803  0
250260.000000  0.328  0.02  5.64456  0
250320.000000  0.327  0.02  5.03938  0
250380.000000  0.326  0.02  4.61292  0
250440.000000  0.325  0.02  4.34226  0
250500.000000  0.323  0.02  3.83452  0
250560.000000  0.322  0.02  3.54008  0
250620.000000  0.32  0.02  3.54008  0
250680.000000  0.319  0.02  3.42722  0
250740.000000  0.318  0.02  3.71463  0
250800.000000  0.317  0.02  3.65574  0
250860.000000  0.316  0.02  3.54008  0
250920.000000  0.313  0.02  3.31715  0
250980.000000  0.311  0.02  3.59756  0
251040.000000  0.308  0.02  4.01964  0
251100.000000  0.304  0.02  4.96663  0
251160.000000  0.302  0.02  5.64456  0
251220.000000  0.299  0.02  5.88162  0
251280.000000  0.296  0.02  6.37091  0
251340.000000  0.292  0.02  6.4543  0
251400.000000  0.29  0.02  6.4543  0
251460.000000  0.29  0.02  6.20566  0
251520.000000  0.289  0.02  6.20566  0
251580.000000  0.286  0.02  5.72299  0
251640.000000  0.284  0.02  5.33692  0
251700.000000  0.282  0.02  5.03938  0
251760.000000  0.28  0.02  4.6823  0
251820.000000  0.278  0.02  4.47621  0
251880.000000  0.277  0.02  4.54422  0
251940.000000  0.276  0.02  4.34226  0
252000.000000  0.275  0.02  4.54422  0
252060.000000  0.266  0.02  4.40889  0
252120.000000  0.254  0.02  4.34226  0
252180.000000  0.248  0.02  4.14658  0
252240.000000  0.242  0.02  4.01964  0
252300.000000  0.238  0.02  3.95723  0
252360.000000  0.235  0.02  3.95723  0
252420.000000  0.227  0.02  4.01964  0
252480.000000  0.221  0.02  3.95723  0
252540.000000  0.216  0.02  4.01964  0
252600.000000  0.212  0.02  3.95723  0
252660.000000  0.211  0.02  3.95723  0
252720.000000  0.199  0.02  3.89552  0
252780.000000  0.19  0.02  3.83452  0
252840.000000  0.184  0.02  3.65574  0
252900.000000  0.177  0.02  3.77422  0
252960.000000  0.169  0.02  3.71463  0
253020.000000  0.154  0.02  3.54008  0
253080.000000  0.151  0.02  3.42722  0
253140.000000  0.146  0.02  3.20986  0
253200.000000  0.141  0.02  3.20986  0
253260.000000  0.13  0.02  3.05407  0
253320.000000  0.116  0.02  2.95361  0
253380.000000  0.105  0.02  2.95361  0
253440.000000  0.097  0.02  2.71415  0
253500.000000  0.095  0.02  2.62295  0
253560.000000  0.1  0.02  2.57832  0
253620.000000  0.101  0.02  2.57832  0
253680.000000  0.103  0.02  2.53432  0
253740.000000  0.103  0.02  2.53432  0
253800.000000  0.103  0.02  2.44822  0
253860.000000  0.11  0.02  2.49096  0
253920.000000  0.114  0.02  2.62295  0
253980.000000  0.118  0.02  2.80795  0
254040.000000  0.122  0.02  3.0035  0
254100.000000  0.123  0.02  4.01964  0
254160.000000  0.135  0.02  4.6823  0
254220.000000  0.145  0.02  4.21111  0
254280.000000  0.152  0.02  4.54422  0
254340.000000  0.158  0.02  4.40889  0
254400.000000  0.167  0.02  4.27634  0
254460.000000  0.184  0.02  4.27634  0
254520.000000  0.187  0.02  4.08276  0
254580.000000  0.193  0.02  3.83452  0
254640.000000  0.2  0.02  3.89552  0
254700.000000  0.21  0.02  3.95723  0
254760.000000  0.224  0.02  3.95723  0
254820.000000  0.235  0.02  3.95723  0
254880.000000  0.242  0.02  3.83452  0
254940.000000  0.249  0.02  3.77422  0
255000.000000  0.253  0.02  3.71463  0
255060.000000  0.254  0.02  3.71463  0
255120.000000  0.254  0.02  3.65574  0
255180.000000  0.254  0.02  3.65574  0
255240.000000  0.253  0.02  3.42722  0
255300.000000  0.253  0.02  3.42722  0
255360.000000  0.253  0.02  3.4833  0
255420.000000  0.253  0.02  3.37184  0
255480.000000  0.25  0.02  3.37184  0
255540.000000  0.247  0.02  3.10531  0
255600.000000  0.238  0.02  2.90439  0
255660.000000  0.227  0.02  2.76072  0
255720.000000  0.212  0.02  2.76072  0
255780.000000  0.192  0.02  2.85584  0
255840.000000  0.179  0.02  2.95361  0
255900.000000  0.168  0.02  2.71415  0
255960.000000  0.161  0.02  2.62295  0
256020.000000  0.16  0.02  2.44822  0
256080.000000  0.16  0.02  2.24376  0
256140.000000  0.161  0.02  2.24376  0
256200.000000  0.162  0.02  2.24376  0
256260.000000  0.158  0.02  2.36461  0
256320.000000  0.158  0.02  2.62295  0
256380.000000  0.16  0.02  2.95361  0
256440.000000  0.158  0.02  2.85584  0
256500.000000  0.161  0.02  3.05407  0
256560.000000  0.165  0.02  3.15724  0
256620.000000  0.168  0.02  3.10531  0
256680.000000  0.172  0.02  2.85584  0
256740.000000  0.177  0.02  3.05407  0
256800.000000  0.181  0.02  3.89552  0
256860.000000  0.183  0.02  3.83452  0
256920.000000  0.188  0.02  4.40889  0
256980.000000  0.192  0.02  6.28803  0
257040.000000  0.201  0.02  5.26157  0
257100.000000  0.212  0.02  5.96179  0
257160.000000  0.226  0.02  5.64456  0
257220.000000  0.246  0.02  5.33692  0
257280.000000  0.258  0.02  5.64456  0
257340.000000  0.269  0.02  4.21111  0
257400.000000  0.276  0.02  3.77422  0
257460.000000  0.278  0.02  3.77422  0
257520.000000  0.279  0.02  3.05407  0
257580.000000  0.276  0.02  3.26316  0
257640.000000  0.276  0.02  3.31715  0
257700.000000  0.274  0.02  3.31715  0
257760.000000  0.277  0.02  3.20986  0
257820.000000  0.277  0.02  3.10531  0
257880.000000  0.279  0.02  2.85584  0
257940.000000  0.272  0.02  2.71415  0
258000.000000  0.265  0.02  2.66823  0
258060.000000  0.264  0.02  2.71415  0
258120.000000  0.257  0.02  2.62295  0
258180.000000  0.254  0.02  2.53432  0
258240.000000  0.248  0.02  2.49096  0
258300.000000  0.246  0.02  2.66823  0
258360.000000  0.245  0.02  3.4833  0
258420.000000  0.245  0.02  4.21111  0
258480.000000  0.246  0.02  3.31715  0
258540.000000  0.242  0.02  3.95723  0
258600.000000  0.22  0.02  3.05407  0
258660.000000  0.211  0.02  2.95361  0
258720.000000  0.205  0.02  2.49096  0
258780.000000  0.202  0.02  2.20467  0
258840.000000  0.189  0.02  2.16617  0
258900.000000  0.159  0.02  1.9127  0
258960.000000  0.142  0.02  1.77993  0
259020.000000  0.143  0.02  1.94724  0
259080.000000  0.126  0.02  1.51088  0
259140.000000  0.133  0.02  1.59618  0
259200.000000  0.128  0.02  1.56727  0
259260.000000  0.123  0.02  1.71667  0
259320.000000  0.125  0.02  1.56727  0
259380.000000  0.132  0.02  2.12826  0
259440.000000  0.139  0.02  1.94724  0
259500.000000  0.139  0.02  2.20467  0
259560.000000  0.12  0.02  1.62556  0
259620.000000  0.098  0.02  1.56727  0
259680.000000  0.074  0.02  1.51088  0
259740.000000  0.06  0.02  1.87871  0
259800.000000  0.05  0.02  2.09092  0
259860.000000  0.028  0.02  2.24376  0
259920.000000  0.005  0.02  2.16617  0
259980.000000  0  0.02  2.44822  0
260040.000000  0.023  0.02  3.77422  0
260100.000000  0.028  0.02  2.44822  0
260160.000000  0.019  0.02  2.4061  0
260220.000000  0.012  0.02  2.28344  0
260280.000000  0.026  0.02  2.32372  0
260340.000000  0.058  0.02  2.12826  0
260400.000000  0.076  0.02  2.09092  0
260460.000000  0.066  0.02  1.84525  0
260520.000000  0.076  0.02  1.6858  0
260580.000000  0.077  0.02  1.6858  0
260640.000000  0.071  0.02  1.59618  0
260700.000000  0.07  0.02  1.6858  0
260760.000000  0.065  0.02  1.65544  0
260820.000000  0.061  0.02  1.9127  0
260880.000000  0.046  0.02  1.56727  0
260940.000000  0.045  0.02  1.81233  0
261000.000000  0.07  0.02  1.9127  0
261060.000000  0.092  0.02  1.87871  0
261120.000000  0.117  0.02  1.6858  0
261180.000000  0.115  0.02  1.81233  0
261240.000000  0.123  0.02  2.24376  0
261300.000000  0.145  0.02  2.24376  0
261360.000000  0.172  0.02  3.31715  0
261420.000000  0.185  0.02  3.20986  0
261480.000000  0.186  0.02  3.31715  0
261540.000000  0.192  0.02  3.20986  0
261600.000000  0.21  0.02  3.65574  0
261660.000000  0.223  0.02  3.15724  0
261720.000000  0.225  0.02  2.32372  0
261780.000000  0.225  0.02  1.94724  0
261840.000000  0.225  0.02  2.12826  0
261900.000000  0.24  0.02  2.44822  0
261960.000000  0.25  0.02  2.71415  0
262020.000000  0.252  0.02  2.53432  0
262080.000000  0.264  0.02  2.95361  0
262140.000000  0.271  0.02  2.71415  0
262200.000000  0.278  0.02  2.90439  0
262260.000000  0.284  0.02  3.42722  0
262320.000000  0.3  0.02  3.15724  0
262380.000000  0.302  0.02  3.59756  0
262440.000000  0.301  0.02  3.71463  0
262500.000000  0.303  0.02  4.14658  0
262560.000000  0.309  0.02  4.34226  0
262620.000000  0.326  0.02  4.54422  0
262680.000000  0.329  0.02  4.82312  0
262740.000000  0.331  0.02  6.37091  0
262800.000000  0.327  0.02  6.62255  0
262860.000000  0.325  0.02  6.62255  0
262920.000000  0.32  0.02  4.96663  0
262980.000000  0.318  0.02  5.18686  0
263040.000000  0.315  0.02  4.89454  0
263100.000000  0.307  0.02  4.54422  0
263160.000000  0.298  0.02  4.40889  0
263220.000000  0.294  0.02  4.47621  0
263280.000000  0.293  0.02  4.21111  0
263340.000000  0.291  0.02  3.95723  0
263400.000000  0.291  0.02  3.83452  0
263460.000000  0.29  0.02  4.08276  0
263520.000000  0.29  0.02  4.21111  0
263580.000000  0.291  0.02  4.14658  0
263640.000000  0.292  0.02  4.21111  0
263700.000000  0.294  0.02  4.34226  0
263760.000000  0.297  0.02  3.95723  0
263820.000000  0.298  0.02  3.65574  0
263880.000000  0.3  0.02  3.71463  0
263940.000000  0.301  0.02  3.54008  0
264000.000000  0.303  0.02  4.21111  0
264060.000000  0.305  0.02  5.80201  0
264120.000000  0.307  0.02  7.40135  0
264180.000000  0.309  0.02  7.57854  0
264240.000000  0.312  0.02  8.20754  0
264300.000000  0.313  0.02  8.66285  0
264360.000000  0.319  0.02  7.66761  0
264420.000000  0.323  0.02  8.38922  0
264480.000000  0.328  0.02  7.05117  0
264540.000000  0.336  0.02  5.72299  0
264600.000000  0.346  0.02  4.6823  0
264660.000000  0.35  0.02  4.01964  0
264720.000000  0.353  0.02  3.59756  0
264780.000000  0.354  0.02  3.37184  0
264840.000000  0.354  0.02  3.05407  0
264900.000000  0.354  0.02  3.0035  0
264960.000000  0.355  0.02  2.85584  0
265020.000000  0.355  0.02  2.71415  0
265080.000000  0.354  0.02  2.85584  0
265140.000000  0.353  0.02  2.85584  0
265200.000000  0.351  0.02  3.0035  0
265260.000000  0.351  0.02  3.05407  0
265320.000000  0.35  0.02  3.31715  0
265380.000000  0.325  0.02  3.31715  0
265440.000000  0.32  0.02  3.20986  0
265500.000000  0.318  0.02  3.42722  0
265560.000000  0.318  0.02  3.71463  0
265620.000000  0.318  0.02  4.21111  0
265680.000000  0.319  0.02  4.61292  0
265740.000000  0.319  0.02  5.03938  0
265800.000000  0.316  0.02  5.33692  0
265860.000000  0.31  0.02  4.61292  0
265920.000000  0.303  0.02  4.40889  0
265980.000000  0.301  0.02  4.14658  0
266040.000000  0.297  0.02  4.01964  0
266100.000000  0.295  0.02  4.01964  0
266160.000000  0.292  0.02  4.14658  0
266220.000000  0.29  0.02  4.01964  0
266280.000000  0.288  0.02  4.54422  0
266340.000000  0.286  0.02  4.40889  0
266400.000000  0.284  0.02  4.34226  0
266460.000000  0.283  0.02  4.34226  0
266520.000000  0.28  0.02  4.40889  0
266580.000000  0.278  0.02  4.27634  0
266640.000000  0.278  0.02  3.95723  0
266700.000000  0.277  0.02  3.83452  0
266760.000000  0.276  0.02  4.01964  0
266820.000000  0.295  0.02  3.89552  0
266880.000000  0.298  0.02  3.89552  0
266940.000000  0.297  0.02  4.01964  0
267000.000000  0.296  0.02  4.47621  0
267060.000000  0.291  0.02  4.27634  0
267120.000000  0.289  0.02  4.47621  0
267180.000000  0.29  0.02  4.6823  0
267240.000000  0.29  0.02  5.03938  0
267300.000000  0.295  0.02  5.1128  0
267360.000000  0.3  0.02  5.18686  0
267420.000000  0.302  0.02  4.89454  0
267480.000000  0.298  0.02  4.01964  0
267540.000000  0.299  0.02  3.71463  0
267600.000000  0.302  0.02  4.14658  0
267660.000000  0.305  0.02  3.89552  0
267720.000000  0.307  0.02  3.59756  0
267780.000000  0.309  0.02  3.71463  0
267840.000000  0.311  0.02  3.77422  0
267900.000000  0.312  0.02  3.77422  0
267960.000000  0.316  0.02  3.65574  0
268020.000000  0.317  0.02  3.65574  0
268080.000000  0.318  0.02  3.59756  0
268140.000000  0.317  0.02  3.59756  0
268200.000000  0.32  0.02  3.4833  0
268260.000000  0.321  0.02  3.59756  0
268320.000000  0.313  0.02  3.65574  0
268380.000000  0.312  0.02  3.77422  0
268440.000000  0.313  0.02  3.95723  0
268500.000000  0.319  0.02  4.34226  0
268560.000000  0.321  0.02  4.61292  0
268620.000000  0.321  0.02  5.1128  0
268680.000000  0.323  0.02  5.26157  0
268740.000000  0.324  0.02  5.03938  0
268800.000000  0.327  0.02  4.47621  0
268860.000000  0.33  0.02  4.27634  0
268920.000000  0.337  0.02  4.08276  0
268980.000000  0.34  0.02  4.01964  0
269040.000000  0.34  0.02  3.95723  0
269100.000000  0.341  0.02  3.65574  0
269160.000000  0.343  0.02  3.65574  0
269220.000000  0.345  0.02  3.89552  0
269280.000000  0.346  0.02  3.65574  0
269340.000000  0.347  0.02  3.83452  0
269400.000000  0.345  0.02  3.4833  0
269460.000000  0.347  0.02  3.77422  0
269520.000000  0.345  0.02  3.65574  0
269580.000000  0.336  0.02  3.31715  0
269640.000000  0.322  0.02  3.26316  0
269700.000000  0.306  0.02  3.31715  0
269760.000000  0.311  0.02  3.31715  0
269820.000000  0.307  0.02  3.37184  0
269880.000000  0.304  0.02  3.4833  0
269940.000000  0.296  0.02  3.65574  0
270000.000000  0.29  0.02  3.89552  0
270060.000000  0.285  0.02  3.95723  0
270120.000000  0.281  0.02  4.01964  0
270180.000000  0.278  0.02  4.34226  0
270240.000000  0.27  0.02  4.40889  0
270300.000000  0.257  0.02  4.34226  0
270360.000000  0.246  0.02  4.34226  0
270420.000000  0.23  0.02  4.40889  0
270480.000000  0.215  0.02  4.6823  0
270540.000000  0.199  0.02  4.75237  0
270600.000000  0.189  0.02  4.82312  0
270660.000000  0.183  0.02  4.75237  0
270720.000000  0.179  0.02  4.54422  0
270780.000000  0.172  0.02  4.47621  0
270840.000000  0.164  0.02  4.47621  0
270900.000000  0.157  0.02  4.47621  0
270960.000000  0.138  0.02  4.34226  0
271020.000000  0.113  0.02  4.34226  0
271080.000000  0.095  0.02  4.27634  0
271140.000000  0.089  0.02  4.01964  0
271200.000000  0.076  0.02  4.01964  0
271260.000000  0.07  0.02  4.08276  0
271320.000000  0.059  0.02  4.01964  0
271380.000000  0.043  0.02  4.01964  0
271440.000000  0.024  0.02  4.14658  0
271500.000000  0  0.02  4.21111  0
271560.000000  0  0.02  4.27634  0
271620.000000  0  0.02  4.21111  0
271680.000000  0  0.02  4.14658  0
271740.000000  0  0.02  3.89552  0
271800.000000  0  0.02  3.83452  0
271860.000000  0  0.02  3.59756  0
271920.000000  0.006  0.02  3.37184  0
271980.000000  0.025  0.02  3.31715  0
272040.000000  0.035  0.02  3.10531  0
272100.000000  0.038  0.02  3.05407  0
272160.000000  0.044  0.02  3.0035  0
272220.000000  0.052  0.02  2.90439  0
272280.000000  0.062  0.02  2.90439  0
272340.000000  0.072  0.02  2.80795  0
272400.000000  0.097  0.02  2.85584  0
272460.000000  0.138  0.02  2.90439  0
272520.000000  0.171  0.02  2.95361  0
272580.000000  0.2  0.02  3.0035  0
272640.000000  0.22  0.02  3.20986  0
272700.000000  0.234  0.02  3.37184  0
272760.000000  0.251  0.02  3.54008  0
272820.000000  0.276  0.02  3.95723  0
272880.000000  0.302  0.02  4.27634  0
272940.000000  0.336  0.02  4.40889  0
273000.000000  0.359  0.02  4.27634  0
273060.000000  0.38  0.02  4.21111  0
273120.000000  0.386  0.02  4.01964  0
273180.000000  0.39  0.02  3.77422  0
273240.000000  0.401  0.02  3.4833  0
273300.000000  0.4  0.02  3.54008  0
273360.000000  0.398  0.02  3.4833  0
273420.000000  0.395  0.02  3.54008  0
273480.000000  0.394  0.02  3.54008  0
273540.000000  0.397  0.02  3.71463  0
273600.000000  0.396  0.02  3.54008  0
273660.000000  0.396  0.02  3.65574  0
273720.000000  0.394  0.02  3.71463  0
273780.000000  0.392  0.02  3.54008  0
273840.000000  0.388  0.02  3.42722  0
273900.000000  0.385  0.02  3.31715  0
273960.000000  0.382  0.02  2.95361  0
274020.000000  0.38  0.02  2.90439  0
274080.000000  0.38  0.02  3.0035  0
274140.000000  0.378  0.02  3.37184  0
274200.000000  0.376  0.02  3.89552  0
274260.000000  0.374  0.02  4.01964  0
274320.000000  0.371  0.02  4.27634  0
274380.000000  0.363  0.02  4.14658  0
274440.000000  0.349  0.02  4.01964  0
274500.000000  0.334  0.02  3.95723  0
274560.000000  0.312  0.02  4.08276  0
274620.000000  0.3  0.02  4.01964  0
274680.000000  0.287  0.02  3.83452  0
274740.000000  0.275  0.02  3.83452  0
274800.000000  0.255  0.02  3.83452  0
274860.000000  0.241  0.02  3.83452  0
274920.000000  0.238  0.02  3.83452  0
274980.000000  0.231  0.02  3.83452  0
275040.000000  0.22  0.02  3.77422  0
275100.000000  0.21  0.02  3.77422  0
275160.000000  0.205  0.02  3.71463  0
275220.000000  0.205  0.02  3.71463  0
275280.000000  0.205  0.02  3.71463  0
275340.000000  0.204  0.02  3.71463  0
275400.000000  0.196  0.02  3.71463  0
275460.000000  0.179  0.02  3.71463  0
275520.000000  0.172  0.02  3.83452  0
275580.000000  0.164  0.02  3.89552  0
275640.000000  0.151  0.02  4.01964  0
275700.000000  0.141  0.02  4.08276  0
275760.000000  0.129  0.02  3.83452  0
275820.000000  0.131  0.02  3.65574  0
275880.000000  0.135  0.02  3.31715  0
275940.000000  0.136  0.02  3.0035  0
276000.000000  0.135  0.02  2.76072  0
276060.000000  0.137  0.02  2.57832  0
276120.000000  0.146  0.02  2.53432  0
276180.000000  0.153  0.02  2.4061  0
276240.000000  0.168  0.02  2.28344  0
276300.000000  0.174  0.02  2.20467  0
276360.000000  0.159  0.02  2.01796  0
276420.000000  0.155  0.02  1.87871  0
276480.000000  0.16  0.02  1.74804  0
276540.000000  0.169  0.02  1.6858  0
276600.000000  0.174  0.02  1.56727  0
276660.000000  0.176  0.02  1.53884  0
276720.000000  0.179  0.02  1.56727  0
276780.000000  0.185  0.02  1.51088  0
276840.000000  0.197  0.02  1.45635  0
276900.000000  0.216  0.02  1.42976  0
276960.000000  0.224  0.02  1.42976  0
277020.000000  0.236  0.02  1.53884  0
277080.000000  0.252  0.02  1.77993  0
277140.000000  0.265  0.02  2.95361  0
277200.000000  0.281  0.02  3.10531  0
277260.000000  0.288  0.02  3.15724  0
277320.000000  0.299  0.02  3.0035  0
277380.000000  0.311  0.02  3.10531  0
277440.000000  0.335  0.02  2.71415  0
277500.000000  0.346  0.02  2.32372  0
277560.000000  0.339  0.02  2.16617  0
277620.000000  0.343  0.02  1.87871  0
277680.000000  0.347  0.02  1.84525  0
277740.000000  0.346  0.02  1.74804  0
277800.000000  0.355  0.02  1.59618  0
277860.000000  0.366  0.02  1.62556  0
277920.000000  0.371  0.02  1.71667  0
277980.000000  0.37  0.02  1.42976  0
278040.000000  0.372  0.02  1.32779  0
278100.000000  0.37  0.02  1.40361  0
278160.000000  0.366  0.02  1.45635  0
278220.000000  0.363  0.02  1.51088  0
278280.000000  0.361  0.02  1.56727  0
278340.000000  0.358  0.02  1.56727  0
278400.000000  0.357  0.02  1.65544  0
278460.000000  0.355  0.02  1.62556  0
278520.000000  0.355  0.02  1.94724  0
278580.000000  0.345  0.02  1.94724  0
278640.000000  0.339  0.02  1.6858  0
278700.000000  0.326  0.02  1.6858  0
278760.000000  0.306  0.02  1.45635  0
278820.000000  0.294  0.02  1.40361  0
278880.000000  0.295  0.02  1.59618  0
278940.000000  0.293  0.02  1.51088  0
279000.000000  0.297  0.02  1.35264  0
279060.000000  0.296  0.02  1.56727  0
279120.000000  0.29  0.02  1.45635  0
279180.000000  0.298  0.02  1.6858  0
279240.000000  0.303  0.02  1.37791  0
279300.000000  0.296  0.02  1.53884  0
279360.000000  0.299  0.02  1.53884  0
279420.000000  0.298  0.02  1.59618  0
279480.000000  0.298  0.02  1.84525  0
279540.000000  0.3  0.02  1.71667  0
279600.000000  0.304  0.02  1.53884  0
279660.000000  0.303  0.02  1.53884  0
279720.000000  0.305  0.02  1.77993  0
279780.000000  0.309  0.02  1.81233  0
279840.000000  0.311  0.02  1.53884  0
279900.000000  0.315  0.02  1.71667  0
279960.000000  0.315  0.02  2.85584  0
280020.000000  0.326  0.02  2.53432  0
280080.000000  0.332  0.02  2.57832  0
280140.000000  0.341  0.02  2.16617  0
280200.000000  0.359  0.02  2.44822  0
280260.000000  0.372  0.02  2.57832  0
280320.000000  0.373  0.02  3.05407  0
280380.000000  0.375  0.02  2.80795  0
280440.000000  0.384  0.02  2.71415  0
280500.000000  0.389  0.02  2.90439  0
280560.000000  0.399  0.02  3.31715  0
280620.000000  0.401  0.02  3.10531  0
280680.000000  0.406  0.02  3.15724  0
280740.000000  0.415  0.02  3.89552  0
280800.000000  0.415  0.02  3.4833  0
280860.000000  0.42  0.02  3.05407  0
280920.000000  0.419  0.02  3.0035  0
280980.000000  0.418  0.02  2.90439  0
281040.000000  0.416  0.02  3.0035  0
281100.000000  0.416  0.02  3.20986  0
281160.000000  0.415  0.02  2.95361  0
281220.000000  0.412  0.02  3.10531  0
281280.000000  0.41  0.02  3.10531  0
281340.000000  0.407  0.02  3.37184  0
281400.000000  0.405  0.02  4.27634  0
281460.000000  0.405  0.02  4.14658  0
281520.000000  0.403  0.02  4.6823  0
281580.000000  0.406  0.02  4.47621  0
281640.000000  0.408  0.02  4.21111  0
281700.000000  0.401  0.02  3.77422  0
281760.000000  0.376  0.02  3.20986  0
281820.000000  0.345  0.02  2.71415  0
281880.000000  0.333  0.02  2.32372  0
281940.000000  0.325  0.02  2.09092  0
282000.000000  0.313  0.02  2.01796  0
282060.000000  0.299  0.02  1.94724  0
282120.000000  0.277  0.02  1.87871  0
282180.000000  0.27  0.02  1.84525  0
282240.000000  0.261  0.02  1.81233  0
282300.000000  0.258  0.02  1.77993  0
282360.000000  0.258  0.02  1.77993  0
282420.000000  0.245  0.02  1.71667  0
282480.000000  0.241  0.02  1.71667  0
282540.000000  0.238  0.02  1.6858  0
282600.000000  0.24  0.02  1.65544  0
282660.000000  0.242  0.02  1.62556  0
282720.000000  0.243  0.02  1.59618  0
282780.000000  0.245  0.02  1.6858  0
282840.000000  0.247  0.02  2.09092  0
282900.000000  0.248  0.02  3.26316  0
282960.000000  0.249  0.02  3.4833  0
283020.000000  0.251  0.02  3.59756  0
283080.000000  0.252  0.02  3.4833  0
283140.000000  0.258  0.02  3.31715  0
283200.000000  0.283  0.02  2.53432  0
283260.000000  0.313  0.02  2.16617  0
283320.000000  0.324  0.02  2.05416  0
283380.000000  0.331  0.02  1.6858  0
283440.000000  0.342  0.02  1.59618  0
283500.000000  0.356  0.02  1.65544  0
283560.000000  0.378  0.02  1.84525  0
283620.000000  0.385  0.02  1.94724  0
283680.000000  0.393  0.02  1.94724  0
283740.000000  0.394  0.02  2.16617  0
283800.000000  0.395  0.02  2.36461  0
283860.000000  0.408  0.02  2.49096  0
283920.000000  0.411  0.02  2.57832  0
283980.000000  0.414  0.02  2.66823  0
284040.000000  0.413  0.02  3.05407  0
284100.000000  0.411  0.02  2.76072  0
284160.000000  0.409  0.02  2.95361  0
284220.000000  0.407  0.02  3.42722  0
284280.000000  0.405  0.02  4.21111  0
284340.000000  0.403  0.02  5.18686  0
284400.000000  0.402  0.02  5.33692  0
284460.000000  0.401  0.02  6.53819  0
284520.000000  0.401  0.02  6.62255  0
284580.000000  0.4  0.02  6.79269  0
284640.000000  0.4  0.02  6.4543  0
284700.000000  0.4  0.02  6.12383  0
284760.000000  0.4  0.02  6.37091  0
284820.000000  0.399  0.02  6.37091  0
284880.000000  0.398  0.02  6.4543  0
284940.000000  0.398  0.02  5.88162  0
285000.000000  0.396  0.02  5.96179  0
285060.000000  0.396  0.02  5.18686  0
285120.000000  0.396  0.02  4.75237  0
285180.000000  0.395  0.02  3.65574  0
285240.000000  0.394  0.02  3.05407  0
285300.000000  0.393  0.02  2.80795  0
285360.000000  0.393  0.02  2.80795  0
285420.000000  0.393  0.02  3.26316  0
285480.000000  0.392  0.02  3.26316  0
285540.000000  0.393  0.02  3.15724  0
285600.000000  0.393  0.02  3.10531  0
285660.000000  0.393  0.02  3.77422  0
285720.000000  0.393  0.02  4.40889  0
285780.000000  0.392  0.02  5.72299  0
285840.000000  0.391  0.02  7.05117  0
285900.000000  0.39  0.02  7.57854  0
285960.000000  0.388  0.02  7.93649  0
286020.000000  0.386  0.02  9.39561  0
286080.000000  0.384  0.02  9.12067  0
286140.000000  0.382  0.02  9.30399  0
286200.000000  0.38  0.02  7.93649  0
286260.000000  0.379  0.02  6.79269  0
286320.000000  0.378  0.02  9.21233  0
286380.000000  0.376  0.02  7.84659  0
286440.000000  0.375  0.02  9.4872  0
286500.000000  0.374  0.02  9.57871  0
286560.000000  0.373  0.02  8.20754  0
286620.000000  0.374  0.02  10.3064  0
286680.000000  0.374  0.02  8.8458  0
286740.000000  0.373  0.02  8.02662  0
286800.000000  0.372  0.02  7.31326  0
286860.000000  0.37  0.02  7.48978  0
286920.000000  0.369  0.02  9.4872  0
286980.000000  0.368  0.02  10.1255  0
287040.000000  0.366  0.02  10.4864  0
287100.000000  0.364  0.02  11.1948  0
287160.000000  0.362  0.02  11.8787  0
287220.000000  0.361  0.02  11.9621  0
287280.000000  0.36  0.02  12.7663  0
287340.000000  0.359  0.02  13.5806  0
287400.000000  0.357  0.02  12.9201  0
287460.000000  0.356  0.02  12.4514  0
287520.000000  0.356  0.02  13.9241  0
287580.000000  0.355  0.02  13.7888  0
287640.000000  0.355  0.02  13.0714  0
287700.000000  0.354  0.02  12.9201  0
287760.000000  0.353  0.02  11.5403  0
287820.000000  0.353  0.02  11.2818  0
287880.000000  0.352  0.02  11.1948  0
287940.000000  0.352  0.02  11.0197  0
288000.000000  0.351  0.02  10.6654  0
288060.000000  0.35  0.02  10.0347  0
288120.000000  0.349  0.02  8.66285  0
288180.000000  0.349  0.02  8.4803  0
288240.000000  0.348  0.02  8.4803  0
288300.000000  0.348  0.02  7.48978  0
288360.000000  0.347  0.02  6.53819  0
288420.000000  0.347  0.02  6.12383  0
288480.000000  0.346  0.02  5.18686  0
288540.000000  0.346  0.02  5.96179  0
288600.000000  0.347  0.02  8.29829  0
288660.000000  0.348  0.02  9.8527  0
288720.000000  0.348  0.02  11.0197  0
288780.000000  0.349  0.02  11.6256  0
288840.000000  0.349  0.02  9.76148  0
288900.000000  0.349  0.02  10.576  0
288960.000000  0.348  0.02  8.4803  0
289020.000000  0.348  0.02  6.96459  0
289080.000000  0.347  0.02  6.4543  0
289140.000000  0.346  0.02  5.88162  0
289200.000000  0.344  0.02  5.56673  0
289260.000000  0.343  0.02  5.4895  0
289320.000000  0.341  0.02  5.4129  0
289380.000000  0.339  0.02  5.4129  0
289440.000000  0.337  0.02  5.4129  0
289500.000000  0.334  0.02  4.96663  0
289560.000000  0.332  0.02  4.96663  0
289620.000000  0.329  0.02  5.1128  0
289680.000000  0.327  0.02  5.4895  0
289740.000000  0.325  0.02  6.37091  0
289800.000000  0.323  0.02  7.48978  0
289860.000000  0.321  0.02  8.29829  0
289920.000000  0.319  0.02  7.93649  0
289980.000000  0.316  0.02  8.20754  0
290040.000000  0.313  0.02  8.57152  0
290100.000000  0.311  0.02  9.76148  0
290160.000000  0.309  0.02  11.3684  0
290220.000000  0.308  0.02  10.9317  0
290280.000000  0.306  0.02  11.1075  0
290340.000000  0.306  0.02  10.576  0
290400.000000  0.305  0.02  9.4872  0
290460.000000  0.304  0.02  8.75429  0
290520.000000  0.303  0.02  8.11698  0
290580.000000  0.303  0.02  7.40135  0
290640.000000  0.304  0.02  6.28803  0
290700.000000  0.304  0.02  5.72299  0
290760.000000  0.304  0.02  6.12383  0
290820.000000  0.303  0.02  5.56673  0
290880.000000  0.297  0.02  5.80201  0
290940.000000  0.292  0.02  5.4129  0
291000.000000  0.286  0.02  5.56673  0
291060.000000  0.285  0.02  5.18686  0
291120.000000  0.285  0.02  5.4129  0
291180.000000  0.282  0.02  5.56673  0
291240.000000  0.249  0.02  5.4129  0
291300.000000  0.239  0.02  5.18686  0
291360.000000  0.239  0.02  5.18686  0
291420.000000  0.239  0.02  5.4129  0
291480.000000  0.24  0.02  6.12383  0
291540.000000  0.24  0.02  7.93649  0
291600.000000  0.24  0.02  7.66761  0
291660.000000  0.239  0.02  7.31326  0
291720.000000  0.24  0.02  7.05117  0
291780.000000  0.239  0.02  6.79269  0
291840.000000  0.24  0.02  6.87842  0
291900.000000  0.239  0.02  6.79269  0
291960.000000  0.239  0.02  7.57854  0
292020.000000  0.24  0.02  5.4129  0
292080.000000  0.241  0.02  5.03938  0
292140.000000  0.241  0.02  5.26157  0
292200.000000  0.239  0.02  5.1128  0
292260.000000  0.24  0.02  6.20566  0
292320.000000  0.246  0.02  7.66761  0
292380.000000  0.252  0.02  8.20754  0
292440.000000  0.258  0.02  8.11698  0
292500.000000  0.261  0.02  8.93739  0
292560.000000  0.261  0.02  8.4803  0
292620.000000  0.264  0.02  8.4803  0
292680.000000  0.295  0.02  6.70739  0
292740.000000  0.305  0.02  8.57152  0
292800.000000  0.304  0.02  8.11698  0
292860.000000  0.292  0.02  6.79269  0
292920.000000  0.289  0.02  7.66761  0
292980.000000  0.276  0.02  6.12383  0
293040.000000  0.259  0.02  6.04254  0
293100.000000  0.247  0.02  5.80201  0
293160.000000  0.236  0.02  4.89454  0
293220.000000  0.226  0.02  5.26157  0
293280.000000  0.215  0.02  4.82312  0
293340.000000  0.188  0.02  3.95723  0
293400.000000  0.171  0.02  3.59756  0
293460.000000  0.17  0.02  4.61292  0
293520.000000  0.169  0.02  5.1128  0
293580.000000  0.155  0.02  3.83452  0
293640.000000  0.157  0.02  5.33692  0
293700.000000  0.16  0.02  5.80201  0
293760.000000  0.162  0.02  6.04254  0
293820.000000  0.165  0.02  6.28803  0
293880.000000  0.165  0.02  5.4129  0
293940.000000  0.154  0.02  4.75237  0
294000.000000  0.125  0.02  4.27634  0
294060.000000  0.082  0.02  4.21111  0
294120.000000  0.04  0.02  4.08276  0
294180.000000  0.02  0.02  3.95723  0
294240.000000  0  0.02  4.08276  0
294300.000000  0.014  0.02  4.14658  0
294360.000000  0.02  0.02  5.1128  0
294420.000000  0.03  0.02  4.61292  0
294480.000000  0.022  0.02  3.65574  0
294540.000000  0  0.02  3.20986  0
294600.000000  0  0.02  4.54422  0
294660.000000  0.005  0.02  3.83452  0
294720.000000  0.002  0.02  3.83452  0
294780.000000  0.02  0.02  2.85584  0
294840.000000  0.024  0.02  3.05407  0
294900.000000  0.028  0.02  4.08276  0
294960.000000  0.005  0.02  3.05407  0
295020.000000  0.011  0.02  3.59756  0
295080.000000  0.006  0.02  3.26316  0
295140.000000  0.005  0.02  3.31715  0
295200.000000  0.005  0.02  3.0035  0
295260.000000  0  0.02  3.10531  0
295320.000000  0.005  0.02  3.15724  0
295380.000000  0.016  0.02  3.20986  0
295440.000000  0.049  0.02  4.14658  0
295500.000000  0.096  0.02  3.95723  0
295560.000000  0.142  0.02  3.77422  0
295620.000000  0.163  0.02  3.4833  0
295680.000000  0.189  0.02  3.83452  0
295740.000000  0.192  0.02  3.83452  0
295800.000000  0.18  0.02  3.42722  0
295860.000000  0.147  0.02  4.01964  0
295920.000000  0.142  0.02  5.4129  0
295980.000000  0.189  0.02  5.80201  0
296040.000000  0.184  0.02  5.80201  0
296100.000000  0.15  0.02  5.80201  0
296160.000000  0.162  0.02  6.37091  0
296220.000000  0.167  0.02  6.28803  0
296280.000000  0.178  0.02  6.28803  0
296340.000000  0.171  0.02  6.20566  0
296400.000000  0.173  0.02  6.12383  0
296460.000000  0.166  0.02  6.04254  0
296520.000000  0.171  0.02  5.88162  0
296580.000000  0.178  0.02  5.88162  0
296640.000000  0.183  0.02  5.80201  0
296700.000000  0.194  0.02  5.80201  0
296760.000000  0.2  0.02  5.72299  0
296820.000000  0.208  0.02  5.56673  0
296880.000000  0.216  0.02  5.88162  0
296940.000000  0.224  0.02  5.64456  0
297000.000000  0.233  0.02  5.4895  0
297060.000000  0.244  0.02  5.26157  0
297120.000000  0.25  0.02  5.33692  0
297180.000000  0.255  0.02  5.64456  0
297240.000000  0.275  0.02  6.12383  0
297300.000000  0.32  0.02  6.20566  0
297360.000000  0.358  0.02  6.4543  0
297420.000000  0.364  0.02  6.4543  0
297480.000000  0.381  0.02  6.4543  0
297540.000000  0.423  0.02  6.37091  0
297600.000000  0.43  0.02  5.72299  0
297660.000000  0.438  0.02  5.56673  0
297720.000000  0.446  0.02  5.4895  0
297780.000000  0.453  0.02  5.26157  0
297840.000000  0.481  0.02  4.96663  0
297900.000000  0.503  0.02  4.82312  0
297960.000000  0.509  0.02  4.6823  0
298020.000000  0.506  0.02  4.61292  0
298080.000000  0.504  0.02  4.54422  0
298140.000000  0.504  0.02  4.54422  0
298200.000000  0.501  0.02  4.40889  0
298260.000000  0.498  0.02  4.34226  0
298320.000000  0.493  0.02  3.89552  0
298380.000000  0.489  0.02  3.89552  0
298440.000000  0.483  0.02  3.83452  0
298500.000000  0.482  0.02  3.71463  0
298560.000000  0.479  0.02  4.14658  0
298620.000000  0.478  0.02  4.75237  0
298680.000000  0.475  0.02  5.18686  0
298740.000000  0.475  0.02  5.4895  0
298800.000000  0.462  0.02  4.34226  0
298860.000000  0.446  0.02  3.59756  0
298920.000000  0.443  0.02  3.59756  0
298980.000000  0.439  0.02  3.59756  0
299040.000000  0.44  0.02  3.26316  0
299100.000000  0.44  0.02  2.95361  0
299160.000000  0.44  0.02  2.80795  0
299220.000000  0.438  0.02  2.76072  0
299280.000000  0.437  0.02  2.76072  0
299340.000000  0.438  0.02  3.42722  0
299400.000000  0.437  0.02  4.01964  0
299460.000000  0.436  0.02  4.01964  0
299520.000000  0.436  0.02  4.01964  0
299580.000000  0.433  0.02  3.95723  0
299640.000000  0.432  0.02  3.77422  0
299700.000000  0.432  0.02  3.54008  0
299760.000000  0.434  0.02  3.42722  0
299820.000000  0.437  0.02  3.20986  0
299880.000000  0.438  0.02  3.05407  0
299940.000000  0.436  0.02  3.05407  0
300000.000000  0.436  0.02  3.42722  0
300060.000000  0.434  0.02  4.21111  0
300120.000000  0.434  0.02  5.18686  0
300180.000000  0.434  0.02  5.88162  0
300240.000000  0.447  0.02  6.4543  0
300300.000000  0.46  0.02  6.87842  0
300360.000000  0.462  0.02  6.70739  0
300420.000000  0.467  0.02  6.53819  0
300480.000000  0.468  0.02  6.96459  0
300540.000000  0.47  0.02  7.05117  0
300600.000000  0.47  0.02  6.96459  0
300660.000000  0.471  0.02  6.79269  0
300720.000000  0.47  0.02  6.70739  0
300780.000000  0.464  0.02  6.37091  0
300840.000000  0.456  0.02  5.33692  0
300900.000000  0.454  0.02  5.26157  0
300960.000000  0.456  0.02  4.96663  0
301020.000000  0.456  0.02  4.6823  0
301080.000000  0.456  0.02  4.47621  0
301140.000000  0.455  0.02  3.89552  0
301200.000000  0.396  0.02  2.90439  0
301260.000000  0.38  0.02  2.57832  0
301320.000000  0.368  0.02  2.53432  0
301380.000000  0.368  0.02  2.62295  0
301440.000000  0.364  0.02  2.76072  0
301500.000000  0.363  0.02  2.71415  0
301560.000000  0.362  0.02  3.31715  0
301620.000000  0.36  0.02  3.37184  0
301680.000000  0.357  0.02  3.37184  0
301740.000000  0.357  0.02  3.0035  0
301800.000000  0.343  0.02  2.49096  0
301860.000000  0.336  0.02  2.36461  0
301920.000000  0.331  0.02  2.80795  0
301980.000000  0.334  0.02  2.90439  0
302040.000000  0.339  0.02  2.95361  0
302100.000000  0.332  0.02  2.76072  0
302160.000000  0.329  0.02  2.71415  0
302220.000000  0.331  0.02  2.49096  0
302280.000000  0.342  0.02  2.53432  0
302340.000000  0.348  0.02  2.44822  0
302400.000000  0.35  0.02  2.49096  0
302460.000000  0.353  0.02  2.44822  0
302520.000000  0.354  0.02  2.36461  0
302580.000000  0.359  0.02  2.32372  0
302640.000000  0.412  0.02  2.57832  0
302700.000000  0.42  0.02  2.49096  0
302760.000000  0.429  0.02  2.36461  0
302820.000000  0.431  0.02  2.36461  0
302880.000000  0.44  0.02  2.32372  0
302940.000000  0.446  0.02  2.28344  0
303000.000000  0.45  0.02  2.36461  0
303060.000000  0.454  0.02  2.4061  0
303120.000000  0.461  0.02  2.4061  0
303180.000000  0.465  0.02  2.44822  0
303240.000000  0.486  0.02  2.36461  0
303300.000000  0.501  0.02  2.09092  0
303360.000000  0.512  0.02  1.74804  0
303420.000000  0.512  0.02  1.56727  0
303480.000000  0.512  0.02  1.42976  0
303540.000000  0.522  0.02  1.35264  0
303600.000000  0.531  0.02  1.37791  0
303660.000000  0.534  0.02  1.48339  0
303720.000000  0.534  0.02  1.6858  0
303780.000000  0.531  0.02  1.71667  0
303840.000000  0.529  0.02  1.71667  0
303900.000000  0.525  0.02  1.71667  0
303960.000000  0.525  0.02  1.71667  0
304020.000000  0.522  0.02  1.62556  0
304080.000000  0.526  0.02  1.37791  0
304140.000000  0.531  0.02  1.42976  0
304200.000000  0.532  0.02  1.6858  0
304260.000000  0.528  0.02  1.9127  0
304320.000000  0.523  0.02  2.24376  0
304380.000000  0.518  0.02  2.76072  0
304440.000000  0.513  0.02  3.26316  0
304500.000000  0.509  0.02  3.83452  0
304560.000000  0.503  0.02  4.01964  0
304620.000000  0.495  0.02  4.01964  0
304680.000000  0.476  0.02  3.95723  0
304740.000000  0.449  0.02  4.47621  0
304800.000000  0.429  0.02  5.03938  0
304860.000000  0.417  0.02  4.75237  0
304920.000000  0.402  0.02  4.61292  0
304980.000000  0.388  0.02  4.40889  0
305040.000000  0.385  0.02  4.08276  0
305100.000000  0.385  0.02  3.71463  0
305160.000000  0.384  0.02  3.42722  0
305220.000000  0.384  0.02  3.26316  0
305280.000000  0.387  0.02  3.10531  0
305340.000000  0.394  0.02  3.20986  0
305400.000000  0.393  0.02  3.10531  0
305460.000000  0.393  0.02  3.0035  0
305520.000000  0.398  0.02  3.89552  0
305580.000000  0.405  0.02  4.01964  0
305640.000000  0.41  0.02  4.01964  0
305700.000000  0.411  0.02  3.71463  0
305760.000000  0.416  0.02  3.71463  0
305820.000000  0.422  0.02  3.71463  0
305880.000000  0.419  0.02  3.26316  0
305940.000000  0.419  0.02  3.37184  0
306000.000000  0.426  0.02  3.54008  0
306060.000000  0.434  0.02  3.54008  0
306120.000000  0.45  0.02  3.37184  0
306180.000000  0.475  0.02  3.26316  0
306240.000000  0.492  0.02  3.4833  0
306300.000000  0.5  0.02  3.4833  0
306360.000000  0.518  0.02  3.37184  0
306420.000000  0.534  0.02  3.31715  0
306480.000000  0.537  0.02  3.31715  0
306540.000000  0.537  0.02  3.10531  0
306600.000000  0.527  0.02  2.57832  0
306660.000000  0.52  0.02  2.57832  0
306720.000000  0.511  0.02  2.53432  0
306780.000000  0.498  0.02  2.44822  0
306840.000000  0.488  0.02  2.53432  0
306900.000000  0.481  0.02  2.62295  0
306960.000000  0.459  0.02  2.57832  0
307020.000000  0.429  0.02  2.71415  0
307080.000000  0.399  0.02  2.90439  0
307140.000000  0.378  0.02  2.62295  0
307200.000000  0.367  0.02  2.53432  0
307260.000000  0.361  0.02  2.49096  0
307320.000000  0.368  0.02  2.85584  0
307380.000000  0.374  0.02  2.90439  0
307440.000000  0.371  0.02  2.90439  0
307500.000000  0.369  0.02  2.80795  0
307560.000000  0.363  0.02  2.71415  0
307620.000000  0.355  0.02  2.66823  0
307680.000000  0.352  0.02  2.80795  0
307740.000000  0.343  0.02  2.76072  0
307800.000000  0.338  0.02  2.71415  0
307860.000000  0.339  0.02  2.71415  0
307920.000000  0.336  0.02  2.66823  0
307980.000000  0.327  0.02  2.66823  0
308040.000000  0.329  0.02  2.85584  0
308100.000000  0.322  0.02  2.85584  0
308160.000000  0.323  0.02  3.31715  0
308220.000000  0.333  0.02  3.20986  0
308280.000000  0.348  0.02  3.15724  0
308340.000000  0.337  0.02  2.71415  0
308400.000000  0.361  0.02  2.66823  0
308460.000000  0.392  0.02  2.53432  0
308520.000000  0.426  0.02  2.36461  0
308580.000000  0.455  0.02  2.28344  0
308640.000000  0.467  0.02  2.05416  0
308700.000000  0.475  0.02  2.01796  0
308760.000000  0.48  0.02  1.84525  0
308820.000000  0.484  0.02  1.74804  0
308880.000000  0.489  0.02  1.56727  0
308940.000000  0.495  0.02  1.56727  0
309000.000000  0.506  0.02  1.56727  0
309060.000000  0.517  0.02  1.56727  0
309120.000000  0.526  0.02  1.6858  0
309180.000000  0.54  0.02  1.6858  0
309240.000000  0.545  0.02  1.81233  0
309300.000000  0.543  0.02  1.74804  0
309360.000000  0.547  0.02  1.65544  0
309420.000000  0.56  0.02  1.62556  0
309480.000000  0.572  0.02  1.65544  0
309540.000000  0.589  0.02  1.59618  0
309600.000000  0.598  0.02  1.59618  0
309660.000000  0.599  0.02  1.56727  0
309720.000000  0.597  0.02  1.53884  0
309780.000000  0.618  0.02  1.48339  0
309840.000000  0.614  0.02  1.62556  0
309900.000000  0.61  0.02  1.56727  0
309960.000000  0.607  0.02  1.53884  0
310020.000000  0.602  0.02  1.42976  0
310080.000000  0.599  0.02  1.37791  0
310140.000000  0.596  0.02  1.51088  0
310200.000000  0.592  0.02  1.65544  0
310260.000000  0.59  0.02  1.81233  0
310320.000000  0.586  0.02  1.81233  0
310380.000000  0.582  0.02  1.9127  0
310440.000000  0.58  0.02  1.9127  0
310500.000000  0.577  0.02  1.84525  0
310560.000000  0.574  0.02  1.6858  0
310620.000000  0.567  0.02  1.62556  0
310680.000000  0.537  0.02  1.6858  0
310740.000000  0.515  0.02  2.05416  0
310800.000000  0.505  0.02  2.57832  0
310860.000000  0.502  0.02  3.15724  0
310920.000000  0.499  0.02  3.54008  0
310980.000000  0.494  0.02  4.01964  0
311040.000000  0.487  0.02  4.82312  0
311100.000000  0.478  0.02  5.18686  0
311160.000000  0.473  0.02  5.18686  0
311220.000000  0.474  0.02  5.18686  0
311280.000000  0.474  0.02  6.04254  0
311340.000000  0.473  0.02  5.64456  0
311400.000000  0.473  0.02  5.18686  0
311460.000000  0.476  0.02  4.75237  0
311520.000000  0.477  0.02  3.83452  0
311580.000000  0.481  0.02  3.71463  0
311640.000000  0.483  0.02  3.71463  0
311700.000000  0.485  0.02  3.59756  0
311760.000000  0.488  0.02  3.54008  0
311820.000000  0.492  0.02  3.42722  0
311880.000000  0.493  0.02  3.37184  0
311940.000000  0.498  0.02  3.20986  0
312000.000000  0.5  0.02  3.37184  0
312060.000000  0.508  0.02  3.15724  0
312120.000000  0.54  0.02  2.90439  0
312180.000000  0.566  0.02  2.90439  0
312240.000000  0.578  0.02  3.10531  0
312300.000000  0.582  0.02  3.20986  0
312360.000000  0.589  0.02  3.15724  0
312420.000000  0.596  0.02  3.20986  0
312480.000000  0.603  0.02  3.31715  0
312540.000000  0.608  0.02  3.42722  0
312600.000000  0.609  0.02  3.65574  0
312660.000000  0.607  0.02  3.95723  0
312720.000000  0.608  0.02  4.01964  0
312780.000000  0.61  0.02  4.27634  0
312840.000000  0.611  0.02  4.34226  0
312900.000000  0.611  0.02  4.40889  0
312960.000000  0.609  0.02  4.40889  0
313020.000000  0.602  0.02  4.27634  0
313080.000000  0.597  0.02  4.54422  0
313140.000000  0.592  0.02  4.75237  0
313200.000000  0.587  0.02  4.89454  0
313260.000000  0.584  0.02  5.18686  0
313320.000000  0.582  0.02  5.03938  0
313380.000000  0.58  0.02  5.18686  0
313440.000000  0.579  0.02  5.03938  0
313500.000000  0.581  0.02  4.75237  0
313560.000000  0.584  0.02  4.47621  0
313620.000000  0.585  0.02  4.40889  0
313680.000000  0.587  0.02  4.34226  0
313740.000000  0.589  0.02  4.27634  0
313800.000000  0.591  0.02  4.21111  0
313860.000000  0.594  0.02  3.83452  0
313920.000000  0.6  0.02  3.37184  0
313980.000000  0.61  0.02  3.31715  0
314040.000000  0.619  0.02  3.31715  0
314100.000000  0.626  0.02  3.59756  0
314160.000000  0.629  0.02  3.54008  0
314220.000000  0.631  0.02  3.37184  0
314280.000000  0.634  0.02  2.95361  0
314340.000000  0.633  0.02  2.80795  0
314400.000000  0.634  0.02  2.57832  0
314460.000000  0.641  0.02  2.53432  0
314520.000000  0.644  0.02  2.62295  0
314580.000000  0.647  0.02  3.59756  0
314640.000000  0.65  0.02  4.27634  0
314700.000000  0.65  0.02  5.03938  0
314760.000000  0.652  0.02  4.96663  0
314820.000000  0.654  0.02  3.77422  0
314880.000000  0.654  0.02  3.42722  0
314940.000000  0.654  0.02  2.85584  0
315000.000000  0.652  0.02  3.0035  0
315060.000000  0.649  0.02  2.95361  0
315120.000000  0.647  0.02  3.0035  0
315180.000000  0.644  0.02  2.95361  0
315240.000000  0.643  0.02  2.90439  0
315300.000000  0.639  0.02  2.90439  0
315360.000000  0.635  0.02  2.85584  0
315420.000000  0.63  0.02  2.85584  0
315480.000000  0.627  0.02  2.71415  0
315540.000000  0.623  0.02  2.71415  0
315600.000000  0.619  0.02  2.49096  0
315660.000000  0.617  0.02  2.24376  0
315720.000000  0.614  0.02  2.16617  0
315780.000000  0.613  0.02  2.20467  0
315840.000000  0.614  0.02  2.4061  0
315900.000000  0.616  0.02  2.76072  0
315960.000000  0.618  0.02  2.71415  0
316020.000000  0.619  0.02  3.37184  0
316080.000000  0.62  0.02  4.08276  0
316140.000000  0.621  0.02  3.95723  0
316200.000000  0.62  0.02  4.01964  0
316260.000000  0.619  0.02  3.71463  0
316320.000000  0.61  0.02  3.65574  0
316380.000000  0.6  0.02  3.54008  0
316440.000000  0.598  0.02  3.42722  0
316500.000000  0.596  0.02  3.71463  0
316560.000000  0.593  0.02  4.14658  0
316620.000000  0.591  0.02  4.01964  0
316680.000000  0.586  0.02  3.83452  0
316740.000000  0.584  0.02  3.95723  0
316800.000000  0.583  0.02  4.27634  0
316860.000000  0.584  0.02  4.47621  0
316920.000000  0.583  0.02  4.6823  0
316980.000000  0.585  0.02  4.89454  0
317040.000000  0.587  0.02  4.54422  0
317100.000000  0.591  0.02  5.03938  0
317160.000000  0.594  0.02  5.03938  0
317220.000000  0.597  0.02  4.89454  0
317280.000000  0.599  0.02  5.18686  0
317340.000000  0.599  0.02  5.56673  0
317400.000000  0.6  0.02  5.96179  0
317460.000000  0.598  0.02  6.37091  0
317520.000000  0.597  0.02  8.4803  0
317580.000000  0.596  0.02  7.48978  0
317640.000000  0.593  0.02  8.20754  0
317700.000000  0.589  0.02  5.80201  0
317760.000000  0.592  0.02  5.1128  0
317820.000000  0.597  0.02  4.61292  0
317880.000000  0.594  0.02  4.14658  0
317940.000000  0.592  0.02  4.01964  0
318000.000000  0.591  0.02  4.54422  0
318060.000000  0.589  0.02  4.54422  0
318120.000000  0.587  0.02  4.40889  0
318180.000000  0.586  0.02  4.21111  0
318240.000000  0.583  0.02  4.14658  0
318300.000000  0.582  0.02  3.83452  0
318360.000000  0.579  0.02  3.77422  0
318420.000000  0.575  0.02  3.95723  0
318480.000000  0.57  0.02  3.95723  0
318540.000000  0.565  0.02  4.08276  0
318600.000000  0.558  0.02  3.59756  0
318660.000000  0.552  0.02  3.54008  0
318720.000000  0.545  0.02  3.42722  0
318780.000000  0.539  0.02  3.37184  0
318840.000000  0.533  0.02  3.37184  0
318900.000000  0.528  0.02  3.77422  0
318960.000000  0.523  0.02  6.70739  0
319020.000000  0.518  0.02  6.04254  0
319080.000000  0.514  0.02  4.89454  0
319140.000000  0.511  0.02  4.61292  0
319200.000000  0.51  0.02  4.89454  0
319260.000000  0.51  0.02  4.21111  0
319320.000000  0.51  0.02  3.95723  0
319380.000000  0.511  0.02  3.95723  0
319440.000000  0.51  0.02  4.47621  0
319500.000000  0.508  0.02  3.71463  0
319560.000000  0.507  0.02  3.77422  0
319620.000000  0.507  0.02  3.59756  0
319680.000000  0.506  0.02  3.31715  0
319740.000000  0.505  0.02  3.05407  0
319800.000000  0.503  0.02  2.80795  0
319860.000000  0.502  0.02  2.71415  0
319920.000000  0.5  0.02  2.76072  0
319980.000000  0.499  0.02  2.49096  0
320040.000000  0.499  0.02  2.53432  0
320100.000000  0.5  0.02  2.49096  0
320160.000000  0.5  0.02  2.09092  0
320220.000000  0.501  0.02  1.94724  0
320280.000000  0.502  0.02  2.16617  0
320340.000000  0.503  0.02  2.20467  0
320400.000000  0.503  0.02  3.0035  0
320460.000000  0.503  0.02  3.71463  0
320520.000000  0.503  0.02  3.0035  0
320580.000000  0.505  0.02  2.49096  0
320640.000000  0.505  0.02  2.24376  0
320700.000000  0.506  0.02  2.12826  0
320760.000000  0.505  0.02  1.87871  0
320820.000000  0.504  0.02  1.94724  0
320880.000000  0.504  0.02  1.84525  0
320940.000000  0.503  0.02  1.84525  0
321000.000000  0.504  0.02  2.01796  0
321060.000000  0.503  0.02  1.98232  0
321120.000000  0.503  0.02  2.01796  0
321180.000000  0.503  0.02  2.01796  0
321240.000000  0.504  0.02  2.05416  0
321300.000000  0.503  0.02  2.12826  0
321360.000000  0.502  0.02  2.16617  0
321420.000000  0.502  0.02  2.28344  0
321480.000000  0.5  0.02  2.32372  0
321540.000000  0.498  0.02  2.32372  0
321600.000000  0.495  0.02  2.32372  0
321660.000000  0.491  0.02  2.32372  0
321720.000000  0.488  0.02  2.36461  0
321780.000000  0.487  0.02  2.57832  0
321840.000000  0.486  0.02  3.4833  0
321900.000000  0.485  0.02  2.85584  0
321960.000000  0.483  0.02  2.95361  0
322020.000000  0.481  0.02  2.53432  0
322080.000000  0.48  0.02  2.32372  0
322140.000000  0.478  0.02  2.24376  0
322200.000000  0.477  0.02  2.16617  0
322260.000000  0.476  0.02  2.28344  0
322320.000000  0.475  0.02  2.32372  0
322380.000000  0.474  0.02  2.57832  0
322440.000000  0.473  0.02  2.62295  0
322500.000000  0.473  0.02  2.80795  0
322560.000000  0.472  0.02  3.0035  0
322620.000000  0.471  0.02  3.20986  0
322680.000000  0.47  0.02  3.42722  0
322740.000000  0.469  0.02  3.37184  0
322800.000000  0.467  0.02  3.15724  0
322860.000000  0.464  0.02  2.90439  0
322920.000000  0.461  0.02  2.71415  0
322980.000000  0.452  0.02  2.62295  0
323040.000000  0.448  0.02  2.95361  0
323100.000000  0.447  0.02  2.95361  0
323160.000000  0.44  0.02  3.31715  0
323220.000000  0.436  0.02  3.37184  0
323280.000000  0.435  0.02  3.65574  0
323340.000000  0.435  0.02  3.77422  0
323400.000000  0.421  0.02  3.59756  0
323460.000000  0.406  0.02  3.37184  0
323520.000000  0.401  0.02  3.4833  0
323580.000000  0.397  0.02  3.37184  0
323640.000000  0.392  0.02  3.26316  0
323700.000000  0.392  0.02  3.0035  0
323760.000000  0.392  0.02  3.0035  0
323820.000000  0.385  0.02  3.0035  0
323880.000000  0.373  0.02  3.0035  0
323940.000000  0.371  0.02  2.80795  0
324000.000000  0.368  0.02  2.71415  0
324060.000000  0.368  0.02  2.66823  0
324120.000000  0.368  0.02  2.71415  0
324180.000000  0.37  0.02  2.66823  0
324240.000000  0.373  0.02  2.85584  0
324300.000000  0.375  0.02  2.95361  0
324360.000000  0.378  0.02  3.0035  0
324420.000000  0.388  0.02  2.76072  0
324480.000000  0.392  0.02  3.42722  0
324540.000000  0.391  0.02  3.77422  0
324600.000000  0.399  0.02  3.95723  0
324660.000000  0.403  0.02  4.54422  0
324720.000000  0.404  0.02  4.54422  0
324780.000000  0.403  0.02  4.40889  0
324840.000000  0.416  0.02  4.14658  0
324900.000000  0.43  0.02  3.71463  0
324960.000000  0.434  0.02  4.40889  0
325020.000000  0.436  0.02  5.33692  0
325080.000000  0.44  0.02  4.08276  0
325140.000000  0.44  0.02  6.04254  0
325200.000000  0.441  0.02  6.37091  0
325260.000000  0.448  0.02  6.79269  0
325320.000000  0.46  0.02  7.13815  0
325380.000000  0.462  0.02  8.02662  0
325440.000000  0.465  0.02  8.02662  0
325500.000000  0.466  0.02  7.93649  0
325560.000000  0.467  0.02  7.57854  0
325620.000000  0.468  0.02  6.53819  0
325680.000000  0.466  0.02  5.33692  0
325740.000000  0.464  0.02  5.1128  0
325800.000000  0.447  0.02  4.14658  0
325860.000000  0.446  0.02  4.01964  0
325920.000000  0.45  0.02  3.95723  0
325980.000000  0.453  0.02  4.01964  0
326040.000000  0.456  0.02  3.77422  0
326100.000000  0.457  0.02  4.34226  0
326160.000000  0.456  0.02  3.59756  0
326220.000000  0.459  0.02  4.08276  0
326280.000000  0.461  0.02  4.14658  0
326340.000000  0.463  0.02  4.14658  0
326400.000000  0.463  0.02  4.14658  0
326460.000000  0.463  0.02  3.95723  0
326520.000000  0.45  0.02  3.20986  0
326580.000000  0.44  0.02  3.31715  0
326640.000000  0.434  0.02  3.26316  0
326700.000000  0.426  0.02  3.26316  0
326760.000000  0.424  0.02  3.20986  0
326820.000000  0.419  0.02  3.20986  0
326880.000000  0.416  0.02  3.37184  0
326940.000000  0.414  0.02  3.26316  0
327000.000000  0.413  0.02  2.95361  0
327060.000000  0.411  0.02  3.15724  0
327120.000000  0.412  0.02  3.20986  0
327180.000000  0.415  0.02  3.05407  0
327240.000000  0.431  0.02  3.10531  0
327300.000000  0.43  0.02  2.95361  0
327360.000000  0.427  0.02  3.10531  0
327420.000000  0.425  0.02  3.10531  0
327480.000000  0.424  0.02  3.15724  0
327540.000000  0.421  0.02  3.37184  0
327600.000000  0.421  0.02  3.59756  0
327660.000000  0.419  0.02  3.95723  0
327720.000000  0.416  0.02  3.83452  0
327780.000000  0.413  0.02  3.89552  0
327840.000000  0.413  0.02  3.95723  0
327900.000000  0.41  0.02  3.77422  0
327960.000000  0.421  0.02  3.59756  0
328020.000000  0.426  0.02  3.77422  0
328080.000000  0.429  0.02  4.6823  0
328140.000000  0.435  0.02  4.96663  0
328200.000000  0.435  0.02  5.03938  0
328260.000000  0.438  0.02  5.56673  0
328320.000000  0.438  0.02  5.88162  0
328380.000000  0.437  0.02  6.12383  0
328440.000000  0.435  0.02  6.28803  0
328500.000000  0.432  0.02  6.96459  0
328560.000000  0.431  0.02  6.37091  0
328620.000000  0.429  0.02  6.37091  0
328680.000000  0.429  0.02  7.57854  0
328740.000000  0.43  0.02  7.66761  0
328800.000000  0.43  0.02  7.93649  0
328860.000000  0.431  0.02  8.02662  0
328920.000000  0.427  0.02  8.11698  0
328980.000000  0.427  0.02  8.20754  0
329040.000000  0.428  0.02  8.11698  0
329100.000000  0.428  0.02  8.11698  0
329160.000000  0.428  0.02  8.02662  0
329220.000000  0.428  0.02  7.93649  0
329280.000000  0.427  0.02  6.96459  0
329340.000000  0.39  0.02  5.4895  0
329400.000000  0.341  0.02  5.03938  0
329460.000000  0.311  0.02  5.18686  0
329520.000000  0.285  0.02  5.18686  0
329580.000000  0.243  0.02  4.61292  0
329640.000000  0.219  0.02  3.05407  0
329700.000000  0.214  0.02  3.15724  0
329760.000000  0.207  0.02  2.62295  0
329820.000000  0.204  0.02  2.4061  0
329880.000000  0.195  0.02  2.32372  0
329940.000000  0.181  0.02  1.77993  0
330000.000000  0.176  0.02  1.74804  0
330060.000000  0.169  0.02  1.40361  0
330120.000000  0.16  0.02  1.16536  0
330180.000000  0.145  0.02  1.37791  0
330240.000000  0.141  0.02  1.51088  0
330300.000000  0.137  0.02  1.30337  0
330360.000000  0.144  0.02  1.98232  0
330420.000000  0.146  0.02  1.45635  0
330480.000000  0.138  0.02  1.45635  0
330540.000000  0.096  0.02  1.35264  0
330600.000000  0.07  0.02  1.9127  0
330660.000000  0.068  0.02  2.12826  0
330720.000000  0.063  0.02  2.12826  0
330780.000000  0.087  0.02  1.87871  0
330840.000000  0.14  0.02  2.24376  0
330900.000000  0.175  0.02  2.20467  0
330960.000000  0.206  0.02  2.12826  0
331020.000000  0.249  0.02  2.05416  0
331080.000000  0.272  0.02  1.98232  0
331140.000000  0.264  0.02  2.01796  0
331200.000000  0.275  0.02  2.4061  0
331260.000000  0.273  0.02  2.05416  0
331320.000000  0.268  0.02  2.49096  0
331380.000000  0.286  0.02  2.4061  0
331440.000000  0.284  0.02  2.28344  0
331500.000000  0.29  0.02  2.32372  0
331560.000000  0.302  0.02  2.76072  0
331620.000000  0.313  0.02  2.57832  0
331680.000000  0.307  0.02  2.32372  0
331740.000000  0.293  0.02  1.71667  0
331800.000000  0.283  0.02  1.94724  0
331860.000000  0.275  0.02  2.01796  0
331920.000000  0.26  0.02  1.81233  0
331980.000000  0.298  0.02  1.84525  0
332040.000000  0.328  0.02  1.9127  0
332100.000000  0.32  0.02  1.59618  0
332160.000000  0.326  0.02  1.51088  0
332220.000000  0.345  0.02  1.40361  0
332280.000000  0.35  0.02  1.37791  0
332340.000000  0.356  0.02  1.42976  0
332400.000000  0.359  0.02  1.23257  0
332460.000000  0.359  0.02  1.16536  0
332520.000000  0.365  0.02  1.12246  0
332580.000000  0.38  0.02  1.08104  0
332640.000000  0.383  0.02  1.10157  0
332700.000000  0.394  0.02  1.12246  0
332760.000000  0.403  0.02  0.983687  0
332820.000000  0.406  0.02  1.04106  0
332880.000000  0.404  0.02  0.965235  0
332940.000000  0.39  0.02  0.983687  0
333000.000000  0.373  0.02  0.947109  0
333060.000000  0.381  0.02  0.929306  0
333120.000000  0.388  0.02  0.911819  0
333180.000000  0.406  0.02  1.06087  0
333240.000000  0.408  0.02  1.04106  0
333300.000000  0.411  0.02  1.10157  0
333360.000000  0.422  0.02  1.06087  0
333420.000000  0.431  0.02  1.08104  0
333480.000000  0.431  0.02  1.12246  0
333540.000000  0.433  0.02  1.10157  0
333600.000000  0.434  0.02  1.14372  0
333660.000000  0.427  0.02  1.16536  0
333720.000000  0.419  0.02  1.10157  0
333780.000000  0.39  0.02  1.00247  0
333840.000000  0.373  0.02  1.00247  0
333900.000000  0.38  0.02  1.00247  0
333960.000000  0.359  0.02  1.0216  0
334020.000000  0.33  0.02  1.00247  0
334080.000000  0.327  0.02  1.00247  0
334140.000000  0.315  0.02  0.947109  0
334200.000000  0.28  0.02  0.947109  0
334260.000000  0.255  0.02  0.965235  0
334320.000000  0.266  0.02  0.983687  0
334380.000000  0.284  0.02  0.929306  0
334440.000000  0.301  0.02  0.947109  0
334500.000000  0.277  0.02  0.947109  0
334560.000000  0.281  0.02  0.947109  0
334620.000000  0.258  0.02  0.947109  0
334680.000000  0.254  0.02  0.965235  0
334740.000000  0.262  0.02  0.983687  0
334800.000000  0.28  0.02  1.0216  0
334860.000000  0.284  0.02  1.04106  0
334920.000000  0.287  0.02  1.04106  0
334980.000000  0.303  0.02  0.947109  0
335040.000000  0.312  0.02  0.844946  0
335100.000000  0.323  0.02  0.782758  0
335160.000000  0.331  0.02  0.724956  0
335220.000000  0.36  0.02  0.684314  0
335280.000000  0.381  0.02  0.633519  0
335340.000000  0.385  0.02  0.6214  0
335400.000000  0.413  0.02  0.597829  0
335460.000000  0.448  0.02  0.597829  0
335520.000000  0.451  0.02  0.697612  0
