2.7360000e+04 9.2000000e+01 2.1000000e+00 0.0000000e+00 0.0000000e+00
2.7420000e+04 9.3000000e+01 1.4500000e+00 0.0000000e+00 0.0000000e+00
2.7480000e+04 9.3000000e+01 1.1500000e+00 0.0000000e+00 0.0000000e+00
2.7540000e+04 9.3000000e+01 9.0000001e-01 0.0000000e+00 0.0000000e+00
2.7600000e+04 9.4000000e+01 9.4999999e-01 0.0000000e+00 0.0000000e+00
2.7660000e+04 9.2000000e+01 1.0000000e+00 0.0000000e+00 0.0000000e+00
2.7720000e+04 9.1000000e+01 9.0000001e-01 0.0000000e+00 0.0000000e+00
2.7780000e+04 9.0000000e+01 7.9999998e-01 0.0000000e+00 1.1793050e+01
2.7840000e+04 8.9000000e+01 1.3000000e+00 0.0000000e+00 4.8105431e+01
2.7900000e+04 9.1000000e+01 1.4000000e+00 0.0000000e+00 9.3486153e+01
2.7960000e+04 8.2000000e+01 2.4499999e+00 0.0000000e+00 2.4264771e+02
2.8020000e+04 6.3000000e+01 3.5500000e+00 0.0000000e+00 3.0625430e+02
2.8080000e+04 6.2000000e+01 5.3499999e+00 0.0000000e+00 3.9793100e+02
2.8140000e+04 6.2000000e+01 4.3499999e+00 0.0000000e+00 1.7559550e+02
2.8200000e+04 7.0000000e+01 5.2000000e+00 0.0000000e+00 3.8130991e+02
2.8260000e+04 6.3000000e+01 5.0999999e+00 0.0000000e+00 3.1857349e+02
2.8320000e+04 5.0000000e+01 5.8499999e+00 0.0000000e+00 4.3322049e+02
2.8380000e+04 6.0000000e+01 5.7500000e+00 0.0000000e+00 2.5558521e+02
2.8440000e+04 7.9000000e+01 4.0500000e+00 0.0000000e+00 7.2761864e+01
2.8500000e+04 9.0000000e+01 2.9000000e+00 0.0000000e+00 3.6884281e+01
2.8560000e+04 9.3000000e+01 2.1500000e+00 0.0000000e+00 1.4255510e+01
2.8620000e+04 9.5000000e+01 1.9000000e+00 0.0000000e+00 0.0000000e+00
2.8680000e+04 9.6000000e+01 1.6500000e+00 0.0000000e+00 0.0000000e+00
2.8740000e+04 9.5000000e+01 1.8500000e+00 0.0000000e+00 0.0000000e+00
2.8800000e+04 9.6000000e+01 1.7000000e+00 0.0000000e+00 0.0000000e+00
2.8860000e+04 9.6000000e+01 1.6000000e+00 0.0000000e+00 0.0000000e+00
2.8920000e+04 9.6000000e+01 1.0500000e+00 0.0000000e+00 0.0000000e+00
2.8980000e+04 9.6000000e+01 5.5000001e-01 0.0000000e+00 0.0000000e+00
2.9040000e+04 9.6000000e+01 -9.9999994e-02 0.0000000e+00 0.0000000e+00
2.9100000e+04 9.7000000e+01 -3.4999999e-01 0.0000000e+00 0.0000000e+00
2.9160000e+04 9.7000000e+01 9.9999994e-02 0.0000000e+00 1.0202960e+01
2.9220000e+04 9.7000000e+01 8.4999999e-01 0.0000000e+00 9.1025124e+01
2.9280000e+04 8.4000000e+01 2.9999999e+00 0.0000000e+00 2.6859830e+02
2.9340000e+04 7.2000000e+01 4.9499998e+00 0.0000000e+00 4.0105841e+02
2.9400000e+04 6.9000000e+01 6.4000001e+00 0.0000000e+00 5.2100031e+02
2.9460000e+04 6.0000000e+01 7.5500000e+00 0.0000000e+00 6.3010608e+02
2.9520000e+04 4.8000000e+01 8.1500001e+00 0.0000000e+00 7.0033313e+02
2.9580000e+04 4.5000000e+01 9.2500000e+00 0.0000000e+00 7.0166913e+02
2.9640000e+04 3.6000000e+01 9.8000002e+00 0.0000000e+00 6.7557611e+02
2.9700000e+04 3.7000000e+01 1.0000000e+01 0.0000000e+00 6.1059448e+02
2.9760000e+04 3.8000000e+01 1.0050000e+01 0.0000000e+00 5.1068591e+02
2.9820000e+04 3.9000000e+01 9.8000002e+00 0.0000000e+00 4.0086551e+02
2.9880000e+04 5.3000000e+01 8.4500000e+00 0.0000000e+00 2.7908789e+02
2.9940000e+04 5.9000000e+01 6.8500001e+00 0.0000000e+00 3.1650499e+01
3.0000000e+04 6.9000000e+01 5.7000000e+00 0.0000000e+00 2.2957060e+00
3.0060000e+04 7.2000000e+01 4.6499999e+00 0.0000000e+00 0.0000000e+00
3.0120000e+04 7.5000000e+01 3.6499999e+00 0.0000000e+00 0.0000000e+00
3.0180000e+04 7.6000000e+01 2.7500000e+00 0.0000000e+00 0.0000000e+00
3.0240000e+04 7.9000000e+01 2.5500000e+00 0.0000000e+00 0.0000000e+00
3.0300000e+04 7.2000000e+01 2.2000000e+00 0.0000000e+00 0.0000000e+00
3.0360000e+04 7.2000000e+01 2.0000001e+00 0.0000000e+00 0.0000000e+00
3.0420000e+04 6.5000000e+01 2.5000000e+00 0.0000000e+00 0.0000000e+00
3.0480000e+04 5.7000000e+01 3.1000000e+00 0.0000000e+00 0.0000000e+00
3.0540000e+04 5.2000000e+01 3.6000000e+00 0.0000000e+00 0.0000000e+00
3.0600000e+04 4.9000000e+01 4.2000000e+00 0.0000000e+00 1.0973650e+01
3.0660000e+04 4.8000000e+01 4.7000000e+00 0.0000000e+00 5.4106602e+01
3.0720000e+04 4.6000000e+01 4.9000001e+00 0.0000000e+00 4.1218250e+01
3.0780000e+04 4.2000000e+01 5.8000000e+00 0.0000000e+00 1.4174110e+02
3.0840000e+04 4.1000000e+01 6.6500001e+00 0.0000000e+00 1.4698869e+02
3.0900000e+04 4.2000000e+01 6.7000000e+00 0.0000000e+00 1.0912530e+02
3.0960000e+04 4.2000000e+01 7.0000000e+00 0.0000000e+00 1.8144321e+02
3.1020000e+04 4.8000000e+01 7.4000001e+00 0.0000000e+00 2.1684061e+02
3.1080000e+04 5.0000000e+01 7.8499999e+00 0.0000000e+00 2.2336369e+02
3.1140000e+04 6.5000000e+01 7.4499998e+00 0.0000000e+00 1.9141859e+02
3.1200000e+04 8.2000000e+01 5.8999999e+00 0.0000000e+00 9.5069832e+01
3.1260000e+04 9.0000000e+01 5.1000001e+00 0.0000000e+00 7.6819519e+01
3.1320000e+04 9.2000000e+01 4.6000001e+00 0.0000000e+00 4.5313160e+01
3.1380000e+04 9.4000000e+01 4.2500000e+00 0.0000000e+00 5.6953669e+00
3.1440000e+04 9.1000000e+01 3.8000000e+00 0.0000000e+00 0.0000000e+00
3.1500000e+04 9.3000000e+01 3.2500000e+00 0.0000000e+00 0.0000000e+00
3.1560000e+04 9.4000000e+01 2.9000000e+00 0.0000000e+00 0.0000000e+00
3.1620000e+04 9.4000000e+01 2.6999999e+00 0.0000000e+00 0.0000000e+00
3.1680000e+04 9.3000000e+01 2.4499999e+00 0.0000000e+00 0.0000000e+00
3.1740000e+04 9.4000000e+01 2.1999999e+00 0.0000000e+00 0.0000000e+00
3.1800000e+04 9.3000000e+01 1.6000000e+00 0.0000000e+00 0.0000000e+00
3.1860000e+04 9.5000000e+01 1.0500000e+00 0.0000000e+00 0.0000000e+00
3.1920000e+04 9.5000000e+01 1.1000000e+00 0.0000000e+00 0.0000000e+00
3.1980000e+04 9.6000000e+01 1.1500000e+00 0.0000000e+00 0.0000000e+00
3.2040000e+04 9.5000000e+01 1.3000000e+00 0.0000000e+00 0.0000000e+00
3.2100000e+04 9.5000000e+01 1.0000000e+00 0.0000000e+00 2.5712219e+01
3.2160000e+04 9.5000000e+01 1.5000000e+00 0.0000000e+00 8.7642052e+01
3.2220000e+04 9.5000000e+01 1.3000000e+00 0.0000000e+00 4.6109100e+01
3.2280000e+04 9.3000000e+01 1.7000000e+00 0.0000000e+00 1.8222630e+02
3.2340000e+04 8.7000000e+01 2.8000001e+00 0.0000000e+00 1.4717740e+02
3.2400000e+04 9.2000000e+01 2.4000000e+00 0.0000000e+00 1.2486140e+02
3.2460000e+04 8.8000000e+01 2.9500000e+00 0.0000000e+00 1.7240961e+02
3.2520000e+04 8.7000000e+01 3.0999999e+00 0.0000000e+00 1.4627640e+02
3.2580000e+04 9.0000000e+01 2.8000000e+00 0.0000000e+00 1.0665350e+02
3.2640000e+04 8.5000000e+01 3.1500000e+00 0.0000000e+00 9.0275993e+01
3.2700000e+04 9.2000000e+01 2.7000000e+00 0.0000000e+00 5.0452431e+01
3.2760000e+04 9.3000000e+01 1.6500000e+00 0.0000000e+00 3.3375320e+01
3.2820000e+04 9.4000000e+01 1.1500000e+00 0.0000000e+00 2.7266930e+01
3.2880000e+04 9.5000000e+01 1.2000000e+00 0.0000000e+00 1.7872999e+01
3.2940000e+04 9.6000000e+01 1.4500000e+00 0.0000000e+00 0.0000000e+00
3.3000000e+04 9.4000000e+01 1.6500000e+00 0.0000000e+00 0.0000000e+00
3.3060000e+04 9.5000000e+01 1.3500000e+00 0.0000000e+00 0.0000000e+00
3.3120000e+04 9.6000000e+01 1.1000000e+00 0.0000000e+00 0.0000000e+00
3.3180000e+04 9.6000000e+01 1.3000000e+00 0.0000000e+00 0.0000000e+00
3.3240000e+04 9.6000000e+01 1.3500000e+00 0.0000000e+00 0.0000000e+00
3.3300000e+04 9.6000000e+01 1.3000000e+00 0.0000000e+00 0.0000000e+00
3.3360000e+04 9.6000000e+01 1.1000000e+00 0.0000000e+00 0.0000000e+00
3.3420000e+04 9.6000000e+01 1.0500000e+00 0.0000000e+00 0.0000000e+00
3.3480000e+04 9.4000000e+01 9.5000002e-01 0.0000000e+00 0.0000000e+00
3.3540000e+04 9.5000000e+01 1.0500000e+00 0.0000000e+00 1.8824850e+01
3.3600000e+04 9.5000000e+01 1.1500000e+00 0.0000000e+00 6.4515739e+01
3.3660000e+04 9.5000000e+01 1.2500000e+00 0.0000000e+00 8.7599731e+01
3.3720000e+04 9.3000000e+01 1.7000000e+00 0.0000000e+00 1.3112930e+02
3.3780000e+04 8.6000000e+01 2.3000000e+00 0.0000000e+00 2.4604120e+02
3.3840000e+04 8.8000000e+01 2.2500000e+00 0.0000000e+00 1.6147160e+02
3.3900000e+04 9.4000000e+01 1.2500000e+00 0.0000000e+00 1.2207810e+02
3.3960000e+04 9.0000000e+01 1.8000000e+00 0.0000000e+00 3.2652991e+02
3.4020000e+04 6.9000000e+01 3.8000000e+00 0.0000000e+00 5.4796539e+02
3.4080000e+04 7.2000000e+01 4.4000000e+00 0.0000000e+00 4.7491400e+02
3.4140000e+04 6.7000000e+01 4.8499999e+00 0.0000000e+00 4.4822961e+02
3.4200000e+04 7.9000000e+01 4.3000000e+00 0.0000000e+00 2.1766060e+02
3.4260000e+04 8.6000000e+01 3.0000000e+00 0.0000000e+00 4.8533611e+01
3.4320000e+04 8.5000000e+01 2.2000000e+00 0.0000000e+00 6.5165129e+00
3.4380000e+04 8.8000000e+01 1.6500000e+00 0.0000000e+00 0.0000000e+00
3.4440000e+04 8.6000000e+01 1.6000000e+00 0.0000000e+00 0.0000000e+00
3.4500000e+04 9.0000000e+01 1.1500000e+00 0.0000000e+00 0.0000000e+00
3.4560000e+04 8.9000000e+01 9.9999997e-01 0.0000000e+00 0.0000000e+00
3.4620000e+04 8.6000000e+01 1.0000000e+00 0.0000000e+00 0.0000000e+00
3.4680000e+04 8.1000000e+01 8.4999998e-01 0.0000000e+00 0.0000000e+00
3.4740000e+04 8.6000000e+01 8.5000002e-01 0.0000000e+00 0.0000000e+00
3.4800000e+04 9.0000000e+01 9.9999994e-02 0.0000000e+00 0.0000000e+00
3.4860000e+04 9.1000000e+01 -4.5000001e-01 0.0000000e+00 0.0000000e+00
3.4920000e+04 9.3000000e+01 -3.0000000e-01 0.0000000e+00 3.6734291e+01
3.4980000e+04 8.8000000e+01 9.0000001e-01 0.0000000e+00 1.2745040e+02
3.5040000e+04 7.4000000e+01 2.4000000e+00 0.0000000e+00 2.1489101e+02
3.5100000e+04 6.1000000e+01 4.1500000e+00 0.0000000e+00 4.2727850e+02
3.5160000e+04 5.2000000e+01 5.6500001e+00 0.0000000e+00 5.4677039e+02
3.5220000e+04 5.4000000e+01 6.6999998e+00 0.0000000e+00 6.3738379e+02
3.5280000e+04 5.2000000e+01 7.3000000e+00 0.0000000e+00 4.4469699e+02
3.5340000e+04 4.5000000e+01 7.5000002e+00 0.0000000e+00 3.1967221e+02
3.5400000e+04 4.7000000e+01 8.3000002e+00 0.0000000e+00 4.2008069e+02
3.5460000e+04 5.0000000e+01 8.5999999e+00 0.0000000e+00 5.1519263e+02
3.5520000e+04 4.9000000e+01 8.6000001e+00 0.0000000e+00 5.1912482e+02
3.5580000e+04 5.2000000e+01 8.0500002e+00 0.0000000e+00 3.7733810e+02
3.5640000e+04 5.9000000e+01 7.1500001e+00 0.0000000e+00 2.3920210e+02
3.5700000e+04 6.3000000e+01 6.1500001e+00 0.0000000e+00 5.4639118e+01
3.5760000e+04 7.8000000e+01 4.9500000e+00 0.0000000e+00 3.7172531e+01
3.5820000e+04 8.0000000e+01 3.4500000e+00 0.0000000e+00 0.0000000e+00
3.5880000e+04 8.2000000e+01 2.6000000e+00 0.0000000e+00 0.0000000e+00
3.5940000e+04 8.3000000e+01 2.0500001e+00 0.0000000e+00 0.0000000e+00
3.6000000e+04 8.8000000e+01 1.7000000e+00 0.0000000e+00 0.0000000e+00
3.6060000e+04 9.0000000e+01 1.2000000e+00 0.0000000e+00 0.0000000e+00
3.6120000e+04 8.8000000e+01 9.4999999e-01 0.0000000e+00 0.0000000e+00
3.6180000e+04 8.8000000e+01 8.0000001e-01 0.0000000e+00 0.0000000e+00
3.6240000e+04 8.4000000e+01 1.0500000e+00 0.0000000e+00 0.0000000e+00
3.6300000e+04 8.0000000e+01 1.4000000e+00 0.0000000e+00 0.0000000e+00
3.6360000e+04 7.1000000e+01 2.3000000e+00 0.0000000e+00 3.2846111e+01
3.6420000e+04 6.5000000e+01 4.2500000e+00 0.0000000e+00 1.7657410e+02
3.6480000e+04 4.8000000e+01 6.5000000e+00 0.0000000e+00 2.9851379e+02
3.6540000e+04 4.5000000e+01 8.5000002e+00 0.0000000e+00 4.2412170e+02
3.6600000e+04 3.7000000e+01 9.6500001e+00 0.0000000e+00 5.4522803e+02
3.6660000e+04 3.8000000e+01 1.0400000e+01 0.0000000e+00 6.2374341e+02
3.6720000e+04 3.4000000e+01 1.0750000e+01 0.0000000e+00 5.8318988e+02
3.6780000e+04 3.4000000e+01 1.0950000e+01 0.0000000e+00 5.8050909e+02
3.6840000e+04 3.7000000e+01 1.0000000e+01 0.0000000e+00 2.0640160e+02
3.6900000e+04 4.6000000e+01 9.0999999e+00 0.0000000e+00 1.0902130e+02
3.6960000e+04 4.4000000e+01 9.6500001e+00 0.0000000e+00 3.2196521e+02
3.7020000e+04 4.4000000e+01 9.7500000e+00 0.0000000e+00 3.8783139e+02
3.7080000e+04 5.1000000e+01 8.8499999e+00 0.0000000e+00 2.6629019e+02
3.7140000e+04 5.4000000e+01 7.4500000e+00 0.0000000e+00 9.5919312e+01
3.7200000e+04 6.0000000e+01 6.2000000e+00 0.0000000e+00 2.7672520e+01
3.7260000e+04 6.4000000e+01 4.7000000e+00 0.0000000e+00 0.0000000e+00
3.7320000e+04 6.9000000e+01 3.8499999e+00 0.0000000e+00 0.0000000e+00
3.7380000e+04 7.0000000e+01 3.5000000e+00 0.0000000e+00 0.0000000e+00
3.7440000e+04 7.5000000e+01 2.9000001e+00 0.0000000e+00 0.0000000e+00
3.7500000e+04 7.5000000e+01 2.7500000e+00 0.0000000e+00 0.0000000e+00
3.7560000e+04 7.4000000e+01 2.8000000e+00 0.0000000e+00 0.0000000e+00
3.7620000e+04 7.4000000e+01 2.5500000e+00 0.0000000e+00 0.0000000e+00
3.7680000e+04 7.8000000e+01 2.1500000e+00 0.0000000e+00 0.0000000e+00
3.7740000e+04 7.3000000e+01 2.2000000e+00 0.0000000e+00 0.0000000e+00
3.7800000e+04 6.5000000e+01 3.2000000e+00 0.0000000e+00 3.9825230e+01
3.7860000e+04 4.8000000e+01 4.9499999e+00 0.0000000e+00 1.5078841e+02
3.7920000e+04 4.6000000e+01 7.0500000e+00 0.0000000e+00 2.7995361e+02
3.7980000e+04 4.4000000e+01 8.8999999e+00 0.0000000e+00 4.2344159e+02
3.8040000e+04 4.2000000e+01 1.0400000e+01 0.0000000e+00 5.4990790e+02
3.8100000e+04 4.4000000e+01 1.1050000e+01 0.0000000e+00 6.4237531e+02
3.8160000e+04 3.9000000e+01 1.1400000e+01 0.0000000e+00 7.0094739e+02
3.8220000e+04 4.4000000e+01 1.2300000e+01 0.0000000e+00 6.9686902e+02
3.8280000e+04 4.8000000e+01 1.1550000e+01 0.0000000e+00 6.1715918e+02
3.8340000e+04 4.6000000e+01 1.1300000e+01 0.0000000e+00 5.9010138e+02
3.8400000e+04 4.9000000e+01 1.1100000e+01 0.0000000e+00 5.3337341e+02
3.8460000e+04 5.6000000e+01 1.0000000e+01 0.0000000e+00 2.5608981e+02
3.8520000e+04 6.0000000e+01 8.4499998e+00 0.0000000e+00 2.2453050e+02
3.8580000e+04 6.6000000e+01 7.5000000e+00 0.0000000e+00 6.6361137e+01
3.8640000e+04 7.1000000e+01 6.5000000e+00 0.0000000e+00 1.2863260e+01
3.8700000e+04 7.5000000e+01 5.4000001e+00 0.0000000e+00 0.0000000e+00
3.8760000e+04 7.7000000e+01 4.3500001e+00 0.0000000e+00 0.0000000e+00
3.8820000e+04 8.1000000e+01 3.5500001e+00 0.0000000e+00 0.0000000e+00
3.8880000e+04 7.7000000e+01 3.5500000e+00 0.0000000e+00 0.0000000e+00
3.8940000e+04 8.2000000e+01 3.3000000e+00 0.0000000e+00 0.0000000e+00
3.9000000e+04 8.5000000e+01 2.3500000e+00 0.0000000e+00 0.0000000e+00
3.9060000e+04 6.2000000e+01 3.0999999e+00 0.0000000e+00 0.0000000e+00
3.9120000e+04 5.8000000e+01 4.1000001e+00 0.0000000e+00 0.0000000e+00
3.9180000e+04 5.7000000e+01 3.8000000e+00 0.0000000e+00 0.0000000e+00
3.9240000e+04 4.9000000e+01 4.9500000e+00 0.0000000e+00 3.2614288e+01
3.9300000e+04 4.2000000e+01 6.7500000e+00 0.0000000e+00 1.8124001e+02
3.9360000e+04 4.1000000e+01 8.1999998e+00 0.0000000e+00 3.0546591e+02
3.9420000e+04 3.5000000e+01 9.6500001e+00 0.0000000e+00 4.4031760e+02
3.9480000e+04 3.2000000e+01 1.1300000e+01 0.0000000e+00 5.6062140e+02
3.9540000e+04 3.0000000e+01 1.2000000e+01 0.0000000e+00 6.5554492e+02
3.9600000e+04 3.0000000e+01 1.2500000e+01 0.0000000e+00 7.2073810e+02
3.9660000e+04 2.8000000e+01 1.2800000e+01 0.0000000e+00 7.0970459e+02
3.9720000e+04 2.9000000e+01 1.3250000e+01 0.0000000e+00 6.9036261e+02
3.9780000e+04 3.2000000e+01 1.3450000e+01 0.0000000e+00 5.7586603e+02
3.9840000e+04 3.5000000e+01 1.3250000e+01 0.0000000e+00 3.7414221e+02
3.9900000e+04 3.3000000e+01 1.3200000e+01 0.0000000e+00 4.0814969e+02
3.9960000e+04 3.7000000e+01 1.3100000e+01 0.0000000e+00 2.6738611e+02
4.0020000e+04 4.0000000e+01 1.2900000e+01 0.0000000e+00 1.1384360e+02
4.0080000e+04 5.5000000e+01 1.1900000e+01 0.0000000e+00 1.1443920e+01
4.0140000e+04 5.7000000e+01 1.0750000e+01 0.0000000e+00 0.0000000e+00
4.0200000e+04 5.4000000e+01 1.0800000e+01 0.0000000e+00 0.0000000e+00
4.0260000e+04 5.0000000e+01 1.1250000e+01 0.0000000e+00 0.0000000e+00
4.0320000e+04 5.2000000e+01 1.1300000e+01 0.0000000e+00 0.0000000e+00
4.0380000e+04 5.1000000e+01 1.1700000e+01 0.0000000e+00 0.0000000e+00
4.0440000e+04 5.1000000e+01 1.1650000e+01 0.0000000e+00 0.0000000e+00
4.0500000e+04 5.8000000e+01 1.0850000e+01 0.0000000e+00 0.0000000e+00
4.0560000e+04 5.4000000e+01 1.0050000e+01 0.0000000e+00 0.0000000e+00
4.0620000e+04 5.0000000e+01 1.1550000e+01 0.0000000e+00 0.0000000e+00
4.0680000e+04 5.3000000e+01 1.2050000e+01 0.0000000e+00 0.0000000e+00
4.0740000e+04 5.4000000e+01 1.1950000e+01 0.0000000e+00 9.7538118e+00
4.0800000e+04 4.5000000e+01 1.3350000e+01 0.0000000e+00 1.8175301e+02
4.0860000e+04 4.2000000e+01 1.5650001e+01 0.0000000e+00 3.9497021e+02
4.0920000e+04 5.8000000e+01 1.3850000e+01 0.0000000e+00 1.4822150e+02
4.0980000e+04 4.7000000e+01 1.1200000e+01 0.0000000e+00 9.5901489e+01
4.1040000e+04 4.2000000e+01 1.2350000e+01 0.0000000e+00 2.5443050e+02
4.1100000e+04 4.5000000e+01 1.2200000e+01 0.0000000e+00 2.4795720e+02
4.1160000e+04 3.9000000e+01 1.1700000e+01 0.0000000e+00 2.8743250e+02
4.1220000e+04 3.8000000e+01 1.2150000e+01 0.0000000e+00 2.8428500e+02
4.1280000e+04 3.8000000e+01 1.2950000e+01 0.0000000e+00 3.9323810e+02
4.1340000e+04 4.5000000e+01 1.2250000e+01 0.0000000e+00 1.4356290e+02
4.1400000e+04 4.7000000e+01 1.1700000e+01 0.0000000e+00 1.1417900e+02
4.1460000e+04 4.5000000e+01 1.1400000e+01 0.0000000e+00 7.2476044e+01
4.1520000e+04 4.4000000e+01 1.1050000e+01 0.0000000e+00 2.6886669e+01
4.1580000e+04 4.4000000e+01 1.1050000e+01 0.0000000e+00 0.0000000e+00
4.1640000e+04 4.7000000e+01 1.0750000e+01 0.0000000e+00 0.0000000e+00
4.1700000e+04 4.4000000e+01 1.0950000e+01 0.0000000e+00 0.0000000e+00
4.1760000e+04 4.7000000e+01 1.1050000e+01 0.0000000e+00 0.0000000e+00
4.1820000e+04 5.1000000e+01 1.1050000e+01 0.0000000e+00 0.0000000e+00
4.1880000e+04 4.9000000e+01 1.0650000e+01 0.0000000e+00 0.0000000e+00
4.1940000e+04 5.0000000e+01 1.0150000e+01 0.0000000e+00 0.0000000e+00
4.2000000e+04 5.3000000e+01 1.0500000e+01 0.0000000e+00 0.0000000e+00
4.2060000e+04 5.5000000e+01 9.5999999e+00 0.0000000e+00 0.0000000e+00
4.2120000e+04 4.8000000e+01 9.7500000e+00 0.0000000e+00 7.1577299e-01
4.2180000e+04 4.5000000e+01 1.0650000e+01 0.0000000e+00 3.3844879e+01
4.2240000e+04 4.1000000e+01 1.1550000e+01 0.0000000e+00 1.1895720e+02
4.2300000e+04 3.9000000e+01 1.2350000e+01 0.0000000e+00 1.2544980e+02
4.2360000e+04 3.7000000e+01 1.3050000e+01 0.0000000e+00 1.6978870e+02
4.2420000e+04 3.6000000e+01 1.3950000e+01 0.0000000e+00 2.4583270e+02
4.2480000e+04 3.6000000e+01 1.4450000e+01 0.0000000e+00 2.4862500e+02
4.2540000e+04 3.5000000e+01 1.5050000e+01 0.0000000e+00 3.1413309e+02
4.2600000e+04 2.9000000e+01 1.6550000e+01 0.0000000e+00 4.4193390e+02
4.2660000e+04 2.7000000e+01 1.7650000e+01 0.0000000e+00 5.2120630e+02
4.2720000e+04 2.9000000e+01 1.7800000e+01 0.0000000e+00 3.3418271e+02
4.2780000e+04 3.2000000e+01 1.8250000e+01 0.0000000e+00 4.1182800e+02
4.2840000e+04 4.4000000e+01 1.7000000e+01 0.0000000e+00 3.4359811e+02
4.2900000e+04 6.1000000e+01 1.4250000e+01 0.0000000e+00 9.8798630e+01
4.2960000e+04 6.4000000e+01 1.2250000e+01 0.0000000e+00 1.2512130e+01
4.3020000e+04 6.4000000e+01 1.1100000e+01 0.0000000e+00 0.0000000e+00
4.3080000e+04 6.5000000e+01 1.0200000e+01 0.0000000e+00 0.0000000e+00
4.3140000e+04 6.6000000e+01 1.0700000e+01 0.0000000e+00 0.0000000e+00
4.3200000e+04 6.9000000e+01 9.8000002e+00 0.0000000e+00 0.0000000e+00
4.3260000e+04 5.5000000e+01 1.0100000e+01 0.0000000e+00 0.0000000e+00
4.3320000e+04 5.5000000e+01 1.0400000e+01 0.0000000e+00 0.0000000e+00
4.3380000e+04 5.4000000e+01 1.1750000e+01 0.0000000e+00 0.0000000e+00
4.3440000e+04 5.6000000e+01 1.1600000e+01 0.0000000e+00 0.0000000e+00
4.3500000e+04 5.4000000e+01 1.2000000e+01 0.0000000e+00 0.0000000e+00
4.3560000e+04 6.3000000e+01 1.1500000e+01 0.0000000e+00 3.1927940e+01
4.3620000e+04 6.3000000e+01 1.1200000e+01 0.0000000e+00 7.2567207e+01
4.3680000e+04 6.3000000e+01 1.2050000e+01 0.0000000e+00 1.5751640e+02
4.3740000e+04 4.7000000e+01 1.4300000e+01 0.0000000e+00 2.7787460e+02
4.3800000e+04 4.2000000e+01 1.7250000e+01 0.0000000e+00 5.1827448e+02
4.3860000e+04 4.3000000e+01 1.8000000e+01 0.0000000e+00 4.2836069e+02
4.3920000e+04 4.0000000e+01 1.7950000e+01 0.0000000e+00 3.2155420e+02
4.3980000e+04 4.6000000e+01 1.6800000e+01 0.0000000e+00 1.0001920e+02
4.4040000e+04 8.9000000e+01 1.3950000e+01 0.0000000e+00 5.8767681e+01
4.4100000e+04 8.7000000e+01 1.2400000e+01 0.0000000e+00 9.9968674e+01
4.4160000e+04 6.4000000e+01 1.4100000e+01 0.0000000e+00 2.9629779e+02
4.4220000e+04 5.5000000e+01 1.5950000e+01 0.0000000e+00 2.8313901e+02
4.4280000e+04 5.6000000e+01 1.6450001e+01 0.0000000e+00 1.4166960e+02
4.4340000e+04 5.7000000e+01 1.5700000e+01 0.0000000e+00 7.2162781e+01
4.4400000e+04 6.6000000e+01 1.4200000e+01 0.0000000e+00 1.9735640e+01
4.4460000e+04 6.7000000e+01 1.2700000e+01 0.0000000e+00 0.0000000e+00
4.4520000e+04 7.2000000e+01 1.1550000e+01 0.0000000e+00 0.0000000e+00
4.4580000e+04 7.3000000e+01 1.0800000e+01 0.0000000e+00 0.0000000e+00
4.4640000e+04 7.3000000e+01 1.0450000e+01 0.0000000e+00 0.0000000e+00
4.4700000e+04 7.2000000e+01 1.0050000e+01 0.0000000e+00 0.0000000e+00
4.4760000e+04 6.6000000e+01 1.0750000e+01 0.0000000e+00 0.0000000e+00
4.4820000e+04 6.6000000e+01 1.1950000e+01 0.0000000e+00 0.0000000e+00
4.4880000e+04 7.0000000e+01 1.0850000e+01 0.0000000e+00 0.0000000e+00
4.4940000e+04 7.3000000e+01 1.0100000e+01 0.0000000e+00 0.0000000e+00
4.5000000e+04 7.3000000e+01 1.0050000e+01 0.0000000e+00 2.6869450e+01
4.5060000e+04 5.8000000e+01 1.1700000e+01 0.0000000e+00 1.0313570e+02
4.5120000e+04 5.3000000e+01 1.4100000e+01 0.0000000e+00 2.7131339e+02
4.5180000e+04 4.6000000e+01 1.6350000e+01 0.0000000e+00 4.0115302e+02
4.5240000e+04 4.4000000e+01 1.8050000e+01 0.0000000e+00 5.1158539e+02
4.5300000e+04 4.5000000e+01 1.8550000e+01 0.0000000e+00 6.0393848e+02
4.5360000e+04 4.2000000e+01 1.9000000e+01 0.0000000e+00 6.6545300e+02
4.5420000e+04 4.1000000e+01 1.9250000e+01 0.0000000e+00 6.0704303e+02
4.5480000e+04 4.4000000e+01 1.9700000e+01 0.0000000e+00 5.4394092e+02
4.5540000e+04 4.6000000e+01 1.9800000e+01 0.0000000e+00 5.2381628e+02
4.5600000e+04 4.4000000e+01 1.8350000e+01 0.0000000e+00 5.0731351e+02
4.5660000e+04 4.8000000e+01 1.7650000e+01 0.0000000e+00 3.7137750e+02
4.5720000e+04 5.2000000e+01 1.6600000e+01 0.0000000e+00 2.7755530e+02
4.5780000e+04 6.0000000e+01 1.5250000e+01 0.0000000e+00 8.3496803e+01
4.5840000e+04 6.3000000e+01 1.4300000e+01 0.0000000e+00 2.1588181e+01
4.5900000e+04 6.5000000e+01 1.3150000e+01 0.0000000e+00 0.0000000e+00
4.5960000e+04 6.9000000e+01 1.2250000e+01 0.0000000e+00 0.0000000e+00
4.6020000e+04 7.3000000e+01 1.1300000e+01 0.0000000e+00 0.0000000e+00
4.6080000e+04 7.6000000e+01 1.0550000e+01 0.0000000e+00 0.0000000e+00
4.6140000e+04 8.3000000e+01 9.2500000e+00 0.0000000e+00 0.0000000e+00
4.6200000e+04 8.6000000e+01 8.8499999e+00 0.0000000e+00 0.0000000e+00
4.6260000e+04 8.5000000e+01 8.5000000e+00 0.0000000e+00 0.0000000e+00
4.6320000e+04 8.4000000e+01 7.9500003e+00 0.0000000e+00 0.0000000e+00
4.6380000e+04 8.8000000e+01 7.8500001e+00 0.0000000e+00 0.0000000e+00
4.6440000e+04 8.9000000e+01 7.6499999e+00 0.0000000e+00 3.9814590e+01
4.6500000e+04 7.6000000e+01 9.6499996e+00 0.0000000e+00 1.6987621e+02
4.6560000e+04 7.0000000e+01 1.1550000e+01 0.0000000e+00 2.8946759e+02
4.6620000e+04 6.3000000e+01 1.3100000e+01 0.0000000e+00 4.1676190e+02
4.6680000e+04 5.6000000e+01 1.5200000e+01 0.0000000e+00 5.3051129e+02
4.6740000e+04 5.2000000e+01 1.7050000e+01 0.0000000e+00 6.2269171e+02
4.6800000e+04 4.8000000e+01 1.8550000e+01 0.0000000e+00 6.8547388e+02
4.6860000e+04 4.7000000e+01 1.9450000e+01 0.0000000e+00 7.0027100e+02
4.6920000e+04 4.6000000e+01 1.9750000e+01 0.0000000e+00 6.7284637e+02
4.6980000e+04 4.5000000e+01 1.9650000e+01 0.0000000e+00 6.1235138e+02
4.7040000e+04 5.5000000e+01 1.7750000e+01 0.0000000e+00 5.1773499e+02
4.7100000e+04 5.4000000e+01 1.6950000e+01 0.0000000e+00 4.0135431e+02
4.7160000e+04 5.5000000e+01 1.7450000e+01 0.0000000e+00 2.8463440e+02
4.7220000e+04 6.0000000e+01 1.6500000e+01 0.0000000e+00 8.5431374e+01
4.7280000e+04 5.9000000e+01 1.5900000e+01 0.0000000e+00 2.0320789e+01
4.7340000e+04 6.7000000e+01 1.4700000e+01 0.0000000e+00 0.0000000e+00
4.7400000e+04 7.2000000e+01 1.2900000e+01 0.0000000e+00 0.0000000e+00
4.7460000e+04 8.2000000e+01 1.1500000e+01 0.0000000e+00 0.0000000e+00
4.7520000e+04 8.7000000e+01 9.8000002e+00 0.0000000e+00 0.0000000e+00
4.7580000e+04 8.8000000e+01 8.8499999e+00 0.0000000e+00 0.0000000e+00
4.7640000e+04 9.2000000e+01 8.1499999e+00 0.0000000e+00 0.0000000e+00
4.7700000e+04 9.3000000e+01 7.5500000e+00 0.0000000e+00 0.0000000e+00
4.7760000e+04 9.1000000e+01 7.1500001e+00 0.0000000e+00 0.0000000e+00
4.7820000e+04 8.7000000e+01 7.5000000e+00 0.0000000e+00 0.0000000e+00
4.7880000e+04 7.0000000e+01 9.0500002e+00 0.0000000e+00 3.9855831e+01
4.7940000e+04 6.9000000e+01 1.1600000e+01 0.0000000e+00 1.8188161e+02
4.8000000e+04 6.4000000e+01 1.3650000e+01 0.0000000e+00 3.0930530e+02
4.8060000e+04 5.4000000e+01 1.5150000e+01 0.0000000e+00 4.3669470e+02
4.8120000e+04 4.6000000e+01 1.6900000e+01 0.0000000e+00 5.5305341e+02
4.8180000e+04 4.3000000e+01 1.8450000e+01 0.0000000e+00 6.4436261e+02
4.8240000e+04 3.9000000e+01 2.0000000e+01 0.0000000e+00 7.0834869e+02
4.8300000e+04 4.0000000e+01 1.9600000e+01 0.0000000e+00 7.2480627e+02
4.8360000e+04 3.8000000e+01 1.9500000e+01 0.0000000e+00 7.0334222e+02
4.8420000e+04 4.2000000e+01 1.9500000e+01 0.0000000e+00 6.4474432e+02
4.8480000e+04 3.9000000e+01 1.9300000e+01 0.0000000e+00 5.5165918e+02
4.8540000e+04 4.0000000e+01 1.9200000e+01 0.0000000e+00 4.3217719e+02
4.8600000e+04 4.7000000e+01 1.8250000e+01 0.0000000e+00 3.0865341e+02
4.8660000e+04 5.3000000e+01 1.6450000e+01 0.0000000e+00 8.0936172e+01
4.8720000e+04 5.6000000e+01 1.4700000e+01 0.0000000e+00 1.5631830e+01
4.8780000e+04 5.6000000e+01 1.3450000e+01 0.0000000e+00 0.0000000e+00
4.8840000e+04 6.1000000e+01 1.2100000e+01 0.0000000e+00 0.0000000e+00
4.8900000e+04 6.6000000e+01 1.0950000e+01 0.0000000e+00 0.0000000e+00
4.8960000e+04 7.0000000e+01 1.0450000e+01 0.0000000e+00 0.0000000e+00
4.9020000e+04 7.1000000e+01 9.8500004e+00 0.0000000e+00 0.0000000e+00
4.9080000e+04 7.7000000e+01 9.0499997e+00 0.0000000e+00 0.0000000e+00
4.9140000e+04 7.0000000e+01 8.9500003e+00 0.0000000e+00 0.0000000e+00
4.9200000e+04 6.8000000e+01 9.5499997e+00 0.0000000e+00 0.0000000e+00
4.9260000e+04 7.0000000e+01 9.0500002e+00 0.0000000e+00 0.0000000e+00
4.9320000e+04 7.2000000e+01 9.5000000e+00 0.0000000e+00 3.8584400e+01
4.9380000e+04 7.1000000e+01 1.0200000e+01 0.0000000e+00 1.9311301e+02
4.9440000e+04 6.4000000e+01 1.1950000e+01 0.0000000e+00 3.1829919e+02
4.9500000e+04 6.1000000e+01 1.3050000e+01 0.0000000e+00 4.2928430e+02
4.9560000e+04 6.5000000e+01 1.3750000e+01 0.0000000e+00 5.7828052e+02
4.9620000e+04 6.7000000e+01 1.3850000e+01 0.0000000e+00 6.5467712e+02
4.9680000e+04 7.0000000e+01 1.3400000e+01 0.0000000e+00 7.1765527e+02
4.9740000e+04 7.1000000e+01 1.2800000e+01 0.0000000e+00 7.3096252e+02
4.9800000e+04 7.1000000e+01 1.2450000e+01 0.0000000e+00 7.0850409e+02
4.9860000e+04 7.1000000e+01 1.2450000e+01 0.0000000e+00 6.4355798e+02
4.9920000e+04 7.1000000e+01 1.2600000e+01 0.0000000e+00 5.2947412e+02
4.9980000e+04 7.3000000e+01 1.2200000e+01 0.0000000e+00 4.2739441e+02
5.0040000e+04 7.7000000e+01 1.1450000e+01 0.0000000e+00 3.0856061e+02
5.0100000e+04 8.4000000e+01 1.0200000e+01 0.0000000e+00 8.5798592e+01
5.0160000e+04 8.8000000e+01 9.0499997e+00 0.0000000e+00 1.9127819e+01
5.0220000e+04 9.0000000e+01 8.4000001e+00 0.0000000e+00 0.0000000e+00
5.0280000e+04 9.3000000e+01 7.5000000e+00 0.0000000e+00 0.0000000e+00
5.0340000e+04 9.4000000e+01 6.6499999e+00 0.0000000e+00 0.0000000e+00
5.0400000e+04 9.5000000e+01 6.0500000e+00 0.0000000e+00 0.0000000e+00
5.0460000e+04 9.6000000e+01 5.5999999e+00 0.0000000e+00 0.0000000e+00
5.0520000e+04 9.6000000e+01 4.8500001e+00 0.0000000e+00 0.0000000e+00
5.0580000e+04 9.7000000e+01 4.4499998e+00 0.0000000e+00 0.0000000e+00
5.0640000e+04 9.7000000e+01 5.0000000e+00 0.0000000e+00 0.0000000e+00
5.0700000e+04 9.7000000e+01 5.5999999e+00 0.0000000e+00 0.0000000e+00
5.0760000e+04 9.7000000e+01 5.8000000e+00 0.0000000e+00 1.7272200e+01
5.0820000e+04 9.7000000e+01 5.8499999e+00 0.0000000e+00 5.1024109e+01
5.0880000e+04 9.7000000e+01 6.1500001e+00 0.0000000e+00 1.1010460e+02
5.0940000e+04 9.7000000e+01 6.8000002e+00 0.0000000e+00 2.5298640e+02
5.1000000e+04 8.8000000e+01 7.8999999e+00 0.0000000e+00 5.0263501e+02
5.1060000e+04 7.8000000e+01 1.0200000e+01 0.0000000e+00 6.4668103e+02
5.1120000e+04 7.4000000e+01 1.1700000e+01 0.0000000e+00 7.0569287e+02
5.1180000e+04 7.2000000e+01 1.2650000e+01 0.0000000e+00 7.2325439e+02
5.1240000e+04 6.7000000e+01 1.3750000e+01 0.0000000e+00 6.9754773e+02
5.1300000e+04 6.6000000e+01 1.4300000e+01 0.0000000e+00 6.3448022e+02
5.1360000e+04 7.0000000e+01 1.3800000e+01 0.0000000e+00 5.4233038e+02
5.1420000e+04 7.5000000e+01 1.2650000e+01 0.0000000e+00 4.2458090e+02
5.1480000e+04 8.1000000e+01 1.1050000e+01 0.0000000e+00 3.0792291e+02
5.1540000e+04 8.7000000e+01 9.3500004e+00 0.0000000e+00 8.8644493e+01
5.1600000e+04 9.1000000e+01 8.0500002e+00 0.0000000e+00 2.4630760e+01
5.1660000e+04 9.4000000e+01 7.2000000e+00 0.0000000e+00 2.4640870e+00
5.1720000e+04 9.6000000e+01 6.9000001e+00 0.0000000e+00 0.0000000e+00
5.1780000e+04 9.7000000e+01 6.7500000e+00 0.0000000e+00 0.0000000e+00
5.1840000e+04 9.7000000e+01 6.8000000e+00 0.0000000e+00 0.0000000e+00
5.1900000e+04 9.7000000e+01 6.8000000e+00 0.0000000e+00 0.0000000e+00
5.1960000e+04 9.8000000e+01 6.8000000e+00 0.0000000e+00 0.0000000e+00
5.2020000e+04 9.8000000e+01 7.0000000e+00 0.0000000e+00 0.0000000e+00
5.2080000e+04 9.8000000e+01 7.1499999e+00 0.0000000e+00 0.0000000e+00
5.2140000e+04 9.8000000e+01 7.3499999e+00 0.0000000e+00 0.0000000e+00
5.2200000e+04 9.8000000e+01 7.5999999e+00 0.0000000e+00 1.1626180e+01
5.2260000e+04 9.7000000e+01 7.8499999e+00 0.0000000e+00 1.3291400e+01
5.2320000e+04 9.7000000e+01 8.0500000e+00 0.0000000e+00 1.8325220e+01
5.2380000e+04 9.7000000e+01 8.3500004e+00 0.0000000e+00 2.9243950e+01
5.2440000e+04 9.6000000e+01 9.0000000e+00 0.0000000e+00 8.7165710e+01
5.2500000e+04 9.3000000e+01 9.5500002e+00 0.0000000e+00 1.4058180e+02
5.2560000e+04 9.4000000e+01 9.8499999e+00 0.0000000e+00 7.4763733e+01
5.2620000e+04 9.4000000e+01 9.8499999e+00 0.0000000e+00 6.9037727e+01
5.2680000e+04 9.4000000e+01 1.0150000e+01 0.0000000e+00 1.2749680e+02
5.2740000e+04 9.3000000e+01 1.0350000e+01 0.0000000e+00 1.4560609e+02
5.2800000e+04 9.4000000e+01 1.0200000e+01 0.0000000e+00 6.8767143e+01
5.2860000e+04 9.5000000e+01 9.9499998e+00 0.0000000e+00 7.3913460e+01
5.2920000e+04 9.3000000e+01 1.0300000e+01 0.0000000e+00 6.9725052e+01
5.2980000e+04 9.3000000e+01 1.0000000e+01 0.0000000e+00 5.3889309e+01
5.3040000e+04 9.5000000e+01 9.0000000e+00 0.0000000e+00 9.4215469e+00
5.3100000e+04 9.6000000e+01 8.0500002e+00 0.0000000e+00 0.0000000e+00
5.3160000e+04 9.7000000e+01 7.6500001e+00 0.0000000e+00 0.0000000e+00
5.3220000e+04 9.7000000e+01 7.5000000e+00 0.0000000e+00 0.0000000e+00
5.3280000e+04 9.6000000e+01 7.2000000e+00 0.0000000e+00 0.0000000e+00
5.3340000e+04 9.6000000e+01 6.5999999e+00 0.0000000e+00 0.0000000e+00
5.3400000e+04 9.7000000e+01 6.2000000e+00 0.0000000e+00 0.0000000e+00
5.3460000e+04 9.6000000e+01 6.0999999e+00 0.0000000e+00 0.0000000e+00
5.3520000e+04 9.6000000e+01 5.9500000e+00 0.0000000e+00 0.0000000e+00
5.3580000e+04 9.6000000e+01 5.9000001e+00 0.0000000e+00 0.0000000e+00
5.3640000e+04 9.6000000e+01 6.2000000e+00 0.0000000e+00 2.5636990e+01
5.3700000e+04 9.5000000e+01 6.6000001e+00 0.0000000e+00 6.5807404e+01
5.3760000e+04 8.8000000e+01 7.0000000e+00 0.0000000e+00 1.7381660e+02
5.3820000e+04 8.4000000e+01 7.8499999e+00 0.0000000e+00 2.2038470e+02
5.3880000e+04 8.3000000e+01 8.2000000e+00 0.0000000e+00 1.4967529e+02
5.3940000e+04 8.0000000e+01 8.6000001e+00 0.0000000e+00 2.6889569e+02
5.4000000e+04 7.5000000e+01 9.2500000e+00 0.0000000e+00 2.9825562e+02
5.4060000e+04 7.2000000e+01 1.0300000e+01 0.0000000e+00 5.4741998e+02
5.4120000e+04 6.7000000e+01 1.1400000e+01 0.0000000e+00 5.9744672e+02
5.4180000e+04 6.6000000e+01 1.1450000e+01 0.0000000e+00 5.0411911e+02
5.4240000e+04 6.6000000e+01 1.1250000e+01 0.0000000e+00 4.4873749e+02
5.4300000e+04 7.2000000e+01 1.0550000e+01 0.0000000e+00 2.8434052e+02
5.4360000e+04 7.5000000e+01 8.6999998e+00 0.0000000e+00 7.2256470e+01
5.4420000e+04 7.5000000e+01 7.8499999e+00 0.0000000e+00 4.0137909e+01
5.4480000e+04 7.7000000e+01 7.4000001e+00 0.0000000e+00 2.7715099e+01
5.4540000e+04 8.3000000e+01 7.1000001e+00 0.0000000e+00 4.4323421e+00
5.4600000e+04 8.5000000e+01 6.9500000e+00 0.0000000e+00 0.0000000e+00
5.4660000e+04 8.5000000e+01 6.9500000e+00 0.0000000e+00 0.0000000e+00
5.4720000e+04 8.0000000e+01 7.4000001e+00 0.0000000e+00 0.0000000e+00
5.4780000e+04 8.7000000e+01 7.8000000e+00 0.0000000e+00 0.0000000e+00
5.4840000e+04 9.0000000e+01 7.8500001e+00 0.0000000e+00 0.0000000e+00
5.4900000e+04 8.2000000e+01 8.2500000e+00 0.0000000e+00 0.0000000e+00
5.4960000e+04 9.1000000e+01 8.5000000e+00 0.0000000e+00 0.0000000e+00
5.5020000e+04 9.2000000e+01 8.3500004e+00 0.0000000e+00 0.0000000e+00
5.5080000e+04 9.4000000e+01 8.2500000e+00 0.0000000e+00 2.1625581e+00
5.5140000e+04 9.2000000e+01 8.5999999e+00 0.0000000e+00 2.4480560e+01
5.5200000e+04 8.2000000e+01 9.4500003e+00 0.0000000e+00 4.8219391e+01
5.5260000e+04 9.2000000e+01 9.8499999e+00 0.0000000e+00 6.8468483e+01
5.5320000e+04 9.0000000e+01 9.5999999e+00 0.0000000e+00 8.0274689e+01
5.5380000e+04 9.2000000e+01 1.0050000e+01 0.0000000e+00 1.0309320e+02
5.5440000e+04 9.3000000e+01 1.0000000e+01 0.0000000e+00 1.0097530e+02
5.5500000e+04 9.4000000e+01 9.4499998e+00 0.0000000e+00 1.2934210e+02
5.5560000e+04 9.2000000e+01 8.4500000e+00 0.0000000e+00 7.4627777e+01
5.5620000e+04 9.1000000e+01 7.5999999e+00 0.0000000e+00 1.0411350e+02
5.5680000e+04 9.1000000e+01 7.2500000e+00 0.0000000e+00 1.0213730e+02
5.5740000e+04 9.2000000e+01 6.8000000e+00 0.0000000e+00 4.9723049e+01
5.5800000e+04 8.7000000e+01 6.6000001e+00 0.0000000e+00 6.2549561e+01
5.5860000e+04 8.9000000e+01 6.7000000e+00 0.0000000e+00 8.9309860e+01
5.5920000e+04 9.2000000e+01 6.2000000e+00 0.0000000e+00 5.1868179e+01
5.5980000e+04 9.4000000e+01 5.1000001e+00 0.0000000e+00 1.2958020e+01
5.6040000e+04 9.5000000e+01 3.9000000e+00 0.0000000e+00 0.0000000e+00
5.6100000e+04 9.5000000e+01 3.0500000e+00 0.0000000e+00 0.0000000e+00
5.6160000e+04 9.6000000e+01 2.7000000e+00 0.0000000e+00 0.0000000e+00
5.6220000e+04 9.5000000e+01 2.4000000e+00 0.0000000e+00 0.0000000e+00
5.6280000e+04 9.6000000e+01 2.1000000e+00 0.0000000e+00 0.0000000e+00
5.6340000e+04 9.6000000e+01 1.9000000e+00 0.0000000e+00 0.0000000e+00
5.6400000e+04 9.6000000e+01 1.6500000e+00 0.0000000e+00 0.0000000e+00
5.6460000e+04 9.5000000e+01 1.5000000e+00 0.0000000e+00 5.4173951e+00
5.6520000e+04 8.6000000e+01 2.7499999e+00 0.0000000e+00 4.4900391e+01
5.6580000e+04 6.7000000e+01 5.0999999e+00 0.0000000e+00 2.2374670e+02
5.6640000e+04 6.5000000e+01 7.0000000e+00 0.0000000e+00 3.1514569e+02
5.6700000e+04 5.9000000e+01 8.5000000e+00 0.0000000e+00 4.6831799e+02
5.6760000e+04 5.7000000e+01 9.6999998e+00 0.0000000e+00 4.5919870e+02
5.6820000e+04 5.7000000e+01 1.0450000e+01 0.0000000e+00 4.1267569e+02
5.6880000e+04 6.0000000e+01 1.0500000e+01 0.0000000e+00 3.7042831e+02
5.6940000e+04 5.8000000e+01 1.0100000e+01 0.0000000e+00 3.7709390e+02
5.7000000e+04 6.2000000e+01 9.6499996e+00 0.0000000e+00 2.6137460e+02
5.7060000e+04 6.2000000e+01 9.5499997e+00 0.0000000e+00 2.0595061e+02
5.7120000e+04 6.0000000e+01 9.7500000e+00 0.0000000e+00 2.5000150e+02
5.7180000e+04 6.5000000e+01 9.9000001e+00 0.0000000e+00 1.7739200e+02
5.7240000e+04 6.9000000e+01 9.5499997e+00 0.0000000e+00 1.1479060e+02
5.7300000e+04 7.6000000e+01 9.2500000e+00 0.0000000e+00 4.1317249e+01
5.7360000e+04 8.4000000e+01 8.7500000e+00 0.0000000e+00 1.3661070e+01
5.7420000e+04 8.7000000e+01 8.2500002e+00 0.0000000e+00 0.0000000e+00
5.7480000e+04 8.8000000e+01 7.8000000e+00 0.0000000e+00 0.0000000e+00
5.7540000e+04 9.1000000e+01 7.3999999e+00 0.0000000e+00 0.0000000e+00
5.7600000e+04 9.0000000e+01 7.1499999e+00 0.0000000e+00 0.0000000e+00
5.7660000e+04 9.1000000e+01 7.3000000e+00 0.0000000e+00 0.0000000e+00
5.7720000e+04 9.2000000e+01 7.4500000e+00 0.0000000e+00 0.0000000e+00
5.7780000e+04 9.0000000e+01 7.4000001e+00 0.0000000e+00 0.0000000e+00
5.7840000e+04 9.0000000e+01 7.6500001e+00 0.0000000e+00 0.0000000e+00
5.7900000e+04 8.1000000e+01 7.9500000e+00 0.0000000e+00 0.0000000e+00
5.7960000e+04 8.7000000e+01 8.7000003e+00 0.0000000e+00 1.2653450e+01
5.8020000e+04 9.0000000e+01 8.5499997e+00 0.0000000e+00 1.1176060e+01
5.8080000e+04 8.6000000e+01 8.9499998e+00 0.0000000e+00 3.9771080e+01
5.8140000e+04 9.0000000e+01 9.5999999e+00 0.0000000e+00 8.6556458e+01
5.8200000e+04 8.3000000e+01 1.0500000e+01 0.0000000e+00 2.0124451e+02
5.8260000e+04 7.6000000e+01 1.2000000e+01 0.0000000e+00 2.1308150e+02
5.8320000e+04 7.1000000e+01 1.2950000e+01 0.0000000e+00 2.0470900e+02
5.8380000e+04 7.5000000e+01 1.3600000e+01 0.0000000e+00 1.6539931e+02
5.8440000e+04 7.1000000e+01 1.3550000e+01 0.0000000e+00 1.3354730e+02
5.8500000e+04 7.0000000e+01 1.4350000e+01 0.0000000e+00 2.2179140e+02
5.8560000e+04 7.5000000e+01 1.4250000e+01 0.0000000e+00 1.4274210e+02
5.8620000e+04 7.5000000e+01 1.4200000e+01 0.0000000e+00 1.0939750e+02
5.8680000e+04 7.4000000e+01 1.4600000e+01 0.0000000e+00 1.0836630e+02
5.8740000e+04 7.8000000e+01 1.4700000e+01 0.0000000e+00 1.0913100e+02
5.8800000e+04 7.9000000e+01 1.3950000e+01 0.0000000e+00 2.4387070e+01
5.8860000e+04 7.5000000e+01 1.3100000e+01 0.0000000e+00 5.6767650e+00
5.8920000e+04 7.8000000e+01 1.2600000e+01 0.0000000e+00 0.0000000e+00
5.8980000e+04 8.1000000e+01 1.2000000e+01 0.0000000e+00 0.0000000e+00
5.9040000e+04 8.2000000e+01 1.1300000e+01 0.0000000e+00 0.0000000e+00
5.9100000e+04 7.9000000e+01 1.0850000e+01 0.0000000e+00 0.0000000e+00
5.9160000e+04 7.9000000e+01 1.0850000e+01 0.0000000e+00 0.0000000e+00
5.9220000e+04 7.5000000e+01 1.1550000e+01 0.0000000e+00 0.0000000e+00
5.9280000e+04 7.5000000e+01 1.2100000e+01 0.0000000e+00 0.0000000e+00
5.9340000e+04 7.4000000e+01 1.2250000e+01 0.0000000e+00 1.2071060e+00
5.9400000e+04 6.8000000e+01 1.2900000e+01 0.0000000e+00 1.2100070e+01
5.9460000e+04 7.1000000e+01 1.3600000e+01 0.0000000e+00 7.1178307e+01
5.9520000e+04 5.8000000e+01 1.4850000e+01 0.0000000e+00 1.8301770e+02
5.9580000e+04 6.1000000e+01 1.6050000e+01 0.0000000e+00 2.7239941e+02
5.9640000e+04 5.0000000e+01 1.7550000e+01 0.0000000e+00 5.5995258e+02
5.9700000e+04 4.8000000e+01 1.9000000e+01 0.0000000e+00 6.8320221e+02
5.9760000e+04 4.2000000e+01 2.0550000e+01 0.0000000e+00 7.3337378e+02
5.9820000e+04 4.3000000e+01 2.1650001e+01 0.0000000e+00 7.1418597e+02
5.9880000e+04 4.1000000e+01 2.1599999e+01 0.0000000e+00 6.4998828e+02
5.9940000e+04 4.8000000e+01 2.1150000e+01 0.0000000e+00 5.1431769e+02
6.0000000e+04 6.1000000e+01 1.8850000e+01 0.0000000e+00 4.4129581e+02
6.0060000e+04 6.0000000e+01 1.8250000e+01 0.0000000e+00 3.2336569e+02
6.0120000e+04 6.9000000e+01 1.8100000e+01 0.0000000e+00 2.4612550e+02
6.0180000e+04 6.7000000e+01 1.6900001e+01 0.0000000e+00 1.1409200e+02
6.0240000e+04 7.1000000e+01 1.6450001e+01 0.0000000e+00 6.0320862e+01
6.0300000e+04 7.1000000e+01 1.5700000e+01 0.0000000e+00 1.3121110e+01
6.0360000e+04 7.5000000e+01 1.4650000e+01 0.0000000e+00 0.0000000e+00
6.0420000e+04 7.9000000e+01 1.3550000e+01 0.0000000e+00 0.0000000e+00
6.0480000e+04 6.5000000e+01 1.3500000e+01 0.0000000e+00 0.0000000e+00
6.0540000e+04 7.0000000e+01 1.3900000e+01 0.0000000e+00 0.0000000e+00
6.0600000e+04 8.2000000e+01 1.2450000e+01 0.0000000e+00 0.0000000e+00
6.0660000e+04 8.4000000e+01 1.1000000e+01 0.0000000e+00 0.0000000e+00
6.0720000e+04 8.2000000e+01 1.0600000e+01 0.0000000e+00 0.0000000e+00
6.0780000e+04 7.4000000e+01 1.0850000e+01 0.0000000e+00 1.8657330e+01
6.0840000e+04 5.5000000e+01 1.3250000e+01 0.0000000e+00 8.4491982e+01
6.0900000e+04 5.5000000e+01 1.4850000e+01 0.0000000e+00 1.2299360e+02
6.0960000e+04 5.2000000e+01 1.6150000e+01 0.0000000e+00 3.1961981e+02
6.1020000e+04 5.7000000e+01 1.6850000e+01 0.0000000e+00 3.3372589e+02
6.1080000e+04 5.9000000e+01 1.6700000e+01 0.0000000e+00 3.9178021e+02
6.1140000e+04 5.4000000e+01 1.8050000e+01 0.0000000e+00 4.6878860e+02
6.1200000e+04 5.0000000e+01 1.8350000e+01 0.0000000e+00 4.6666760e+02
6.1260000e+04 5.2000000e+01 1.8850000e+01 0.0000000e+00 3.5300531e+02
6.1320000e+04 5.0000000e+01 1.9099999e+01 0.0000000e+00 3.6848389e+02
6.1380000e+04 4.8000000e+01 1.9849999e+01 0.0000000e+00 3.9646121e+02
6.1440000e+04 5.7000000e+01 1.9500000e+01 0.0000000e+00 4.3754611e+02
6.1500000e+04 5.9000000e+01 1.7099999e+01 0.0000000e+00 3.3498911e+02
6.1560000e+04 5.6000000e+01 1.6849999e+01 0.0000000e+00 2.9416129e+02
6.1620000e+04 6.3000000e+01 1.6400000e+01 0.0000000e+00 1.6080060e+02
6.1680000e+04 6.2000000e+01 1.5250000e+01 0.0000000e+00 2.0011610e+01
6.1740000e+04 6.7000000e+01 1.4150000e+01 0.0000000e+00 1.3415490e-01
6.1800000e+04 6.8000000e+01 1.3150000e+01 0.0000000e+00 0.0000000e+00
6.1860000e+04 7.2000000e+01 1.2450000e+01 0.0000000e+00 0.0000000e+00
6.1920000e+04 7.4000000e+01 1.1450000e+01 0.0000000e+00 0.0000000e+00
6.1980000e+04 7.1000000e+01 1.1250000e+01 0.0000000e+00 0.0000000e+00
6.2040000e+04 5.7000000e+01 1.1750000e+01 0.0000000e+00 0.0000000e+00
6.2100000e+04 6.1000000e+01 1.2350000e+01 0.0000000e+00 0.0000000e+00
6.2160000e+04 5.4000000e+01 1.2600000e+01 0.0000000e+00 0.0000000e+00
6.2220000e+04 4.6000000e+01 1.4100000e+01 0.0000000e+00 8.7574062e+00
6.2280000e+04 4.3000000e+01 1.5100000e+01 0.0000000e+00 2.8153799e+01
6.2340000e+04 4.7000000e+01 1.4500000e+01 0.0000000e+00 3.1926769e+01
6.2400000e+04 4.3000000e+01 1.5599999e+01 0.0000000e+00 1.2557240e+02
6.2460000e+04 3.9000000e+01 1.8150000e+01 0.0000000e+00 4.5003629e+02
6.2520000e+04 4.2000000e+01 1.9450000e+01 0.0000000e+00 2.9543439e+02
6.2580000e+04 4.4000000e+01 1.8250000e+01 0.0000000e+00 5.5640228e+01
6.2640000e+04 4.3000000e+01 1.9050000e+01 0.0000000e+00 2.4995000e+02
6.2700000e+04 4.2000000e+01 2.1099999e+01 0.0000000e+00 4.7740771e+02
6.2760000e+04 3.8000000e+01 2.2700000e+01 0.0000000e+00 5.1858911e+02
6.2820000e+04 3.4000000e+01 2.3250000e+01 0.0000000e+00 4.6632010e+02
6.2880000e+04 3.4000000e+01 2.3799999e+01 0.0000000e+00 4.6457941e+02
6.2940000e+04 3.9000000e+01 2.3000000e+01 0.0000000e+00 1.9761700e+02
6.3000000e+04 3.8000000e+01 2.2250000e+01 0.0000000e+00 2.0965820e+02
6.3060000e+04 4.2000000e+01 2.0549999e+01 0.0000000e+00 1.1492450e+02
6.3120000e+04 5.5000000e+01 1.8849999e+01 0.0000000e+00 1.6886101e+01
6.3180000e+04 5.9000000e+01 1.6800000e+01 0.0000000e+00 7.4438173e-01
6.3240000e+04 6.4000000e+01 1.4800000e+01 0.0000000e+00 0.0000000e+00
6.3300000e+04 7.2000000e+01 1.3200000e+01 0.0000000e+00 0.0000000e+00
6.3360000e+04 6.9000000e+01 1.2000000e+01 0.0000000e+00 0.0000000e+00
6.3420000e+04 5.7000000e+01 1.2250000e+01 0.0000000e+00 0.0000000e+00
6.3480000e+04 5.3000000e+01 1.2600000e+01 0.0000000e+00 0.0000000e+00
6.3540000e+04 5.3000000e+01 1.2600000e+01 0.0000000e+00 0.0000000e+00
6.3600000e+04 4.9000000e+01 1.2650000e+01 0.0000000e+00 0.0000000e+00
6.3660000e+04 4.8000000e+01 1.3150000e+01 0.0000000e+00 5.0369959e+00
6.3720000e+04 4.1000000e+01 1.4550000e+01 0.0000000e+00 3.2350780e+01
6.3780000e+04 3.8000000e+01 1.6450000e+01 0.0000000e+00 2.4839410e+02
6.3840000e+04 3.5000000e+01 1.7900000e+01 0.0000000e+00 3.7926981e+02
6.3900000e+04 3.5000000e+01 1.9400000e+01 0.0000000e+00 5.1528027e+02
6.3960000e+04 3.5000000e+01 2.0750000e+01 0.0000000e+00 6.2785522e+02
6.4020000e+04 3.3000000e+01 2.1849999e+01 0.0000000e+00 7.1543451e+02
6.4080000e+04 2.4000000e+01 2.3250000e+01 0.0000000e+00 7.7957849e+02
6.4140000e+04 2.2000000e+01 2.3900001e+01 0.0000000e+00 7.8806171e+02
6.4200000e+04 2.3000000e+01 2.4500000e+01 0.0000000e+00 7.8146912e+02
6.4260000e+04 2.5000000e+01 2.3500000e+01 0.0000000e+00 7.1803162e+02
6.4320000e+04 2.8000000e+01 2.2349999e+01 0.0000000e+00 5.7210150e+02
6.4380000e+04 3.0000000e+01 2.1800000e+01 0.0000000e+00 4.6974850e+02
6.4440000e+04 2.9000000e+01 2.1000000e+01 0.0000000e+00 3.7702600e+02
6.4500000e+04 3.8000000e+01 1.9000000e+01 0.0000000e+00 1.4351230e+02
6.4560000e+04 4.1000000e+01 1.7250000e+01 0.0000000e+00 2.6959490e+01
6.4620000e+04 4.4000000e+01 1.6200000e+01 0.0000000e+00 4.5842490e+00
6.4680000e+04 4.9000000e+01 1.5200000e+01 0.0000000e+00 0.0000000e+00
6.4740000e+04 5.0000000e+01 1.4300000e+01 0.0000000e+00 0.0000000e+00
6.4800000e+04 5.7000000e+01 1.3650000e+01 0.0000000e+00 0.0000000e+00
6.4860000e+04 5.0000000e+01 1.3500000e+01 0.0000000e+00 0.0000000e+00
6.4920000e+04 4.9000000e+01 1.3700000e+01 0.0000000e+00 0.0000000e+00
6.4980000e+04 4.9000000e+01 1.3550000e+01 0.0000000e+00 0.0000000e+00
6.5040000e+04 4.7000000e+01 1.3650000e+01 0.0000000e+00 0.0000000e+00
6.5100000e+04 4.5000000e+01 1.4200000e+01 0.0000000e+00 1.7398400e+00
6.5160000e+04 4.8000000e+01 1.5200000e+01 0.0000000e+00 2.9719749e+01
6.5220000e+04 4.2000000e+01 1.7099999e+01 0.0000000e+00 2.5898679e+02
6.5280000e+04 3.9000000e+01 1.8500000e+01 0.0000000e+00 3.5434000e+02
6.5340000e+04 3.8000000e+01 1.9450000e+01 0.0000000e+00 5.0410840e+02
6.5400000e+04 3.8000000e+01 2.0950000e+01 0.0000000e+00 6.3775690e+02
6.5460000e+04 3.2000000e+01 2.2250000e+01 0.0000000e+00 7.1022809e+02
6.5520000e+04 3.3000000e+01 2.3050000e+01 0.0000000e+00 7.6791333e+02
6.5580000e+04 3.2000000e+01 2.3400001e+01 0.0000000e+00 7.7922589e+02
6.5640000e+04 3.5000000e+01 2.4050000e+01 0.0000000e+00 7.5544159e+02
6.5700000e+04 3.1000000e+01 2.4050000e+01 0.0000000e+00 6.9373688e+02
6.5760000e+04 3.0000000e+01 2.3350000e+01 0.0000000e+00 5.9821307e+02
6.5820000e+04 3.6000000e+01 2.2000000e+01 0.0000000e+00 4.7827090e+02
6.5880000e+04 3.6000000e+01 2.1250000e+01 0.0000000e+00 3.5323639e+02
6.5940000e+04 4.3000000e+01 1.9099999e+01 0.0000000e+00 1.2074390e+02
6.6000000e+04 4.5000000e+01 1.7550000e+01 0.0000000e+00 1.4599850e+01
6.6060000e+04 4.6000000e+01 1.6650001e+01 0.0000000e+00 2.5917490e+00
6.6120000e+04 5.0000000e+01 1.5600000e+01 0.0000000e+00 0.0000000e+00
6.6180000e+04 5.6000000e+01 1.4600000e+01 0.0000000e+00 0.0000000e+00
6.6240000e+04 5.8000000e+01 1.3850000e+01 0.0000000e+00 0.0000000e+00
6.6300000e+04 6.2000000e+01 1.3700000e+01 0.0000000e+00 0.0000000e+00
6.6360000e+04 6.2000000e+01 1.3700000e+01 0.0000000e+00 0.0000000e+00
6.6420000e+04 6.9000000e+01 1.3400000e+01 0.0000000e+00 0.0000000e+00
6.6480000e+04 6.3000000e+01 1.3050000e+01 0.0000000e+00 0.0000000e+00
6.6540000e+04 6.4000000e+01 1.3400000e+01 0.0000000e+00 5.1328430e+00
6.6600000e+04 5.1000000e+01 1.5050000e+01 0.0000000e+00 4.0916111e+01
6.6660000e+04 5.1000000e+01 1.7900001e+01 0.0000000e+00 2.4477530e+02
6.6720000e+04 5.4000000e+01 1.8300000e+01 0.0000000e+00 3.5634750e+02
6.6780000e+04 4.6000000e+01 1.9250000e+01 0.0000000e+00 4.9755951e+02
6.6840000e+04 3.8000000e+01 2.1200000e+01 0.0000000e+00 6.3410968e+02
6.6900000e+04 2.9000000e+01 2.2450000e+01 0.0000000e+00 7.1234882e+02
6.6960000e+04 3.1000000e+01 2.2950000e+01 0.0000000e+00 8.4238599e+02
6.7020000e+04 3.4000000e+01 2.2849999e+01 0.0000000e+00 8.4319458e+02
6.7080000e+04 4.6000000e+01 2.1600000e+01 0.0000000e+00 6.6025482e+02
6.7140000e+04 4.9000000e+01 1.9400001e+01 0.0000000e+00 2.8964719e+02
6.7200000e+04 5.4000000e+01 1.8350000e+01 0.0000000e+00 1.5220200e+02
6.7260000e+04 4.3000000e+01 1.8900000e+01 0.0000000e+00 3.9654330e+02
6.7320000e+04 4.3000000e+01 1.9050000e+01 0.0000000e+00 3.5356631e+02
6.7380000e+04 4.9000000e+01 1.7550000e+01 0.0000000e+00 1.3675729e+02
6.7440000e+04 5.1000000e+01 1.6200000e+01 0.0000000e+00 2.8086861e+01
6.7500000e+04 5.3000000e+01 1.5400000e+01 0.0000000e+00 6.0983348e+00
6.7560000e+04 5.7000000e+01 1.4300000e+01 0.0000000e+00 0.0000000e+00
6.7620000e+04 5.7000000e+01 1.3650000e+01 0.0000000e+00 0.0000000e+00
6.7680000e+04 6.1000000e+01 1.3350000e+01 0.0000000e+00 0.0000000e+00
6.7740000e+04 5.8000000e+01 1.3600000e+01 0.0000000e+00 0.0000000e+00
6.7800000e+04 5.6000000e+01 1.4150000e+01 0.0000000e+00 0.0000000e+00
6.7860000e+04 6.2000000e+01 1.4000000e+01 0.0000000e+00 0.0000000e+00
6.7920000e+04 6.0000000e+01 1.3900000e+01 0.0000000e+00 0.0000000e+00
6.7980000e+04 6.0000000e+01 1.3950000e+01 0.0000000e+00 1.2217240e+01
6.8040000e+04 6.0000000e+01 1.4500000e+01 0.0000000e+00 4.1846432e+01
6.8100000e+04 6.4000000e+01 1.5400000e+01 0.0000000e+00 9.7938011e+01
6.8160000e+04 4.6000000e+01 1.7600000e+01 0.0000000e+00 2.6473270e+02
6.8220000e+04 4.2000000e+01 1.9350000e+01 0.0000000e+00 4.0390430e+02
6.8280000e+04 4.4000000e+01 2.0000000e+01 0.0000000e+00 5.0060471e+02
6.8340000e+04 4.3000000e+01 2.0049999e+01 0.0000000e+00 5.9455377e+02
6.8400000e+04 4.1000000e+01 2.0650000e+01 0.0000000e+00 6.7585468e+02
6.8460000e+04 4.3000000e+01 2.0050000e+01 0.0000000e+00 5.2277612e+02
6.8520000e+04 7.6000000e+01 1.7650000e+01 0.0000000e+00 5.2239502e+02
6.8580000e+04 8.5000000e+01 1.3650000e+01 0.0000000e+00 3.0258319e+02
6.8640000e+04 8.9000000e+01 1.1700000e+01 0.0000000e+00 4.9137791e+01
6.8700000e+04 9.3000000e+01 1.1150000e+01 0.0000000e+00 3.2073761e+01
6.8760000e+04 9.3000000e+01 1.1050000e+01 0.0000000e+00 2.8489130e+01
6.8820000e+04 9.3000000e+01 1.0850000e+01 0.0000000e+00 2.9025090e+00
6.8880000e+04 9.5000000e+01 1.0450000e+01 0.0000000e+00 0.0000000e+00
6.8940000e+04 9.4000000e+01 1.0250000e+01 0.0000000e+00 0.0000000e+00
6.9000000e+04 9.4000000e+01 9.9000001e+00 0.0000000e+00 0.0000000e+00
6.9060000e+04 9.5000000e+01 9.2000003e+00 0.0000000e+00 0.0000000e+00
6.9120000e+04 9.5000000e+01 8.5000000e+00 0.0000000e+00 0.0000000e+00
6.9180000e+04 9.5000000e+01 8.0000000e+00 0.0000000e+00 0.0000000e+00
6.9240000e+04 9.6000000e+01 7.5500002e+00 0.0000000e+00 0.0000000e+00
6.9300000e+04 9.5000000e+01 7.2500000e+00 0.0000000e+00 0.0000000e+00
6.9360000e+04 9.6000000e+01 7.0999999e+00 0.0000000e+00 0.0000000e+00
6.9420000e+04 9.6000000e+01 7.3499999e+00 0.0000000e+00 2.8860840e-01
6.9480000e+04 9.5000000e+01 7.7500000e+00 0.0000000e+00 4.4937618e+01
6.9540000e+04 9.0000000e+01 8.4000001e+00 0.0000000e+00 1.0533310e+02
6.9600000e+04 8.4000000e+01 8.8000002e+00 0.0000000e+00 1.0961330e+02
6.9660000e+04 8.7000000e+01 8.9499998e+00 0.0000000e+00 1.9333380e+02
6.9720000e+04 8.6000000e+01 9.2999997e+00 0.0000000e+00 2.3778329e+02
6.9780000e+04 7.7000000e+01 1.0150000e+01 0.0000000e+00 3.0941901e+02
6.9840000e+04 7.3000000e+01 1.0550000e+01 0.0000000e+00 4.1016351e+02
6.9900000e+04 6.2000000e+01 1.1250000e+01 0.0000000e+00 6.7554218e+02
6.9960000e+04 6.6000000e+01 1.1300000e+01 0.0000000e+00 6.0213171e+02
7.0020000e+04 6.2000000e+01 1.0950000e+01 0.0000000e+00 3.6001291e+02
7.0080000e+04 6.2000000e+01 1.0400000e+01 0.0000000e+00 5.0519479e+02
7.0140000e+04 6.3000000e+01 1.0300000e+01 0.0000000e+00 4.2831281e+02
7.0200000e+04 6.6000000e+01 9.1500001e+00 0.0000000e+00 3.6480481e+02
7.0260000e+04 6.9000000e+01 7.8000002e+00 0.0000000e+00 1.4285941e+02
7.0320000e+04 7.5000000e+01 6.9500000e+00 0.0000000e+00 2.7848900e+01
7.0380000e+04 8.0000000e+01 6.2000000e+00 0.0000000e+00 1.3283430e+01
7.0440000e+04 8.7000000e+01 5.4000001e+00 0.0000000e+00 0.0000000e+00
7.0500000e+04 8.7000000e+01 4.7000000e+00 0.0000000e+00 0.0000000e+00
7.0560000e+04 8.8000000e+01 4.4500000e+00 0.0000000e+00 0.0000000e+00
7.0620000e+04 8.8000000e+01 4.1500001e+00 0.0000000e+00 0.0000000e+00
7.0680000e+04 8.9000000e+01 3.9500000e+00 0.0000000e+00 0.0000000e+00
7.0740000e+04 9.0000000e+01 4.0500000e+00 0.0000000e+00 0.0000000e+00
7.0800000e+04 9.0000000e+01 4.0999999e+00 0.0000000e+00 0.0000000e+00
7.0860000e+04 9.2000000e+01 4.3000000e+00 0.0000000e+00 1.0588240e+01
7.0920000e+04 8.1000000e+01 5.8499999e+00 0.0000000e+00 5.4102409e+01
7.0980000e+04 7.7000000e+01 8.0000000e+00 0.0000000e+00 2.4043590e+02
7.1040000e+04 7.0000000e+01 9.7999997e+00 0.0000000e+00 3.8740021e+02
7.1100000e+04 6.4000000e+01 1.1050000e+01 0.0000000e+00 5.1294818e+02
7.1160000e+04 5.8000000e+01 1.1950000e+01 0.0000000e+00 6.2660742e+02
7.1220000e+04 5.4000000e+01 1.3400000e+01 0.0000000e+00 7.1445471e+02
7.1280000e+04 5.2000000e+01 1.4550000e+01 0.0000000e+00 7.7037238e+02
7.1340000e+04 5.1000000e+01 1.5400000e+01 0.0000000e+00 7.8084088e+02
7.1400000e+04 4.9000000e+01 1.5550000e+01 0.0000000e+00 7.5846832e+02
7.1460000e+04 5.0000000e+01 1.5750000e+01 0.0000000e+00 6.9876019e+02
7.1520000e+04 4.9000000e+01 1.6000000e+01 0.0000000e+00 6.0620148e+02
7.1580000e+04 5.0000000e+01 1.5550000e+01 0.0000000e+00 4.9067569e+02
7.1640000e+04 5.3000000e+01 1.5500000e+01 0.0000000e+00 3.7044519e+02
7.1700000e+04 6.5000000e+01 1.3700000e+01 0.0000000e+00 1.3483400e+02
7.1760000e+04 6.8000000e+01 1.2350000e+01 0.0000000e+00 1.4371370e+01
7.1820000e+04 7.1000000e+01 1.1650000e+01 0.0000000e+00 4.1961908e+00
7.1880000e+04 7.1000000e+01 1.1000000e+01 0.0000000e+00 0.0000000e+00
7.1940000e+04 7.3000000e+01 1.0600000e+01 0.0000000e+00 0.0000000e+00
7.2000000e+04 7.7000000e+01 1.0250000e+01 0.0000000e+00 0.0000000e+00
7.2060000e+04 6.6000000e+01 1.0950000e+01 0.0000000e+00 0.0000000e+00
7.2120000e+04 6.4000000e+01 1.2050000e+01 0.0000000e+00 0.0000000e+00
7.2180000e+04 5.8000000e+01 1.2250000e+01 0.0000000e+00 0.0000000e+00
7.2240000e+04 5.9000000e+01 1.2500000e+01 0.0000000e+00 0.0000000e+00
7.2300000e+04 5.6000000e+01 1.2500000e+01 0.0000000e+00 4.3710380e+00
7.2360000e+04 4.8000000e+01 1.4150000e+01 0.0000000e+00 2.6603041e+01
7.2420000e+04 4.5000000e+01 1.6200000e+01 0.0000000e+00 2.6306570e+02
7.2480000e+04 4.2000000e+01 1.8050000e+01 0.0000000e+00 3.8801431e+02
7.2540000e+04 4.6000000e+01 1.9650000e+01 0.0000000e+00 5.1288538e+02
7.2600000e+04 3.9000000e+01 2.0950000e+01 0.0000000e+00 6.1878278e+02
7.2660000e+04 4.0000000e+01 2.1549999e+01 0.0000000e+00 7.0338562e+02
7.2720000e+04 4.9000000e+01 2.1350000e+01 0.0000000e+00 7.5892712e+02
7.2780000e+04 4.6000000e+01 2.1350000e+01 0.0000000e+00 7.7386108e+02
7.2840000e+04 4.2000000e+01 2.1500000e+01 0.0000000e+00 7.5321942e+02
7.2900000e+04 3.8000000e+01 2.1299999e+01 0.0000000e+00 6.9304681e+02
7.2960000e+04 4.0000000e+01 2.1450000e+01 0.0000000e+00 6.0315631e+02
7.3020000e+04 4.4000000e+01 2.0800000e+01 0.0000000e+00 4.8628549e+02
7.3080000e+04 4.4000000e+01 2.0250000e+01 0.0000000e+00 3.6299921e+02
7.3140000e+04 5.5000000e+01 1.8349999e+01 0.0000000e+00 1.3405009e+02
7.3200000e+04 5.7000000e+01 1.6750000e+01 0.0000000e+00 2.0270050e+01
7.3260000e+04 5.7000000e+01 1.5850000e+01 0.0000000e+00 7.1022730e+00
7.3320000e+04 6.0000000e+01 1.5150000e+01 0.0000000e+00 0.0000000e+00
7.3380000e+04 6.0000000e+01 1.4550000e+01 0.0000000e+00 0.0000000e+00
7.3440000e+04 6.4000000e+01 1.3950000e+01 0.0000000e+00 0.0000000e+00
7.3500000e+04 6.7000000e+01 1.4050000e+01 0.0000000e+00 0.0000000e+00
7.3560000e+04 6.1000000e+01 1.4550000e+01 0.0000000e+00 0.0000000e+00
7.3620000e+04 5.8000000e+01 1.5400000e+01 0.0000000e+00 0.0000000e+00
7.3680000e+04 5.5000000e+01 1.6150000e+01 0.0000000e+00 0.0000000e+00
7.3740000e+04 5.4000000e+01 1.6600000e+01 0.0000000e+00 1.7380260e+01
7.3800000e+04 5.0000000e+01 1.7350000e+01 0.0000000e+00 5.1578781e+01
7.3860000e+04 4.6000000e+01 1.8600000e+01 0.0000000e+00 2.5760449e+02
7.3920000e+04 4.4000000e+01 2.0050000e+01 0.0000000e+00 3.8630511e+02
7.3980000e+04 4.2000000e+01 2.1400001e+01 0.0000000e+00 5.1172461e+02
7.4040000e+04 3.8000000e+01 2.3000000e+01 0.0000000e+00 6.2099402e+02
7.4100000e+04 3.5000000e+01 2.3800000e+01 0.0000000e+00 7.1181592e+02
7.4160000e+04 3.6000000e+01 2.4550000e+01 0.0000000e+00 7.7053821e+02
7.4220000e+04 3.2000000e+01 2.4950000e+01 0.0000000e+00 7.8775720e+02
7.4280000e+04 3.0000000e+01 2.5000000e+01 0.0000000e+00 7.5334808e+02
7.4340000e+04 3.4000000e+01 2.4600000e+01 0.0000000e+00 6.5585669e+02
7.4400000e+04 3.3000000e+01 2.3650000e+01 0.0000000e+00 5.7311798e+02
7.4460000e+04 3.4000000e+01 2.3200000e+01 0.0000000e+00 4.6954010e+02
7.4520000e+04 3.7000000e+01 2.2099999e+01 0.0000000e+00 3.5224429e+02
7.4580000e+04 4.8000000e+01 2.0200000e+01 0.0000000e+00 1.3291750e+02
7.4640000e+04 5.2000000e+01 1.8450000e+01 0.0000000e+00 4.8759918e+01
7.4700000e+04 5.3000000e+01 1.7500000e+01 0.0000000e+00 1.6914150e+01
7.4760000e+04 5.2000000e+01 1.7000000e+01 0.0000000e+00 0.0000000e+00
7.4820000e+04 3.9000000e+01 1.6850000e+01 0.0000000e+00 0.0000000e+00
7.4880000e+04 3.2000000e+01 1.8350000e+01 0.0000000e+00 0.0000000e+00
7.4940000e+04 3.6000000e+01 1.8850000e+01 0.0000000e+00 0.0000000e+00
7.5000000e+04 3.6000000e+01 1.8350000e+01 0.0000000e+00 0.0000000e+00
7.5060000e+04 3.8000000e+01 1.8549999e+01 0.0000000e+00 0.0000000e+00
7.5120000e+04 4.4000000e+01 1.8250000e+01 0.0000000e+00 0.0000000e+00
7.5180000e+04 4.5000000e+01 1.7349999e+01 0.0000000e+00 2.9844060e+00
7.5240000e+04 4.0000000e+01 1.8850000e+01 0.0000000e+00 3.5601601e+01
7.5300000e+04 3.8000000e+01 2.0200000e+01 0.0000000e+00 1.6814200e+02
7.5360000e+04 3.9000000e+01 2.1700000e+01 0.0000000e+00 3.3964960e+02
7.5420000e+04 3.7000000e+01 2.2800000e+01 0.0000000e+00 4.8372189e+02
7.5480000e+04 3.7000000e+01 2.3950000e+01 0.0000000e+00 6.3143658e+02
7.5540000e+04 3.4000000e+01 2.3799999e+01 0.0000000e+00 4.7401950e+02
7.5600000e+04 3.3000000e+01 2.4300000e+01 0.0000000e+00 4.8553711e+02
7.5660000e+04 3.7000000e+01 2.4800000e+01 0.0000000e+00 5.1274530e+02
7.5720000e+04 3.4000000e+01 2.5599999e+01 0.0000000e+00 8.1779468e+02
7.5780000e+04 3.2000000e+01 2.6100000e+01 0.0000000e+00 7.6402148e+02
7.5840000e+04 3.4000000e+01 2.5450000e+01 0.0000000e+00 6.0537280e+02
7.5900000e+04 3.6000000e+01 2.3950000e+01 0.0000000e+00 4.9261859e+02
7.5960000e+04 3.8000000e+01 2.2799999e+01 0.0000000e+00 2.7638510e+02
7.6020000e+04 4.2000000e+01 2.1350000e+01 0.0000000e+00 1.4941270e+02
7.6080000e+04 4.1000000e+01 2.0550000e+01 0.0000000e+00 4.4457748e+01
7.6140000e+04 5.1000000e+01 1.9600000e+01 0.0000000e+00 1.8368771e+01
7.6200000e+04 5.5000000e+01 1.8200001e+01 0.0000000e+00 0.0000000e+00
7.6260000e+04 5.8000000e+01 1.7200001e+01 0.0000000e+00 0.0000000e+00
7.6320000e+04 6.3000000e+01 1.6700000e+01 0.0000000e+00 0.0000000e+00
7.6380000e+04 7.1000000e+01 1.6200000e+01 0.0000000e+00 0.0000000e+00
7.6440000e+04 6.8000000e+01 1.5550000e+01 0.0000000e+00 0.0000000e+00
7.6500000e+04 7.7000000e+01 1.4050000e+01 0.0000000e+00 0.0000000e+00
7.6560000e+04 8.5000000e+01 1.3450000e+01 0.0000000e+00 0.0000000e+00
7.6620000e+04 8.6000000e+01 1.3050000e+01 0.0000000e+00 1.3480280e+01
7.6680000e+04 7.9000000e+01 1.4050000e+01 0.0000000e+00 5.0944050e+01
7.6740000e+04 6.4000000e+01 1.6000000e+01 0.0000000e+00 1.2696880e+02
7.6800000e+04 7.3000000e+01 1.6750000e+01 0.0000000e+00 1.2875050e+02
7.6860000e+04 7.6000000e+01 1.7050000e+01 0.0000000e+00 1.4139450e+02
7.6920000e+04 6.9000000e+01 1.8050000e+01 0.0000000e+00 3.0104819e+02
7.6980000e+04 6.3000000e+01 1.9250000e+01 0.0000000e+00 3.5907480e+02
7.7040000e+04 6.6000000e+01 1.9400000e+01 0.0000000e+00 2.6157629e+02
7.7100000e+04 6.9000000e+01 1.9650000e+01 0.0000000e+00 3.7638489e+02
7.7160000e+04 6.2000000e+01 1.9200001e+01 0.0000000e+00 5.8090338e+02
7.7220000e+04 5.6000000e+01 2.0349999e+01 0.0000000e+00 6.6756049e+02
7.7280000e+04 5.8000000e+01 1.9650001e+01 0.0000000e+00 5.5055432e+02
7.7340000e+04 5.8000000e+01 1.9300000e+01 0.0000000e+00 4.8204971e+02
7.7400000e+04 6.6000000e+01 1.8350000e+01 0.0000000e+00 3.5884351e+02
7.7460000e+04 7.1000000e+01 1.7200000e+01 0.0000000e+00 1.5389850e+02
7.7520000e+04 8.2000000e+01 1.6000000e+01 0.0000000e+00 2.3252800e+01
7.7580000e+04 9.4000000e+01 1.4150000e+01 0.0000000e+00 9.5923100e+00
7.7640000e+04 9.6000000e+01 1.2850000e+01 0.0000000e+00 0.0000000e+00
7.7700000e+04 9.6000000e+01 1.2550000e+01 0.0000000e+00 0.0000000e+00
7.7760000e+04 9.7000000e+01 1.2450000e+01 0.0000000e+00 0.0000000e+00
7.7820000e+04 9.6000000e+01 1.2150000e+01 0.0000000e+00 0.0000000e+00
7.7880000e+04 9.7000000e+01 1.2000000e+01 0.0000000e+00 0.0000000e+00
7.7940000e+04 9.7000000e+01 1.1850000e+01 0.0000000e+00 0.0000000e+00
7.8000000e+04 9.7000000e+01 1.1950000e+01 0.0000000e+00 0.0000000e+00
7.8060000e+04 9.7000000e+01 1.2000000e+01 0.0000000e+00 4.6997061e+00
7.8120000e+04 9.7000000e+01 1.2350000e+01 0.0000000e+00 6.3647179e+01
7.8180000e+04 9.2000000e+01 1.3000000e+01 0.0000000e+00 2.3590450e+02
7.8240000e+04 8.3000000e+01 1.4150000e+01 0.0000000e+00 3.8255670e+02
7.8300000e+04 8.4000000e+01 1.5400000e+01 0.0000000e+00 5.0693231e+02
7.8360000e+04 7.8000000e+01 1.6300000e+01 0.0000000e+00 6.1511603e+02
7.8420000e+04 7.4000000e+01 1.7650000e+01 0.0000000e+00 6.9972729e+02
7.8480000e+04 7.0000000e+01 1.8950000e+01 0.0000000e+00 7.5137488e+02
7.8540000e+04 7.0000000e+01 1.9650000e+01 0.0000000e+00 7.6485529e+02
7.8600000e+04 6.5000000e+01 2.0650000e+01 0.0000000e+00 7.4795428e+02
7.8660000e+04 6.4000000e+01 2.1400001e+01 0.0000000e+00 6.8927917e+02
7.8720000e+04 6.2000000e+01 2.1600000e+01 0.0000000e+00 5.9973853e+02
7.8780000e+04 6.0000000e+01 2.1849999e+01 0.0000000e+00 4.8827859e+02
7.8840000e+04 6.5000000e+01 2.1500000e+01 0.0000000e+00 1.9134630e+02
7.8900000e+04 7.0000000e+01 1.9950000e+01 0.0000000e+00 5.6521042e+01
7.8960000e+04 6.7000000e+01 1.9500000e+01 0.0000000e+00 4.1389961e+01
7.9020000e+04 7.1000000e+01 1.9450000e+01 0.0000000e+00 1.5727880e+01
7.9080000e+04 7.3000000e+01 1.8400000e+01 0.0000000e+00 0.0000000e+00
7.9140000e+04 7.6000000e+01 1.7599999e+01 0.0000000e+00 0.0000000e+00
7.9200000e+04 7.8000000e+01 1.8100000e+01 0.0000000e+00 0.0000000e+00
7.9260000e+04 7.3000000e+01 1.7050000e+01 0.0000000e+00 0.0000000e+00
7.9320000e+04 7.1000000e+01 1.6950000e+01 0.0000000e+00 0.0000000e+00
7.9380000e+04 6.2000000e+01 1.7800000e+01 0.0000000e+00 0.0000000e+00
7.9440000e+04 5.7000000e+01 1.8349999e+01 0.0000000e+00 0.0000000e+00
7.9500000e+04 5.5000000e+01 1.8750000e+01 0.0000000e+00 9.4065351e+00
7.9560000e+04 5.9000000e+01 1.9150000e+01 0.0000000e+00 3.8843491e+01
7.9620000e+04 6.2000000e+01 2.0400000e+01 0.0000000e+00 2.5095110e+02
7.9680000e+04 5.3000000e+01 2.1100000e+01 0.0000000e+00 2.2735100e+02
7.9740000e+04 4.5000000e+01 2.2950000e+01 0.0000000e+00 4.0745221e+02
7.9800000e+04 4.2000000e+01 2.4900000e+01 0.0000000e+00 6.2006293e+02
7.9860000e+04 3.7000000e+01 2.5900001e+01 0.0000000e+00 7.0665228e+02
7.9920000e+04 3.5000000e+01 2.7150001e+01 0.0000000e+00 7.7720898e+02
7.9980000e+04 3.1000000e+01 2.7450000e+01 0.0000000e+00 7.5586603e+02
8.0040000e+04 2.9000000e+01 2.8050000e+01 0.0000000e+00 7.6020093e+02
8.0100000e+04 2.8000000e+01 2.8599999e+01 0.0000000e+00 7.0466443e+02
8.0160000e+04 4.6000000e+01 2.7250000e+01 0.0000000e+00 3.4080359e+02
8.0220000e+04 4.5000000e+01 2.5000000e+01 0.0000000e+00 4.2034579e+02
8.0280000e+04 5.2000000e+01 2.4350000e+01 0.0000000e+00 2.0145061e+02
8.0340000e+04 6.2000000e+01 2.2300000e+01 0.0000000e+00 6.0717300e+01
8.0400000e+04 6.3000000e+01 2.0300000e+01 0.0000000e+00 6.5326462e+01
8.0460000e+04 7.0000000e+01 1.8950001e+01 0.0000000e+00 2.3273720e+01
8.0520000e+04 7.5000000e+01 1.7650001e+01 0.0000000e+00 0.0000000e+00
8.0580000e+04 7.5000000e+01 1.6900001e+01 0.0000000e+00 0.0000000e+00
8.0640000e+04 7.2000000e+01 1.6500000e+01 0.0000000e+00 0.0000000e+00
8.0700000e+04 7.2000000e+01 1.6150000e+01 0.0000000e+00 0.0000000e+00
8.0760000e+04 6.3000000e+01 1.6350000e+01 0.0000000e+00 0.0000000e+00
8.0820000e+04 5.5000000e+01 1.7150001e+01 0.0000000e+00 0.0000000e+00
8.0880000e+04 5.0000000e+01 1.7750000e+01 0.0000000e+00 0.0000000e+00
8.0940000e+04 5.3000000e+01 1.8300000e+01 0.0000000e+00 1.1750930e+01
8.1000000e+04 5.5000000e+01 1.8350000e+01 0.0000000e+00 3.2958069e+01
8.1060000e+04 5.7000000e+01 1.8650000e+01 0.0000000e+00 5.4811581e+01
8.1120000e+04 5.3000000e+01 1.9350000e+01 0.0000000e+00 1.5234840e+02
8.1180000e+04 4.6000000e+01 2.1500000e+01 0.0000000e+00 5.1539050e+02
8.1240000e+04 5.0000000e+01 2.1849999e+01 0.0000000e+00 4.0110660e+02
8.1300000e+04 4.5000000e+01 2.2650000e+01 0.0000000e+00 3.7607111e+02
8.1360000e+04 5.9000000e+01 2.1500000e+01 0.0000000e+00 3.2669580e+02
8.1420000e+04 5.9000000e+01 2.1200000e+01 0.0000000e+00 5.3346429e+02
8.1480000e+04 5.2000000e+01 2.1500000e+01 0.0000000e+00 5.3322083e+02
8.1540000e+04 5.4000000e+01 2.2000000e+01 0.0000000e+00 7.7605621e+02
8.1600000e+04 5.0000000e+01 2.1700000e+01 0.0000000e+00 4.1585559e+02
8.1660000e+04 5.2000000e+01 2.0750000e+01 0.0000000e+00 3.3943140e+02
8.1720000e+04 6.8000000e+01 1.9450000e+01 0.0000000e+00 8.7796677e+01
8.1780000e+04 7.4000000e+01 1.7599999e+01 0.0000000e+00 4.5470829e+01
8.1840000e+04 7.6000000e+01 1.6450000e+01 0.0000000e+00 2.1444839e+01
8.1900000e+04 7.8000000e+01 1.5900000e+01 0.0000000e+00 6.4172540e+00
8.1960000e+04 8.5000000e+01 1.5500000e+01 0.0000000e+00 0.0000000e+00
8.2020000e+04 9.0000000e+01 1.4750000e+01 0.0000000e+00 0.0000000e+00
8.2080000e+04 9.2000000e+01 1.3900000e+01 0.0000000e+00 0.0000000e+00
8.2140000e+04 9.4000000e+01 1.3400000e+01 0.0000000e+00 0.0000000e+00
8.2200000e+04 9.5000000e+01 1.3350000e+01 0.0000000e+00 0.0000000e+00
8.2260000e+04 9.6000000e+01 1.3300000e+01 0.0000000e+00 0.0000000e+00
8.2320000e+04 9.6000000e+01 1.3200000e+01 0.0000000e+00 0.0000000e+00
8.2380000e+04 9.7000000e+01 1.3100000e+01 0.0000000e+00 3.1940889e+01
8.2440000e+04 9.6000000e+01 1.3450000e+01 0.0000000e+00 3.2420879e+01
8.2500000e+04 9.6000000e+01 1.3550000e+01 0.0000000e+00 4.9962341e+01
8.2560000e+04 9.0000000e+01 1.4350000e+01 0.0000000e+00 2.4111411e+02
8.2620000e+04 8.9000000e+01 1.4600000e+01 0.0000000e+00 1.3203439e+02
8.2680000e+04 8.6000000e+01 1.4950000e+01 0.0000000e+00 1.5510710e+02
8.2740000e+04 8.1000000e+01 1.5650001e+01 0.0000000e+00 2.9165329e+02
8.2800000e+04 7.8000000e+01 1.7350000e+01 0.0000000e+00 5.3241028e+02
8.2860000e+04 7.5000000e+01 1.6050000e+01 0.0000000e+00 3.3854129e+02
8.2920000e+04 7.7000000e+01 1.5950000e+01 0.0000000e+00 3.3697159e+02
8.2980000e+04 7.7000000e+01 1.5900000e+01 0.0000000e+00 3.8232321e+02
8.3040000e+04 7.5000000e+01 1.5800000e+01 0.0000000e+00 3.2973239e+02
8.3100000e+04 7.9000000e+01 1.5050000e+01 0.0000000e+00 1.5613210e+02
8.3160000e+04 8.0000000e+01 1.4300000e+01 0.0000000e+00 6.4032867e+01
8.3220000e+04 7.8000000e+01 1.4150000e+01 0.0000000e+00 7.6680946e+01
8.3280000e+04 7.9000000e+01 1.4100000e+01 0.0000000e+00 5.1998699e+01
8.3340000e+04 8.7000000e+01 1.3550000e+01 0.0000000e+00 1.1879590e+01
8.3400000e+04 8.9000000e+01 1.3100000e+01 0.0000000e+00 0.0000000e+00
8.3460000e+04 9.3000000e+01 1.2850000e+01 0.0000000e+00 0.0000000e+00
8.3520000e+04 9.5000000e+01 1.2650000e+01 0.0000000e+00 0.0000000e+00
8.3580000e+04 9.6000000e+01 1.2500000e+01 0.0000000e+00 0.0000000e+00
8.3640000e+04 9.6000000e+01 1.2350000e+01 0.0000000e+00 0.0000000e+00
8.3700000e+04 9.6000000e+01 1.2250000e+01 0.0000000e+00 0.0000000e+00
8.3760000e+04 9.6000000e+01 1.2150000e+01 0.0000000e+00 0.0000000e+00
8.3820000e+04 9.6000000e+01 1.2400000e+01 0.0000000e+00 1.1702230e+01
8.3880000e+04 9.3000000e+01 1.2850000e+01 0.0000000e+00 3.5746368e+01
8.3940000e+04 9.2000000e+01 1.3350000e+01 0.0000000e+00 5.1510250e+01
8.4000000e+04 8.5000000e+01 1.4150000e+01 0.0000000e+00 1.4353709e+02
8.4060000e+04 6.6000000e+01 1.6550000e+01 0.0000000e+00 5.9788422e+02
8.4120000e+04 4.9000000e+01 1.8799999e+01 0.0000000e+00 7.1397443e+02
8.4180000e+04 4.7000000e+01 1.9400000e+01 0.0000000e+00 8.1431873e+02
8.4240000e+04 4.9000000e+01 1.8400000e+01 0.0000000e+00 5.6104688e+02
8.4300000e+04 4.7000000e+01 1.9049999e+01 0.0000000e+00 7.4137280e+02
8.4360000e+04 5.8000000e+01 1.8099999e+01 0.0000000e+00 4.1021179e+02
8.4420000e+04 5.6000000e+01 1.6900001e+01 0.0000000e+00 2.6104309e+02
8.4480000e+04 5.6000000e+01 1.6800000e+01 0.0000000e+00 2.7255219e+02
8.4540000e+04 6.4000000e+01 1.6450000e+01 0.0000000e+00 4.7426480e+02
8.4600000e+04 7.1000000e+01 1.4950000e+01 0.0000000e+00 4.0651270e+02
8.4660000e+04 7.9000000e+01 1.3400000e+01 0.0000000e+00 1.8322861e+02
8.4720000e+04 8.2000000e+01 1.2400000e+01 0.0000000e+00 3.6948280e+01
8.4780000e+04 8.0000000e+01 1.2100000e+01 0.0000000e+00 1.5971770e+01
8.4840000e+04 8.1000000e+01 1.1800000e+01 0.0000000e+00 0.0000000e+00
8.4900000e+04 8.5000000e+01 1.1300000e+01 0.0000000e+00 0.0000000e+00
8.4960000e+04 8.7000000e+01 1.0900000e+01 0.0000000e+00 0.0000000e+00
8.5020000e+04 9.0000000e+01 1.0350000e+01 0.0000000e+00 0.0000000e+00
8.5080000e+04 9.1000000e+01 9.6999998e+00 0.0000000e+00 0.0000000e+00
8.5140000e+04 9.3000000e+01 9.4000001e+00 0.0000000e+00 0.0000000e+00
8.5200000e+04 9.2000000e+01 9.1500001e+00 0.0000000e+00 0.0000000e+00
8.5260000e+04 9.2000000e+01 9.3499999e+00 0.0000000e+00 1.1832390e+01
8.5320000e+04 8.5000000e+01 1.0650000e+01 0.0000000e+00 3.6328739e+01
8.5380000e+04 8.0000000e+01 1.2150000e+01 0.0000000e+00 1.4636960e+02
8.5440000e+04 6.8000000e+01 1.4100000e+01 0.0000000e+00 4.0931821e+02
8.5500000e+04 6.8000000e+01 1.5450000e+01 0.0000000e+00 4.9983609e+02
8.5560000e+04 7.2000000e+01 1.6150000e+01 0.0000000e+00 5.6371057e+02
8.5620000e+04 7.5000000e+01 1.5250000e+01 0.0000000e+00 3.5324359e+02
8.5680000e+04 7.9000000e+01 1.4250000e+01 0.0000000e+00 1.7768640e+02
8.5740000e+04 7.1000000e+01 1.5450000e+01 0.0000000e+00 4.8004819e+02
8.5800000e+04 7.2000000e+01 1.6200000e+01 0.0000000e+00 4.5334811e+02
8.5860000e+04 7.2000000e+01 1.5450000e+01 0.0000000e+00 2.4915440e+02
8.5920000e+04 7.4000000e+01 1.5350000e+01 0.0000000e+00 2.6737411e+02
8.5980000e+04 7.1000000e+01 1.5450000e+01 0.0000000e+00 3.4597809e+02
8.6040000e+04 7.5000000e+01 1.5400000e+01 0.0000000e+00 3.2101871e+02
8.6100000e+04 8.0000000e+01 1.4700000e+01 0.0000000e+00 1.6047220e+02
8.6160000e+04 8.5000000e+01 1.3400000e+01 0.0000000e+00 4.7467659e+01
8.6220000e+04 8.5000000e+01 1.2900000e+01 0.0000000e+00 2.8772030e+01
8.6280000e+04 8.7000000e+01 1.2550000e+01 0.0000000e+00 0.0000000e+00
8.6340000e+04 8.8000000e+01 1.2150000e+01 0.0000000e+00 0.0000000e+00
8.6400000e+04 8.9000000e+01 1.1900000e+01 0.0000000e+00 0.0000000e+00
8.6460000e+04 9.0000000e+01 1.1750000e+01 0.0000000e+00 0.0000000e+00
8.6520000e+04 9.0000000e+01 1.2050000e+01 0.0000000e+00 0.0000000e+00
8.6580000e+04 9.0000000e+01 1.2050000e+01 0.0000000e+00 0.0000000e+00
8.6640000e+04 9.0000000e+01 1.1950000e+01 0.0000000e+00 0.0000000e+00
8.6700000e+04 9.0000000e+01 1.1900000e+01 0.0000000e+00 0.0000000e+00
8.6760000e+04 9.1000000e+01 1.1950000e+01 0.0000000e+00 0.0000000e+00
8.6820000e+04 9.2000000e+01 1.1950000e+01 0.0000000e+00 7.3389521e+00
8.6880000e+04 9.1000000e+01 1.2100000e+01 0.0000000e+00 3.0449520e+01
8.6940000e+04 8.8000000e+01 1.2300000e+01 0.0000000e+00 7.4421867e+01
8.7000000e+04 8.7000000e+01 1.2300000e+01 0.0000000e+00 6.3158531e+01
8.7060000e+04 8.3000000e+01 1.2450000e+01 0.0000000e+00 9.8901138e+01
8.7120000e+04 8.2000000e+01 1.2800000e+01 0.0000000e+00 1.3545351e+02
8.7180000e+04 8.0000000e+01 1.3500000e+01 0.0000000e+00 2.6973529e+02
8.7240000e+04 7.6000000e+01 1.4200000e+01 0.0000000e+00 2.8671481e+02
8.7300000e+04 6.9000000e+01 1.4850000e+01 0.0000000e+00 3.2141229e+02
8.7360000e+04 7.1000000e+01 1.5050000e+01 0.0000000e+00 2.7251700e+02
8.7420000e+04 7.2000000e+01 1.5050000e+01 0.0000000e+00 2.5523830e+02
8.7480000e+04 7.1000000e+01 1.4650000e+01 0.0000000e+00 2.8724939e+02
8.7540000e+04 7.6000000e+01 1.4700000e+01 0.0000000e+00 2.0018460e+02
8.7600000e+04 7.8000000e+01 1.4250000e+01 0.0000000e+00 6.1025711e+01
8.7660000e+04 8.1000000e+01 1.3700000e+01 0.0000000e+00 1.8592331e+01
8.7720000e+04 8.5000000e+01 1.3050000e+01 0.0000000e+00 0.0000000e+00
8.7780000e+04 8.7000000e+01 1.2600000e+01 0.0000000e+00 0.0000000e+00
8.7840000e+04 8.7000000e+01 1.2550000e+01 0.0000000e+00 0.0000000e+00
8.7900000e+04 8.8000000e+01 1.2500000e+01 0.0000000e+00 0.0000000e+00
8.7960000e+04 8.9000000e+01 1.2400000e+01 0.0000000e+00 0.0000000e+00
8.8020000e+04 8.9000000e+01 1.2300000e+01 0.0000000e+00 0.0000000e+00
8.8080000e+04 8.9000000e+01 1.2250000e+01 0.0000000e+00 0.0000000e+00
8.8140000e+04 9.0000000e+01 1.2200000e+01 0.0000000e+00 0.0000000e+00
8.8200000e+04 9.3000000e+01 1.1950000e+01 0.0000000e+00 1.0131980e+01
8.8260000e+04 9.3000000e+01 1.1800000e+01 0.0000000e+00 3.0448030e+01
8.8320000e+04 9.1000000e+01 1.1600000e+01 0.0000000e+00 4.5968552e+01
8.8380000e+04 9.0000000e+01 1.1550000e+01 0.0000000e+00 5.8204491e+01
8.8440000e+04 9.1000000e+01 1.1900000e+01 0.0000000e+00 1.0347690e+02
8.8500000e+04 8.5000000e+01 1.2400000e+01 0.0000000e+00 1.4752800e+02
8.8560000e+04 8.3000000e+01 1.2800000e+01 0.0000000e+00 1.3607420e+02
8.8620000e+04 8.1000000e+01 1.2750000e+01 0.0000000e+00 1.0836710e+02
8.8680000e+04 7.4000000e+01 1.3250000e+01 0.0000000e+00 1.8158450e+02
8.8740000e+04 7.1000000e+01 1.3850000e+01 0.0000000e+00 2.5097800e+02
8.8800000e+04 6.9000000e+01 1.4100000e+01 0.0000000e+00 2.5867010e+02
8.8860000e+04 6.7000000e+01 1.3750000e+01 0.0000000e+00 1.2183600e+02
8.8920000e+04 6.5000000e+01 1.4150000e+01 0.0000000e+00 3.1600760e+02
8.8980000e+04 7.3000000e+01 1.3600000e+01 0.0000000e+00 1.5325900e+02
8.9040000e+04 7.2000000e+01 1.3050000e+01 0.0000000e+00 1.0165820e+02
8.9100000e+04 7.3000000e+01 1.2950000e+01 0.0000000e+00 4.2036991e+01
8.9160000e+04 8.1000000e+01 1.2000000e+01 0.0000000e+00 0.0000000e+00
8.9220000e+04 8.6000000e+01 1.0700000e+01 0.0000000e+00 0.0000000e+00
8.9280000e+04 8.9000000e+01 9.6500001e+00 0.0000000e+00 0.0000000e+00
8.9340000e+04 9.0000000e+01 9.1500001e+00 0.0000000e+00 0.0000000e+00
8.9400000e+04 9.1000000e+01 9.5500002e+00 0.0000000e+00 0.0000000e+00
8.9460000e+04 9.0000000e+01 1.0150000e+01 0.0000000e+00 0.0000000e+00
8.9520000e+04 8.7000000e+01 1.0300000e+01 0.0000000e+00 0.0000000e+00
8.9580000e+04 8.6000000e+01 1.0750000e+01 0.0000000e+00 8.3089476e+00
8.9640000e+04 8.5000000e+01 1.1250000e+01 0.0000000e+00 2.0047371e+01
8.9700000e+04 7.5000000e+01 1.1850000e+01 0.0000000e+00 6.8944923e+01
8.9760000e+04 7.4000000e+01 1.2100000e+01 0.0000000e+00 6.2091171e+01
8.9820000e+04 6.9000000e+01 1.2600000e+01 0.0000000e+00 1.5909531e+02
8.9880000e+04 7.0000000e+01 1.2950000e+01 0.0000000e+00 2.1582269e+02
8.9940000e+04 6.7000000e+01 1.2850000e+01 0.0000000e+00 2.1787430e+02
9.0000000e+04 6.0000000e+01 1.4100000e+01 0.0000000e+00 6.5627631e+02
9.0060000e+04 5.7000000e+01 1.4700000e+01 0.0000000e+00 5.2718597e+02
9.0120000e+04 6.2000000e+01 1.4700000e+01 0.0000000e+00 4.6649521e+02
9.0180000e+04 6.2000000e+01 1.4700000e+01 0.0000000e+00 4.2316351e+02
9.0240000e+04 6.5000000e+01 1.3950000e+01 0.0000000e+00 2.3939690e+02
9.0300000e+04 6.6000000e+01 1.3650000e+01 0.0000000e+00 1.4845520e+02
9.0360000e+04 7.4000000e+01 1.3250000e+01 0.0000000e+00 6.0993450e+01
9.0420000e+04 8.5000000e+01 1.2350000e+01 0.0000000e+00 3.1856350e+01
9.0480000e+04 8.3000000e+01 1.1750000e+01 0.0000000e+00 7.6671462e+00
9.0540000e+04 7.8000000e+01 1.1950000e+01 0.0000000e+00 0.0000000e+00
9.0600000e+04 6.0000000e+01 1.3200000e+01 0.0000000e+00 0.0000000e+00
9.0660000e+04 5.9000000e+01 1.4750000e+01 0.0000000e+00 0.0000000e+00
9.0720000e+04 6.6000000e+01 1.4500000e+01 0.0000000e+00 0.0000000e+00
9.0780000e+04 7.4000000e+01 1.3450000e+01 0.0000000e+00 0.0000000e+00
9.0840000e+04 8.5000000e+01 1.2400000e+01 0.0000000e+00 0.0000000e+00
9.0900000e+04 9.3000000e+01 1.1350000e+01 0.0000000e+00 0.0000000e+00
9.0960000e+04 9.4000000e+01 1.0350000e+01 0.0000000e+00 0.0000000e+00
9.1020000e+04 9.3000000e+01 9.7500000e+00 0.0000000e+00 1.0351250e+01
9.1080000e+04 8.9000000e+01 9.5499997e+00 0.0000000e+00 4.4412102e+01
9.1140000e+04 8.8000000e+01 9.9500003e+00 0.0000000e+00 1.0935520e+02
9.1200000e+04 7.8000000e+01 1.0450000e+01 0.0000000e+00 1.7301190e+02
9.1260000e+04 7.3000000e+01 1.2000000e+01 0.0000000e+00 3.9204871e+02
9.1320000e+04 6.7000000e+01 1.2300000e+01 0.0000000e+00 4.0551779e+02
9.1380000e+04 6.4000000e+01 1.2200000e+01 0.0000000e+00 3.6487531e+02
9.1440000e+04 6.8000000e+01 1.1400000e+01 0.0000000e+00 3.0747891e+02
9.1500000e+04 6.3000000e+01 1.2150000e+01 0.0000000e+00 4.6786331e+02
9.1560000e+04 6.0000000e+01 1.2150000e+01 0.0000000e+00 4.5524899e+02
9.1620000e+04 6.2000000e+01 1.1300000e+01 0.0000000e+00 2.8098129e+02
9.1680000e+04 8.5000000e+01 1.0700000e+01 0.0000000e+00 1.5952690e+02
9.1740000e+04 8.4000000e+01 9.5499997e+00 0.0000000e+00 2.3451489e+02
9.1800000e+04 8.8000000e+01 8.7500002e+00 0.0000000e+00 7.9786850e+01
9.1860000e+04 8.9000000e+01 7.9000001e+00 0.0000000e+00 4.4940319e+01
9.1920000e+04 9.0000000e+01 7.7000000e+00 0.0000000e+00 2.9694210e+01
9.1980000e+04 8.4000000e+01 7.8000000e+00 0.0000000e+00 1.7578030e+01
9.2040000e+04 6.5000000e+01 8.5500000e+00 0.0000000e+00 0.0000000e+00
9.2100000e+04 9.1000000e+01 7.9500000e+00 0.0000000e+00 0.0000000e+00
9.2160000e+04 8.7000000e+01 6.7500000e+00 0.0000000e+00 0.0000000e+00
9.2220000e+04 8.5000000e+01 7.0500000e+00 0.0000000e+00 0.0000000e+00
9.2280000e+04 8.6000000e+01 7.0999999e+00 0.0000000e+00 0.0000000e+00
9.2340000e+04 8.1000000e+01 7.3000000e+00 0.0000000e+00 0.0000000e+00
9.2400000e+04 7.8000000e+01 7.5500000e+00 0.0000000e+00 6.5923679e-01
9.2460000e+04 6.5000000e+01 8.3500001e+00 0.0000000e+00 3.3646870e+01
9.2520000e+04 6.2000000e+01 9.5000000e+00 0.0000000e+00 1.0060830e+02
9.2580000e+04 5.1000000e+01 1.0500000e+01 0.0000000e+00 1.5840390e+02
9.2640000e+04 4.5000000e+01 1.1750000e+01 0.0000000e+00 2.1694800e+02
9.2700000e+04 4.4000000e+01 1.3350000e+01 0.0000000e+00 3.4034271e+02
9.2760000e+04 4.7000000e+01 1.4850000e+01 0.0000000e+00 4.2299591e+02
9.2820000e+04 5.3000000e+01 1.3600000e+01 0.0000000e+00 1.3105040e+02
9.2880000e+04 5.4000000e+01 1.3850000e+01 0.0000000e+00 2.6940131e+02
9.2940000e+04 4.5000000e+01 1.4750000e+01 0.0000000e+00 3.1125220e+02
9.3000000e+04 4.8000000e+01 1.5750000e+01 0.0000000e+00 2.5508420e+02
9.3060000e+04 6.3000000e+01 1.4550000e+01 0.0000000e+00 1.8625661e+02
9.3120000e+04 6.4000000e+01 1.3550000e+01 0.0000000e+00 2.0409370e+02
9.3180000e+04 7.0000000e+01 1.2950000e+01 0.0000000e+00 1.4539020e+02
9.3240000e+04 8.3000000e+01 1.1700000e+01 0.0000000e+00 6.3305599e+01
9.3300000e+04 9.0000000e+01 9.8499999e+00 0.0000000e+00 3.4060589e+01
9.3360000e+04 8.5000000e+01 8.3000002e+00 0.0000000e+00 1.2668690e+01
9.3420000e+04 8.1000000e+01 8.3000000e+00 0.0000000e+00 2.2193291e+00
9.3480000e+04 8.5000000e+01 8.8499999e+00 0.0000000e+00 0.0000000e+00
9.3540000e+04 8.7000000e+01 8.5499997e+00 0.0000000e+00 0.0000000e+00
9.3600000e+04 9.1000000e+01 8.0500000e+00 0.0000000e+00 0.0000000e+00
9.3660000e+04 9.3000000e+01 7.4499998e+00 0.0000000e+00 0.0000000e+00
9.3720000e+04 9.4000000e+01 7.2500000e+00 0.0000000e+00 0.0000000e+00
9.3780000e+04 9.5000000e+01 7.3000000e+00 0.0000000e+00 0.0000000e+00
9.3840000e+04 9.5000000e+01 7.3500001e+00 0.0000000e+00 0.0000000e+00
9.3900000e+04 9.5000000e+01 7.3500001e+00 0.0000000e+00 1.3453070e+01
9.3960000e+04 9.6000000e+01 7.6000001e+00 0.0000000e+00 3.2430519e+01
9.4020000e+04 9.1000000e+01 8.3000000e+00 0.0000000e+00 1.1184570e+02
9.4080000e+04 8.4000000e+01 9.0499997e+00 0.0000000e+00 1.6735741e+02
9.4140000e+04 7.8000000e+01 9.9499998e+00 0.0000000e+00 3.1255380e+02
9.4200000e+04 7.6000000e+01 1.0200000e+01 0.0000000e+00 2.3763451e+02
9.4260000e+04 8.2000000e+01 1.0250000e+01 0.0000000e+00 1.8941930e+02
9.4320000e+04 8.0000000e+01 9.0500002e+00 0.0000000e+00 1.6851450e+02
9.4380000e+04 7.6000000e+01 9.6000004e+00 0.0000000e+00 2.4969720e+02
9.4440000e+04 7.3000000e+01 1.0200000e+01 0.0000000e+00 2.5032420e+02
9.4500000e+04 7.9000000e+01 1.0000000e+01 0.0000000e+00 4.9049420e+02
9.4560000e+04 9.0000000e+01 9.7500000e+00 0.0000000e+00 2.0492860e+02
9.4620000e+04 8.4000000e+01 9.6500001e+00 0.0000000e+00 3.0948590e+02
9.4680000e+04 8.3000000e+01 1.0150000e+01 0.0000000e+00 2.7875320e+02
9.4740000e+04 9.2000000e+01 8.7999997e+00 0.0000000e+00 4.0764771e+01
9.4800000e+04 9.4000000e+01 7.9499998e+00 0.0000000e+00 5.3899719e+01
9.4860000e+04 9.3000000e+01 7.9500000e+00 0.0000000e+00 4.5608158e+01
9.4920000e+04 9.2000000e+01 7.0500000e+00 0.0000000e+00 5.7499480e+00
9.4980000e+04 9.1000000e+01 6.4000001e+00 0.0000000e+00 0.0000000e+00
9.5040000e+04 8.2000000e+01 6.8500001e+00 0.0000000e+00 0.0000000e+00
9.5100000e+04 8.7000000e+01 6.3499999e+00 0.0000000e+00 0.0000000e+00
9.5160000e+04 7.7000000e+01 6.5500000e+00 0.0000000e+00 0.0000000e+00
9.5220000e+04 7.4000000e+01 7.3500001e+00 0.0000000e+00 0.0000000e+00
9.5280000e+04 7.3000000e+01 6.9499998e+00 0.0000000e+00 1.4610830e+01
9.5340000e+04 6.8000000e+01 7.8499999e+00 0.0000000e+00 3.6380760e+01
9.5400000e+04 5.5000000e+01 9.8000002e+00 0.0000000e+00 1.0012220e+02
9.5460000e+04 5.2000000e+01 1.0900000e+01 0.0000000e+00 1.9023810e+02
9.5520000e+04 5.5000000e+01 1.1000000e+01 0.0000000e+00 2.4218710e+02
9.5580000e+04 5.3000000e+01 1.1700000e+01 0.0000000e+00 3.2456030e+02
9.5640000e+04 4.3000000e+01 1.2500000e+01 0.0000000e+00 6.8641162e+02
9.5700000e+04 4.8000000e+01 1.2900000e+01 0.0000000e+00 5.4767279e+02
9.5760000e+04 4.7000000e+01 1.2800000e+01 0.0000000e+00 5.2802179e+02
9.5820000e+04 5.2000000e+01 1.3150000e+01 0.0000000e+00 5.2490308e+02
9.5880000e+04 6.1000000e+01 1.1450000e+01 0.0000000e+00 2.9827051e+02
9.5940000e+04 6.8000000e+01 1.1100000e+01 0.0000000e+00 3.6812851e+02
9.6000000e+04 7.3000000e+01 1.0500000e+01 0.0000000e+00 4.9984052e+02
9.6060000e+04 6.4000000e+01 1.0650000e+01 0.0000000e+00 4.4363199e+02
9.6120000e+04 5.5000000e+01 1.0700000e+01 0.0000000e+00 2.0947740e+02
9.6180000e+04 5.7000000e+01 1.0400000e+01 0.0000000e+00 1.8062180e+02
9.6240000e+04 5.8000000e+01 9.6999998e+00 0.0000000e+00 5.1379841e+01
9.6300000e+04 5.6000000e+01 9.5499997e+00 0.0000000e+00 3.3437180e+01
9.6360000e+04 6.4000000e+01 9.1500001e+00 0.0000000e+00 5.4472480e+00
9.6420000e+04 5.5000000e+01 9.0499997e+00 0.0000000e+00 0.0000000e+00
9.6480000e+04 6.5000000e+01 9.0000000e+00 0.0000000e+00 0.0000000e+00
9.6540000e+04 6.5000000e+01 8.4000001e+00 0.0000000e+00 0.0000000e+00
9.6600000e+04 6.5000000e+01 8.8000002e+00 0.0000000e+00 0.0000000e+00
9.6660000e+04 5.0000000e+01 9.4000001e+00 0.0000000e+00 0.0000000e+00
9.6720000e+04 5.5000000e+01 9.8499999e+00 0.0000000e+00 6.8820462e+00
9.6780000e+04 5.2000000e+01 9.7500000e+00 0.0000000e+00 2.3006041e+01
9.6840000e+04 5.4000000e+01 9.5500002e+00 0.0000000e+00 3.8376530e+01
9.6900000e+04 6.2000000e+01 9.5999999e+00 0.0000000e+00 6.2658791e+01
9.6960000e+04 5.3000000e+01 1.0150000e+01 0.0000000e+00 2.2570660e+02
9.7020000e+04 5.4000000e+01 1.1500000e+01 0.0000000e+00 4.1570520e+02
9.7080000e+04 4.4000000e+01 1.2100000e+01 0.0000000e+00 4.7218961e+02
9.7140000e+04 4.5000000e+01 1.3300000e+01 0.0000000e+00 6.8384442e+02
9.7200000e+04 4.1000000e+01 1.4150000e+01 0.0000000e+00 8.5555432e+02
9.7260000e+04 4.1000000e+01 1.4700000e+01 0.0000000e+00 7.5788312e+02
9.7320000e+04 3.9000000e+01 1.4050000e+01 0.0000000e+00 5.2906860e+02
9.7380000e+04 4.6000000e+01 1.3800000e+01 0.0000000e+00 4.0596078e+02
9.7440000e+04 4.1000000e+01 1.3450000e+01 0.0000000e+00 2.8732251e+02
9.7500000e+04 3.9000000e+01 1.4400000e+01 0.0000000e+00 4.0922681e+02
9.7560000e+04 4.0000000e+01 1.4550000e+01 0.0000000e+00 3.6957971e+02
9.7620000e+04 5.4000000e+01 1.3700000e+01 0.0000000e+00 2.6466422e+02
9.7680000e+04 6.6000000e+01 1.1950000e+01 0.0000000e+00 5.6247250e+01
9.7740000e+04 7.1000000e+01 1.0850000e+01 0.0000000e+00 2.5782459e+01
9.7800000e+04 7.8000000e+01 9.6499996e+00 0.0000000e+00 0.0000000e+00
9.7860000e+04 8.2000000e+01 8.5999999e+00 0.0000000e+00 0.0000000e+00
9.7920000e+04 8.0000000e+01 7.9500000e+00 0.0000000e+00 0.0000000e+00
9.7980000e+04 8.3000000e+01 7.6000001e+00 0.0000000e+00 0.0000000e+00
9.8040000e+04 8.7000000e+01 7.3499999e+00 0.0000000e+00 0.0000000e+00
9.8100000e+04 8.7000000e+01 7.0000000e+00 0.0000000e+00 0.0000000e+00
9.8160000e+04 8.7000000e+01 7.0000000e+00 0.0000000e+00 3.6125510e+00
9.8220000e+04 8.7000000e+01 7.3000000e+00 0.0000000e+00 1.7524620e+01
9.8280000e+04 6.5000000e+01 9.1500001e+00 0.0000000e+00 8.7197777e+01
9.8340000e+04 6.0000000e+01 1.1800000e+01 0.0000000e+00 2.1088800e+02
9.8400000e+04 5.2000000e+01 1.2950000e+01 0.0000000e+00 2.6372540e+02
9.8460000e+04 4.5000000e+01 1.3800000e+01 0.0000000e+00 2.7153821e+02
9.8520000e+04 4.3000000e+01 1.4700000e+01 0.0000000e+00 4.3755219e+02
9.8580000e+04 4.3000000e+01 1.5350000e+01 0.0000000e+00 3.9020450e+02
9.8640000e+04 4.1000000e+01 1.5300000e+01 0.0000000e+00 3.6667542e+02
9.8700000e+04 4.4000000e+01 1.5350000e+01 0.0000000e+00 3.6925391e+02
9.8760000e+04 6.9000000e+01 1.3400000e+01 0.0000000e+00 3.1443188e+02
9.8820000e+04 7.0000000e+01 1.1950000e+01 0.0000000e+00 3.4829901e+02
9.8880000e+04 6.8000000e+01 1.3400000e+01 0.0000000e+00 5.3835352e+02
9.8940000e+04 6.6000000e+01 1.2650000e+01 0.0000000e+00 1.7126060e+02
9.9000000e+04 8.2000000e+01 1.0200000e+01 0.0000000e+00 1.8305201e+01
9.9060000e+04 8.8000000e+01 8.2500000e+00 0.0000000e+00 1.8882420e+01
9.9120000e+04 9.4000000e+01 7.5500000e+00 0.0000000e+00 0.0000000e+00
9.9180000e+04 9.4000000e+01 7.5999999e+00 0.0000000e+00 1.3776940e+01
9.9240000e+04 9.5000000e+01 7.5999999e+00 0.0000000e+00 0.0000000e+00
9.9300000e+04 9.6000000e+01 7.5500000e+00 0.0000000e+00 0.0000000e+00
9.9360000e+04 9.6000000e+01 7.4500000e+00 0.0000000e+00 0.0000000e+00
9.9420000e+04 9.6000000e+01 7.3500001e+00 0.0000000e+00 0.0000000e+00
9.9480000e+04 9.5000000e+01 7.4000001e+00 0.0000000e+00 0.0000000e+00
9.9540000e+04 9.5000000e+01 7.3000000e+00 0.0000000e+00 0.0000000e+00
9.9600000e+04 9.6000000e+01 7.2500000e+00 0.0000000e+00 0.0000000e+00
9.9660000e+04 9.5000000e+01 7.3000002e+00 0.0000000e+00 3.5274689e+00
9.9720000e+04 9.5000000e+01 7.5000000e+00 0.0000000e+00 1.0735080e+01
9.9780000e+04 9.4000000e+01 7.8000000e+00 0.0000000e+00 1.7650499e+01
9.9840000e+04 9.4000000e+01 8.0000002e+00 0.0000000e+00 2.2363569e+01
9.9900000e+04 8.7000000e+01 8.8999999e+00 0.0000000e+00 2.5281149e+02
9.9960000e+04 9.1000000e+01 9.4000001e+00 0.0000000e+00 9.9817520e+01
1.0002000e+05 9.3000000e+01 9.1500001e+00 0.0000000e+00 7.1325417e+01
1.0008000e+05 9.3000000e+01 9.2999997e+00 0.0000000e+00 9.5263069e+01
1.0014000e+05 9.3000000e+01 9.7500000e+00 0.0000000e+00 1.7368449e+02
1.0020000e+05 9.4000000e+01 1.0000000e+01 0.0000000e+00 8.9731567e+01
1.0026000e+05 9.5000000e+01 9.9000001e+00 0.0000000e+00 5.0625511e+01
1.0032000e+05 9.2000000e+01 1.0550000e+01 0.0000000e+00 1.0945990e+02
1.0038000e+05 9.2000000e+01 1.0950000e+01 0.0000000e+00 1.1200610e+02
1.0044000e+05 8.9000000e+01 1.0700000e+01 0.0000000e+00 7.1815964e+01
1.0050000e+05 9.5000000e+01 1.0250000e+01 0.0000000e+00 1.2617170e+01
1.0056000e+05 9.6000000e+01 1.0050000e+01 0.0000000e+00 2.2308640e+00
1.0062000e+05 9.3000000e+01 1.0350000e+01 0.0000000e+00 3.9898780e-01
1.0068000e+05 9.3000000e+01 1.0550000e+01 0.0000000e+00 0.0000000e+00
1.0074000e+05 9.3000000e+01 1.0550000e+01 0.0000000e+00 0.0000000e+00
1.0080000e+05 9.3000000e+01 1.0300000e+01 0.0000000e+00 0.0000000e+00
1.0086000e+05 9.4000000e+01 1.0050000e+01 0.0000000e+00 0.0000000e+00
1.0092000e+05 9.4000000e+01 9.7500000e+00 0.0000000e+00 0.0000000e+00
1.0098000e+05 9.4000000e+01 9.5000000e+00 0.0000000e+00 0.0000000e+00
1.0104000e+05 9.3000000e+01 9.2999997e+00 0.0000000e+00 0.0000000e+00
1.0110000e+05 9.3000000e+01 9.2000003e+00 0.0000000e+00 0.0000000e+00
1.0116000e+05 9.3000000e+01 9.0500002e+00 0.0000000e+00 8.9944878e+00
1.0122000e+05 9.4000000e+01 8.9499998e+00 0.0000000e+00 1.3376780e+01
1.0128000e+05 9.5000000e+01 9.0499997e+00 0.0000000e+00 3.0501369e+01
1.0134000e+05 9.4000000e+01 9.2500000e+00 0.0000000e+00 3.2911961e+01
1.0140000e+05 9.4000000e+01 9.1500001e+00 0.0000000e+00 3.3117779e+01
1.0146000e+05 9.2000000e+01 9.2500000e+00 0.0000000e+00 4.8614651e+01
1.0152000e+05 9.2000000e+01 9.4000001e+00 0.0000000e+00 5.6118610e+01
1.0158000e+05 9.1000000e+01 9.5999999e+00 0.0000000e+00 6.8799759e+01
1.0164000e+05 9.0000000e+01 9.6499996e+00 0.0000000e+00 6.9994080e+01
1.0170000e+05 9.3000000e+01 9.5499997e+00 0.0000000e+00 8.9022072e+01
1.0176000e+05 9.0000000e+01 9.8499999e+00 0.0000000e+00 1.7633150e+02
1.0182000e+05 9.1000000e+01 9.9000001e+00 0.0000000e+00 1.0851820e+02
1.0188000e+05 9.2000000e+01 9.5499997e+00 0.0000000e+00 6.0215431e+01
1.0194000e+05 9.3000000e+01 9.5000000e+00 0.0000000e+00 4.1682640e+01
1.0200000e+05 9.5000000e+01 9.3500004e+00 0.0000000e+00 1.9323509e+01
1.0206000e+05 9.5000000e+01 8.9500003e+00 0.0000000e+00 1.4014370e+01
1.0212000e+05 9.6000000e+01 8.6499996e+00 0.0000000e+00 0.0000000e+00
1.0218000e+05 9.6000000e+01 8.3499999e+00 0.0000000e+00 0.0000000e+00
1.0224000e+05 9.7000000e+01 8.1500001e+00 0.0000000e+00 0.0000000e+00
1.0230000e+05 9.6000000e+01 8.1500001e+00 0.0000000e+00 0.0000000e+00
1.0236000e+05 9.6000000e+01 7.8999999e+00 0.0000000e+00 0.0000000e+00
1.0242000e+05 9.6000000e+01 7.5999999e+00 0.0000000e+00 0.0000000e+00
1.0248000e+05 9.5000000e+01 7.5000000e+00 0.0000000e+00 0.0000000e+00
1.0254000e+05 9.4000000e+01 7.5500000e+00 0.0000000e+00 7.0576301e+00
1.0260000e+05 9.1000000e+01 7.8000000e+00 0.0000000e+00 2.6937880e+01
1.0266000e+05 9.1000000e+01 7.7500000e+00 0.0000000e+00 6.4489906e+01
1.0272000e+05 9.2000000e+01 7.8499999e+00 0.0000000e+00 5.8506870e+01
1.0278000e+05 8.9000000e+01 8.1000001e+00 0.0000000e+00 1.0383340e+02
1.0284000e+05 9.0000000e+01 8.4000001e+00 0.0000000e+00 1.5145219e+02
1.0290000e+05 8.6000000e+01 8.7999997e+00 0.0000000e+00 1.7568120e+02
1.0296000e+05 8.2000000e+01 9.9000001e+00 0.0000000e+00 3.4569861e+02
1.0302000e+05 8.1000000e+01 1.0800000e+01 0.0000000e+00 3.7646851e+02
1.0308000e+05 7.3000000e+01 1.1000000e+01 0.0000000e+00 3.7205661e+02
1.0314000e+05 7.1000000e+01 1.1950000e+01 0.0000000e+00 5.4642090e+02
1.0320000e+05 7.1000000e+01 1.2250000e+01 0.0000000e+00 5.4073853e+02
1.0326000e+05 8.7000000e+01 1.0550000e+01 0.0000000e+00 2.9674579e+02
1.0332000e+05 8.8000000e+01 9.1500001e+00 0.0000000e+00 1.2268370e+02
1.0338000e+05 9.1000000e+01 8.5999999e+00 0.0000000e+00 5.9947510e+01
1.0344000e+05 9.2000000e+01 8.1999998e+00 0.0000000e+00 2.6690519e+01
1.0350000e+05 9.4000000e+01 7.8499999e+00 0.0000000e+00 1.6239290e+00
1.0356000e+05 9.5000000e+01 7.4499998e+00 0.0000000e+00 0.0000000e+00
1.0362000e+05 9.6000000e+01 7.1499999e+00 0.0000000e+00 0.0000000e+00
1.0368000e+05 9.6000000e+01 6.9499998e+00 0.0000000e+00 0.0000000e+00
1.0374000e+05 9.6000000e+01 6.5000000e+00 0.0000000e+00 0.0000000e+00
1.0380000e+05 9.6000000e+01 6.1000001e+00 0.0000000e+00 0.0000000e+00
1.0386000e+05 9.7000000e+01 5.8000000e+00 0.0000000e+00 0.0000000e+00
1.0392000e+05 9.6000000e+01 6.0000000e+00 0.0000000e+00 0.0000000e+00
1.0398000e+05 9.5000000e+01 6.2000000e+00 0.0000000e+00 1.0299500e+01
1.0404000e+05 9.4000000e+01 6.7500000e+00 0.0000000e+00 6.2619671e+01
1.0410000e+05 8.6000000e+01 7.5000000e+00 0.0000000e+00 8.5997780e+01
1.0416000e+05 7.4000000e+01 8.0500002e+00 0.0000000e+00 1.7869209e+02
1.0422000e+05 6.7000000e+01 9.0000000e+00 0.0000000e+00 2.5463631e+02
1.0428000e+05 6.3000000e+01 9.5999999e+00 0.0000000e+00 3.4499109e+02
1.0434000e+05 6.5000000e+01 1.0500000e+01 0.0000000e+00 5.2011292e+02
1.0440000e+05 6.0000000e+01 1.0400000e+01 0.0000000e+00 4.0177921e+02
1.0446000e+05 8.6000000e+01 9.1500001e+00 0.0000000e+00 1.3405200e+02
1.0452000e+05 8.0000000e+01 8.6500001e+00 0.0000000e+00 1.7691530e+02
1.0458000e+05 7.7000000e+01 9.4500003e+00 0.0000000e+00 2.7079120e+02
1.0464000e+05 7.8000000e+01 9.3499999e+00 0.0000000e+00 1.7904840e+02
1.0470000e+05 8.5000000e+01 8.6500001e+00 0.0000000e+00 9.1213860e+01
1.0476000e+05 8.6000000e+01 8.0999999e+00 0.0000000e+00 7.8281807e+01
1.0482000e+05 8.3000000e+01 8.1999998e+00 0.0000000e+00 8.7653290e+01
1.0488000e+05 8.6000000e+01 8.1000001e+00 0.0000000e+00 2.9269131e+01
1.0494000e+05 9.1000000e+01 7.8000000e+00 0.0000000e+00 1.6612810e+01
1.0500000e+05 9.0000000e+01 7.3999999e+00 0.0000000e+00 0.0000000e+00
1.0506000e+05 9.0000000e+01 7.2000000e+00 0.0000000e+00 0.0000000e+00
1.0512000e+05 8.9000000e+01 7.0999999e+00 0.0000000e+00 0.0000000e+00
1.0518000e+05 9.0000000e+01 7.2500000e+00 0.0000000e+00 0.0000000e+00
1.0524000e+05 8.7000000e+01 7.3499999e+00 0.0000000e+00 0.0000000e+00
1.0530000e+05 8.8000000e+01 7.2500000e+00 0.0000000e+00 0.0000000e+00
1.0536000e+05 8.9000000e+01 6.8999999e+00 0.0000000e+00 0.0000000e+00
1.0542000e+05 8.5000000e+01 7.0500002e+00 0.0000000e+00 1.8334940e+01
1.0548000e+05 8.3000000e+01 7.6500001e+00 0.0000000e+00 5.6351791e+01
1.0554000e+05 7.8000000e+01 8.2500000e+00 0.0000000e+00 8.3138847e+01
1.0560000e+05 7.7000000e+01 9.0000000e+00 0.0000000e+00 1.6425090e+02
1.0566000e+05 7.5000000e+01 9.7500000e+00 0.0000000e+00 2.8627051e+02
1.0572000e+05 7.3000000e+01 1.0500000e+01 0.0000000e+00 3.0236420e+02
1.0578000e+05 6.4000000e+01 1.1250000e+01 0.0000000e+00 3.7948059e+02
1.0584000e+05 6.6000000e+01 1.1600000e+01 0.0000000e+00 3.0249030e+02
1.0590000e+05 6.3000000e+01 1.2900000e+01 0.0000000e+00 5.0091431e+02
1.0596000e+05 6.4000000e+01 1.3100000e+01 0.0000000e+00 3.3153851e+02
1.0602000e+05 6.5000000e+01 1.2600000e+01 0.0000000e+00 2.8632251e+02
1.0608000e+05 6.7000000e+01 1.2150000e+01 0.0000000e+00 2.4209880e+02
1.0614000e+05 7.1000000e+01 1.1400000e+01 0.0000000e+00 1.2658140e+02
1.0620000e+05 8.9000000e+01 9.9500003e+00 0.0000000e+00 1.4092140e+01
1.0626000e+05 9.3000000e+01 9.0999999e+00 0.0000000e+00 4.8258099e+01
1.0632000e+05 9.3000000e+01 9.1500001e+00 0.0000000e+00 2.6988729e+01
1.0638000e+05 9.4000000e+01 8.9000001e+00 0.0000000e+00 1.8480080e+01
1.0644000e+05 9.5000000e+01 8.5000000e+00 0.0000000e+00 4.7189909e-01
1.0650000e+05 9.6000000e+01 8.3499999e+00 0.0000000e+00 0.0000000e+00
1.0656000e+05 9.6000000e+01 8.3499999e+00 0.0000000e+00 0.0000000e+00
1.0662000e+05 9.6000000e+01 8.4000001e+00 0.0000000e+00 0.0000000e+00
1.0668000e+05 9.6000000e+01 8.5000000e+00 0.0000000e+00 0.0000000e+00
1.0674000e+05 9.6000000e+01 8.5500002e+00 0.0000000e+00 0.0000000e+00
1.0680000e+05 9.6000000e+01 8.6500001e+00 0.0000000e+00 0.0000000e+00
1.0686000e+05 9.5000000e+01 8.8499999e+00 0.0000000e+00 1.6357321e+01
1.0692000e+05 9.5000000e+01 9.4000001e+00 0.0000000e+00 5.6845139e+01
1.0698000e+05 7.8000000e+01 1.0850000e+01 0.0000000e+00 2.4142140e+02
1.0704000e+05 7.9000000e+01 1.1400000e+01 0.0000000e+00 1.8914330e+02
1.0710000e+05 7.3000000e+01 1.2950000e+01 0.0000000e+00 4.9263870e+02
1.0716000e+05 6.8000000e+01 1.4450000e+01 0.0000000e+00 7.1102350e+02
1.0722000e+05 6.3000000e+01 1.5600000e+01 0.0000000e+00 7.6749738e+02
1.0728000e+05 6.1000000e+01 1.5950000e+01 0.0000000e+00 5.3307123e+02
1.0734000e+05 6.3000000e+01 1.7150000e+01 0.0000000e+00 6.1330988e+02
1.0740000e+05 5.8000000e+01 1.7850000e+01 0.0000000e+00 7.4263452e+02
1.0746000e+05 5.9000000e+01 1.8000000e+01 0.0000000e+00 7.5406897e+02
1.0752000e+05 6.2000000e+01 1.6450000e+01 0.0000000e+00 3.8249979e+02
1.0758000e+05 6.3000000e+01 1.6750000e+01 0.0000000e+00 5.0094839e+02
1.0764000e+05 5.9000000e+01 1.7000000e+01 0.0000000e+00 4.7842801e+02
1.0770000e+05 7.2000000e+01 1.5800000e+01 0.0000000e+00 2.2658060e+02
1.0776000e+05 8.0000000e+01 1.3950000e+01 0.0000000e+00 3.4066971e+01
1.0782000e+05 8.0000000e+01 1.3450000e+01 0.0000000e+00 1.7929119e+01
1.0788000e+05 8.1000000e+01 1.2850000e+01 0.0000000e+00 0.0000000e+00
1.0794000e+05 8.3000000e+01 1.2450000e+01 0.0000000e+00 0.0000000e+00
1.0800000e+05 8.8000000e+01 1.1800000e+01 0.0000000e+00 0.0000000e+00
1.0806000e+05 8.2000000e+01 1.1600000e+01 0.0000000e+00 0.0000000e+00
1.0812000e+05 8.5000000e+01 1.1350000e+01 0.0000000e+00 0.0000000e+00
1.0818000e+05 8.1000000e+01 1.1900000e+01 0.0000000e+00 0.0000000e+00
1.0824000e+05 7.6000000e+01 1.1950000e+01 0.0000000e+00 0.0000000e+00
1.0830000e+05 6.1000000e+01 1.2800000e+01 0.0000000e+00 2.9811970e+01
1.0836000e+05 5.1000000e+01 1.4550000e+01 0.0000000e+00 7.3018700e+01
1.0842000e+05 5.7000000e+01 1.5500000e+01 0.0000000e+00 1.9896460e+02
1.0848000e+05 5.4000000e+01 1.5900001e+01 0.0000000e+00 2.2638510e+02
1.0854000e+05 4.9000000e+01 1.7050000e+01 0.0000000e+00 3.5126840e+02
1.0860000e+05 3.9000000e+01 1.9099999e+01 0.0000000e+00 5.0820230e+02
1.0866000e+05 3.7000000e+01 1.9750000e+01 0.0000000e+00 5.5396118e+02
1.0872000e+05 4.0000000e+01 1.9900001e+01 0.0000000e+00 5.8785663e+02
1.0878000e+05 4.7000000e+01 1.8900001e+01 0.0000000e+00 4.6283209e+02
1.0884000e+05 3.9000000e+01 1.9900001e+01 0.0000000e+00 6.7699030e+02
1.0890000e+05 4.1000000e+01 2.0349999e+01 0.0000000e+00 6.0897162e+02
1.0896000e+05 4.0000000e+01 2.0750000e+01 0.0000000e+00 5.9027960e+02
1.0902000e+05 4.2000000e+01 1.9800000e+01 0.0000000e+00 3.9456711e+02
1.0908000e+05 4.1000000e+01 1.9750000e+01 0.0000000e+00 4.3962381e+02
1.0914000e+05 5.0000000e+01 1.8300000e+01 0.0000000e+00 2.4419640e+02
1.0920000e+05 5.6000000e+01 1.6600000e+01 0.0000000e+00 1.7132050e+01
1.0926000e+05 5.8000000e+01 1.6200000e+01 0.0000000e+00 9.3200836e+00
1.0932000e+05 5.7000000e+01 1.6050000e+01 0.0000000e+00 0.0000000e+00
1.0938000e+05 4.4000000e+01 1.6450000e+01 0.0000000e+00 0.0000000e+00
1.0944000e+05 4.4000000e+01 1.6850000e+01 0.0000000e+00 0.0000000e+00
1.0950000e+05 4.9000000e+01 1.6350000e+01 0.0000000e+00 0.0000000e+00
1.0956000e+05 4.7000000e+01 1.6150000e+01 0.0000000e+00 0.0000000e+00
1.0962000e+05 5.9000000e+01 1.5400000e+01 0.0000000e+00 0.0000000e+00
1.0968000e+05 4.7000000e+01 1.5500000e+01 0.0000000e+00 1.5052119e+00
1.0974000e+05 4.8000000e+01 1.6250000e+01 0.0000000e+00 1.6898920e+01
1.0980000e+05 4.8000000e+01 1.6350000e+01 0.0000000e+00 6.3412731e+01
1.0986000e+05 5.1000000e+01 1.6300000e+01 0.0000000e+00 6.9041077e+01
1.0992000e+05 5.4000000e+01 1.5550000e+01 0.0000000e+00 7.4786423e+01
1.0998000e+05 6.4000000e+01 1.5300000e+01 0.0000000e+00 8.7461372e+01
1.1004000e+05 8.4000000e+01 1.4000000e+01 0.0000000e+00 8.2742500e+01
1.1010000e+05 8.6000000e+01 1.3350000e+01 0.0000000e+00 1.4273441e+02
1.1016000e+05 8.0000000e+01 1.4050000e+01 0.0000000e+00 2.3865450e+02
1.1022000e+05 7.3000000e+01 1.5600000e+01 0.0000000e+00 6.4326892e+02
1.1028000e+05 7.2000000e+01 1.7000000e+01 0.0000000e+00 8.2166083e+02
1.1034000e+05 7.3000000e+01 1.6750000e+01 0.0000000e+00 5.9078271e+02
1.1040000e+05 7.5000000e+01 1.5750000e+01 0.0000000e+00 4.9885251e+02
1.1046000e+05 7.4000000e+01 1.6100000e+01 0.0000000e+00 4.5107861e+02
1.1052000e+05 8.5000000e+01 1.4450000e+01 0.0000000e+00 1.0872470e+02
1.1058000e+05 8.7000000e+01 1.3750000e+01 0.0000000e+00 1.6939230e+02
1.1064000e+05 8.9000000e+01 1.3300000e+01 0.0000000e+00 3.4126431e+01
1.1070000e+05 9.3000000e+01 1.2500000e+01 0.0000000e+00 0.0000000e+00
1.1076000e+05 9.2000000e+01 1.1700000e+01 0.0000000e+00 0.0000000e+00
1.1082000e+05 9.1000000e+01 1.1900000e+01 0.0000000e+00 0.0000000e+00
1.1088000e+05 9.3000000e+01 1.1650000e+01 0.0000000e+00 0.0000000e+00
1.1094000e+05 9.2000000e+01 1.0650000e+01 0.0000000e+00 0.0000000e+00
1.1100000e+05 9.1000000e+01 1.0400000e+01 0.0000000e+00 0.0000000e+00
1.1106000e+05 8.7000000e+01 1.0600000e+01 0.0000000e+00 0.0000000e+00
1.1112000e+05 8.3000000e+01 1.1200000e+01 0.0000000e+00 3.6941659e+00
1.1118000e+05 7.9000000e+01 1.2000000e+01 0.0000000e+00 4.0649071e+01
1.1124000e+05 6.9000000e+01 1.3800000e+01 0.0000000e+00 6.4016708e+01
1.1130000e+05 6.1000000e+01 1.5250000e+01 0.0000000e+00 2.6682150e+02
1.1136000e+05 6.6000000e+01 1.6400000e+01 0.0000000e+00 2.3331419e+02
1.1142000e+05 7.1000000e+01 1.5800000e+01 0.0000000e+00 1.1663640e+02
1.1148000e+05 6.6000000e+01 1.5750000e+01 0.0000000e+00 8.2334343e+01
1.1154000e+05 6.3000000e+01 1.6650001e+01 0.0000000e+00 1.8025841e+02
1.1160000e+05 6.4000000e+01 1.7250000e+01 0.0000000e+00 3.9789459e+02
1.1184000e+05 7.5000000e+01 1.6150000e+01 0.0000000e+00 1.7077541e+02
1.1190000e+05 7.9000000e+01 1.4500000e+01 0.0000000e+00 2.6745319e+02
1.1196000e+05 7.4000000e+01 1.5150000e+01 0.0000000e+00 4.7584589e+02
1.1202000e+05 7.9000000e+01 1.4400000e+01 0.0000000e+00 1.2821741e+02
1.1208000e+05 8.3000000e+01 1.3250000e+01 0.0000000e+00 3.9054081e+01
1.1214000e+05 8.5000000e+01 1.2900000e+01 0.0000000e+00 5.0684391e+01
1.1220000e+05 9.4000000e+01 1.2350000e+01 0.0000000e+00 0.0000000e+00
1.1226000e+05 9.4000000e+01 1.1100000e+01 0.0000000e+00 0.0000000e+00
1.1232000e+05 9.4000000e+01 1.0300000e+01 0.0000000e+00 0.0000000e+00
1.1238000e+05 9.4000000e+01 1.0100000e+01 0.0000000e+00 0.0000000e+00
1.1244000e+05 9.5000000e+01 1.0050000e+01 0.0000000e+00 0.0000000e+00
1.1250000e+05 9.6000000e+01 9.8500004e+00 0.0000000e+00 0.0000000e+00
1.1256000e+05 9.6000000e+01 9.9000001e+00 0.0000000e+00 2.5411961e+00
1.1262000e+05 9.6000000e+01 1.0400000e+01 0.0000000e+00 2.8966681e+01
1.1268000e+05 9.6000000e+01 1.1150000e+01 0.0000000e+00 7.9134987e+01
1.1274000e+05 8.7000000e+01 1.2200000e+01 0.0000000e+00 2.3683009e+02
1.1280000e+05 7.7000000e+01 1.3550000e+01 0.0000000e+00 3.5309680e+02
1.1286000e+05 7.7000000e+01 1.4800000e+01 0.0000000e+00 4.8074841e+02
1.1292000e+05 7.5000000e+01 1.5150000e+01 0.0000000e+00 3.6063919e+02
1.1298000e+05 7.4000000e+01 1.4550000e+01 0.0000000e+00 2.6217819e+02
1.1304000e+05 7.6000000e+01 1.4900000e+01 0.0000000e+00 3.4222571e+02
1.1310000e+05 6.9000000e+01 1.5550000e+01 0.0000000e+00 4.1567529e+02
1.1316000e+05 7.7000000e+01 1.4800000e+01 0.0000000e+00 2.5462630e+02
1.1322000e+05 8.4000000e+01 1.3300000e+01 0.0000000e+00 5.4729561e+01
1.1328000e+05 8.9000000e+01 1.2150000e+01 0.0000000e+00 7.4569802e+00
1.1334000e+05 9.2000000e+01 1.1900000e+01 0.0000000e+00 1.7995661e+01
1.1340000e+05 9.1000000e+01 1.2000000e+01 0.0000000e+00 3.5309170e+01
1.1346000e+05 9.0000000e+01 1.2300000e+01 0.0000000e+00 4.2305481e+01
1.1352000e+05 8.9000000e+01 1.2150000e+01 0.0000000e+00 1.3028500e+01
1.1358000e+05 9.3000000e+01 1.1600000e+01 0.0000000e+00 6.7563910e+00
1.1364000e+05 9.5000000e+01 1.1250000e+01 0.0000000e+00 0.0000000e+00
1.1370000e+05 9.5000000e+01 1.1050000e+01 0.0000000e+00 0.0000000e+00
1.1376000e+05 9.6000000e+01 1.0650000e+01 0.0000000e+00 0.0000000e+00
1.1382000e+05 9.6000000e+01 1.0400000e+01 0.0000000e+00 0.0000000e+00
1.1388000e+05 9.6000000e+01 1.0350000e+01 0.0000000e+00 0.0000000e+00
1.1394000e+05 9.4000000e+01 9.9500003e+00 0.0000000e+00 0.0000000e+00
1.1400000e+05 9.4000000e+01 9.3000002e+00 0.0000000e+00 0.0000000e+00
1.1406000e+05 9.5000000e+01 8.6500001e+00 0.0000000e+00 0.0000000e+00
1.1412000e+05 9.4000000e+01 8.1499999e+00 0.0000000e+00 1.5395810e+01
1.1418000e+05 8.0000000e+01 8.8000002e+00 0.0000000e+00 2.4866730e+02
1.1424000e+05 7.7000000e+01 9.2000003e+00 0.0000000e+00 2.4481480e+02
1.1430000e+05 7.8000000e+01 9.3499999e+00 0.0000000e+00 1.6342720e+02
1.1436000e+05 7.1000000e+01 9.5500002e+00 0.0000000e+00 2.1929300e+02
1.1442000e+05 6.9000000e+01 1.0000000e+01 0.0000000e+00 2.5928741e+02
1.1448000e+05 6.8000000e+01 1.0600000e+01 0.0000000e+00 2.7568909e+02
1.1454000e+05 7.9000000e+01 1.0200000e+01 0.0000000e+00 2.1759180e+02
1.1460000e+05 6.5000000e+01 1.0300000e+01 0.0000000e+00 1.9729691e+02
1.1466000e+05 6.3000000e+01 1.1150000e+01 0.0000000e+00 1.9413950e+02
1.1472000e+05 5.8000000e+01 1.1750000e+01 0.0000000e+00 2.6566199e+02
1.1478000e+05 5.2000000e+01 1.2650000e+01 0.0000000e+00 2.6205911e+02
1.1484000e+05 5.3000000e+01 1.2750000e+01 0.0000000e+00 2.0774500e+02
1.1490000e+05 4.5000000e+01 1.2400000e+01 0.0000000e+00 9.8178337e+01
1.1496000e+05 5.0000000e+01 1.1550000e+01 0.0000000e+00 3.9727859e+01
1.1502000e+05 5.5000000e+01 1.0900000e+01 0.0000000e+00 2.1705469e+01
1.1508000e+05 5.8000000e+01 1.0350000e+01 0.0000000e+00 0.0000000e+00
1.1514000e+05 5.7000000e+01 1.0450000e+01 0.0000000e+00 0.0000000e+00
1.1520000e+05 5.3000000e+01 1.0950000e+01 0.0000000e+00 0.0000000e+00
1.1526000e+05 5.1000000e+01 1.1650000e+01 0.0000000e+00 0.0000000e+00
1.1532000e+05 5.1000000e+01 1.2000000e+01 0.0000000e+00 0.0000000e+00
1.1538000e+05 4.8000000e+01 1.2450000e+01 0.0000000e+00 0.0000000e+00
1.1544000e+05 5.0000000e+01 1.2650000e+01 0.0000000e+00 0.0000000e+00
1.1550000e+05 5.2000000e+01 1.2800000e+01 0.0000000e+00 6.7478018e+00
1.1556000e+05 5.5000000e+01 1.3250000e+01 0.0000000e+00 5.6677608e+01
1.1562000e+05 7.1000000e+01 1.2550000e+01 0.0000000e+00 1.4623911e+02
1.1568000e+05 6.7000000e+01 1.2450000e+01 0.0000000e+00 2.2224950e+02
1.1574000e+05 8.4000000e+01 1.1100000e+01 0.0000000e+00 1.2902710e+02
1.1580000e+05 8.4000000e+01 1.1300000e+01 0.0000000e+00 2.5077769e+02
1.1586000e+05 9.0000000e+01 1.0750000e+01 0.0000000e+00 3.2513101e+02
1.1592000e+05 8.8000000e+01 1.0150000e+01 0.0000000e+00 2.2649660e+02
1.1598000e+05 9.2000000e+01 9.3000002e+00 0.0000000e+00 9.3948723e+01
1.1604000e+05 8.6000000e+01 9.6500001e+00 0.0000000e+00 1.4455321e+02
1.1610000e+05 9.1000000e+01 1.0150000e+01 0.0000000e+00 1.6631000e+02
1.1616000e+05 8.6000000e+01 9.8499999e+00 0.0000000e+00 1.2271050e+02
1.1622000e+05 8.6000000e+01 1.0300000e+01 0.0000000e+00 1.5426320e+02
1.1628000e+05 9.3000000e+01 1.0050000e+01 0.0000000e+00 5.3112751e+01
1.1634000e+05 8.9000000e+01 1.0150000e+01 0.0000000e+00 9.7837753e+01
1.1640000e+05 8.3000000e+01 1.0400000e+01 0.0000000e+00 6.7009460e+01
1.1646000e+05 8.4000000e+01 1.0350000e+01 0.0000000e+00 2.2860571e+01
1.1652000e+05 8.5000000e+01 1.0050000e+01 0.0000000e+00 1.8292190e+00
1.1658000e+05 8.3000000e+01 9.8499999e+00 0.0000000e+00 0.0000000e+00
1.1664000e+05 7.9000000e+01 1.0250000e+01 0.0000000e+00 0.0000000e+00
1.1670000e+05 7.4000000e+01 1.0800000e+01 0.0000000e+00 0.0000000e+00
1.1676000e+05 8.0000000e+01 1.0850000e+01 0.0000000e+00 0.0000000e+00
1.1682000e+05 8.0000000e+01 1.0250000e+01 0.0000000e+00 0.0000000e+00
1.1688000e+05 7.6000000e+01 1.0700000e+01 0.0000000e+00 0.0000000e+00
1.1694000e+05 8.2000000e+01 1.0550000e+01 0.0000000e+00 0.0000000e+00
1.1700000e+05 7.9000000e+01 1.0500000e+01 0.0000000e+00 3.9090590e+00
1.1706000e+05 7.3000000e+01 1.1300000e+01 0.0000000e+00 3.6963650e+01
1.1712000e+05 7.2000000e+01 1.2400000e+01 0.0000000e+00 7.8060951e+01
1.1718000e+05 7.6000000e+01 1.3000000e+01 0.0000000e+00 1.7256390e+02
1.1724000e+05 7.4000000e+01 1.3200000e+01 0.0000000e+00 2.9516769e+02
1.1730000e+05 7.2000000e+01 1.3900000e+01 0.0000000e+00 5.1053979e+02
1.1736000e+05 7.4000000e+01 1.4700000e+01 0.0000000e+00 6.1928271e+02
1.1742000e+05 7.1000000e+01 1.4950000e+01 0.0000000e+00 4.8349139e+02
1.1748000e+05 6.8000000e+01 1.5350000e+01 0.0000000e+00 4.6166241e+02
1.1754000e+05 6.6000000e+01 1.5900001e+01 0.0000000e+00 5.1168970e+02
1.1760000e+05 6.6000000e+01 1.6650000e+01 0.0000000e+00 4.5226660e+02
1.1766000e+05 6.8000000e+01 1.6700001e+01 0.0000000e+00 2.9967209e+02
1.1772000e+05 7.5000000e+01 1.5599999e+01 0.0000000e+00 1.6143900e+02
1.1778000e+05 8.0000000e+01 1.4250000e+01 0.0000000e+00 1.4743179e+02
1.1784000e+05 8.6000000e+01 1.2750000e+01 0.0000000e+00 7.4015068e+01
1.1790000e+05 8.7000000e+01 1.2300000e+01 0.0000000e+00 2.2835970e+01
1.1796000e+05 9.1000000e+01 1.1850000e+01 0.0000000e+00 5.0901079e+00
1.1802000e+05 9.2000000e+01 1.1350000e+01 0.0000000e+00 0.0000000e+00
1.1808000e+05 9.2000000e+01 1.1100000e+01 0.0000000e+00 0.0000000e+00
1.1814000e+05 9.2000000e+01 1.1250000e+01 0.0000000e+00 0.0000000e+00
1.1820000e+05 9.2000000e+01 1.1300000e+01 0.0000000e+00 0.0000000e+00
1.1826000e+05 9.3000000e+01 1.1350000e+01 0.0000000e+00 0.0000000e+00
1.1832000e+05 8.7000000e+01 1.2000000e+01 0.0000000e+00 0.0000000e+00
1.1838000e+05 8.7000000e+01 1.2650000e+01 0.0000000e+00 5.1656179e+00
1.1844000e+05 8.7000000e+01 1.2750000e+01 0.0000000e+00 2.7825190e+01
1.1850000e+05 8.0000000e+01 1.3900000e+01 0.0000000e+00 1.0408280e+02
1.1856000e+05 8.2000000e+01 1.5200000e+01 0.0000000e+00 2.5942529e+02
1.1862000e+05 7.5000000e+01 1.6099999e+01 0.0000000e+00 3.7639090e+02
1.1868000e+05 7.3000000e+01 1.7150001e+01 0.0000000e+00 4.5184161e+02
1.1874000e+05 6.8000000e+01 1.8300000e+01 0.0000000e+00 4.5266779e+02
1.1880000e+05 5.4000000e+01 1.9550000e+01 0.0000000e+00 7.5813672e+02
1.1886000e+05 5.6000000e+01 2.0150001e+01 0.0000000e+00 6.4895782e+02
1.1892000e+05 6.9000000e+01 1.9200000e+01 0.0000000e+00 5.6797571e+02
1.1898000e+05 6.8000000e+01 1.7400000e+01 0.0000000e+00 3.3202609e+02
1.1904000e+05 7.4000000e+01 1.6350000e+01 0.0000000e+00 2.0162660e+02
1.1910000e+05 7.7000000e+01 1.5550000e+01 0.0000000e+00 1.7014700e+02
1.1916000e+05 7.3000000e+01 1.5550000e+01 0.0000000e+00 1.5152390e+02
1.1922000e+05 8.5000000e+01 1.4950000e+01 0.0000000e+00 3.7210941e+01
1.1928000e+05 9.1000000e+01 1.4000000e+01 0.0000000e+00 2.0404030e+01
1.1934000e+05 9.1000000e+01 1.3250000e+01 0.0000000e+00 4.8429518e+00
1.1940000e+05 9.4000000e+01 1.2800000e+01 0.0000000e+00 0.0000000e+00
1.1946000e+05 9.5000000e+01 1.2500000e+01 0.0000000e+00 0.0000000e+00
1.1952000e+05 9.6000000e+01 1.2300000e+01 0.0000000e+00 0.0000000e+00
1.1958000e+05 9.6000000e+01 1.2400000e+01 0.0000000e+00 0.0000000e+00
1.1964000e+05 9.6000000e+01 1.2550000e+01 0.0000000e+00 0.0000000e+00
1.1970000e+05 9.7000000e+01 1.2550000e+01 0.0000000e+00 0.0000000e+00
1.1976000e+05 9.7000000e+01 1.2650000e+01 0.0000000e+00 0.0000000e+00
1.1982000e+05 9.7000000e+01 1.2750000e+01 0.0000000e+00 1.5271290e+01
1.1988000e+05 9.7000000e+01 1.3000000e+01 0.0000000e+00 3.0212009e+01
1.1994000e+05 9.6000000e+01 1.2850000e+01 0.0000000e+00 2.5306320e+01
1.2000000e+05 9.6000000e+01 1.2550000e+01 0.0000000e+00 2.8661860e+01
1.2006000e+05 9.5000000e+01 1.3000000e+01 0.0000000e+00 7.3718750e+01
1.2012000e+05 8.5000000e+01 1.3650000e+01 0.0000000e+00 1.5350819e+02
1.2018000e+05 8.8000000e+01 1.3550000e+01 0.0000000e+00 9.3187897e+01
1.2024000e+05 7.8000000e+01 1.3200000e+01 0.0000000e+00 1.5823540e+02
1.2030000e+05 6.7000000e+01 1.4650000e+01 0.0000000e+00 6.5061267e+02
1.2036000e+05 6.3000000e+01 1.5200000e+01 0.0000000e+00 8.4269922e+02
1.2042000e+05 5.9000000e+01 1.5050000e+01 0.0000000e+00 6.3582507e+02
1.2048000e+05 6.5000000e+01 1.4750000e+01 0.0000000e+00 3.1747910e+02
1.2054000e+05 6.1000000e+01 1.4950000e+01 0.0000000e+00 4.4018170e+02
1.2060000e+05 6.1000000e+01 1.4650000e+01 0.0000000e+00 3.1831650e+02
1.2066000e+05 5.7000000e+01 1.4000000e+01 0.0000000e+00 2.2891920e+02
1.2072000e+05 6.5000000e+01 1.3100000e+01 0.0000000e+00 5.9509800e+01
1.2078000e+05 6.1000000e+01 1.2300000e+01 0.0000000e+00 4.0664669e+01
1.2084000e+05 6.1000000e+01 1.2000000e+01 0.0000000e+00 6.7096629e+00
1.2090000e+05 6.5000000e+01 1.1550000e+01 0.0000000e+00 0.0000000e+00
1.2096000e+05 6.9000000e+01 1.0900000e+01 0.0000000e+00 0.0000000e+00
1.2102000e+05 7.0000000e+01 1.0400000e+01 0.0000000e+00 0.0000000e+00
1.2108000e+05 7.7000000e+01 9.7500000e+00 0.0000000e+00 0.0000000e+00
1.2114000e+05 7.7000000e+01 8.9499998e+00 0.0000000e+00 0.0000000e+00
1.2120000e+05 7.9000000e+01 8.8000002e+00 0.0000000e+00 0.0000000e+00
1.2126000e+05 7.6000000e+01 9.7000003e+00 0.0000000e+00 4.3888870e+01
1.2132000e+05 7.9000000e+01 1.0900000e+01 0.0000000e+00 6.7558434e+01
1.2138000e+05 7.8000000e+01 1.1500000e+01 0.0000000e+00 7.6203728e+01
1.2144000e+05 7.0000000e+01 1.2550000e+01 0.0000000e+00 1.5990131e+02
1.2150000e+05 5.9000000e+01 1.4100000e+01 0.0000000e+00 2.5561819e+02
1.2156000e+05 5.0000000e+01 1.6050000e+01 0.0000000e+00 5.1441882e+02
1.2162000e+05 4.9000000e+01 1.6700000e+01 0.0000000e+00 3.9728809e+02
1.2168000e+05 4.6000000e+01 1.7400000e+01 0.0000000e+00 4.3405029e+02
1.2174000e+05 4.7000000e+01 1.8750000e+01 0.0000000e+00 7.9068903e+02
1.2180000e+05 4.4000000e+01 1.9800000e+01 0.0000000e+00 5.9967133e+02
1.2186000e+05 4.0000000e+01 2.2150000e+01 0.0000000e+00 7.0801099e+02
1.2192000e+05 3.6000000e+01 2.2700000e+01 0.0000000e+00 6.8061493e+02
1.2198000e+05 4.4000000e+01 2.2049999e+01 0.0000000e+00 5.6773657e+02
1.2204000e+05 4.8000000e+01 2.0350000e+01 0.0000000e+00 4.8266379e+02
1.2210000e+05 5.9000000e+01 1.8600000e+01 0.0000000e+00 2.6326599e+02
1.2216000e+05 6.6000000e+01 1.6850000e+01 0.0000000e+00 5.3033051e+01
1.2222000e+05 6.7000000e+01 1.5650000e+01 0.0000000e+00 2.6284309e+01
1.2228000e+05 6.6000000e+01 1.4850000e+01 0.0000000e+00 1.1231570e+00
1.2234000e+05 7.0000000e+01 1.4050000e+01 0.0000000e+00 0.0000000e+00
1.2240000e+05 6.6000000e+01 1.3400000e+01 0.0000000e+00 0.0000000e+00
1.2246000e+05 7.1000000e+01 1.3300000e+01 0.0000000e+00 0.0000000e+00
1.2252000e+05 7.5000000e+01 1.2550000e+01 0.0000000e+00 0.0000000e+00
1.2258000e+05 6.9000000e+01 1.2450000e+01 0.0000000e+00 0.0000000e+00
1.2264000e+05 6.6000000e+01 1.2950000e+01 0.0000000e+00 0.0000000e+00
1.2270000e+05 6.4000000e+01 1.3450000e+01 0.0000000e+00 1.0237030e+01
1.2276000e+05 5.6000000e+01 1.5450000e+01 0.0000000e+00 2.3351311e+01
1.2282000e+05 5.5000000e+01 1.8300000e+01 0.0000000e+00 2.9961029e+02
1.2288000e+05 4.8000000e+01 2.0050000e+01 0.0000000e+00 4.7596930e+02
1.2294000e+05 4.3000000e+01 2.0849999e+01 0.0000000e+00 5.0728741e+02
1.2300000e+05 3.1000000e+01 2.3099999e+01 0.0000000e+00 7.1061438e+02
1.2312000e+05 4.8000000e+01 2.3500000e+01 0.0000000e+00 5.7290948e+02
1.2318000e+05 5.2000000e+01 2.3200000e+01 0.0000000e+00 4.0941281e+02
1.2324000e+05 6.1000000e+01 2.1300000e+01 0.0000000e+00 5.0431689e+02
1.2330000e+05 6.9000000e+01 1.8849999e+01 0.0000000e+00 3.8621780e+02
1.2336000e+05 8.1000000e+01 1.7300000e+01 0.0000000e+00 3.9345029e+02
1.2342000e+05 8.8000000e+01 1.5000000e+01 0.0000000e+00 5.4388321e+01
1.2348000e+05 9.3000000e+01 1.3800000e+01 0.0000000e+00 1.5478290e+01
1.2354000e+05 9.4000000e+01 1.2600000e+01 0.0000000e+00 5.0514979e+00
1.2360000e+05 9.4000000e+01 1.1950000e+01 0.0000000e+00 1.8396620e+00
1.2366000e+05 9.5000000e+01 1.1700000e+01 0.0000000e+00 0.0000000e+00
1.2372000e+05 9.6000000e+01 1.1500000e+01 0.0000000e+00 0.0000000e+00
1.2378000e+05 9.5000000e+01 1.1200000e+01 0.0000000e+00 0.0000000e+00
1.2384000e+05 9.5000000e+01 1.0800000e+01 0.0000000e+00 0.0000000e+00
1.2390000e+05 9.6000000e+01 1.0550000e+01 0.0000000e+00 0.0000000e+00
1.2396000e+05 9.6000000e+01 1.0500000e+01 0.0000000e+00 0.0000000e+00
1.2402000e+05 9.6000000e+01 1.0550000e+01 0.0000000e+00 0.0000000e+00
1.2408000e+05 9.6000000e+01 1.0550000e+01 0.0000000e+00 0.0000000e+00
1.2414000e+05 9.6000000e+01 1.0700000e+01 0.0000000e+00 0.0000000e+00
1.2420000e+05 9.5000000e+01 1.0800000e+01 0.0000000e+00 7.8438468e+00
1.2426000e+05 9.4000000e+01 1.1450000e+01 0.0000000e+00 1.0379730e+02
1.2432000e+05 9.0000000e+01 1.2150000e+01 0.0000000e+00 1.4779649e+02
1.2438000e+05 8.9000000e+01 1.2100000e+01 0.0000000e+00 1.3284050e+02
1.2444000e+05 7.8000000e+01 1.3650000e+01 0.0000000e+00 4.7729230e+02
1.2450000e+05 8.0000000e+01 1.5100000e+01 0.0000000e+00 4.4580371e+02
1.2456000e+05 7.7000000e+01 1.5800000e+01 0.0000000e+00 4.9018631e+02
1.2462000e+05 7.6000000e+01 1.6500000e+01 0.0000000e+00 5.6435828e+02
1.2468000e+05 7.4000000e+01 1.7650000e+01 0.0000000e+00 8.1914789e+02
1.2474000e+05 7.1000000e+01 1.7850000e+01 0.0000000e+00 7.3875702e+02
1.2480000e+05 7.2000000e+01 1.8250000e+01 0.0000000e+00 6.6209998e+02
1.2486000e+05 6.9000000e+01 1.8350000e+01 0.0000000e+00 5.5134857e+02
1.2492000e+05 7.1000000e+01 1.8600000e+01 0.0000000e+00 4.2513751e+02
1.2498000e+05 8.5000000e+01 1.7300000e+01 0.0000000e+00 2.3331261e+02
1.2504000e+05 8.6000000e+01 1.5900000e+01 0.0000000e+00 1.9859541e+01
1.2510000e+05 8.6000000e+01 1.5400000e+01 0.0000000e+00 1.0666160e+01
1.2516000e+05 8.7000000e+01 1.4900000e+01 0.0000000e+00 2.0844569e+00
1.2522000e+05 9.0000000e+01 1.4550000e+01 0.0000000e+00 0.0000000e+00
1.2528000e+05 9.3000000e+01 1.4150000e+01 0.0000000e+00 0.0000000e+00
1.2534000e+05 9.4000000e+01 1.3750000e+01 0.0000000e+00 0.0000000e+00
1.2540000e+05 8.5000000e+01 1.4600000e+01 0.0000000e+00 0.0000000e+00
1.2546000e+05 8.5000000e+01 1.5450000e+01 0.0000000e+00 0.0000000e+00
1.2552000e+05 8.2000000e+01 1.5849999e+01 0.0000000e+00 0.0000000e+00
1.2558000e+05 8.5000000e+01 1.6350000e+01 0.0000000e+00 1.9257990e+01
1.2564000e+05 8.7000000e+01 1.6300000e+01 0.0000000e+00 5.6758301e+01
1.2570000e+05 7.6000000e+01 1.8000000e+01 0.0000000e+00 2.2096381e+02
1.2576000e+05 7.0000000e+01 1.9700000e+01 0.0000000e+00 2.8606171e+02
1.2582000e+05 6.6000000e+01 2.1050000e+01 0.0000000e+00 3.7223181e+02
1.2588000e+05 6.6000000e+01 2.2000000e+01 0.0000000e+00 4.1096219e+02
1.2594000e+05 6.5000000e+01 2.3000000e+01 0.0000000e+00 4.9796481e+02
1.2600000e+05 6.5000000e+01 2.2850000e+01 0.0000000e+00 4.2980750e+02
1.2606000e+05 6.6000000e+01 2.2350000e+01 0.0000000e+00 4.1405042e+02
1.2612000e+05 5.3000000e+01 2.3049999e+01 0.0000000e+00 7.6689221e+02
1.2618000e+05 5.9000000e+01 2.2900001e+01 0.0000000e+00 4.3015051e+02
1.2624000e+05 5.4000000e+01 2.3400000e+01 0.0000000e+00 6.1012488e+02
1.2630000e+05 5.4000000e+01 2.3200000e+01 0.0000000e+00 4.4233670e+02
1.2636000e+05 6.0000000e+01 2.2700000e+01 0.0000000e+00 3.9720779e+02
1.2642000e+05 7.2000000e+01 2.0849999e+01 0.0000000e+00 1.7426820e+02
1.2648000e+05 7.7000000e+01 1.9650000e+01 0.0000000e+00 7.2322517e+01
1.2654000e+05 7.8000000e+01 1.9100000e+01 0.0000000e+00 5.0080551e+01
1.2660000e+05 8.2000000e+01 1.7900001e+01 0.0000000e+00 5.1025152e-01
1.2666000e+05 8.5000000e+01 1.6950000e+01 0.0000000e+00 0.0000000e+00
1.2672000e+05 8.0000000e+01 1.6600000e+01 0.0000000e+00 0.0000000e+00
1.2678000e+05 4.8000000e+01 1.9600000e+01 0.0000000e+00 0.0000000e+00
1.2684000e+05 5.1000000e+01 2.2050000e+01 0.0000000e+00 0.0000000e+00
1.2690000e+05 7.4000000e+01 1.9700001e+01 0.0000000e+00 0.0000000e+00
1.2696000e+05 8.2000000e+01 1.7250000e+01 0.0000000e+00 0.0000000e+00
1.2702000e+05 8.8000000e+01 1.6750000e+01 0.0000000e+00 2.7598920e+00
1.2708000e+05 8.9000000e+01 1.6250000e+01 0.0000000e+00 2.6113649e+01
1.2714000e+05 8.5000000e+01 1.6050000e+01 0.0000000e+00 7.5085114e+01
1.2720000e+05 7.8000000e+01 1.5600000e+01 0.0000000e+00 2.8660810e+01
1.2726000e+05 7.7000000e+01 1.5850000e+01 0.0000000e+00 7.1630577e+01
1.2732000e+05 7.3000000e+01 1.6650001e+01 0.0000000e+00 1.9675110e+02
1.2738000e+05 7.6000000e+01 1.6650000e+01 0.0000000e+00 8.2506638e+01
1.2744000e+05 7.9000000e+01 1.6250000e+01 0.0000000e+00 1.7284911e+02
1.2750000e+05 7.8000000e+01 1.6200000e+01 0.0000000e+00 2.1410530e+02
1.2756000e+05 7.3000000e+01 1.7950000e+01 0.0000000e+00 4.8842120e+02
1.2762000e+05 6.6000000e+01 1.8849999e+01 0.0000000e+00 7.2698102e+02
1.2768000e+05 6.2000000e+01 1.8950001e+01 0.0000000e+00 5.1113120e+02
1.2774000e+05 6.0000000e+01 1.9700001e+01 0.0000000e+00 5.2163623e+02
1.2780000e+05 6.2000000e+01 1.9250000e+01 0.0000000e+00 2.7199219e+02
1.2786000e+05 7.1000000e+01 1.7750000e+01 0.0000000e+00 8.5727432e+01
1.2792000e+05 7.6000000e+01 1.6800000e+01 0.0000000e+00 3.2479462e+01
1.2798000e+05 7.5000000e+01 1.6150000e+01 0.0000000e+00 4.0008480e+01
1.2804000e+05 8.5000000e+01 1.5400000e+01 0.0000000e+00 0.0000000e+00
1.2810000e+05 6.5000000e+01 1.5100000e+01 0.0000000e+00 0.0000000e+00
1.2816000e+05 5.2000000e+01 1.5600000e+01 0.0000000e+00 0.0000000e+00
1.2822000e+05 5.1000000e+01 1.5450000e+01 0.0000000e+00 0.0000000e+00
1.2828000e+05 5.5000000e+01 1.4850000e+01 0.0000000e+00 0.0000000e+00
1.2834000e+05 5.2000000e+01 1.4550000e+01 0.0000000e+00 0.0000000e+00
1.2840000e+05 5.4000000e+01 1.4450000e+01 0.0000000e+00 0.0000000e+00
1.2846000e+05 6.4000000e+01 1.3700000e+01 0.0000000e+00 2.8338070e+00
1.2852000e+05 7.3000000e+01 1.2600000e+01 0.0000000e+00 3.3992950e+01
1.2858000e+05 6.7000000e+01 1.2300000e+01 0.0000000e+00 8.3692253e+01
1.2864000e+05 8.5000000e+01 1.1900000e+01 0.0000000e+00 1.0165960e+02
1.2870000e+05 7.5000000e+01 1.1650000e+01 0.0000000e+00 1.6042261e+02
1.2876000e+05 7.1000000e+01 1.1850000e+01 0.0000000e+00 1.7164079e+02
1.2882000e+05 8.0000000e+01 1.1950000e+01 0.0000000e+00 1.1599380e+02
1.2888000e+05 8.1000000e+01 1.2000000e+01 0.0000000e+00 2.0895860e+02
1.2894000e+05 7.1000000e+01 1.2750000e+01 0.0000000e+00 3.1771671e+02
1.2900000e+05 6.3000000e+01 1.4100000e+01 0.0000000e+00 3.8655789e+02
1.2906000e+05 5.1000000e+01 1.4050000e+01 0.0000000e+00 2.8196890e+02
1.2912000e+05 5.1000000e+01 1.5000000e+01 0.0000000e+00 3.6280069e+02
1.2918000e+05 5.6000000e+01 1.4950000e+01 0.0000000e+00 3.4607571e+02
1.2924000e+05 5.8000000e+01 1.4050000e+01 0.0000000e+00 2.1145490e+02
1.2930000e+05 7.0000000e+01 1.3250000e+01 0.0000000e+00 1.4908450e+02
1.2936000e+05 6.4000000e+01 1.2450000e+01 0.0000000e+00 5.4311760e+01
1.2942000e+05 6.6000000e+01 1.2550000e+01 0.0000000e+00 4.3997440e+01
1.2948000e+05 6.5000000e+01 1.2150000e+01 0.0000000e+00 2.0870291e+01
1.2954000e+05 6.1000000e+01 1.1950000e+01 0.0000000e+00 0.0000000e+00
1.2960000e+05 6.6000000e+01 1.1750000e+01 0.0000000e+00 0.0000000e+00
1.2966000e+05 6.3000000e+01 1.1450000e+01 0.0000000e+00 0.0000000e+00
1.2972000e+05 5.6000000e+01 1.1450000e+01 0.0000000e+00 0.0000000e+00
1.2978000e+05 5.5000000e+01 1.2000000e+01 0.0000000e+00 0.0000000e+00
1.2984000e+05 5.4000000e+01 1.2400000e+01 0.0000000e+00 0.0000000e+00
1.2990000e+05 5.6000000e+01 1.2750000e+01 0.0000000e+00 2.4092350e+01
1.2996000e+05 5.8000000e+01 1.2500000e+01 0.0000000e+00 4.0166698e+01
1.3002000e+05 5.4000000e+01 1.3250000e+01 0.0000000e+00 1.2939160e+02
1.3008000e+05 5.6000000e+01 1.4350000e+01 0.0000000e+00 2.5361971e+02
1.3014000e+05 5.3000000e+01 1.4500000e+01 0.0000000e+00 2.7062811e+02
1.3020000e+05 5.2000000e+01 1.6100000e+01 0.0000000e+00 6.4164172e+02
1.3026000e+05 6.1000000e+01 1.4800000e+01 0.0000000e+00 1.8439380e+02
1.3032000e+05 6.1000000e+01 1.4450000e+01 0.0000000e+00 3.7873480e+02
1.3038000e+05 6.0000000e+01 1.4950000e+01 0.0000000e+00 3.3681229e+02
1.3044000e+05 5.8000000e+01 1.5400000e+01 0.0000000e+00 4.8031879e+02
1.3050000e+05 6.1000000e+01 1.5200000e+01 0.0000000e+00 2.8012930e+02
1.3056000e+05 6.5000000e+01 1.4500000e+01 0.0000000e+00 1.2271620e+02
1.3062000e+05 6.4000000e+01 1.4400000e+01 0.0000000e+00 1.8170230e+02
1.3068000e+05 6.4000000e+01 1.4450000e+01 0.0000000e+00 1.1107690e+02
1.3074000e+05 6.4000000e+01 1.4350000e+01 0.0000000e+00 5.5045959e+01
1.3080000e+05 6.7000000e+01 1.3850000e+01 0.0000000e+00 1.9650169e+01
1.3086000e+05 7.2000000e+01 1.3100000e+01 0.0000000e+00 0.0000000e+00
1.3092000e+05 7.9000000e+01 1.2300000e+01 0.0000000e+00 0.0000000e+00
1.3098000e+05 8.6000000e+01 1.1800000e+01 0.0000000e+00 0.0000000e+00
1.3104000e+05 9.2000000e+01 1.1250000e+01 0.0000000e+00 0.0000000e+00
1.3110000e+05 9.5000000e+01 1.0650000e+01 0.0000000e+00 0.0000000e+00
1.3116000e+05 9.5000000e+01 1.0250000e+01 0.0000000e+00 0.0000000e+00
1.3122000e+05 9.4000000e+01 1.0050000e+01 0.0000000e+00 0.0000000e+00
1.3128000e+05 9.2000000e+01 9.8499999e+00 0.0000000e+00 0.0000000e+00
1.3134000e+05 8.9000000e+01 1.0050000e+01 0.0000000e+00 1.1198410e+01
1.3140000e+05 8.6000000e+01 1.0400000e+01 0.0000000e+00 3.9139771e+01
1.3146000e+05 8.5000000e+01 1.0700000e+01 0.0000000e+00 3.5215931e+01
1.3152000e+05 9.3000000e+01 1.0500000e+01 0.0000000e+00 4.6683010e+01
1.3158000e+05 9.0000000e+01 1.0200000e+01 0.0000000e+00 6.6565247e+01
1.3164000e+05 8.4000000e+01 1.1000000e+01 0.0000000e+00 1.4672701e+02
1.3170000e+05 7.8000000e+01 1.1400000e+01 0.0000000e+00 1.2877780e+02
1.3176000e+05 7.2000000e+01 1.1900000e+01 0.0000000e+00 2.8877100e+02
1.3182000e+05 6.3000000e+01 1.3450000e+01 0.0000000e+00 6.4158557e+02
1.3188000e+05 7.0000000e+01 1.3100000e+01 0.0000000e+00 3.2960818e+02
1.3194000e+05 7.1000000e+01 1.2050000e+01 0.0000000e+00 2.8603400e+02
1.3200000e+05 6.8000000e+01 1.3000000e+01 0.0000000e+00 5.0453079e+02
1.3206000e+05 6.3000000e+01 1.3750000e+01 0.0000000e+00 5.3654718e+02
1.3212000e+05 7.4000000e+01 1.2600000e+01 0.0000000e+00 1.8261900e+02
1.3218000e+05 7.5000000e+01 1.2200000e+01 0.0000000e+00 1.4730020e+02
1.3224000e+05 8.5000000e+01 1.1400000e+01 0.0000000e+00 1.7620890e+01
1.3230000e+05 7.7000000e+01 1.1000000e+01 0.0000000e+00 2.9631960e+01
1.3236000e+05 8.5000000e+01 1.1000000e+01 0.0000000e+00 0.0000000e+00
1.3242000e+05 9.2000000e+01 1.0400000e+01 0.0000000e+00 0.0000000e+00
1.3248000e+05 9.4000000e+01 1.0100000e+01 0.0000000e+00 0.0000000e+00
1.3254000e+05 9.3000000e+01 1.0150000e+01 0.0000000e+00 0.0000000e+00
1.3260000e+05 9.1000000e+01 1.0300000e+01 0.0000000e+00 0.0000000e+00
1.3266000e+05 9.2000000e+01 1.0500000e+01 0.0000000e+00 0.0000000e+00
1.3272000e+05 9.4000000e+01 1.0450000e+01 0.0000000e+00 0.0000000e+00
1.3278000e+05 9.3000000e+01 1.0350000e+01 0.0000000e+00 1.0880070e+01
1.3284000e+05 9.4000000e+01 1.0400000e+01 0.0000000e+00 1.4270750e+01
1.3290000e+05 9.3000000e+01 1.0650000e+01 0.0000000e+00 1.6302401e+01
1.3296000e+05 9.4000000e+01 1.0450000e+01 0.0000000e+00 4.6348949e+01
1.3302000e+05 9.5000000e+01 1.0250000e+01 0.0000000e+00 8.4915237e+01
1.3308000e+05 9.5000000e+01 1.0650000e+01 0.0000000e+00 1.0986610e+02
1.3314000e+05 9.3000000e+01 1.0500000e+01 0.0000000e+00 1.4898660e+02
1.3320000e+05 9.0000000e+01 1.0450000e+01 0.0000000e+00 1.3789000e+02
1.3326000e+05 8.5000000e+01 1.0900000e+01 0.0000000e+00 1.4309109e+02
1.3332000e+05 8.9000000e+01 1.1400000e+01 0.0000000e+00 1.5049451e+02
1.3338000e+05 9.0000000e+01 1.1200000e+01 0.0000000e+00 1.6979550e+02
1.3344000e+05 8.6000000e+01 1.1750000e+01 0.0000000e+00 1.6955330e+02
1.3350000e+05 9.3000000e+01 1.1350000e+01 0.0000000e+00 1.3229340e+02
1.3356000e+05 9.3000000e+01 1.0550000e+01 0.0000000e+00 7.5764259e+01
1.3362000e+05 9.4000000e+01 1.0000000e+01 0.0000000e+00 2.1053471e+01
1.3368000e+05 9.4000000e+01 9.5499997e+00 0.0000000e+00 9.3544989e+00
1.3374000e+05 9.3000000e+01 9.4499998e+00 0.0000000e+00 3.8724909e+00
1.3380000e+05 9.2000000e+01 9.3499999e+00 0.0000000e+00 0.0000000e+00
1.3386000e+05 9.4000000e+01 9.2000003e+00 0.0000000e+00 0.0000000e+00
1.3392000e+05 9.0000000e+01 9.0000000e+00 0.0000000e+00 0.0000000e+00
1.3398000e+05 8.6000000e+01 8.5999999e+00 0.0000000e+00 0.0000000e+00
1.3404000e+05 8.3000000e+01 8.4000001e+00 0.0000000e+00 0.0000000e+00
1.3410000e+05 8.6000000e+01 8.1499999e+00 0.0000000e+00 0.0000000e+00
1.3416000e+05 8.4000000e+01 8.6499996e+00 0.0000000e+00 0.0000000e+00
1.3422000e+05 7.1000000e+01 9.4000001e+00 0.0000000e+00 2.1298479e+01
1.3428000e+05 7.9000000e+01 9.6999998e+00 0.0000000e+00 3.6192841e+01
1.3434000e+05 7.6000000e+01 1.0200000e+01 0.0000000e+00 1.0139900e+02
1.3440000e+05 6.4000000e+01 1.1450000e+01 0.0000000e+00 2.3168370e+02
1.3446000e+05 6.2000000e+01 1.2400000e+01 0.0000000e+00 4.6760941e+02
1.3452000e+05 5.5000000e+01 1.2850000e+01 0.0000000e+00 4.8171729e+02
1.3458000e+05 5.2000000e+01 1.3850000e+01 0.0000000e+00 5.0076910e+02
1.3464000e+05 4.5000000e+01 1.4850000e+01 0.0000000e+00 6.7597913e+02
1.3470000e+05 4.9000000e+01 1.5300000e+01 0.0000000e+00 3.8733710e+02
1.3476000e+05 5.1000000e+01 1.5300000e+01 0.0000000e+00 5.6451141e+02
1.3482000e+05 5.6000000e+01 1.5500000e+01 0.0000000e+00 4.7283969e+02
1.3488000e+05 5.4000000e+01 1.4800000e+01 0.0000000e+00 4.8740240e+02
1.3494000e+05 5.8000000e+01 1.5150000e+01 0.0000000e+00 5.0871570e+02
1.3500000e+05 6.3000000e+01 1.3900000e+01 0.0000000e+00 2.1096860e+02
1.3506000e+05 6.8000000e+01 1.2750000e+01 0.0000000e+00 1.2212900e+02
1.3512000e+05 7.2000000e+01 1.2100000e+01 0.0000000e+00 6.2892300e+01
1.3518000e+05 7.5000000e+01 1.1600000e+01 0.0000000e+00 4.3430859e+01
1.3524000e+05 8.2000000e+01 1.0900000e+01 0.0000000e+00 4.9793151e-01
1.3530000e+05 8.2000000e+01 1.0250000e+01 0.0000000e+00 0.0000000e+00
1.3536000e+05 8.4000000e+01 9.9000001e+00 0.0000000e+00 0.0000000e+00
1.3542000e+05 8.5000000e+01 9.5999999e+00 0.0000000e+00 0.0000000e+00
1.3548000e+05 8.1000000e+01 9.6999998e+00 0.0000000e+00 0.0000000e+00
1.3554000e+05 8.1000000e+01 1.0200000e+01 0.0000000e+00 0.0000000e+00
1.3560000e+05 7.8000000e+01 1.0500000e+01 0.0000000e+00 0.0000000e+00
1.3566000e+05 7.7000000e+01 1.1050000e+01 0.0000000e+00 1.4048310e+01
1.3572000e+05 7.6000000e+01 1.1450000e+01 0.0000000e+00 4.4906521e+01
1.3578000e+05 7.2000000e+01 1.2250000e+01 0.0000000e+00 5.8356640e+01
1.3584000e+05 7.3000000e+01 1.3250000e+01 0.0000000e+00 1.3847240e+02
1.3590000e+05 6.4000000e+01 1.5050000e+01 0.0000000e+00 3.3107919e+02
1.3596000e+05 5.4000000e+01 1.6350000e+01 0.0000000e+00 2.7335040e+02
1.3602000e+05 5.2000000e+01 1.7549999e+01 0.0000000e+00 6.0059888e+02
1.3608000e+05 4.9000000e+01 1.9150001e+01 0.0000000e+00 6.6176312e+02
1.3614000e+05 5.1000000e+01 1.8349999e+01 0.0000000e+00 3.0378931e+02
1.3620000e+05 5.1000000e+01 1.9250000e+01 0.0000000e+00 5.2207208e+02
1.3626000e+05 5.2000000e+01 1.9000000e+01 0.0000000e+00 3.6670010e+02
1.3632000e+05 5.2000000e+01 1.9350000e+01 0.0000000e+00 5.8594318e+02
1.3638000e+05 4.1000000e+01 2.0100000e+01 0.0000000e+00 5.8441357e+02
1.3644000e+05 5.5000000e+01 1.9800000e+01 0.0000000e+00 2.8307150e+02
1.3650000e+05 7.8000000e+01 1.6950000e+01 0.0000000e+00 6.5281326e+01
1.3656000e+05 7.1000000e+01 1.5300000e+01 0.0000000e+00 5.3591339e+01
1.3662000e+05 8.5000000e+01 1.4200000e+01 0.0000000e+00 7.9797678e+00
1.3668000e+05 8.7000000e+01 1.2450000e+01 0.0000000e+00 0.0000000e+00
1.3674000e+05 8.7000000e+01 1.1800000e+01 0.0000000e+00 0.0000000e+00
1.3680000e+05 9.0000000e+01 1.1100000e+01 0.0000000e+00 0.0000000e+00
1.3686000e+05 9.2000000e+01 1.0300000e+01 0.0000000e+00 0.0000000e+00
1.3692000e+05 9.4000000e+01 9.6999998e+00 0.0000000e+00 0.0000000e+00
1.3698000e+05 9.5000000e+01 9.1499996e+00 0.0000000e+00 0.0000000e+00
1.3704000e+05 9.6000000e+01 8.7999997e+00 0.0000000e+00 0.0000000e+00
1.3710000e+05 9.6000000e+01 8.7999997e+00 0.0000000e+00 1.1581150e+01
1.3716000e+05 9.6000000e+01 9.0000000e+00 0.0000000e+00 2.7158079e+01
1.3722000e+05 9.5000000e+01 9.1500001e+00 0.0000000e+00 4.4209011e+01
1.3728000e+05 9.3000000e+01 9.0999999e+00 0.0000000e+00 6.7493713e+01
1.3734000e+05 9.1000000e+01 9.0999999e+00 0.0000000e+00 9.8062813e+01
1.3740000e+05 9.2000000e+01 9.3000002e+00 0.0000000e+00 8.8841217e+01
1.3746000e+05 9.3000000e+01 8.9000001e+00 0.0000000e+00 7.7304192e+01
1.3752000e+05 9.3000000e+01 9.1499996e+00 0.0000000e+00 9.5325523e+01
1.3758000e+05 9.1000000e+01 9.3499999e+00 0.0000000e+00 8.2546822e+01
1.3764000e+05 9.1000000e+01 9.4000001e+00 0.0000000e+00 1.0227320e+02
1.3770000e+05 9.0000000e+01 9.8499999e+00 0.0000000e+00 9.7695183e+01
1.3776000e+05 9.3000000e+01 9.5499997e+00 0.0000000e+00 6.2710621e+01
1.3782000e+05 9.4000000e+01 9.1500001e+00 0.0000000e+00 4.1670540e+01
1.3788000e+05 9.4000000e+01 9.0999999e+00 0.0000000e+00 3.6740841e+01
1.3794000e+05 9.5000000e+01 8.7500000e+00 0.0000000e+00 8.6815176e+00
1.3800000e+05 9.5000000e+01 8.5000000e+00 0.0000000e+00 4.9829941e+00
1.3806000e+05 9.4000000e+01 8.4000001e+00 0.0000000e+00 0.0000000e+00
1.3812000e+05 9.6000000e+01 8.1500001e+00 0.0000000e+00 0.0000000e+00
1.3818000e+05 9.6000000e+01 7.9500000e+00 0.0000000e+00 0.0000000e+00
1.3824000e+05 9.6000000e+01 7.9000001e+00 0.0000000e+00 0.0000000e+00
1.3830000e+05 9.5000000e+01 8.5000002e+00 0.0000000e+00 0.0000000e+00
1.3836000e+05 9.7000000e+01 8.4500003e+00 0.0000000e+00 0.0000000e+00
1.3842000e+05 9.7000000e+01 8.6999998e+00 0.0000000e+00 0.0000000e+00
1.3848000e+05 9.7000000e+01 9.3499999e+00 0.0000000e+00 0.0000000e+00
1.3854000e+05 9.7000000e+01 9.9500003e+00 0.0000000e+00 0.0000000e+00
1.3860000e+05 9.7000000e+01 1.0100000e+01 0.0000000e+00 0.0000000e+00
1.3866000e+05 9.6000000e+01 1.0350000e+01 0.0000000e+00 5.2589812e+00
1.3872000e+05 9.6000000e+01 1.0300000e+01 0.0000000e+00 1.4670410e+01
1.3878000e+05 9.6000000e+01 9.9499998e+00 0.0000000e+00 1.0970710e+01
1.3884000e+05 9.7000000e+01 1.0100000e+01 0.0000000e+00 5.1527180e+01
1.3890000e+05 9.7000000e+01 1.0300000e+01 0.0000000e+00 7.4935608e+01
1.3896000e+05 9.6000000e+01 1.0650000e+01 0.0000000e+00 6.3345421e+01
1.3902000e+05 9.6000000e+01 1.1250000e+01 0.0000000e+00 1.2901360e+02
1.3908000e+05 9.4000000e+01 1.1600000e+01 0.0000000e+00 1.1495320e+02
1.3914000e+05 9.0000000e+01 1.1950000e+01 0.0000000e+00 1.7609621e+02
1.3920000e+05 8.9000000e+01 1.2250000e+01 0.0000000e+00 1.0465540e+02
1.3926000e+05 8.7000000e+01 1.2150000e+01 0.0000000e+00 1.0112490e+02
1.3932000e+05 8.8000000e+01 1.2200000e+01 0.0000000e+00 8.2568817e+01
1.3938000e+05 8.9000000e+01 1.2100000e+01 0.0000000e+00 6.7062897e+01
1.3944000e+05 9.4000000e+01 1.1900000e+01 0.0000000e+00 3.1904051e+01
1.3950000e+05 9.4000000e+01 1.1750000e+01 0.0000000e+00 3.2624962e+01
1.3956000e+05 9.2000000e+01 1.1450000e+01 0.0000000e+00 1.0175370e+01
1.3962000e+05 9.4000000e+01 1.0950000e+01 0.0000000e+00 0.0000000e+00
1.3968000e+05 9.5000000e+01 1.0500000e+01 0.0000000e+00 0.0000000e+00
1.3974000e+05 9.5000000e+01 1.0450000e+01 0.0000000e+00 0.0000000e+00
1.3980000e+05 9.5000000e+01 1.0450000e+01 0.0000000e+00 0.0000000e+00
1.3986000e+05 9.6000000e+01 1.0450000e+01 0.0000000e+00 0.0000000e+00
1.3992000e+05 9.5000000e+01 1.0450000e+01 0.0000000e+00 0.0000000e+00
1.3998000e+05 9.6000000e+01 1.0700000e+01 0.0000000e+00 1.0739150e+01
1.4004000e+05 9.5000000e+01 1.1050000e+01 0.0000000e+00 2.2579399e+01
1.4010000e+05 8.7000000e+01 1.1500000e+01 0.0000000e+00 7.1036880e+01
1.4016000e+05 8.4000000e+01 1.2000000e+01 0.0000000e+00 8.2076218e+01
1.4022000e+05 8.0000000e+01 1.3050000e+01 0.0000000e+00 2.5849161e+02
1.4028000e+05 8.0000000e+01 1.3150000e+01 0.0000000e+00 1.7202100e+02
1.4034000e+05 7.8000000e+01 1.3400000e+01 0.0000000e+00 2.8636380e+02
1.4040000e+05 8.2000000e+01 1.3500000e+01 0.0000000e+00 1.4945880e+02
1.4046000e+05 8.8000000e+01 1.2800000e+01 0.0000000e+00 5.4946690e+01
1.4052000e+05 9.1000000e+01 1.2400000e+01 0.0000000e+00 4.1687981e+01
1.4058000e+05 9.0000000e+01 1.2600000e+01 0.0000000e+00 6.1709610e+01
1.4064000e+05 9.0000000e+01 1.2200000e+01 0.0000000e+00 4.0821609e+01
1.4070000e+05 8.5000000e+01 1.2600000e+01 0.0000000e+00 1.7489320e+02
1.4076000e+05 8.4000000e+01 1.2800000e+01 0.0000000e+00 8.6686340e+01
1.4082000e+05 8.2000000e+01 1.2300000e+01 0.0000000e+00 2.8253269e+01
1.4088000e+05 8.3000000e+01 1.2150000e+01 0.0000000e+00 3.1292459e+01
1.4094000e+05 8.5000000e+01 1.1900000e+01 0.0000000e+00 5.6892061e+00
1.4100000e+05 8.7000000e+01 1.1600000e+01 0.0000000e+00 0.0000000e+00
1.4106000e+05 8.3000000e+01 1.1600000e+01 0.0000000e+00 0.0000000e+00
1.4112000e+05 8.7000000e+01 1.1650000e+01 0.0000000e+00 0.0000000e+00
1.4118000e+05 8.8000000e+01 1.1500000e+01 0.0000000e+00 0.0000000e+00
1.4124000e+05 8.9000000e+01 1.1350000e+01 0.0000000e+00 0.0000000e+00
1.4130000e+05 9.4000000e+01 1.1150000e+01 0.0000000e+00 0.0000000e+00
1.4136000e+05 9.6000000e+01 1.0800000e+01 0.0000000e+00 0.0000000e+00
1.4142000e+05 9.6000000e+01 1.0750000e+01 0.0000000e+00 1.8376949e-01
1.4148000e+05 9.7000000e+01 1.1100000e+01 0.0000000e+00 3.6926380e+01
1.4154000e+05 9.6000000e+01 1.1700000e+01 0.0000000e+00 6.9699226e+01
1.4160000e+05 9.6000000e+01 1.2250000e+01 0.0000000e+00 8.2671463e+01
1.4166000e+05 8.8000000e+01 1.2950000e+01 0.0000000e+00 1.8451041e+02
1.4172000e+05 7.9000000e+01 1.3600000e+01 0.0000000e+00 2.4005060e+02
1.4178000e+05 8.1000000e+01 1.4400000e+01 0.0000000e+00 3.1035089e+02
1.4184000e+05 7.3000000e+01 1.5000000e+01 0.0000000e+00 3.8367029e+02
1.4190000e+05 7.6000000e+01 1.5000000e+01 0.0000000e+00 2.4578990e+02
1.4196000e+05 8.1000000e+01 1.4550000e+01 0.0000000e+00 2.1798370e+02
1.4202000e+05 8.6000000e+01 1.4100000e+01 0.0000000e+00 2.6638129e+02
1.4208000e+05 8.4000000e+01 1.3400000e+01 0.0000000e+00 1.5085890e+02
1.4214000e+05 8.7000000e+01 1.3400000e+01 0.0000000e+00 1.2040140e+02
1.4220000e+05 8.8000000e+01 1.3000000e+01 0.0000000e+00 5.9892830e+01
1.4226000e+05 9.4000000e+01 1.2600000e+01 0.0000000e+00 1.9998871e+01
1.4232000e+05 9.4000000e+01 1.2300000e+01 0.0000000e+00 2.9395870e+01
1.4238000e+05 9.6000000e+01 1.2050000e+01 0.0000000e+00 0.0000000e+00
1.4244000e+05 9.6000000e+01 1.1900000e+01 0.0000000e+00 0.0000000e+00
1.4250000e+05 9.7000000e+01 1.1600000e+01 0.0000000e+00 0.0000000e+00
1.4256000e+05 9.7000000e+01 1.1300000e+01 0.0000000e+00 0.0000000e+00
1.4262000e+05 9.7000000e+01 1.1100000e+01 0.0000000e+00 0.0000000e+00
1.4268000e+05 9.7000000e+01 1.1000000e+01 0.0000000e+00 0.0000000e+00
1.4274000e+05 9.7000000e+01 1.0950000e+01 0.0000000e+00 0.0000000e+00
1.4280000e+05 9.7000000e+01 1.0900000e+01 0.0000000e+00 0.0000000e+00
1.4286000e+05 9.7000000e+01 1.1000000e+01 0.0000000e+00 1.1171920e+00
1.4292000e+05 9.7000000e+01 1.1300000e+01 0.0000000e+00 1.2138090e+01
1.4298000e+05 9.7000000e+01 1.1450000e+01 0.0000000e+00 5.7697521e+01
1.4304000e+05 9.3000000e+01 1.1700000e+01 0.0000000e+00 1.2833000e+02
1.4310000e+05 9.4000000e+01 1.1750000e+01 0.0000000e+00 8.8137329e+01
1.4316000e+05 9.1000000e+01 1.2050000e+01 0.0000000e+00 1.6062260e+02
1.4322000e+05 9.1000000e+01 1.2750000e+01 0.0000000e+00 2.2216020e+02
1.4328000e+05 8.1000000e+01 1.3850000e+01 0.0000000e+00 3.7359949e+02
1.4334000e+05 7.9000000e+01 1.4000000e+01 0.0000000e+00 3.5165921e+02
1.4340000e+05 7.8000000e+01 1.4500000e+01 0.0000000e+00 4.3245450e+02
1.4346000e+05 7.8000000e+01 1.4250000e+01 0.0000000e+00 3.5187341e+02
1.4352000e+05 7.5000000e+01 1.4250000e+01 0.0000000e+00 4.0707629e+02
1.4358000e+05 7.7000000e+01 1.4600000e+01 0.0000000e+00 3.1499481e+02
1.4364000e+05 7.8000000e+01 1.4350000e+01 0.0000000e+00 2.7159360e+02
1.4370000e+05 8.3000000e+01 1.3550000e+01 0.0000000e+00 1.9638240e+02
1.4376000e+05 8.5000000e+01 1.2550000e+01 0.0000000e+00 2.6860399e+01
1.4382000e+05 8.9000000e+01 1.1850000e+01 0.0000000e+00 1.4398700e+01
1.4388000e+05 9.1000000e+01 1.1200000e+01 0.0000000e+00 0.0000000e+00
1.4394000e+05 8.6000000e+01 1.1150000e+01 0.0000000e+00 0.0000000e+00
1.4400000e+05 8.6000000e+01 1.1300000e+01 0.0000000e+00 0.0000000e+00
1.4406000e+05 8.5000000e+01 1.1250000e+01 0.0000000e+00 0.0000000e+00
1.4412000e+05 8.6000000e+01 1.1150000e+01 0.0000000e+00 0.0000000e+00
1.4418000e+05 8.7000000e+01 1.0750000e+01 0.0000000e+00 0.0000000e+00
1.4424000e+05 8.8000000e+01 1.0650000e+01 0.0000000e+00 0.0000000e+00
1.4430000e+05 8.5000000e+01 1.0900000e+01 0.0000000e+00 5.0892568e+00
1.4436000e+05 7.6000000e+01 1.2150000e+01 0.0000000e+00 2.2135370e+01
1.4442000e+05 7.0000000e+01 1.4100000e+01 0.0000000e+00 2.2834129e+02
1.4448000e+05 6.3000000e+01 1.5650000e+01 0.0000000e+00 3.3570480e+02
1.4454000e+05 6.0000000e+01 1.7150000e+01 0.0000000e+00 4.2886649e+02
1.4460000e+05 6.5000000e+01 1.8150000e+01 0.0000000e+00 3.5146719e+02
1.4466000e+05 6.3000000e+01 1.8150000e+01 0.0000000e+00 2.3393240e+02
1.4472000e+05 5.6000000e+01 1.7700000e+01 0.0000000e+00 1.3842239e+02
1.4478000e+05 6.2000000e+01 1.6950000e+01 0.0000000e+00 1.3158910e+02
1.4484000e+05 6.6000000e+01 1.6450000e+01 0.0000000e+00 1.8303799e+02
1.4490000e+05 6.2000000e+01 1.7450000e+01 0.0000000e+00 3.7131741e+02
1.4496000e+05 7.1000000e+01 1.6550000e+01 0.0000000e+00 1.1549070e+02
1.4502000e+05 7.0000000e+01 1.6350000e+01 0.0000000e+00 1.4349899e+02
1.4508000e+05 7.0000000e+01 1.6800000e+01 0.0000000e+00 1.0231360e+02
1.4514000e+05 6.7000000e+01 1.7000000e+01 0.0000000e+00 7.9118820e+01
1.4520000e+05 7.1000000e+01 1.7099999e+01 0.0000000e+00 8.2985733e+01
1.4526000e+05 8.1000000e+01 1.6150000e+01 0.0000000e+00 1.3877890e+01
1.4532000e+05 8.5000000e+01 1.5150000e+01 0.0000000e+00 0.0000000e+00
1.4538000e+05 9.3000000e+01 1.4250000e+01 0.0000000e+00 0.0000000e+00
1.4544000e+05 9.5000000e+01 1.3450000e+01 0.0000000e+00 0.0000000e+00
1.4550000e+05 9.6000000e+01 1.3150000e+01 0.0000000e+00 0.0000000e+00
1.4556000e+05 9.7000000e+01 1.3050000e+01 0.0000000e+00 0.0000000e+00
1.4562000e+05 9.7000000e+01 1.3050000e+01 0.0000000e+00 0.0000000e+00
1.4568000e+05 9.7000000e+01 1.3050000e+01 0.0000000e+00 0.0000000e+00
1.4574000e+05 9.7000000e+01 1.3100000e+01 0.0000000e+00 0.0000000e+00
1.4580000e+05 9.7000000e+01 1.3300000e+01 0.0000000e+00 8.0897226e+00
1.4586000e+05 9.7000000e+01 1.3500000e+01 0.0000000e+00 4.4021629e+01
1.4592000e+05 9.6000000e+01 1.3800000e+01 0.0000000e+00 8.1088669e+01
1.4598000e+05 9.6000000e+01 1.3700000e+01 0.0000000e+00 1.0025110e+02
1.4604000e+05 9.6000000e+01 1.3300000e+01 0.0000000e+00 1.0009950e+02
1.4610000e+05 9.3000000e+01 1.3650000e+01 0.0000000e+00 1.6608470e+02
1.4616000e+05 8.9000000e+01 1.4350000e+01 0.0000000e+00 1.3639070e+02
1.4622000e+05 8.5000000e+01 1.4800000e+01 0.0000000e+00 1.9482690e+02
1.4628000e+05 7.7000000e+01 1.5600000e+01 0.0000000e+00 3.4856531e+02
1.4634000e+05 7.5000000e+01 1.6300000e+01 0.0000000e+00 4.3657300e+02
1.4640000e+05 8.1000000e+01 1.6250000e+01 0.0000000e+00 2.5412759e+02
1.4646000e+05 8.0000000e+01 1.6000000e+01 0.0000000e+00 2.7109210e+02
1.4652000e+05 8.1000000e+01 1.6000000e+01 0.0000000e+00 1.9214799e+02
1.4658000e+05 8.6000000e+01 1.5350000e+01 0.0000000e+00 4.5654861e+01
1.4664000e+05 8.7000000e+01 1.4500000e+01 0.0000000e+00 4.9176048e+01
1.4670000e+05 8.8000000e+01 1.3850000e+01 0.0000000e+00 2.9764750e+00
1.4676000e+05 8.7000000e+01 1.3500000e+01 0.0000000e+00 0.0000000e+00
1.4682000e+05 8.8000000e+01 1.3250000e+01 0.0000000e+00 0.0000000e+00
1.4688000e+05 8.9000000e+01 1.3100000e+01 0.0000000e+00 0.0000000e+00
1.4694000e+05 8.8000000e+01 1.3100000e+01 0.0000000e+00 0.0000000e+00
1.4700000e+05 9.1000000e+01 1.2950000e+01 0.0000000e+00 0.0000000e+00
1.4706000e+05 9.2000000e+01 1.2700000e+01 0.0000000e+00 0.0000000e+00
1.4712000e+05 9.1000000e+01 1.2650000e+01 0.0000000e+00 0.0000000e+00
1.4718000e+05 9.0000000e+01 1.2750000e+01 0.0000000e+00 3.0314751e+00
1.4724000e+05 8.9000000e+01 1.2900000e+01 0.0000000e+00 3.9049110e+01
1.4730000e+05 8.6000000e+01 1.3300000e+01 0.0000000e+00 8.6417023e+01
1.4736000e+05 8.3000000e+01 1.3950000e+01 0.0000000e+00 1.4516440e+02
1.4742000e+05 8.0000000e+01 1.4400000e+01 0.0000000e+00 1.9036591e+02
1.4748000e+05 7.7000000e+01 1.5200000e+01 0.0000000e+00 2.5556490e+02
1.4754000e+05 6.5000000e+01 1.6700000e+01 0.0000000e+00 6.2608740e+02
1.4760000e+05 6.9000000e+01 1.8150000e+01 0.0000000e+00 6.6801251e+02
1.4766000e+05 6.7000000e+01 1.8150000e+01 0.0000000e+00 8.1413751e+02
1.4772000e+05 6.6000000e+01 1.8700000e+01 0.0000000e+00 7.8982977e+02
1.4778000e+05 6.8000000e+01 1.8250000e+01 0.0000000e+00 6.9551678e+02
1.4784000e+05 7.3000000e+01 1.7950001e+01 0.0000000e+00 6.4670911e+02
1.4790000e+05 7.2000000e+01 1.7349999e+01 0.0000000e+00 5.3763739e+02
1.4796000e+05 7.6000000e+01 1.6350000e+01 0.0000000e+00 4.0665771e+02
1.4802000e+05 8.4000000e+01 1.5000000e+01 0.0000000e+00 2.2335699e+02
1.4808000e+05 8.7000000e+01 1.3900000e+01 0.0000000e+00 2.8452181e+01
1.4814000e+05 8.9000000e+01 1.3400000e+01 0.0000000e+00 1.4791620e+01
1.4820000e+05 9.1000000e+01 1.3450000e+01 0.0000000e+00 0.0000000e+00
1.4826000e+05 9.2000000e+01 1.3300000e+01 0.0000000e+00 0.0000000e+00
1.4832000e+05 9.3000000e+01 1.3200000e+01 0.0000000e+00 0.0000000e+00
1.4838000e+05 9.3000000e+01 1.3050000e+01 0.0000000e+00 0.0000000e+00
1.4844000e+05 9.4000000e+01 1.2950000e+01 0.0000000e+00 0.0000000e+00
1.4850000e+05 9.4000000e+01 1.2950000e+01 0.0000000e+00 0.0000000e+00
1.4856000e+05 9.5000000e+01 1.2800000e+01 0.0000000e+00 0.0000000e+00
1.4862000e+05 9.5000000e+01 1.2750000e+01 0.0000000e+00 1.2795180e+00
1.4868000e+05 9.6000000e+01 1.2750000e+01 0.0000000e+00 1.1833450e+01
1.4874000e+05 9.6000000e+01 1.2750000e+01 0.0000000e+00 3.1632740e+01
1.4880000e+05 9.5000000e+01 1.2950000e+01 0.0000000e+00 5.6100540e+01
1.4886000e+05 9.3000000e+01 1.3500000e+01 0.0000000e+00 9.2490669e+01
1.4892000e+05 9.0000000e+01 1.3950000e+01 0.0000000e+00 1.2568200e+02
1.4898000e+05 8.9000000e+01 1.4300000e+01 0.0000000e+00 1.5506570e+02
1.4904000e+05 9.0000000e+01 1.4450000e+01 0.0000000e+00 1.9131540e+02
1.4910000e+05 8.5000000e+01 1.5100000e+01 0.0000000e+00 3.0537811e+02
1.4916000e+05 8.0000000e+01 1.6150000e+01 0.0000000e+00 4.6026059e+02
1.4922000e+05 7.6000000e+01 1.7400000e+01 0.0000000e+00 6.8693793e+02
1.4928000e+05 8.2000000e+01 1.6650000e+01 0.0000000e+00 5.9301788e+02
1.4934000e+05 8.4000000e+01 1.5500000e+01 0.0000000e+00 2.4306129e+02
1.4940000e+05 8.5000000e+01 1.5250000e+01 0.0000000e+00 1.3095340e+02
1.4946000e+05 8.5000000e+01 1.5200000e+01 0.0000000e+00 8.6428543e+01
1.4952000e+05 8.7000000e+01 1.4800000e+01 0.0000000e+00 4.7474388e+01
1.4958000e+05 8.7000000e+01 1.4450000e+01 0.0000000e+00 1.8324671e+01
1.4964000e+05 9.0000000e+01 1.4100000e+01 0.0000000e+00 0.0000000e+00
1.4970000e+05 9.0000000e+01 1.3900000e+01 0.0000000e+00 0.0000000e+00
1.4976000e+05 9.2000000e+01 1.3500000e+01 0.0000000e+00 0.0000000e+00
1.4982000e+05 9.2000000e+01 1.3350000e+01 0.0000000e+00 0.0000000e+00
1.4988000e+05 9.3000000e+01 1.3250000e+01 0.0000000e+00 0.0000000e+00
1.4994000e+05 9.5000000e+01 1.3000000e+01 0.0000000e+00 0.0000000e+00
1.5000000e+05 9.5000000e+01 1.2850000e+01 0.0000000e+00 0.0000000e+00
1.5006000e+05 9.4000000e+01 1.3050000e+01 0.0000000e+00 1.0392490e+01
1.5012000e+05 9.2000000e+01 1.3250000e+01 0.0000000e+00 3.0219681e+01
1.5018000e+05 9.1000000e+01 1.3500000e+01 0.0000000e+00 7.4681396e+01
1.5024000e+05 9.0000000e+01 1.3900000e+01 0.0000000e+00 1.0463590e+02
1.5030000e+05 8.4000000e+01 1.4750000e+01 0.0000000e+00 2.0069180e+02
1.5036000e+05 7.8000000e+01 1.6600000e+01 0.0000000e+00 5.5911218e+02
1.5042000e+05 7.3000000e+01 1.8349999e+01 0.0000000e+00 6.3031238e+02
1.5048000e+05 6.8000000e+01 1.9150000e+01 0.0000000e+00 7.3913068e+02
1.5054000e+05 7.7000000e+01 1.8599999e+01 0.0000000e+00 4.0835831e+02
1.5060000e+05 7.3000000e+01 1.8400001e+01 0.0000000e+00 5.1709888e+02
1.5066000e+05 7.7000000e+01 1.8400001e+01 0.0000000e+00 3.9300000e+02
1.5072000e+05 7.6000000e+01 1.9150001e+01 0.0000000e+00 3.5456931e+02
1.5078000e+05 7.7000000e+01 1.9050000e+01 0.0000000e+00 1.6915570e+02
1.5084000e+05 7.8000000e+01 1.9250000e+01 0.0000000e+00 1.1125240e+02
1.5090000e+05 7.7000000e+01 1.8599999e+01 0.0000000e+00 7.0775017e+01
1.5096000e+05 7.9000000e+01 1.7400000e+01 0.0000000e+00 2.4235500e+01
1.5102000e+05 8.5000000e+01 1.6950000e+01 0.0000000e+00 0.0000000e+00
1.5108000e+05 8.0000000e+01 1.7000000e+01 0.0000000e+00 0.0000000e+00
1.5114000e+05 8.1000000e+01 1.7100000e+01 0.0000000e+00 0.0000000e+00
1.5120000e+05 8.4000000e+01 1.6950001e+01 0.0000000e+00 0.0000000e+00
1.5126000e+05 8.9000000e+01 1.6300000e+01 0.0000000e+00 0.0000000e+00
1.5132000e+05 9.1000000e+01 1.5750000e+01 0.0000000e+00 0.0000000e+00
1.5138000e+05 9.2000000e+01 1.5650000e+01 0.0000000e+00 0.0000000e+00
1.5144000e+05 9.3000000e+01 1.5300000e+01 0.0000000e+00 0.0000000e+00
1.5150000e+05 9.4000000e+01 1.4950000e+01 0.0000000e+00 8.7312162e-02
1.5156000e+05 9.3000000e+01 1.5150000e+01 0.0000000e+00 2.8039551e+01
1.5162000e+05 8.5000000e+01 1.6500000e+01 0.0000000e+00 2.1254500e+02
1.5168000e+05 8.4000000e+01 1.7400001e+01 0.0000000e+00 1.7933659e+02
1.5174000e+05 8.4000000e+01 1.7300000e+01 0.0000000e+00 1.6086580e+02
1.5180000e+05 8.6000000e+01 1.6850000e+01 0.0000000e+00 1.8239011e+02
1.5186000e+05 8.6000000e+01 1.6750000e+01 0.0000000e+00 2.5494440e+02
1.5192000e+05 8.7000000e+01 1.6650000e+01 0.0000000e+00 2.4174290e+02
1.5198000e+05 8.6000000e+01 1.6750000e+01 0.0000000e+00 1.5939619e+02
1.5204000e+05 8.9000000e+01 1.6750000e+01 0.0000000e+00 2.0607671e+02
1.5210000e+05 9.0000000e+01 1.6599999e+01 0.0000000e+00 1.4571429e+02
1.5216000e+05 9.3000000e+01 1.5950000e+01 0.0000000e+00 3.9625759e+01
1.5222000e+05 9.5000000e+01 1.5550000e+01 0.0000000e+00 4.8202492e+01
1.5228000e+05 9.3000000e+01 1.5850000e+01 0.0000000e+00 1.0099390e+02
1.5234000e+05 9.4000000e+01 1.5900001e+01 0.0000000e+00 1.2702110e+02
1.5240000e+05 9.4000000e+01 1.5850000e+01 0.0000000e+00 5.6294060e+01
1.5246000e+05 9.5000000e+01 1.5000000e+01 0.0000000e+00 1.3741450e+01
1.5252000e+05 9.6000000e+01 1.4250000e+01 0.0000000e+00 0.0000000e+00
1.5258000e+05 9.7000000e+01 1.4050000e+01 0.0000000e+00 0.0000000e+00
1.5264000e+05 9.7000000e+01 1.3750000e+01 0.0000000e+00 0.0000000e+00
1.5270000e+05 9.7000000e+01 1.3350000e+01 0.0000000e+00 0.0000000e+00
1.5276000e+05 9.8000000e+01 1.3350000e+01 0.0000000e+00 0.0000000e+00
1.5282000e+05 9.8000000e+01 1.3800000e+01 0.0000000e+00 0.0000000e+00
1.5288000e+05 9.8000000e+01 1.4000000e+01 0.0000000e+00 0.0000000e+00
1.5294000e+05 9.7000000e+01 1.4000000e+01 0.0000000e+00 0.0000000e+00
1.5300000e+05 9.7000000e+01 1.3900000e+01 0.0000000e+00 1.1636050e+01
1.5306000e+05 9.7000000e+01 1.4100000e+01 0.0000000e+00 1.9418570e+01
1.5312000e+05 9.7000000e+01 1.4300000e+01 0.0000000e+00 4.6649689e+01
1.5318000e+05 9.6000000e+01 1.4600000e+01 0.0000000e+00 8.6445930e+01
1.5324000e+05 9.4000000e+01 1.4900000e+01 0.0000000e+00 1.1020280e+02
1.5330000e+05 9.0000000e+01 1.5450000e+01 0.0000000e+00 1.9119400e+02
1.5336000e+05 8.6000000e+01 1.6400000e+01 0.0000000e+00 2.4840500e+02
1.5342000e+05 8.6000000e+01 1.7050000e+01 0.0000000e+00 2.3622470e+02
1.5348000e+05 8.1000000e+01 1.7450000e+01 0.0000000e+00 3.4135791e+02
1.5354000e+05 7.7000000e+01 1.8200000e+01 0.0000000e+00 4.5177591e+02
1.5360000e+05 7.2000000e+01 1.9150000e+01 0.0000000e+00 6.2113263e+02
1.5366000e+05 8.4000000e+01 1.8150001e+01 0.0000000e+00 2.2331010e+02
1.5372000e+05 9.2000000e+01 1.6100000e+01 0.0000000e+00 6.3537571e+01
1.5378000e+05 9.5000000e+01 1.5250000e+01 0.0000000e+00 4.2943340e+01
1.5384000e+05 9.5000000e+01 1.4900000e+01 0.0000000e+00 2.3899920e+01
1.5390000e+05 9.5000000e+01 1.4800000e+01 0.0000000e+00 4.1570330e+00
1.5396000e+05 9.5000000e+01 1.4600000e+01 0.0000000e+00 0.0000000e+00
1.5402000e+05 9.6000000e+01 1.4300000e+01 0.0000000e+00 0.0000000e+00
1.5408000e+05 9.6000000e+01 1.4000000e+01 0.0000000e+00 0.0000000e+00
1.5414000e+05 9.7000000e+01 1.3750000e+01 0.0000000e+00 0.0000000e+00
1.5420000e+05 9.7000000e+01 1.3550000e+01 0.0000000e+00 0.0000000e+00
1.5426000e+05 9.7000000e+01 1.3550000e+01 0.0000000e+00 0.0000000e+00
1.5432000e+05 9.7000000e+01 1.3600000e+01 0.0000000e+00 0.0000000e+00
1.5438000e+05 9.7000000e+01 1.3750000e+01 0.0000000e+00 9.4344292e+00
1.5444000e+05 9.7000000e+01 1.4150000e+01 0.0000000e+00 4.1631561e+01
1.5450000e+05 9.4000000e+01 1.4750000e+01 0.0000000e+00 1.4719949e+02
1.5456000e+05 9.2000000e+01 1.5200000e+01 0.0000000e+00 1.9568980e+02
1.5462000e+05 8.7000000e+01 1.5900001e+01 0.0000000e+00 2.7342310e+02
1.5468000e+05 8.1000000e+01 1.6150000e+01 0.0000000e+00 2.9698590e+02
1.5474000e+05 7.9000000e+01 1.6750000e+01 0.0000000e+00 4.4330161e+02
1.5480000e+05 7.8000000e+01 1.7550000e+01 0.0000000e+00 6.5914062e+02
1.5486000e+05 7.9000000e+01 1.6850000e+01 0.0000000e+00 3.3499130e+02
1.5492000e+05 8.2000000e+01 1.7000000e+01 0.0000000e+00 3.9408209e+02
1.5498000e+05 8.4000000e+01 1.6050000e+01 0.0000000e+00 1.5647639e+02
1.5504000e+05 9.1000000e+01 1.5250000e+01 0.0000000e+00 5.9940941e+01
1.5510000e+05 8.9000000e+01 1.4700000e+01 0.0000000e+00 7.5401199e+01
1.5516000e+05 9.1000000e+01 1.4650000e+01 0.0000000e+00 3.2117199e+01
1.5522000e+05 8.3000000e+01 1.4550000e+01 0.0000000e+00 4.7912151e+01
1.5528000e+05 8.5000000e+01 1.4350000e+01 0.0000000e+00 1.6694031e+01
1.5534000e+05 8.6000000e+01 1.4150000e+01 0.0000000e+00 6.1175151e+00
1.5540000e+05 8.7000000e+01 1.3950000e+01 0.0000000e+00 0.0000000e+00
1.5546000e+05 8.7000000e+01 1.3700000e+01 0.0000000e+00 0.0000000e+00
1.5552000e+05 8.8000000e+01 1.3500000e+01 0.0000000e+00 0.0000000e+00
1.5558000e+05 9.0000000e+01 1.3300000e+01 0.0000000e+00 0.0000000e+00
1.5564000e+05 9.2000000e+01 1.3000000e+01 0.0000000e+00 0.0000000e+00
1.5570000e+05 9.2000000e+01 1.2700000e+01 0.0000000e+00 0.0000000e+00
1.5576000e+05 9.4000000e+01 1.2550000e+01 0.0000000e+00 0.0000000e+00
1.5582000e+05 9.3000000e+01 1.2550000e+01 0.0000000e+00 0.0000000e+00
1.5588000e+05 9.2000000e+01 1.2550000e+01 0.0000000e+00 9.3395529e+00
1.5594000e+05 9.3000000e+01 1.2700000e+01 0.0000000e+00 3.0568380e+01
1.5600000e+05 8.8000000e+01 1.3150000e+01 0.0000000e+00 1.0527180e+02
1.5606000e+05 9.0000000e+01 1.3200000e+01 0.0000000e+00 8.5267014e+01
1.5612000e+05 8.9000000e+01 1.3000000e+01 0.0000000e+00 1.3485831e+02
1.5618000e+05 8.7000000e+01 1.3100000e+01 0.0000000e+00 1.2359160e+02
1.5624000e+05 7.7000000e+01 1.3600000e+01 0.0000000e+00 1.5545880e+02
1.5630000e+05 7.7000000e+01 1.4050000e+01 0.0000000e+00 1.9356670e+02
1.5636000e+05 7.1000000e+01 1.4350000e+01 0.0000000e+00 1.9620990e+02
1.5642000e+05 6.8000000e+01 1.5050000e+01 0.0000000e+00 2.8077231e+02
1.5648000e+05 6.7000000e+01 1.5600000e+01 0.0000000e+00 2.5556430e+02
1.5654000e+05 6.5000000e+01 1.6200000e+01 0.0000000e+00 4.4377850e+02
1.5660000e+05 6.9000000e+01 1.6250000e+01 0.0000000e+00 3.8193530e+02
1.5666000e+05 8.0000000e+01 1.5150000e+01 0.0000000e+00 1.6485220e+02
1.5672000e+05 8.5000000e+01 1.3850000e+01 0.0000000e+00 2.4972340e+01
1.5678000e+05 8.7000000e+01 1.2950000e+01 0.0000000e+00 1.2185340e+01
1.5684000e+05 8.8000000e+01 1.2500000e+01 0.0000000e+00 0.0000000e+00
1.5690000e+05 8.8000000e+01 1.2200000e+01 0.0000000e+00 0.0000000e+00
1.5696000e+05 9.1000000e+01 1.1800000e+01 0.0000000e+00 0.0000000e+00
1.5702000e+05 9.1000000e+01 1.1800000e+01 0.0000000e+00 0.0000000e+00
1.5708000e+05 8.4000000e+01 1.2750000e+01 0.0000000e+00 0.0000000e+00
1.5714000e+05 8.3000000e+01 1.3450000e+01 0.0000000e+00 0.0000000e+00
1.5720000e+05 8.2000000e+01 1.3550000e+01 0.0000000e+00 0.0000000e+00
1.5726000e+05 8.1000000e+01 1.3800000e+01 0.0000000e+00 6.0411401e+00
1.5732000e+05 7.8000000e+01 1.4250000e+01 0.0000000e+00 4.9282372e+01
1.5738000e+05 7.6000000e+01 1.5200000e+01 0.0000000e+00 1.3516570e+02
1.5744000e+05 7.2000000e+01 1.6550000e+01 0.0000000e+00 2.3557680e+02
1.5750000e+05 7.3000000e+01 1.7000000e+01 0.0000000e+00 2.1995940e+02
1.5756000e+05 6.7000000e+01 1.8099999e+01 0.0000000e+00 2.4517160e+02
1.5762000e+05 6.0000000e+01 1.9900001e+01 0.0000000e+00 5.3317419e+02
1.5768000e+05 5.6000000e+01 2.1450000e+01 0.0000000e+00 7.0104572e+02
1.5774000e+05 5.0000000e+01 2.1700000e+01 0.0000000e+00 6.4070227e+02
1.5780000e+05 5.8000000e+01 2.1900000e+01 0.0000000e+00 5.1596692e+02
1.5786000e+05 6.4000000e+01 2.0099999e+01 0.0000000e+00 1.9967520e+02
1.5792000e+05 6.5000000e+01 1.9400001e+01 0.0000000e+00 2.7148279e+02
1.5798000e+05 6.3000000e+01 1.9900001e+01 0.0000000e+00 3.0869720e+02
1.5804000e+05 6.5000000e+01 1.9650000e+01 0.0000000e+00 1.9890340e+02
1.5810000e+05 7.4000000e+01 1.9299999e+01 0.0000000e+00 1.3963820e+02
1.5816000e+05 7.7000000e+01 1.8650000e+01 0.0000000e+00 7.8584679e+01
1.5822000e+05 8.0000000e+01 1.7700000e+01 0.0000000e+00 2.7993349e+01
1.5828000e+05 8.3000000e+01 1.6650000e+01 0.0000000e+00 0.0000000e+00
1.5834000e+05 8.6000000e+01 1.6350000e+01 0.0000000e+00 0.0000000e+00
1.5840000e+05 8.3000000e+01 1.6250000e+01 0.0000000e+00 0.0000000e+00
1.5846000e+05 7.9000000e+01 1.6450001e+01 0.0000000e+00 0.0000000e+00
1.5852000e+05 7.3000000e+01 1.7250000e+01 0.0000000e+00 0.0000000e+00
1.5858000e+05 7.3000000e+01 1.7500000e+01 0.0000000e+00 0.0000000e+00
1.5864000e+05 7.5000000e+01 1.7500000e+01 0.0000000e+00 0.0000000e+00
1.5870000e+05 8.0000000e+01 1.6900001e+01 0.0000000e+00 1.2424760e+01
1.5876000e+05 8.1000000e+01 1.7450000e+01 0.0000000e+00 6.0248260e+01
1.5882000e+05 6.9000000e+01 1.8950000e+01 0.0000000e+00 1.6157030e+02
1.5888000e+05 7.6000000e+01 2.0400000e+01 0.0000000e+00 1.7625459e+02
1.5894000e+05 5.9000000e+01 2.1850000e+01 0.0000000e+00 4.6909900e+02
1.5900000e+05 5.5000000e+01 2.4150000e+01 0.0000000e+00 5.9268512e+02
1.5906000e+05 4.7000000e+01 2.5250000e+01 0.0000000e+00 5.7440082e+02
1.5912000e+05 4.4000000e+01 2.6300000e+01 0.0000000e+00 7.5261688e+02
1.5918000e+05 4.4000000e+01 2.6349999e+01 0.0000000e+00 6.7510663e+02
1.5924000e+05 4.2000000e+01 2.7100000e+01 0.0000000e+00 7.1468658e+02
1.5930000e+05 4.5000000e+01 2.7000000e+01 0.0000000e+00 6.4183221e+02
1.5936000e+05 4.4000000e+01 2.6900000e+01 0.0000000e+00 5.9958173e+02
1.5942000e+05 4.7000000e+01 2.6250000e+01 0.0000000e+00 5.1148511e+02
1.5948000e+05 5.1000000e+01 2.5599999e+01 0.0000000e+00 3.8313400e+02
1.5954000e+05 6.6000000e+01 2.3300000e+01 0.0000000e+00 1.8451660e+02
1.5960000e+05 7.4000000e+01 2.0800000e+01 0.0000000e+00 1.9103640e+01
1.5966000e+05 7.5000000e+01 1.9349999e+01 0.0000000e+00 7.0223422e+00
1.5972000e+05 7.5000000e+01 1.8400000e+01 0.0000000e+00 0.0000000e+00
1.5978000e+05 8.0000000e+01 1.7400000e+01 0.0000000e+00 0.0000000e+00
1.5984000e+05 8.1000000e+01 1.6549999e+01 0.0000000e+00 0.0000000e+00
1.5990000e+05 8.1000000e+01 1.6200000e+01 0.0000000e+00 0.0000000e+00
1.5996000e+05 8.4000000e+01 1.5900000e+01 0.0000000e+00 0.0000000e+00
1.6002000e+05 8.4000000e+01 1.5500000e+01 0.0000000e+00 0.0000000e+00
1.6008000e+05 8.6000000e+01 1.5250000e+01 0.0000000e+00 0.0000000e+00
1.6014000e+05 8.8000000e+01 1.5250000e+01 0.0000000e+00 3.6085761e+00
1.6020000e+05 8.2000000e+01 1.6349999e+01 0.0000000e+00 2.0892300e+01
1.6026000e+05 7.5000000e+01 1.8450000e+01 0.0000000e+00 2.2322820e+02
1.6032000e+05 7.4000000e+01 2.0150000e+01 0.0000000e+00 2.6163931e+02
1.6038000e+05 6.7000000e+01 2.1599999e+01 0.0000000e+00 3.5517789e+02
1.6044000e+05 7.6000000e+01 2.1400000e+01 0.0000000e+00 2.2196100e+02
1.6050000e+05 7.0000000e+01 2.2100000e+01 0.0000000e+00 3.9571729e+02
1.6056000e+05 5.6000000e+01 2.4850000e+01 0.0000000e+00 6.0189948e+02
1.6062000e+05 4.5000000e+01 2.6800000e+01 0.0000000e+00 5.3199780e+02
1.6068000e+05 3.6000000e+01 2.7350000e+01 0.0000000e+00 3.3093701e+02
1.6074000e+05 5.1000000e+01 2.5800000e+01 0.0000000e+00 1.7946930e+02
1.6080000e+05 6.4000000e+01 2.3150000e+01 0.0000000e+00 9.6188057e+01
1.6086000e+05 7.8000000e+01 1.9050000e+01 0.0000000e+00 4.9323151e+01
1.6092000e+05 7.7000000e+01 1.7700000e+01 0.0000000e+00 1.9236910e+01
1.6098000e+05 7.9000000e+01 1.7750000e+01 0.0000000e+00 3.8509708e+01
1.6104000e+05 8.3000000e+01 1.7599999e+01 0.0000000e+00 3.2441139e+01
1.6110000e+05 8.7000000e+01 1.6650000e+01 0.0000000e+00 0.0000000e+00
1.6116000e+05 9.3000000e+01 1.5350000e+01 0.0000000e+00 0.0000000e+00
1.6122000e+05 9.5000000e+01 1.4300000e+01 0.0000000e+00 0.0000000e+00
1.6128000e+05 9.4000000e+01 1.3450000e+01 0.0000000e+00 0.0000000e+00
1.6134000e+05 9.5000000e+01 1.2850000e+01 0.0000000e+00 0.0000000e+00
1.6140000e+05 9.5000000e+01 1.2600000e+01 0.0000000e+00 0.0000000e+00
1.6146000e+05 9.6000000e+01 1.2250000e+01 0.0000000e+00 0.0000000e+00
1.6152000e+05 9.6000000e+01 1.2100000e+01 0.0000000e+00 0.0000000e+00
1.6158000e+05 9.7000000e+01 1.2100000e+01 0.0000000e+00 4.8548870e+00
1.6164000e+05 9.7000000e+01 1.2200000e+01 0.0000000e+00 1.6246950e+01
1.6170000e+05 9.7000000e+01 1.2300000e+01 0.0000000e+00 1.0875950e+01
1.6176000e+05 9.6000000e+01 1.2450000e+01 0.0000000e+00 3.0441790e+01
1.6182000e+05 9.4000000e+01 1.3000000e+01 0.0000000e+00 8.6279221e+01
1.6188000e+05 9.3000000e+01 1.3200000e+01 0.0000000e+00 5.9399689e+01
1.6194000e+05 8.7000000e+01 1.3650000e+01 0.0000000e+00 1.0741670e+02
1.6200000e+05 7.9000000e+01 1.4200000e+01 0.0000000e+00 1.7933240e+02
1.6206000e+05 7.4000000e+01 1.4950000e+01 0.0000000e+00 2.6490451e+02
1.6212000e+05 7.6000000e+01 1.5750000e+01 0.0000000e+00 3.8039050e+02
1.6218000e+05 7.4000000e+01 1.5450000e+01 0.0000000e+00 2.0267700e+02
1.6224000e+05 7.6000000e+01 1.4900000e+01 0.0000000e+00 1.0277050e+02
1.6230000e+05 7.5000000e+01 1.4950000e+01 0.0000000e+00 1.3409000e+02
1.6236000e+05 7.3000000e+01 1.4900000e+01 0.0000000e+00 1.5215350e+02
1.6242000e+05 7.6000000e+01 1.4950000e+01 0.0000000e+00 1.2399150e+02
1.6248000e+05 8.2000000e+01 1.4500000e+01 0.0000000e+00 4.1005989e+01
1.6254000e+05 8.8000000e+01 1.3900000e+01 0.0000000e+00 1.3907880e+01
1.6260000e+05 8.8000000e+01 1.3350000e+01 0.0000000e+00 0.0000000e+00
1.6266000e+05 8.7000000e+01 1.2950000e+01 0.0000000e+00 0.0000000e+00
1.6272000e+05 8.8000000e+01 1.2650000e+01 0.0000000e+00 0.0000000e+00
1.6278000e+05 8.8000000e+01 1.2550000e+01 0.0000000e+00 0.0000000e+00
1.6284000e+05 8.7000000e+01 1.2500000e+01 0.0000000e+00 0.0000000e+00
1.6290000e+05 8.8000000e+01 1.2450000e+01 0.0000000e+00 0.0000000e+00
1.6296000e+05 9.1000000e+01 1.2600000e+01 0.0000000e+00 0.0000000e+00
1.6302000e+05 9.3000000e+01 1.2750000e+01 0.0000000e+00 0.0000000e+00
1.6308000e+05 9.4000000e+01 1.2600000e+01 0.0000000e+00 2.1750140e+00
1.6314000e+05 9.4000000e+01 1.2450000e+01 0.0000000e+00 2.4246111e+01
1.6320000e+05 9.4000000e+01 1.2450000e+01 0.0000000e+00 4.8763409e+01
1.6326000e+05 9.2000000e+01 1.2800000e+01 0.0000000e+00 1.1335720e+02
1.6332000e+05 8.8000000e+01 1.3350000e+01 0.0000000e+00 1.4529990e+02
1.6338000e+05 8.3000000e+01 1.4100000e+01 0.0000000e+00 2.8035110e+02
1.6344000e+05 7.5000000e+01 1.4950000e+01 0.0000000e+00 3.9575089e+02
1.6350000e+05 7.4000000e+01 1.5450000e+01 0.0000000e+00 4.0018799e+02
1.6356000e+05 6.9000000e+01 1.5950000e+01 0.0000000e+00 5.6389948e+02
1.6362000e+05 6.7000000e+01 1.5750000e+01 0.0000000e+00 3.9652399e+02
1.6368000e+05 6.3000000e+01 1.6300000e+01 0.0000000e+00 4.5966730e+02
1.6374000e+05 6.5000000e+01 1.6400000e+01 0.0000000e+00 5.5178912e+02
1.6380000e+05 7.0000000e+01 1.5500000e+01 0.0000000e+00 1.7379539e+02
1.6386000e+05 7.3000000e+01 1.4250000e+01 0.0000000e+00 6.8522789e+01
1.6392000e+05 8.3000000e+01 1.3450000e+01 0.0000000e+00 5.5070030e+01
1.6398000e+05 8.5000000e+01 1.2550000e+01 0.0000000e+00 2.1053310e+01
1.6404000e+05 8.9000000e+01 1.1600000e+01 0.0000000e+00 0.0000000e+00
1.6410000e+05 9.0000000e+01 1.0750000e+01 0.0000000e+00 0.0000000e+00
1.6416000e+05 9.1000000e+01 1.0300000e+01 0.0000000e+00 0.0000000e+00
1.6422000e+05 9.1000000e+01 1.0200000e+01 0.0000000e+00 0.0000000e+00
1.6428000e+05 9.2000000e+01 1.0000000e+01 0.0000000e+00 0.0000000e+00
1.6434000e+05 9.2000000e+01 9.5999999e+00 0.0000000e+00 0.0000000e+00
1.6440000e+05 9.2000000e+01 9.5999999e+00 0.0000000e+00 0.0000000e+00
1.6446000e+05 9.3000000e+01 9.5999999e+00 0.0000000e+00 9.4039702e-01
1.6452000e+05 8.8000000e+01 1.0550000e+01 0.0000000e+00 2.0440710e+01
1.6458000e+05 8.4000000e+01 1.2200000e+01 0.0000000e+00 1.3974110e+02
1.6464000e+05 8.0000000e+01 1.2750000e+01 0.0000000e+00 1.1129870e+02
1.6470000e+05 7.6000000e+01 1.3400000e+01 0.0000000e+00 1.4830190e+02
1.6476000e+05 6.7000000e+01 1.5150000e+01 0.0000000e+00 3.2847321e+02
1.6482000e+05 6.2000000e+01 1.6950000e+01 0.0000000e+00 6.6033667e+02
1.6488000e+05 5.7000000e+01 1.7650000e+01 0.0000000e+00 7.3247620e+02
1.6494000e+05 5.8000000e+01 1.8200000e+01 0.0000000e+00 7.0574152e+02
1.6500000e+05 6.1000000e+01 1.8250000e+01 0.0000000e+00 7.3166998e+02
1.6506000e+05 5.8000000e+01 1.8600000e+01 0.0000000e+00 7.0454712e+02
1.6512000e+05 5.8000000e+01 1.8900000e+01 0.0000000e+00 6.1366528e+02
1.6518000e+05 5.7000000e+01 1.9000000e+01 0.0000000e+00 5.0004230e+02
1.6524000e+05 6.1000000e+01 1.8450000e+01 0.0000000e+00 3.7508011e+02
1.6530000e+05 7.0000000e+01 1.7050000e+01 0.0000000e+00 1.7823759e+02
1.6536000e+05 6.9000000e+01 1.5950000e+01 0.0000000e+00 1.9002750e+01
1.6542000e+05 7.1000000e+01 1.5600000e+01 0.0000000e+00 5.8060699e+00
1.6548000e+05 7.7000000e+01 1.4600000e+01 0.0000000e+00 0.0000000e+00
1.6554000e+05 7.8000000e+01 1.3850000e+01 0.0000000e+00 0.0000000e+00
1.6560000e+05 7.4000000e+01 1.3850000e+01 0.0000000e+00 0.0000000e+00
1.6566000e+05 7.7000000e+01 1.3900000e+01 0.0000000e+00 0.0000000e+00
1.6572000e+05 7.7000000e+01 1.3600000e+01 0.0000000e+00 0.0000000e+00
1.6578000e+05 7.7000000e+01 1.3350000e+01 0.0000000e+00 0.0000000e+00
1.6584000e+05 7.9000000e+01 1.3250000e+01 0.0000000e+00 0.0000000e+00
1.6590000e+05 8.4000000e+01 1.2850000e+01 0.0000000e+00 1.7612089e+01
1.6596000e+05 7.4000000e+01 1.3850000e+01 0.0000000e+00 3.4712929e+01
1.6602000e+05 7.7000000e+01 1.5100000e+01 0.0000000e+00 2.1274130e+02
1.6608000e+05 7.4000000e+01 1.5849999e+01 0.0000000e+00 3.1497110e+02
1.6614000e+05 6.8000000e+01 1.6950000e+01 0.0000000e+00 4.4737341e+02
1.6620000e+05 6.6000000e+01 1.8100000e+01 0.0000000e+00 5.4111530e+02
1.6626000e+05 6.5000000e+01 1.8650001e+01 0.0000000e+00 6.6727533e+02
1.6632000e+05 7.0000000e+01 1.8500000e+01 0.0000000e+00 5.1325232e+02
1.6638000e+05 7.0000000e+01 1.8550000e+01 0.0000000e+00 5.6707147e+02
1.6644000e+05 6.9000000e+01 1.8049999e+01 0.0000000e+00 4.3123639e+02
1.6650000e+05 6.5000000e+01 1.9200000e+01 0.0000000e+00 6.4515131e+02
1.6656000e+05 6.7000000e+01 1.9700000e+01 0.0000000e+00 5.7284290e+02
1.6662000e+05 6.6000000e+01 1.9500000e+01 0.0000000e+00 4.4806940e+02
1.6668000e+05 7.2000000e+01 1.8450000e+01 0.0000000e+00 1.6731870e+02
1.6674000e+05 7.6000000e+01 1.7250000e+01 0.0000000e+00 1.0109360e+02
1.6680000e+05 8.0000000e+01 1.6300000e+01 0.0000000e+00 3.4281269e+01
1.6686000e+05 8.3000000e+01 1.5750000e+01 0.0000000e+00 2.3205030e+00
1.6692000e+05 8.5000000e+01 1.5350000e+01 0.0000000e+00 0.0000000e+00
1.6698000e+05 8.9000000e+01 1.5000000e+01 0.0000000e+00 0.0000000e+00
1.6704000e+05 8.9000000e+01 1.4750000e+01 0.0000000e+00 0.0000000e+00
1.6710000e+05 9.1000000e+01 1.4600000e+01 0.0000000e+00 0.0000000e+00
1.6716000e+05 9.2000000e+01 1.4450000e+01 0.0000000e+00 0.0000000e+00
1.6722000e+05 8.1000000e+01 1.5400001e+01 0.0000000e+00 0.0000000e+00
1.6728000e+05 8.0000000e+01 1.6000000e+01 0.0000000e+00 0.0000000e+00
1.6734000e+05 8.4000000e+01 1.5900001e+01 0.0000000e+00 0.0000000e+00
1.6740000e+05 8.9000000e+01 1.5500000e+01 0.0000000e+00 2.4348770e+01
1.6746000e+05 9.1000000e+01 1.5500000e+01 0.0000000e+00 2.0055161e+01
1.6752000e+05 9.3000000e+01 1.5550000e+01 0.0000000e+00 3.7668510e+01
1.6758000e+05 9.2000000e+01 1.5500000e+01 0.0000000e+00 6.1860241e+01
1.6764000e+05 8.9000000e+01 1.6000000e+01 0.0000000e+00 1.1778890e+02
1.6770000e+05 9.1000000e+01 1.6500000e+01 0.0000000e+00 1.2112230e+02
1.6776000e+05 8.3000000e+01 1.6599999e+01 0.0000000e+00 1.4086040e+02
1.6782000e+05 9.2000000e+01 1.5800000e+01 0.0000000e+00 7.8908852e+01
1.6788000e+05 7.9000000e+01 1.6550000e+01 0.0000000e+00 3.4491891e+02
1.6794000e+05 7.1000000e+01 1.8950000e+01 0.0000000e+00 5.4098297e+02
1.6800000e+05 7.1000000e+01 1.9450000e+01 0.0000000e+00 4.2624771e+02
1.6806000e+05 8.0000000e+01 1.7600000e+01 0.0000000e+00 1.8926300e+02
1.6812000e+05 9.4000000e+01 1.4850000e+01 0.0000000e+00 1.4439400e+01
1.6818000e+05 9.6000000e+01 1.3750000e+01 0.0000000e+00 1.9611891e+01
1.6824000e+05 9.6000000e+01 1.4250000e+01 0.0000000e+00 3.0260139e+01
1.6830000e+05 9.6000000e+01 1.3750000e+01 0.0000000e+00 8.7545967e+00
1.6836000e+05 9.7000000e+01 1.3250000e+01 0.0000000e+00 0.0000000e+00
1.6842000e+05 9.7000000e+01 1.3300000e+01 0.0000000e+00 0.0000000e+00
1.6848000e+05 9.7000000e+01 1.3350000e+01 0.0000000e+00 0.0000000e+00
1.6854000e+05 9.7000000e+01 1.3150000e+01 0.0000000e+00 0.0000000e+00
1.6860000e+05 9.7000000e+01 1.2750000e+01 0.0000000e+00 0.0000000e+00
1.6866000e+05 9.7000000e+01 1.2350000e+01 0.0000000e+00 0.0000000e+00
1.6872000e+05 9.7000000e+01 1.1850000e+01 0.0000000e+00 0.0000000e+00
1.6878000e+05 9.7000000e+01 1.1650000e+01 0.0000000e+00 2.1922841e+00
1.6884000e+05 9.7000000e+01 1.1700000e+01 0.0000000e+00 1.7727890e+01
1.6890000e+05 9.7000000e+01 1.2150000e+01 0.0000000e+00 5.8211761e+01
1.6896000e+05 9.3000000e+01 1.3650000e+01 0.0000000e+00 2.8363541e+02
1.6902000e+05 8.5000000e+01 1.5050000e+01 0.0000000e+00 2.1886459e+02
1.6908000e+05 7.9000000e+01 1.5550000e+01 0.0000000e+00 3.1131451e+02
1.6914000e+05 7.4000000e+01 1.5800000e+01 0.0000000e+00 3.7739429e+02
1.6920000e+05 6.9000000e+01 1.6750000e+01 0.0000000e+00 5.1151471e+02
1.6926000e+05 7.1000000e+01 1.6500000e+01 0.0000000e+00 3.8670139e+02
1.6932000e+05 7.1000000e+01 1.6550000e+01 0.0000000e+00 4.6369080e+02
1.6938000e+05 7.6000000e+01 1.5900000e+01 0.0000000e+00 2.7002530e+02
1.6944000e+05 7.2000000e+01 1.6400000e+01 0.0000000e+00 3.3861011e+02
1.6950000e+05 7.5000000e+01 1.6250000e+01 0.0000000e+00 2.6917471e+02
1.6956000e+05 8.2000000e+01 1.5350000e+01 0.0000000e+00 1.0710560e+02
1.6962000e+05 8.9000000e+01 1.4800000e+01 0.0000000e+00 5.6037491e+01
1.6968000e+05 9.1000000e+01 1.4400000e+01 0.0000000e+00 6.1430119e+01
1.6974000e+05 9.2000000e+01 1.3600000e+01 0.0000000e+00 1.1326580e+01
1.6980000e+05 9.3000000e+01 1.2450000e+01 0.0000000e+00 0.0000000e+00
1.6986000e+05 9.4000000e+01 1.1800000e+01 0.0000000e+00 0.0000000e+00
1.6992000e+05 9.4000000e+01 1.1350000e+01 0.0000000e+00 0.0000000e+00
1.6998000e+05 9.4000000e+01 1.1200000e+01 0.0000000e+00 0.0000000e+00
1.7004000e+05 9.4000000e+01 1.1150000e+01 0.0000000e+00 0.0000000e+00
1.7010000e+05 9.5000000e+01 1.1650000e+01 0.0000000e+00 0.0000000e+00
1.7016000e+05 9.5000000e+01 1.2050000e+01 0.0000000e+00 0.0000000e+00
1.7022000e+05 9.4000000e+01 1.2000000e+01 0.0000000e+00 0.0000000e+00
1.7028000e+05 9.4000000e+01 1.2300000e+01 0.0000000e+00 3.2691898e+01
1.7034000e+05 8.3000000e+01 1.4050000e+01 0.0000000e+00 2.1020570e+02
1.7040000e+05 7.0000000e+01 1.5350000e+01 0.0000000e+00 2.4282260e+02
1.7046000e+05 6.8000000e+01 1.5750000e+01 0.0000000e+00 2.3549500e+02
1.7052000e+05 7.9000000e+01 1.4800000e+01 0.0000000e+00 1.0800760e+02
1.7058000e+05 6.8000000e+01 1.5050000e+01 0.0000000e+00 3.0955011e+02
1.7064000e+05 7.3000000e+01 1.6450000e+01 0.0000000e+00 5.3142432e+02
1.7070000e+05 6.9000000e+01 1.6250000e+01 0.0000000e+00 4.9527881e+02
1.7076000e+05 8.1000000e+01 1.5800000e+01 0.0000000e+00 2.3593449e+02
1.7082000e+05 8.6000000e+01 1.4200000e+01 0.0000000e+00 1.6919350e+02
1.7088000e+05 7.4000000e+01 1.4200000e+01 0.0000000e+00 1.6156300e+02
1.7094000e+05 7.3000000e+01 1.5150000e+01 0.0000000e+00 1.7235330e+02
1.7100000e+05 7.0000000e+01 1.5000000e+01 0.0000000e+00 1.2418720e+02
1.7106000e+05 7.5000000e+01 1.4400000e+01 0.0000000e+00 5.4934711e+01
1.7112000e+05 7.6000000e+01 1.3950000e+01 0.0000000e+00 4.3988289e+01
1.7118000e+05 7.7000000e+01 1.3650000e+01 0.0000000e+00 7.5504689e+00
1.7124000e+05 8.0000000e+01 1.3400000e+01 0.0000000e+00 0.0000000e+00
1.7130000e+05 8.0000000e+01 1.3350000e+01 0.0000000e+00 0.0000000e+00
1.7136000e+05 8.2000000e+01 1.3100000e+01 0.0000000e+00 0.0000000e+00
1.7142000e+05 8.1000000e+01 1.3000000e+01 0.0000000e+00 0.0000000e+00
1.7148000e+05 8.2000000e+01 1.2900000e+01 0.0000000e+00 0.0000000e+00
1.7154000e+05 8.4000000e+01 1.2900000e+01 0.0000000e+00 0.0000000e+00
1.7160000e+05 8.3000000e+01 1.2750000e+01 0.0000000e+00 0.0000000e+00
1.7166000e+05 8.5000000e+01 1.2750000e+01 0.0000000e+00 2.7303851e+00
1.7172000e+05 8.4000000e+01 1.3100000e+01 0.0000000e+00 2.5866140e+01
1.7178000e+05 7.9000000e+01 1.3800000e+01 0.0000000e+00 7.6619713e+01
1.7184000e+05 8.0000000e+01 1.4400000e+01 0.0000000e+00 1.3941350e+02
1.7190000e+05 7.7000000e+01 1.5100000e+01 0.0000000e+00 1.8829150e+02
1.7196000e+05 7.5000000e+01 1.5650000e+01 0.0000000e+00 2.4921001e+02
1.7202000e+05 7.1000000e+01 1.6050000e+01 0.0000000e+00 2.4123610e+02
1.7208000e+05 6.6000000e+01 1.7000000e+01 0.0000000e+00 3.9682690e+02
1.7214000e+05 5.7000000e+01 1.8150000e+01 0.0000000e+00 5.8413019e+02
1.7220000e+05 5.2000000e+01 1.8700000e+01 0.0000000e+00 5.7843250e+02
1.7226000e+05 5.5000000e+01 1.9400000e+01 0.0000000e+00 7.0197522e+02
1.7232000e+05 5.9000000e+01 1.9350000e+01 0.0000000e+00 5.8816357e+02
1.7238000e+05 6.0000000e+01 1.8450000e+01 0.0000000e+00 4.4118829e+02
1.7244000e+05 6.5000000e+01 1.7950000e+01 0.0000000e+00 3.6737350e+02
1.7250000e+05 7.8000000e+01 1.6250000e+01 0.0000000e+00 1.5253360e+02
1.7256000e+05 8.0000000e+01 1.4750000e+01 0.0000000e+00 3.3752441e+01
1.7262000e+05 8.2000000e+01 1.4000000e+01 0.0000000e+00 7.9276042e+00
1.7268000e+05 8.3000000e+01 1.3300000e+01 0.0000000e+00 0.0000000e+00
1.7274000e+05 8.6000000e+01 1.2900000e+01 0.0000000e+00 0.0000000e+00
1.7280000e+05 8.4000000e+01 1.2800000e+01 0.0000000e+00 0.0000000e+00
1.7286000e+05 7.8000000e+01 1.3800000e+01 0.0000000e+00 0.0000000e+00
1.7292000e+05 8.0000000e+01 1.4000000e+01 0.0000000e+00 0.0000000e+00
1.7298000e+05 7.7000000e+01 1.3950000e+01 0.0000000e+00 0.0000000e+00
1.7304000e+05 7.5000000e+01 1.4100000e+01 0.0000000e+00 0.0000000e+00
1.7310000e+05 7.6000000e+01 1.4400000e+01 0.0000000e+00 4.6186638e+00
1.7316000e+05 7.4000000e+01 1.4800000e+01 0.0000000e+00 2.6363470e+01
1.7322000e+05 7.1000000e+01 1.5650001e+01 0.0000000e+00 6.6262367e+01
1.7328000e+05 7.5000000e+01 1.5900000e+01 0.0000000e+00 4.5364880e+01
1.7334000e+05 6.0000000e+01 1.7550000e+01 0.0000000e+00 4.2010861e+02
1.7340000e+05 6.3000000e+01 1.9500000e+01 0.0000000e+00 3.4849469e+02
1.7346000e+05 5.7000000e+01 2.0050000e+01 0.0000000e+00 4.3559021e+02
1.7352000e+05 5.5000000e+01 2.0800000e+01 0.0000000e+00 4.1531381e+02
1.7358000e+05 5.0000000e+01 2.0200000e+01 0.0000000e+00 1.9210240e+02
1.7364000e+05 5.3000000e+01 1.9250000e+01 0.0000000e+00 7.5613281e+01
1.7370000e+05 5.4000000e+01 1.8850000e+01 0.0000000e+00 5.0193741e+01
1.7376000e+05 8.9000000e+01 1.6450000e+01 0.0000000e+00 2.1496599e+01
1.7382000e+05 9.1000000e+01 1.3550000e+01 0.0000000e+00 2.2409050e+01
1.7388000e+05 9.3000000e+01 1.2750000e+01 0.0000000e+00 1.6360201e+01
1.7394000e+05 9.2000000e+01 1.2350000e+01 0.0000000e+00 1.7744120e+01
1.7400000e+05 9.5000000e+01 1.1950000e+01 0.0000000e+00 0.0000000e+00
1.7406000e+05 9.5000000e+01 1.1700000e+01 0.0000000e+00 3.5620420e+00
1.7412000e+05 9.3000000e+01 1.1250000e+01 0.0000000e+00 0.0000000e+00
1.7418000e+05 9.3000000e+01 1.1000000e+01 0.0000000e+00 0.0000000e+00
1.7424000e+05 9.1000000e+01 1.1150000e+01 0.0000000e+00 0.0000000e+00
1.7430000e+05 8.5000000e+01 1.1550000e+01 0.0000000e+00 0.0000000e+00
1.7436000e+05 7.9000000e+01 1.2200000e+01 0.0000000e+00 0.0000000e+00
1.7442000e+05 8.8000000e+01 1.2150000e+01 0.0000000e+00 0.0000000e+00
1.7448000e+05 8.7000000e+01 1.1800000e+01 0.0000000e+00 0.0000000e+00
1.7454000e+05 9.2000000e+01 1.1650000e+01 0.0000000e+00 0.0000000e+00
1.7460000e+05 8.8000000e+01 1.1650000e+01 0.0000000e+00 2.7005070e+01
1.7466000e+05 8.4000000e+01 1.2450000e+01 0.0000000e+00 1.0126310e+02
1.7472000e+05 7.8000000e+01 1.3350000e+01 0.0000000e+00 2.0959900e+02
1.7478000e+05 7.2000000e+01 1.4050000e+01 0.0000000e+00 2.9368439e+02
1.7484000e+05 7.1000000e+01 1.4550000e+01 0.0000000e+00 3.9972672e+02
1.7490000e+05 6.7000000e+01 1.5100000e+01 0.0000000e+00 4.2785199e+02
1.7496000e+05 6.8000000e+01 1.4450000e+01 0.0000000e+00 2.8405551e+02
1.7502000e+05 6.6000000e+01 1.4900000e+01 0.0000000e+00 4.3816779e+02
1.7508000e+05 6.1000000e+01 1.5700000e+01 0.0000000e+00 5.9072583e+02
1.7514000e+05 6.7000000e+01 1.5550000e+01 0.0000000e+00 4.3419971e+02
1.7520000e+05 6.5000000e+01 1.4850000e+01 0.0000000e+00 2.0816229e+02
1.7526000e+05 6.8000000e+01 1.4750000e+01 0.0000000e+00 2.0217931e+02
1.7532000e+05 7.1000000e+01 1.4550000e+01 0.0000000e+00 1.4270399e+02
1.7538000e+05 7.5000000e+01 1.3800000e+01 0.0000000e+00 7.0225029e+01
1.7544000e+05 7.5000000e+01 1.3800000e+01 0.0000000e+00 4.0720921e+01
1.7550000e+05 7.7000000e+01 1.3450000e+01 0.0000000e+00 0.0000000e+00
1.7556000e+05 7.5000000e+01 1.3050000e+01 0.0000000e+00 0.0000000e+00
1.7562000e+05 7.6000000e+01 1.2650000e+01 0.0000000e+00 0.0000000e+00
1.7568000e+05 7.5000000e+01 1.2400000e+01 0.0000000e+00 0.0000000e+00
1.7574000e+05 7.7000000e+01 1.2200000e+01 0.0000000e+00 0.0000000e+00
1.7580000e+05 8.2000000e+01 1.1400000e+01 0.0000000e+00 0.0000000e+00
1.7586000e+05 8.3000000e+01 1.0650000e+01 0.0000000e+00 0.0000000e+00
1.7592000e+05 8.3000000e+01 1.0550000e+01 0.0000000e+00 0.0000000e+00
1.7598000e+05 8.8000000e+01 1.0600000e+01 0.0000000e+00 7.7661772e+00
1.7604000e+05 8.6000000e+01 1.1250000e+01 0.0000000e+00 3.2528412e+01
1.7610000e+05 7.4000000e+01 1.2650000e+01 0.0000000e+00 1.7235490e+02
1.7616000e+05 6.7000000e+01 1.4200000e+01 0.0000000e+00 2.7717419e+02
1.7622000e+05 5.9000000e+01 1.5350000e+01 0.0000000e+00 4.5656589e+02
1.7628000e+05 5.9000000e+01 1.6000000e+01 0.0000000e+00 5.3199310e+02
1.7634000e+05 5.0000000e+01 1.6849999e+01 0.0000000e+00 5.6287708e+02
1.7640000e+05 6.2000000e+01 1.6550000e+01 0.0000000e+00 3.2339011e+02
1.7646000e+05 6.9000000e+01 1.5850000e+01 0.0000000e+00 3.2037469e+02
1.7652000e+05 6.8000000e+01 1.6050000e+01 0.0000000e+00 4.1026099e+02
1.7658000e+05 6.9000000e+01 1.6349999e+01 0.0000000e+00 4.4889240e+02
1.7664000e+05 6.9000000e+01 1.6500000e+01 0.0000000e+00 4.1866251e+02
1.7670000e+05 6.9000000e+01 1.5850000e+01 0.0000000e+00 2.8198969e+02
1.7676000e+05 6.8000000e+01 1.6250000e+01 0.0000000e+00 3.3479440e+02
1.7682000e+05 7.2000000e+01 1.5100000e+01 0.0000000e+00 1.5013020e+02
1.7688000e+05 8.0000000e+01 1.3950000e+01 0.0000000e+00 3.7126339e+01
1.7694000e+05 8.4000000e+01 1.2800000e+01 0.0000000e+00 9.0659695e+00
1.7700000e+05 8.7000000e+01 1.1900000e+01 0.0000000e+00 0.0000000e+00
1.7706000e+05 8.8000000e+01 1.1450000e+01 0.0000000e+00 0.0000000e+00
1.7712000e+05 9.1000000e+01 1.1200000e+01 0.0000000e+00 0.0000000e+00
1.7718000e+05 9.1000000e+01 1.0850000e+01 0.0000000e+00 0.0000000e+00
1.7724000e+05 9.2000000e+01 1.0600000e+01 0.0000000e+00 0.0000000e+00
1.7730000e+05 9.3000000e+01 1.0550000e+01 0.0000000e+00 0.0000000e+00
1.7736000e+05 9.5000000e+01 1.0500000e+01 0.0000000e+00 0.0000000e+00
1.7742000e+05 9.4000000e+01 1.0450000e+01 0.0000000e+00 0.0000000e+00
1.7748000e+05 8.4000000e+01 1.1550000e+01 0.0000000e+00 1.8168369e+01
1.7754000e+05 7.9000000e+01 1.3350000e+01 0.0000000e+00 1.8579640e+02
1.7760000e+05 7.5000000e+01 1.4950000e+01 0.0000000e+00 3.1025299e+02
1.7766000e+05 6.6000000e+01 1.6500000e+01 0.0000000e+00 4.3754901e+02
1.7772000e+05 6.4000000e+01 1.7950001e+01 0.0000000e+00 5.4351678e+02
1.7778000e+05 6.1000000e+01 1.9200000e+01 0.0000000e+00 6.3269452e+02
1.7784000e+05 5.9000000e+01 1.9750000e+01 0.0000000e+00 6.9808118e+02
1.7790000e+05 5.8000000e+01 2.0400001e+01 0.0000000e+00 7.2339801e+02
1.7796000e+05 5.6000000e+01 2.0800000e+01 0.0000000e+00 6.9974048e+02
1.7802000e+05 5.3000000e+01 2.1150001e+01 0.0000000e+00 6.4361578e+02
1.7808000e+05 5.5000000e+01 2.0750000e+01 0.0000000e+00 5.5874091e+02
1.7814000e+05 5.6000000e+01 2.0800000e+01 0.0000000e+00 4.4659631e+02
1.7820000e+05 6.3000000e+01 2.0200000e+01 0.0000000e+00 3.3075830e+02
1.7826000e+05 7.3000000e+01 1.8400000e+01 0.0000000e+00 1.3556461e+02
1.7832000e+05 7.6000000e+01 1.6849999e+01 0.0000000e+00 2.3553921e+01
1.7838000e+05 7.2000000e+01 1.5900000e+01 0.0000000e+00 4.2526379e+00
1.7844000e+05 6.8000000e+01 1.4950000e+01 0.0000000e+00 0.0000000e+00
1.7850000e+05 7.3000000e+01 1.4050000e+01 0.0000000e+00 0.0000000e+00
1.7856000e+05 8.0000000e+01 1.3350000e+01 0.0000000e+00 0.0000000e+00
1.7862000e+05 8.3000000e+01 1.2850000e+01 0.0000000e+00 0.0000000e+00
1.7868000e+05 8.6000000e+01 1.2350000e+01 0.0000000e+00 0.0000000e+00
1.7874000e+05 8.9000000e+01 1.2000000e+01 0.0000000e+00 0.0000000e+00
1.7880000e+05 8.9000000e+01 1.1750000e+01 0.0000000e+00 0.0000000e+00
1.7886000e+05 9.0000000e+01 1.1850000e+01 0.0000000e+00 0.0000000e+00
1.7892000e+05 8.7000000e+01 1.2400000e+01 0.0000000e+00 2.1082220e+01
1.7898000e+05 7.8000000e+01 1.4450000e+01 0.0000000e+00 1.7328590e+02
1.7904000e+05 7.2000000e+01 1.6450000e+01 0.0000000e+00 2.8685480e+02
1.7910000e+05 7.2000000e+01 1.7900001e+01 0.0000000e+00 3.7415189e+02
1.7916000e+05 6.2000000e+01 1.9200000e+01 0.0000000e+00 5.1437360e+02
1.7922000e+05 5.8000000e+01 2.0600000e+01 0.0000000e+00 6.2467023e+02
1.7928000e+05 6.0000000e+01 2.0400001e+01 0.0000000e+00 3.6754501e+02
1.7934000e+05 5.6000000e+01 2.1050000e+01 0.0000000e+00 4.9516321e+02
1.7940000e+05 5.8000000e+01 2.1050000e+01 0.0000000e+00 4.0628391e+02
1.7946000e+05 5.9000000e+01 2.1250000e+01 0.0000000e+00 4.9646289e+02
1.7952000e+05 6.1000000e+01 2.0800000e+01 0.0000000e+00 2.8653009e+02
1.7958000e+05 6.5000000e+01 1.9900001e+01 0.0000000e+00 1.4419870e+02
1.7964000e+05 7.2000000e+01 1.9450001e+01 0.0000000e+00 1.0338770e+02
1.7970000e+05 7.4000000e+01 1.8950001e+01 0.0000000e+00 8.2159630e+01
1.7976000e+05 7.5000000e+01 1.8100000e+01 0.0000000e+00 1.8733089e+01
1.7982000e+05 8.1000000e+01 1.6900000e+01 0.0000000e+00 0.0000000e+00
1.7988000e+05 9.1000000e+01 1.5950000e+01 0.0000000e+00 0.0000000e+00
1.7994000e+05 8.8000000e+01 1.5250000e+01 0.0000000e+00 0.0000000e+00
1.8000000e+05 8.8000000e+01 1.5150000e+01 0.0000000e+00 0.0000000e+00
1.8006000e+05 9.3000000e+01 1.5150000e+01 0.0000000e+00 0.0000000e+00
1.8012000e+05 9.4000000e+01 1.4750000e+01 0.0000000e+00 0.0000000e+00
1.8018000e+05 9.6000000e+01 1.4600000e+01 0.0000000e+00 0.0000000e+00
1.8024000e+05 9.5000000e+01 1.4950000e+01 0.0000000e+00 0.0000000e+00
1.8030000e+05 9.5000000e+01 1.4900000e+01 0.0000000e+00 0.0000000e+00
1.8036000e+05 9.6000000e+01 1.4700000e+01 0.0000000e+00 0.0000000e+00
1.8042000e+05 9.6000000e+01 1.4550000e+01 0.0000000e+00 0.0000000e+00
1.8048000e+05 9.6000000e+01 1.4400000e+01 0.0000000e+00 2.3153260e+00
1.8054000e+05 9.6000000e+01 1.4100000e+01 0.0000000e+00 3.4078178e+01
1.8060000e+05 9.6000000e+01 1.4100000e+01 0.0000000e+00 5.1159840e+01
1.8066000e+05 9.5000000e+01 1.4200000e+01 0.0000000e+00 8.2748177e+01
1.8072000e+05 9.3000000e+01 1.4500000e+01 0.0000000e+00 1.6646590e+02
1.8078000e+05 8.9000000e+01 1.4900000e+01 0.0000000e+00 2.1000870e+02
1.8084000e+05 8.9000000e+01 1.4850000e+01 0.0000000e+00 1.4841290e+02
1.8090000e+05 8.7000000e+01 1.4700000e+01 0.0000000e+00 9.0027077e+01
1.8096000e+05 8.8000000e+01 1.4600000e+01 0.0000000e+00 8.1326607e+01
1.8102000e+05 8.7000000e+01 1.4700000e+01 0.0000000e+00 9.4288116e+01
1.8108000e+05 8.7000000e+01 1.4800000e+01 0.0000000e+00 8.2969543e+01
1.8114000e+05 8.9000000e+01 1.4700000e+01 0.0000000e+00 3.5498070e+01
1.8120000e+05 9.2000000e+01 1.4250000e+01 0.0000000e+00 2.6178041e+00
1.8126000e+05 9.3000000e+01 1.3900000e+01 0.0000000e+00 0.0000000e+00
1.8132000e+05 9.4000000e+01 1.3700000e+01 0.0000000e+00 0.0000000e+00
1.8138000e+05 9.5000000e+01 1.3600000e+01 0.0000000e+00 0.0000000e+00
1.8144000e+05 9.5000000e+01 1.3600000e+01 0.0000000e+00 0.0000000e+00
1.8150000e+05 9.6000000e+01 1.3350000e+01 0.0000000e+00 0.0000000e+00
1.8156000e+05 9.6000000e+01 1.3150000e+01 0.0000000e+00 0.0000000e+00
1.8162000e+05 9.6000000e+01 1.3300000e+01 0.0000000e+00 0.0000000e+00
1.8168000e+05 9.6000000e+01 1.3500000e+01 0.0000000e+00 0.0000000e+00
1.8174000e+05 9.5000000e+01 1.3600000e+01 0.0000000e+00 0.0000000e+00
1.8180000e+05 9.5000000e+01 1.3800000e+01 0.0000000e+00 2.0356531e+00
1.8186000e+05 9.3000000e+01 1.4050000e+01 0.0000000e+00 1.8597740e+01
1.8192000e+05 8.8000000e+01 1.4350000e+01 0.0000000e+00 4.6294621e+01
1.8198000e+05 8.3000000e+01 1.5050000e+01 0.0000000e+00 1.6511079e+02
1.8204000e+05 7.7000000e+01 1.6500000e+01 0.0000000e+00 3.3970090e+02
1.8210000e+05 7.6000000e+01 1.8000000e+01 0.0000000e+00 6.5440918e+02
1.8216000e+05 7.1000000e+01 1.8900001e+01 0.0000000e+00 7.0315540e+02
1.8222000e+05 7.0000000e+01 1.9849999e+01 0.0000000e+00 6.5291351e+02
1.8228000e+05 7.0000000e+01 2.0400000e+01 0.0000000e+00 6.5768359e+02
1.8234000e+05 7.3000000e+01 1.9500000e+01 0.0000000e+00 4.5952631e+02
1.8240000e+05 7.2000000e+01 1.9250000e+01 0.0000000e+00 3.1748560e+02
1.8246000e+05 7.6000000e+01 1.9300000e+01 0.0000000e+00 2.6063730e+02
1.8252000e+05 7.9000000e+01 1.8300000e+01 0.0000000e+00 8.3899750e+01
1.8258000e+05 9.2000000e+01 1.7200000e+01 0.0000000e+00 1.2750190e+01
1.8264000e+05 9.5000000e+01 1.6100000e+01 0.0000000e+00 2.6070170e+00
1.8270000e+05 9.0000000e+01 1.5800000e+01 0.0000000e+00 0.0000000e+00
1.8276000e+05 9.0000000e+01 1.6250000e+01 0.0000000e+00 0.0000000e+00
1.8282000e+05 9.3000000e+01 1.6550000e+01 0.0000000e+00 0.0000000e+00
1.8288000e+05 9.5000000e+01 1.6050000e+01 0.0000000e+00 0.0000000e+00
1.8294000e+05 9.5000000e+01 1.5900000e+01 0.0000000e+00 0.0000000e+00
1.8300000e+05 9.5000000e+01 1.5850000e+01 0.0000000e+00 0.0000000e+00
1.8306000e+05 9.6000000e+01 1.5700000e+01 0.0000000e+00 0.0000000e+00
1.8312000e+05 9.6000000e+01 1.5600000e+01 0.0000000e+00 0.0000000e+00
1.8318000e+05 9.6000000e+01 1.5500000e+01 0.0000000e+00 0.0000000e+00
1.8324000e+05 9.7000000e+01 1.5550000e+01 0.0000000e+00 1.0357860e+01
1.8330000e+05 9.6000000e+01 1.5900000e+01 0.0000000e+00 4.0579220e+01
1.8336000e+05 9.6000000e+01 1.6350000e+01 0.0000000e+00 4.1505550e+01
1.8342000e+05 9.5000000e+01 1.6650000e+01 0.0000000e+00 4.8410419e+01
1.8348000e+05 8.9000000e+01 1.7900000e+01 0.0000000e+00 1.8255560e+02
1.8354000e+05 8.1000000e+01 1.9549999e+01 0.0000000e+00 2.5443080e+02
1.8360000e+05 8.4000000e+01 2.0350000e+01 0.0000000e+00 1.8331050e+02
1.8366000e+05 8.5000000e+01 2.0350000e+01 0.0000000e+00 2.1408240e+02
1.8372000e+05 8.1000000e+01 2.0700001e+01 0.0000000e+00 2.1346590e+02
1.8378000e+05 8.2000000e+01 2.1050000e+01 0.0000000e+00 1.8543910e+02
1.8384000e+05 8.5000000e+01 2.0700000e+01 0.0000000e+00 1.3316460e+02
1.8390000e+05 8.4000000e+01 2.0700000e+01 0.0000000e+00 1.2880350e+02
1.8396000e+05 8.7000000e+01 1.9900000e+01 0.0000000e+00 4.2482391e+01
1.8402000e+05 8.9000000e+01 1.8450000e+01 0.0000000e+00 7.2998497e+01
1.8408000e+05 9.0000000e+01 1.7950000e+01 0.0000000e+00 2.1944380e+01
1.8414000e+05 9.2000000e+01 1.7700000e+01 0.0000000e+00 0.0000000e+00
1.8420000e+05 9.2000000e+01 1.7400001e+01 0.0000000e+00 0.0000000e+00
1.8426000e+05 9.3000000e+01 1.7150001e+01 0.0000000e+00 0.0000000e+00
1.8432000e+05 9.5000000e+01 1.7200000e+01 0.0000000e+00 0.0000000e+00
1.8438000e+05 9.6000000e+01 1.7050000e+01 0.0000000e+00 0.0000000e+00
1.8444000e+05 9.6000000e+01 1.6750000e+01 0.0000000e+00 0.0000000e+00
1.8450000e+05 9.7000000e+01 1.6550000e+01 0.0000000e+00 0.0000000e+00
1.8456000e+05 9.7000000e+01 1.6750000e+01 0.0000000e+00 0.0000000e+00
1.8462000e+05 9.5000000e+01 1.7100000e+01 0.0000000e+00 0.0000000e+00
1.8468000e+05 9.6000000e+01 1.7150000e+01 0.0000000e+00 1.8498751e+01
1.8474000e+05 8.2000000e+01 1.8000000e+01 0.0000000e+00 2.6922791e+01
1.8480000e+05 9.1000000e+01 1.8450000e+01 0.0000000e+00 4.9584358e+01
1.8486000e+05 9.0000000e+01 1.8150000e+01 0.0000000e+00 7.0579163e+01
1.8492000e+05 8.6000000e+01 1.8850000e+01 0.0000000e+00 2.4601740e+02
1.8498000e+05 7.8000000e+01 2.0800000e+01 0.0000000e+00 4.1449969e+02
1.8504000e+05 8.0000000e+01 2.1700000e+01 0.0000000e+00 2.9159970e+02
1.8510000e+05 8.6000000e+01 1.9850000e+01 0.0000000e+00 1.9035030e+02
1.8516000e+05 8.2000000e+01 1.7800000e+01 0.0000000e+00 2.4328110e+02
1.8522000e+05 8.7000000e+01 1.8099999e+01 0.0000000e+00 3.8371671e+02
1.8528000e+05 9.0000000e+01 1.6300000e+01 0.0000000e+00 1.0884950e+02
1.8534000e+05 9.1000000e+01 1.6800000e+01 0.0000000e+00 1.7612250e+02
1.8540000e+05 9.2000000e+01 1.5250000e+01 0.0000000e+00 1.5752420e+01
1.8546000e+05 9.5000000e+01 1.3700000e+01 0.0000000e+00 1.1995530e+01
1.8552000e+05 9.6000000e+01 1.3400000e+01 0.0000000e+00 1.7527189e+01
1.8558000e+05 9.6000000e+01 1.3500000e+01 0.0000000e+00 0.0000000e+00
1.8564000e+05 9.7000000e+01 1.3350000e+01 0.0000000e+00 0.0000000e+00
1.8570000e+05 9.6000000e+01 1.3300000e+01 0.0000000e+00 0.0000000e+00
1.8576000e+05 9.5000000e+01 1.3450000e+01 0.0000000e+00 0.0000000e+00
1.8582000e+05 9.5000000e+01 1.3500000e+01 0.0000000e+00 0.0000000e+00
1.8588000e+05 9.6000000e+01 1.2650000e+01 0.0000000e+00 0.0000000e+00
1.8594000e+05 9.7000000e+01 1.2550000e+01 0.0000000e+00 0.0000000e+00
1.8600000e+05 9.7000000e+01 1.2450000e+01 0.0000000e+00 0.0000000e+00
1.8606000e+05 9.6000000e+01 1.2250000e+01 0.0000000e+00 0.0000000e+00
1.8612000e+05 9.3000000e+01 1.3150000e+01 0.0000000e+00 2.0706079e+01
1.8618000e+05 9.1000000e+01 1.3350000e+01 0.0000000e+00 2.5730980e+01
1.8624000e+05 7.9000000e+01 1.4700000e+01 0.0000000e+00 1.0281940e+02
1.8630000e+05 7.4000000e+01 1.6300000e+01 0.0000000e+00 1.7131570e+02
1.8636000e+05 8.6000000e+01 1.5950000e+01 0.0000000e+00 1.4612010e+02
1.8642000e+05 7.0000000e+01 1.6300000e+01 0.0000000e+00 4.4648749e+02
1.8648000e+05 7.8000000e+01 1.6300000e+01 0.0000000e+00 2.0854089e+02
1.8654000e+05 7.6000000e+01 1.5500000e+01 0.0000000e+00 1.8989490e+02
1.8660000e+05 6.4000000e+01 1.5550000e+01 0.0000000e+00 1.5890120e+02
1.8666000e+05 5.8000000e+01 1.6850000e+01 0.0000000e+00 3.3645300e+02
1.8672000e+05 5.4000000e+01 1.7300000e+01 0.0000000e+00 2.1735600e+02
1.8678000e+05 5.6000000e+01 1.7100000e+01 0.0000000e+00 1.2795970e+02
1.8684000e+05 6.7000000e+01 1.6000000e+01 0.0000000e+00 3.3131618e+01
1.8690000e+05 6.7000000e+01 1.4400000e+01 0.0000000e+00 4.0578671e+01
1.8696000e+05 7.3000000e+01 1.4450000e+01 0.0000000e+00 4.4701118e+01
1.8702000e+05 7.8000000e+01 1.3850000e+01 0.0000000e+00 2.5053840e+00
1.8708000e+05 7.6000000e+01 1.3450000e+01 0.0000000e+00 0.0000000e+00
1.8714000e+05 7.8000000e+01 1.3750000e+01 0.0000000e+00 0.0000000e+00
1.8720000e+05 8.3000000e+01 1.3250000e+01 0.0000000e+00 0.0000000e+00
1.8726000e+05 8.3000000e+01 1.2950000e+01 0.0000000e+00 0.0000000e+00
1.8732000e+05 8.3000000e+01 1.2600000e+01 0.0000000e+00 0.0000000e+00
1.8738000e+05 8.0000000e+01 1.2600000e+01 0.0000000e+00 0.0000000e+00
1.8744000e+05 7.9000000e+01 1.2750000e+01 0.0000000e+00 0.0000000e+00
1.8750000e+05 7.0000000e+01 1.3300000e+01 0.0000000e+00 0.0000000e+00
1.8756000e+05 6.8000000e+01 1.3700000e+01 0.0000000e+00 5.7556291e+00
1.8762000e+05 7.4000000e+01 1.3900000e+01 0.0000000e+00 3.0990110e+01
1.8768000e+05 7.2000000e+01 1.3700000e+01 0.0000000e+00 3.3070999e+01
1.8774000e+05 6.5000000e+01 1.4850000e+01 0.0000000e+00 1.3523970e+02
1.8780000e+05 6.6000000e+01 1.5450000e+01 0.0000000e+00 1.0656460e+02
1.8786000e+05 6.1000000e+01 1.6099999e+01 0.0000000e+00 2.5381760e+02
1.8792000e+05 6.0000000e+01 1.7250000e+01 0.0000000e+00 2.4751120e+02
1.8798000e+05 6.8000000e+01 1.7500000e+01 0.0000000e+00 2.0989799e+02
1.8804000e+05 7.3000000e+01 1.7850000e+01 0.0000000e+00 2.4192641e+02
1.8810000e+05 7.8000000e+01 1.7650001e+01 0.0000000e+00 2.0395309e+02
1.8816000e+05 9.3000000e+01 1.5900000e+01 0.0000000e+00 8.5478073e+01
1.8822000e+05 9.3000000e+01 1.5250000e+01 0.0000000e+00 3.6561340e+01
1.8828000e+05 9.3000000e+01 1.4950000e+01 0.0000000e+00 2.6671780e+01
1.8834000e+05 9.2000000e+01 1.4350000e+01 0.0000000e+00 2.5838230e+01
1.8840000e+05 9.3000000e+01 1.3750000e+01 0.0000000e+00 3.3803060e+00
1.8846000e+05 9.4000000e+01 1.3150000e+01 0.0000000e+00 0.0000000e+00
1.8852000e+05 9.3000000e+01 1.2900000e+01 0.0000000e+00 0.0000000e+00
1.8858000e+05 9.4000000e+01 1.2650000e+01 0.0000000e+00 0.0000000e+00
1.8864000e+05 9.3000000e+01 1.2250000e+01 0.0000000e+00 0.0000000e+00
1.8870000e+05 9.2000000e+01 1.2000000e+01 0.0000000e+00 0.0000000e+00
1.8876000e+05 9.0000000e+01 1.1900000e+01 0.0000000e+00 0.0000000e+00
1.8882000e+05 8.8000000e+01 1.1900000e+01 0.0000000e+00 0.0000000e+00
1.8888000e+05 8.5000000e+01 1.2050000e+01 0.0000000e+00 0.0000000e+00
1.8894000e+05 7.8000000e+01 1.2250000e+01 0.0000000e+00 0.0000000e+00
1.8900000e+05 7.2000000e+01 1.3000000e+01 0.0000000e+00 1.6358210e+01
1.8906000e+05 6.9000000e+01 1.3900000e+01 0.0000000e+00 6.6108620e+01
1.8912000e+05 7.1000000e+01 1.4450000e+01 0.0000000e+00 1.5442239e+02
1.8918000e+05 8.1000000e+01 1.3900000e+01 0.0000000e+00 1.2921040e+02
1.8924000e+05 8.9000000e+01 1.3300000e+01 0.0000000e+00 1.2013040e+02
1.8930000e+05 9.2000000e+01 1.2900000e+01 0.0000000e+00 1.3896220e+02
1.8936000e+05 9.1000000e+01 1.3150000e+01 0.0000000e+00 2.0337840e+02
1.8942000e+05 7.8000000e+01 1.4250000e+01 0.0000000e+00 2.6231570e+02
1.8948000e+05 8.9000000e+01 1.3900000e+01 0.0000000e+00 1.4371539e+02
1.8954000e+05 9.4000000e+01 1.2750000e+01 0.0000000e+00 5.7002571e+01
1.8960000e+05 9.4000000e+01 1.2700000e+01 0.0000000e+00 8.9167953e+01
1.8966000e+05 8.8000000e+01 1.3200000e+01 0.0000000e+00 1.0301950e+02
1.8972000e+05 9.2000000e+01 1.2550000e+01 0.0000000e+00 3.0030781e+01
1.8978000e+05 8.7000000e+01 1.2450000e+01 0.0000000e+00 3.7055111e+01
1.8984000e+05 8.8000000e+01 1.2200000e+01 0.0000000e+00 7.8588910e+00
1.8990000e+05 8.4000000e+01 1.2300000e+01 0.0000000e+00 0.0000000e+00
1.8996000e+05 9.1000000e+01 1.1950000e+01 0.0000000e+00 0.0000000e+00
1.9002000e+05 9.2000000e+01 1.1500000e+01 0.0000000e+00 0.0000000e+00
1.9008000e+05 9.6000000e+01 1.1950000e+01 0.0000000e+00 0.0000000e+00
1.9014000e+05 9.5000000e+01 1.2400000e+01 0.0000000e+00 0.0000000e+00
1.9020000e+05 9.4000000e+01 1.2300000e+01 0.0000000e+00 0.0000000e+00
1.9026000e+05 9.2000000e+01 1.2150000e+01 0.0000000e+00 0.0000000e+00
1.9032000e+05 9.3000000e+01 1.2150000e+01 0.0000000e+00 0.0000000e+00
1.9038000e+05 9.4000000e+01 1.1550000e+01 0.0000000e+00 0.0000000e+00
1.9044000e+05 9.0000000e+01 1.0950000e+01 0.0000000e+00 0.0000000e+00
1.9050000e+05 8.8000000e+01 1.0800000e+01 0.0000000e+00 1.9886471e+01
1.9056000e+05 8.9000000e+01 1.0800000e+01 0.0000000e+00 3.2396091e+01
1.9062000e+05 9.2000000e+01 1.0700000e+01 0.0000000e+00 4.4021370e+01
1.9068000e+05 8.9000000e+01 1.0700000e+01 0.0000000e+00 5.7650330e+01
1.9074000e+05 7.7000000e+01 1.1200000e+01 0.0000000e+00 1.4666209e+02
1.9080000e+05 8.8000000e+01 1.1200000e+01 0.0000000e+00 1.6039281e+02
1.9086000e+05 8.5000000e+01 1.0800000e+01 0.0000000e+00 1.4393500e+02
1.9092000e+05 8.3000000e+01 1.1450000e+01 0.0000000e+00 1.4301060e+02
1.9098000e+05 8.5000000e+01 1.1050000e+01 0.0000000e+00 1.2381740e+02
1.9104000e+05 8.2000000e+01 1.1700000e+01 0.0000000e+00 1.6517900e+02
1.9110000e+05 8.2000000e+01 1.1900000e+01 0.0000000e+00 1.3029590e+02
1.9116000e+05 8.6000000e+01 1.1400000e+01 0.0000000e+00 6.2619289e+01
1.9122000e+05 8.6000000e+01 1.0850000e+01 0.0000000e+00 2.6249861e+01
1.9128000e+05 8.6000000e+01 1.0900000e+01 0.0000000e+00 7.8021460e+00
1.9134000e+05 9.2000000e+01 1.0550000e+01 0.0000000e+00 0.0000000e+00
1.9140000e+05 9.0000000e+01 1.0300000e+01 0.0000000e+00 0.0000000e+00
1.9146000e+05 9.0000000e+01 1.0200000e+01 0.0000000e+00 0.0000000e+00
1.9152000e+05 8.9000000e+01 1.0500000e+01 0.0000000e+00 0.0000000e+00
1.9158000e+05 9.2000000e+01 1.0500000e+01 0.0000000e+00 0.0000000e+00
1.9164000e+05 9.2000000e+01 1.0400000e+01 0.0000000e+00 0.0000000e+00
1.9170000e+05 9.0000000e+01 1.0550000e+01 0.0000000e+00 0.0000000e+00
1.9176000e+05 9.0000000e+01 1.0700000e+01 0.0000000e+00 0.0000000e+00
1.9182000e+05 8.9000000e+01 1.0850000e+01 0.0000000e+00 0.0000000e+00
1.9188000e+05 9.1000000e+01 1.0800000e+01 0.0000000e+00 0.0000000e+00
1.9194000e+05 9.4000000e+01 1.0900000e+01 0.0000000e+00 1.5272840e+01
1.9200000e+05 9.1000000e+01 1.1500000e+01 0.0000000e+00 9.4176880e+01
1.9206000e+05 8.4000000e+01 1.2600000e+01 0.0000000e+00 2.2665829e+02
1.9212000e+05 7.5000000e+01 1.3850000e+01 0.0000000e+00 3.6784271e+02
1.9218000e+05 6.8000000e+01 1.5099999e+01 0.0000000e+00 4.6265649e+02
1.9224000e+05 6.0000000e+01 1.6500000e+01 0.0000000e+00 6.0967328e+02
1.9230000e+05 5.7000000e+01 1.6800000e+01 0.0000000e+00 5.2202197e+02
1.9236000e+05 6.3000000e+01 1.7400000e+01 0.0000000e+00 6.0391388e+02
1.9242000e+05 6.7000000e+01 1.6150000e+01 0.0000000e+00 2.8463300e+02
1.9248000e+05 7.1000000e+01 1.6150000e+01 0.0000000e+00 2.9642429e+02
1.9254000e+05 6.3000000e+01 1.6350000e+01 0.0000000e+00 2.8835330e+02
1.9260000e+05 7.0000000e+01 1.6550000e+01 0.0000000e+00 2.9158401e+02
1.9266000e+05 7.9000000e+01 1.5300000e+01 0.0000000e+00 7.7689140e+01
1.9272000e+05 7.8000000e+01 1.4550000e+01 0.0000000e+00 9.1304483e+00
1.9278000e+05 7.6000000e+01 1.4950000e+01 0.0000000e+00 0.0000000e+00
1.9284000e+05 7.4000000e+01 1.4900000e+01 0.0000000e+00 0.0000000e+00
1.9290000e+05 7.9000000e+01 1.4600000e+01 0.0000000e+00 0.0000000e+00
1.9296000e+05 7.7000000e+01 1.4100000e+01 0.0000000e+00 0.0000000e+00
1.9302000e+05 7.3000000e+01 1.4800000e+01 0.0000000e+00 0.0000000e+00
1.9308000e+05 7.2000000e+01 1.4750000e+01 0.0000000e+00 0.0000000e+00
1.9314000e+05 7.5000000e+01 1.4800000e+01 0.0000000e+00 0.0000000e+00
1.9320000e+05 8.2000000e+01 1.3700000e+01 0.0000000e+00 0.0000000e+00
1.9326000e+05 6.7000000e+01 1.4250000e+01 0.0000000e+00 0.0000000e+00
1.9332000e+05 6.7000000e+01 1.4750000e+01 0.0000000e+00 1.9799271e+01
1.9338000e+05 7.6000000e+01 1.5550000e+01 0.0000000e+00 6.6787804e+01
1.9344000e+05 6.7000000e+01 1.6650000e+01 0.0000000e+00 1.8726109e+02
1.9350000e+05 6.0000000e+01 1.8299999e+01 0.0000000e+00 1.9586971e+02
1.9356000e+05 5.7000000e+01 2.0049999e+01 0.0000000e+00 3.7874319e+02
1.9362000e+05 6.7000000e+01 2.0850000e+01 0.0000000e+00 2.5445010e+02
1.9368000e+05 8.2000000e+01 1.8600000e+01 0.0000000e+00 1.6806140e+02
1.9374000e+05 6.9000000e+01 1.9100000e+01 0.0000000e+00 2.3021980e+02
1.9380000e+05 8.2000000e+01 1.7600000e+01 0.0000000e+00 7.1753937e+01
1.9386000e+05 7.7000000e+01 1.6000000e+01 0.0000000e+00 6.4613770e+01
1.9392000e+05 8.3000000e+01 1.6900000e+01 0.0000000e+00 6.3108021e+01
1.9398000e+05 7.5000000e+01 1.8150000e+01 0.0000000e+00 3.3193661e+02
1.9404000e+05 7.3000000e+01 1.8800000e+01 0.0000000e+00 1.2362760e+02
1.9410000e+05 7.7000000e+01 1.8200000e+01 0.0000000e+00 6.6534157e+01
1.9416000e+05 7.4000000e+01 1.7800000e+01 0.0000000e+00 3.3052830e+01
1.9422000e+05 7.8000000e+01 1.7250000e+01 0.0000000e+00 0.0000000e+00
1.9428000e+05 8.5000000e+01 1.6750000e+01 0.0000000e+00 0.0000000e+00
1.9434000e+05 8.2000000e+01 1.6200000e+01 0.0000000e+00 0.0000000e+00
1.9440000e+05 8.4000000e+01 1.5850000e+01 0.0000000e+00 0.0000000e+00
1.9446000e+05 8.1000000e+01 1.5450000e+01 0.0000000e+00 0.0000000e+00
1.9452000e+05 8.4000000e+01 1.5150000e+01 0.0000000e+00 0.0000000e+00
1.9458000e+05 8.4000000e+01 1.5250000e+01 0.0000000e+00 0.0000000e+00
1.9464000e+05 8.7000000e+01 1.4900000e+01 0.0000000e+00 0.0000000e+00
1.9470000e+05 8.5000000e+01 1.5100000e+01 0.0000000e+00 0.0000000e+00
1.9476000e+05 9.0000000e+01 1.5300000e+01 0.0000000e+00 3.9110889e+00
1.9482000e+05 8.9000000e+01 1.5500000e+01 0.0000000e+00 1.6574989e+01
1.9488000e+05 8.3000000e+01 1.5950000e+01 0.0000000e+00 1.3939840e+01
1.9494000e+05 8.7000000e+01 1.6650001e+01 0.0000000e+00 2.1315901e+01
1.9500000e+05 6.6000000e+01 1.8050000e+01 0.0000000e+00 6.8466187e+01
1.9506000e+05 6.2000000e+01 1.9849999e+01 0.0000000e+00 1.4116010e+02
1.9512000e+05 6.7000000e+01 2.0250000e+01 0.0000000e+00 1.8701630e+02
1.9518000e+05 6.5000000e+01 1.9750000e+01 0.0000000e+00 3.6225381e+02
1.9524000e+05 6.7000000e+01 1.9750000e+01 0.0000000e+00 4.3580179e+02
1.9530000e+05 6.9000000e+01 1.8550000e+01 0.0000000e+00 3.2617560e+02
1.9536000e+05 7.4000000e+01 1.7300000e+01 0.0000000e+00 1.6976649e+02
1.9542000e+05 7.5000000e+01 1.6700000e+01 0.0000000e+00 2.0762460e+02
1.9548000e+05 7.8000000e+01 1.6100000e+01 0.0000000e+00 1.5326131e+02
1.9554000e+05 8.3000000e+01 1.5200000e+01 0.0000000e+00 5.0982311e+01
1.9560000e+05 8.6000000e+01 1.4500000e+01 0.0000000e+00 8.0766106e+00
1.9566000e+05 9.0000000e+01 1.4000000e+01 0.0000000e+00 0.0000000e+00
1.9572000e+05 9.1000000e+01 1.3750000e+01 0.0000000e+00 0.0000000e+00
1.9578000e+05 9.1000000e+01 1.3650000e+01 0.0000000e+00 0.0000000e+00
1.9584000e+05 9.1000000e+01 1.3550000e+01 0.0000000e+00 0.0000000e+00
1.9590000e+05 9.2000000e+01 1.3550000e+01 0.0000000e+00 0.0000000e+00
1.9596000e+05 9.3000000e+01 1.3400000e+01 0.0000000e+00 0.0000000e+00
1.9602000e+05 9.4000000e+01 1.3250000e+01 0.0000000e+00 0.0000000e+00
1.9608000e+05 9.5000000e+01 1.3150000e+01 0.0000000e+00 0.0000000e+00
1.9614000e+05 9.5000000e+01 1.3050000e+01 0.0000000e+00 0.0000000e+00
1.9620000e+05 9.5000000e+01 1.3250000e+01 0.0000000e+00 1.7421391e+01
1.9626000e+05 9.1000000e+01 1.3500000e+01 0.0000000e+00 4.1899109e+01
1.9632000e+05 8.7000000e+01 1.4050000e+01 0.0000000e+00 7.1009270e+01
1.9638000e+05 8.6000000e+01 1.4900000e+01 0.0000000e+00 1.4247130e+02
1.9644000e+05 8.4000000e+01 1.5250000e+01 0.0000000e+00 1.3863820e+02
1.9650000e+05 8.9000000e+01 1.5050000e+01 0.0000000e+00 4.5536160e+01
1.9656000e+05 9.0000000e+01 1.5000000e+01 0.0000000e+00 7.2628693e+01
1.9662000e+05 9.2000000e+01 1.4350000e+01 0.0000000e+00 5.9756340e+01
1.9668000e+05 9.2000000e+01 1.3650000e+01 0.0000000e+00 7.2000237e+01
1.9674000e+05 8.9000000e+01 1.4500000e+01 0.0000000e+00 1.3014281e+02
1.9680000e+05 9.2000000e+01 1.4000000e+01 0.0000000e+00 6.1176781e+01
1.9686000e+05 9.2000000e+01 1.3800000e+01 0.0000000e+00 6.2148640e+01
1.9692000e+05 8.8000000e+01 1.3650000e+01 0.0000000e+00 4.2591331e+01
1.9698000e+05 8.2000000e+01 1.3850000e+01 0.0000000e+00 1.8759859e+01
1.9704000e+05 8.4000000e+01 1.3850000e+01 0.0000000e+00 0.0000000e+00
1.9710000e+05 9.4000000e+01 1.3300000e+01 0.0000000e+00 0.0000000e+00
1.9716000e+05 9.4000000e+01 1.2150000e+01 0.0000000e+00 0.0000000e+00
1.9722000e+05 9.4000000e+01 1.0900000e+01 0.0000000e+00 0.0000000e+00
1.9728000e+05 9.4000000e+01 1.0500000e+01 0.0000000e+00 0.0000000e+00
1.9734000e+05 8.7000000e+01 1.0600000e+01 0.0000000e+00 0.0000000e+00
1.9740000e+05 8.2000000e+01 1.1150000e+01 0.0000000e+00 0.0000000e+00
1.9746000e+05 8.1000000e+01 1.1600000e+01 0.0000000e+00 0.0000000e+00
1.9752000e+05 8.3000000e+01 1.1300000e+01 0.0000000e+00 0.0000000e+00
1.9758000e+05 8.0000000e+01 1.1600000e+01 0.0000000e+00 0.0000000e+00
1.9764000e+05 7.5000000e+01 1.1950000e+01 0.0000000e+00 1.1666160e+01
1.9770000e+05 7.4000000e+01 1.2500000e+01 0.0000000e+00 5.0135731e+01
1.9776000e+05 7.0000000e+01 1.3100000e+01 0.0000000e+00 8.9821938e+01
1.9782000e+05 7.4000000e+01 1.2850000e+01 0.0000000e+00 1.0527960e+02
1.9788000e+05 7.8000000e+01 1.2900000e+01 0.0000000e+00 1.1747400e+02
1.9794000e+05 6.5000000e+01 1.4800000e+01 0.0000000e+00 3.5551761e+02
1.9800000e+05 6.6000000e+01 1.4100000e+01 0.0000000e+00 2.0051390e+02
1.9806000e+05 7.6000000e+01 1.3700000e+01 0.0000000e+00 2.1569749e+02
1.9812000e+05 6.7000000e+01 1.5100000e+01 0.0000000e+00 2.9944809e+02
1.9818000e+05 7.7000000e+01 1.4050000e+01 0.0000000e+00 1.4873940e+02
1.9824000e+05 6.7000000e+01 1.3700000e+01 0.0000000e+00 1.3081050e+02
1.9830000e+05 8.2000000e+01 1.3400000e+01 0.0000000e+00 5.5805420e+01
1.9836000e+05 8.0000000e+01 1.2500000e+01 0.0000000e+00 4.3491749e+01
1.9842000e+05 7.3000000e+01 1.2800000e+01 0.0000000e+00 1.4078040e+01
1.9848000e+05 6.7000000e+01 1.3350000e+01 0.0000000e+00 0.0000000e+00
1.9854000e+05 6.5000000e+01 1.3700000e+01 0.0000000e+00 0.0000000e+00
1.9860000e+05 5.3000000e+01 1.4350000e+01 0.0000000e+00 0.0000000e+00
1.9866000e+05 5.1000000e+01 1.4900000e+01 0.0000000e+00 0.0000000e+00
1.9872000e+05 4.8000000e+01 1.4500000e+01 0.0000000e+00 0.0000000e+00
1.9878000e+05 5.2000000e+01 1.4900000e+01 0.0000000e+00 0.0000000e+00
1.9884000e+05 5.2000000e+01 1.4650000e+01 0.0000000e+00 0.0000000e+00
1.9890000e+05 5.2000000e+01 1.4900000e+01 0.0000000e+00 0.0000000e+00
1.9896000e+05 5.7000000e+01 1.4600000e+01 0.0000000e+00 0.0000000e+00
1.9902000e+05 5.8000000e+01 1.4100000e+01 0.0000000e+00 0.0000000e+00
1.9908000e+05 6.2000000e+01 1.3900000e+01 0.0000000e+00 0.0000000e+00
1.9914000e+05 6.4000000e+01 1.3850000e+01 0.0000000e+00 3.2534698e+01
1.9920000e+05 9.0000000e+01 1.2750000e+01 0.0000000e+00 3.6579441e+01
1.9926000e+05 9.3000000e+01 1.1950000e+01 0.0000000e+00 1.1904460e+02
1.9932000e+05 8.4000000e+01 1.2900000e+01 0.0000000e+00 1.8066611e+02
1.9938000e+05 9.1000000e+01 1.2750000e+01 0.0000000e+00 7.6355293e+01
1.9944000e+05 8.7000000e+01 1.2700000e+01 0.0000000e+00 1.2620760e+02
1.9950000e+05 8.4000000e+01 1.3100000e+01 0.0000000e+00 1.8755690e+02
1.9956000e+05 7.7000000e+01 1.3900000e+01 0.0000000e+00 1.3885989e+02
1.9962000e+05 8.3000000e+01 1.3100000e+01 0.0000000e+00 1.2108670e+02
1.9968000e+05 7.6000000e+01 1.3100000e+01 0.0000000e+00 1.5661259e+02
1.9974000e+05 6.5000000e+01 1.3850000e+01 0.0000000e+00 1.1645140e+02
1.9980000e+05 5.9000000e+01 1.4550000e+01 0.0000000e+00 1.3228210e+02
1.9986000e+05 6.6000000e+01 1.4300000e+01 0.0000000e+00 3.3579498e+01
1.9992000e+05 6.5000000e+01 1.3900000e+01 0.0000000e+00 1.5821540e+01
1.9998000e+05 6.4000000e+01 1.3450000e+01 0.0000000e+00 0.0000000e+00
2.0004000e+05 6.4000000e+01 1.3800000e+01 0.0000000e+00 0.0000000e+00
2.0010000e+05 6.5000000e+01 1.3250000e+01 0.0000000e+00 0.0000000e+00
2.0016000e+05 6.2000000e+01 1.3550000e+01 0.0000000e+00 0.0000000e+00
2.0022000e+05 5.8000000e+01 1.3900000e+01 0.0000000e+00 0.0000000e+00
2.0028000e+05 5.3000000e+01 1.4300000e+01 0.0000000e+00 0.0000000e+00
2.0034000e+05 6.4000000e+01 1.4250000e+01 0.0000000e+00 0.0000000e+00
2.0040000e+05 7.8000000e+01 1.3450000e+01 0.0000000e+00 0.0000000e+00
2.0046000e+05 8.6000000e+01 1.2250000e+01 0.0000000e+00 0.0000000e+00
2.0052000e+05 8.5000000e+01 1.1650000e+01 0.0000000e+00 0.0000000e+00
2.0058000e+05 7.8000000e+01 1.2000000e+01 0.0000000e+00 8.1346006e+00
2.0064000e+05 8.7000000e+01 1.3300000e+01 0.0000000e+00 2.4575529e+01
2.0070000e+05 8.9000000e+01 1.2300000e+01 0.0000000e+00 5.6314831e+01
2.0076000e+05 9.3000000e+01 1.2300000e+01 0.0000000e+00 5.2751541e+01
2.0082000e+05 9.1000000e+01 1.2200000e+01 0.0000000e+00 1.1825420e+02
2.0088000e+05 8.3000000e+01 1.3300000e+01 0.0000000e+00 2.5695340e+02
2.0094000e+05 8.8000000e+01 1.3000000e+01 0.0000000e+00 1.1004320e+02
2.0100000e+05 9.2000000e+01 1.2250000e+01 0.0000000e+00 1.2361300e+02
2.0106000e+05 8.2000000e+01 1.3400000e+01 0.0000000e+00 3.3952969e+02
2.0112000e+05 6.8000000e+01 1.4100000e+01 0.0000000e+00 2.0214630e+02
2.0118000e+05 9.0000000e+01 1.2350000e+01 0.0000000e+00 7.3397217e+01
2.0124000e+05 8.6000000e+01 1.2000000e+01 0.0000000e+00 1.2875459e+02
2.0130000e+05 8.4000000e+01 1.1250000e+01 0.0000000e+00 4.2236130e+01
2.0136000e+05 8.7000000e+01 1.0750000e+01 0.0000000e+00 4.8064079e+00
2.0142000e+05 8.4000000e+01 1.1050000e+01 0.0000000e+00 0.0000000e+00
2.0148000e+05 7.7000000e+01 1.0700000e+01 0.0000000e+00 0.0000000e+00
2.0154000e+05 8.9000000e+01 1.0750000e+01 0.0000000e+00 0.0000000e+00
2.0160000e+05 9.0000000e+01 1.0200000e+01 0.0000000e+00 0.0000000e+00
2.0166000e+05 8.3000000e+01 1.0450000e+01 0.0000000e+00 0.0000000e+00
2.0172000e+05 8.4000000e+01 1.0400000e+01 0.0000000e+00 0.0000000e+00
2.0178000e+05 8.9000000e+01 1.0350000e+01 0.0000000e+00 0.0000000e+00
2.0184000e+05 9.1000000e+01 1.0250000e+01 0.0000000e+00 0.0000000e+00
2.0190000e+05 9.0000000e+01 1.0200000e+01 0.0000000e+00 0.0000000e+00
2.0196000e+05 9.0000000e+01 1.0050000e+01 0.0000000e+00 6.0252342e+00
2.0202000e+05 9.0000000e+01 1.0150000e+01 0.0000000e+00 2.5159620e+01
2.0208000e+05 8.7000000e+01 1.0700000e+01 0.0000000e+00 6.1425591e+01
2.0214000e+05 7.1000000e+01 1.1800000e+01 0.0000000e+00 1.0738140e+02
2.0220000e+05 6.8000000e+01 1.3000000e+01 0.0000000e+00 1.3859750e+02
2.0226000e+05 6.2000000e+01 1.3900000e+01 0.0000000e+00 1.4883910e+02
2.0232000e+05 6.9000000e+01 1.4450000e+01 0.0000000e+00 2.0996181e+02
2.0238000e+05 8.5000000e+01 1.2950000e+01 0.0000000e+00 8.6324074e+01
2.0244000e+05 7.6000000e+01 1.3100000e+01 0.0000000e+00 1.0939550e+02
2.0250000e+05 6.8000000e+01 1.4100000e+01 0.0000000e+00 8.7809464e+01
2.0256000e+05 7.1000000e+01 1.4050000e+01 0.0000000e+00 3.2258240e+01
2.0262000e+05 8.3000000e+01 1.3450000e+01 0.0000000e+00 3.1017670e+01
2.0268000e+05 7.9000000e+01 1.2900000e+01 0.0000000e+00 2.9282829e+01
2.0274000e+05 8.7000000e+01 1.2800000e+01 0.0000000e+00 8.5882740e+00
2.0280000e+05 9.1000000e+01 1.1800000e+01 0.0000000e+00 0.0000000e+00
2.0286000e+05 9.3000000e+01 1.1350000e+01 0.0000000e+00 0.0000000e+00
2.0292000e+05 9.0000000e+01 1.1150000e+01 0.0000000e+00 0.0000000e+00
2.0298000e+05 9.2000000e+01 1.1200000e+01 0.0000000e+00 0.0000000e+00
2.0304000e+05 9.5000000e+01 1.1100000e+01 0.0000000e+00 0.0000000e+00
2.0310000e+05 9.5000000e+01 1.1050000e+01 0.0000000e+00 0.0000000e+00
2.0316000e+05 8.9000000e+01 1.1400000e+01 0.0000000e+00 0.0000000e+00
2.0322000e+05 9.2000000e+01 1.1550000e+01 0.0000000e+00 0.0000000e+00
2.0328000e+05 8.3000000e+01 1.2100000e+01 0.0000000e+00 0.0000000e+00
2.0334000e+05 8.1000000e+01 1.2750000e+01 0.0000000e+00 0.0000000e+00
2.0340000e+05 8.0000000e+01 1.3050000e+01 0.0000000e+00 0.0000000e+00
2.0346000e+05 7.2000000e+01 1.3550000e+01 0.0000000e+00 1.7116081e+00
2.0352000e+05 7.1000000e+01 1.4500000e+01 0.0000000e+00 3.5640129e+01
2.0358000e+05 7.3000000e+01 1.5550000e+01 0.0000000e+00 9.3933380e+01
2.0364000e+05 4.9000000e+01 1.8600000e+01 0.0000000e+00 2.4401740e+02
2.0370000e+05 4.9000000e+01 2.1250000e+01 0.0000000e+00 2.3459430e+02
2.0376000e+05 4.7000000e+01 2.1500000e+01 0.0000000e+00 2.0625800e+02
2.0382000e+05 4.8000000e+01 2.1500000e+01 0.0000000e+00 9.7543068e+01
2.0388000e+05 5.5000000e+01 2.1150001e+01 0.0000000e+00 8.8314568e+01
2.0394000e+05 6.9000000e+01 1.9650001e+01 0.0000000e+00 1.0473740e+02
2.0400000e+05 6.8000000e+01 1.9000000e+01 0.0000000e+00 1.2835730e+02
2.0406000e+05 6.1000000e+01 1.9200001e+01 0.0000000e+00 2.0318941e+02
2.0412000e+05 7.4000000e+01 1.8850000e+01 0.0000000e+00 1.0111980e+02
2.0418000e+05 7.9000000e+01 1.7400001e+01 0.0000000e+00 1.7781340e+01
2.0424000e+05 9.0000000e+01 1.5950000e+01 0.0000000e+00 0.0000000e+00
2.0430000e+05 9.4000000e+01 1.4850000e+01 0.0000000e+00 0.0000000e+00
2.0436000e+05 9.4000000e+01 1.4250000e+01 0.0000000e+00 0.0000000e+00
2.0442000e+05 9.2000000e+01 1.3550000e+01 0.0000000e+00 0.0000000e+00
2.0448000e+05 9.3000000e+01 1.2750000e+01 0.0000000e+00 0.0000000e+00
2.0454000e+05 9.6000000e+01 1.2050000e+01 0.0000000e+00 0.0000000e+00
2.0460000e+05 9.7000000e+01 1.1700000e+01 0.0000000e+00 0.0000000e+00
2.0466000e+05 9.6000000e+01 1.2150000e+01 0.0000000e+00 0.0000000e+00
2.0472000e+05 9.7000000e+01 1.2350000e+01 0.0000000e+00 0.0000000e+00
2.0478000e+05 9.7000000e+01 1.2250000e+01 0.0000000e+00 0.0000000e+00
2.0484000e+05 9.7000000e+01 1.1900000e+01 0.0000000e+00 1.5914590e+00
2.0490000e+05 9.7000000e+01 1.2100000e+01 0.0000000e+00 3.0926611e+01
2.0496000e+05 9.6000000e+01 1.2600000e+01 0.0000000e+00 4.6769691e+01
2.0502000e+05 9.4000000e+01 1.2900000e+01 0.0000000e+00 6.0222820e+01
2.0508000e+05 9.0000000e+01 1.2800000e+01 0.0000000e+00 7.9056664e+01
2.0514000e+05 8.8000000e+01 1.3450000e+01 0.0000000e+00 2.2870880e+02
2.0520000e+05 7.7000000e+01 1.4350000e+01 0.0000000e+00 3.1716690e+02
2.0526000e+05 7.0000000e+01 1.5500000e+01 0.0000000e+00 5.1106821e+02
2.0532000e+05 7.6000000e+01 1.6500000e+01 0.0000000e+00 4.6169400e+02
2.0538000e+05 7.0000000e+01 1.7100000e+01 0.0000000e+00 4.9070621e+02
2.0544000e+05 6.3000000e+01 1.7150001e+01 0.0000000e+00 4.1840079e+02
2.0550000e+05 7.4000000e+01 1.6600000e+01 0.0000000e+00 2.0004449e+02
2.0556000e+05 8.4000000e+01 1.5250000e+01 0.0000000e+00 1.8287650e+02
2.0562000e+05 8.7000000e+01 1.3650000e+01 0.0000000e+00 3.1339010e+01
2.0568000e+05 9.0000000e+01 1.2600000e+01 0.0000000e+00 3.7154620e+00
2.0574000e+05 9.1000000e+01 1.1900000e+01 0.0000000e+00 0.0000000e+00
2.0580000e+05 9.0000000e+01 1.1550000e+01 0.0000000e+00 0.0000000e+00
2.0586000e+05 8.9000000e+01 1.1250000e+01 0.0000000e+00 0.0000000e+00
2.0592000e+05 8.2000000e+01 1.1200000e+01 0.0000000e+00 0.0000000e+00
2.0598000e+05 7.6000000e+01 1.1500000e+01 0.0000000e+00 0.0000000e+00
2.0604000e+05 8.1000000e+01 1.2000000e+01 0.0000000e+00 0.0000000e+00
2.0610000e+05 6.5000000e+01 1.2350000e+01 0.0000000e+00 0.0000000e+00
2.0616000e+05 6.0000000e+01 1.3250000e+01 0.0000000e+00 0.0000000e+00
2.0622000e+05 6.8000000e+01 1.4200000e+01 0.0000000e+00 0.0000000e+00
2.0628000e+05 6.9000000e+01 1.3550000e+01 0.0000000e+00 0.0000000e+00
2.0634000e+05 6.5000000e+01 1.4700000e+01 0.0000000e+00 2.0549979e+00
2.0640000e+05 6.8000000e+01 1.4750000e+01 0.0000000e+00 2.3384979e+01
2.0646000e+05 6.2000000e+01 1.6099999e+01 0.0000000e+00 8.3185799e+01
2.0652000e+05 5.7000000e+01 1.7450001e+01 0.0000000e+00 1.8545889e+02
2.0658000e+05 5.7000000e+01 1.7950000e+01 0.0000000e+00 1.3796400e+02
2.0664000e+05 6.2000000e+01 1.8400000e+01 0.0000000e+00 1.6473399e+02
2.0670000e+05 6.3000000e+01 1.8350000e+01 0.0000000e+00 9.6505821e+01
2.0676000e+05 6.2000000e+01 1.8650000e+01 0.0000000e+00 1.1958760e+02
2.0682000e+05 5.9000000e+01 1.8900001e+01 0.0000000e+00 8.6846184e+01
2.0688000e+05 5.8000000e+01 1.8000000e+01 0.0000000e+00 4.9111450e+01
2.0694000e+05 5.0000000e+01 1.8950000e+01 0.0000000e+00 6.3161301e+01
2.0700000e+05 5.2000000e+01 1.9750000e+01 0.0000000e+00 6.0396118e+01
2.0706000e+05 9.1000000e+01 1.6099999e+01 0.0000000e+00 1.8576611e+01
2.0712000e+05 9.1000000e+01 1.2250000e+01 0.0000000e+00 5.1398211e+00
2.0718000e+05 8.2000000e+01 1.1900000e+01 0.0000000e+00 0.0000000e+00
2.0724000e+05 6.5000000e+01 1.2850000e+01 0.0000000e+00 0.0000000e+00
2.0730000e+05 5.5000000e+01 1.4150000e+01 0.0000000e+00 0.0000000e+00
2.0736000e+05 5.9000000e+01 1.3950000e+01 0.0000000e+00 0.0000000e+00
2.0742000e+05 6.2000000e+01 1.4150000e+01 0.0000000e+00 0.0000000e+00
2.0748000e+05 6.1000000e+01 1.3800000e+01 0.0000000e+00 0.0000000e+00
2.0754000e+05 7.2000000e+01 1.3150000e+01 0.0000000e+00 0.0000000e+00
2.0760000e+05 7.2000000e+01 1.2450000e+01 0.0000000e+00 0.0000000e+00
2.0766000e+05 7.7000000e+01 1.2050000e+01 0.0000000e+00 0.0000000e+00
2.0772000e+05 7.3000000e+01 1.1950000e+01 0.0000000e+00 6.3975042e-01
2.0778000e+05 7.8000000e+01 1.2500000e+01 0.0000000e+00 3.1660271e+01
2.0784000e+05 7.4000000e+01 1.2250000e+01 0.0000000e+00 7.7016327e+01
2.0790000e+05 7.1000000e+01 1.3450000e+01 0.0000000e+00 1.8332320e+02
2.0796000e+05 5.9000000e+01 1.5200000e+01 0.0000000e+00 3.5632129e+02
2.0802000e+05 5.6000000e+01 1.6700000e+01 0.0000000e+00 4.5397519e+02
2.0808000e+05 5.2000000e+01 1.6250000e+01 0.0000000e+00 2.1452341e+02
2.0814000e+05 7.4000000e+01 1.5300000e+01 0.0000000e+00 9.0548279e+01
2.0820000e+05 8.7000000e+01 1.3300000e+01 0.0000000e+00 6.0393169e+01
2.0826000e+05 7.5000000e+01 1.3650000e+01 0.0000000e+00 3.6650900e+02
2.0832000e+05 7.5000000e+01 1.4550000e+01 0.0000000e+00 1.7934770e+02
2.0838000e+05 7.3000000e+01 1.3950000e+01 0.0000000e+00 1.4536310e+02
2.0844000e+05 7.6000000e+01 1.3200000e+01 0.0000000e+00 5.4658051e+01
2.0850000e+05 8.2000000e+01 1.2800000e+01 0.0000000e+00 1.5246970e+01
2.0856000e+05 8.6000000e+01 1.2400000e+01 0.0000000e+00 5.5086250e+00
2.0862000e+05 9.2000000e+01 1.1950000e+01 0.0000000e+00 0.0000000e+00
2.0868000e+05 9.4000000e+01 1.1600000e+01 0.0000000e+00 0.0000000e+00
2.0874000e+05 9.5000000e+01 1.1000000e+01 0.0000000e+00 0.0000000e+00
2.0880000e+05 9.3000000e+01 1.0500000e+01 0.0000000e+00 0.0000000e+00
2.0886000e+05 9.1000000e+01 1.0150000e+01 0.0000000e+00 0.0000000e+00
2.0892000e+05 9.2000000e+01 1.0050000e+01 0.0000000e+00 0.0000000e+00
2.0898000e+05 9.3000000e+01 9.5500002e+00 0.0000000e+00 0.0000000e+00
2.0904000e+05 9.5000000e+01 9.1500001e+00 0.0000000e+00 0.0000000e+00
2.0910000e+05 9.5000000e+01 8.7999997e+00 0.0000000e+00 0.0000000e+00
2.0916000e+05 9.3000000e+01 8.9500003e+00 0.0000000e+00 4.3137188e+00
2.0922000e+05 9.1000000e+01 9.6500001e+00 0.0000000e+00 4.4713799e+01
2.0928000e+05 8.3000000e+01 1.0600000e+01 0.0000000e+00 5.1008110e+01
2.0934000e+05 8.4000000e+01 1.1950000e+01 0.0000000e+00 1.3718610e+02
2.0940000e+05 7.7000000e+01 1.2800000e+01 0.0000000e+00 1.0265910e+02
2.0946000e+05 7.1000000e+01 1.2350000e+01 0.0000000e+00 7.6606911e+01
2.0952000e+05 5.9000000e+01 1.3400000e+01 0.0000000e+00 2.3829530e+02
2.0958000e+05 5.8000000e+01 1.4350000e+01 0.0000000e+00 1.8124820e+02
2.0964000e+05 6.8000000e+01 1.4050000e+01 0.0000000e+00 7.3021019e+01
2.0970000e+05 5.8000000e+01 1.4350000e+01 0.0000000e+00 1.0405910e+02
2.0976000e+05 5.5000000e+01 1.6200000e+01 0.0000000e+00 3.7616629e+02
2.0982000e+05 6.7000000e+01 1.4600000e+01 0.0000000e+00 5.4084591e+01
2.0988000e+05 7.5000000e+01 1.3300000e+01 0.0000000e+00 1.5549360e+01
2.0994000e+05 8.1000000e+01 1.2000000e+01 0.0000000e+00 0.0000000e+00
2.1000000e+05 8.4000000e+01 1.1750000e+01 0.0000000e+00 5.2843080e+00
2.1006000e+05 8.8000000e+01 1.0450000e+01 0.0000000e+00 0.0000000e+00
2.1012000e+05 8.1000000e+01 1.0650000e+01 0.0000000e+00 0.0000000e+00
2.1018000e+05 7.6000000e+01 1.1200000e+01 0.0000000e+00 0.0000000e+00
2.1024000e+05 8.0000000e+01 1.1750000e+01 0.0000000e+00 0.0000000e+00
2.1030000e+05 8.8000000e+01 1.1300000e+01 0.0000000e+00 0.0000000e+00
2.1036000e+05 9.0000000e+01 1.1100000e+01 0.0000000e+00 0.0000000e+00
2.1042000e+05 9.1000000e+01 1.0900000e+01 0.0000000e+00 0.0000000e+00
2.1048000e+05 8.9000000e+01 1.0550000e+01 0.0000000e+00 0.0000000e+00
2.1054000e+05 8.8000000e+01 1.0400000e+01 0.0000000e+00 0.0000000e+00
2.1060000e+05 8.0000000e+01 1.0500000e+01 0.0000000e+00 3.4378040e+00
2.1066000e+05 7.1000000e+01 1.1750000e+01 0.0000000e+00 3.7065041e+01
2.1072000e+05 5.6000000e+01 1.3100000e+01 0.0000000e+00 4.4332039e+01
2.1078000e+05 8.2000000e+01 1.2800000e+01 0.0000000e+00 4.0698792e+01
2.1084000e+05 8.8000000e+01 1.1050000e+01 0.0000000e+00 6.3263359e+01
2.1090000e+05 8.9000000e+01 1.1000000e+01 0.0000000e+00 1.2379110e+02
2.1096000e+05 8.2000000e+01 1.1600000e+01 0.0000000e+00 1.8349020e+02
2.1102000e+05 8.6000000e+01 1.1400000e+01 0.0000000e+00 1.6274451e+02
2.1108000e+05 8.8000000e+01 1.1200000e+01 0.0000000e+00 1.3833791e+02
2.1114000e+05 8.7000000e+01 1.1300000e+01 0.0000000e+00 1.5262410e+02
2.1120000e+05 8.1000000e+01 1.1150000e+01 0.0000000e+00 1.0745230e+02
2.1126000e+05 8.7000000e+01 1.1200000e+01 0.0000000e+00 7.3289673e+01
2.1132000e+05 8.4000000e+01 1.0500000e+01 0.0000000e+00 4.6063389e+01
2.1138000e+05 9.2000000e+01 1.0250000e+01 0.0000000e+00 8.3661919e+00
2.1144000e+05 8.5000000e+01 1.0150000e+01 0.0000000e+00 0.0000000e+00
2.1150000e+05 8.0000000e+01 1.0700000e+01 0.0000000e+00 0.0000000e+00
2.1156000e+05 8.4000000e+01 1.0600000e+01 0.0000000e+00 0.0000000e+00
2.1162000e+05 9.4000000e+01 1.0050000e+01 0.0000000e+00 0.0000000e+00
2.1168000e+05 9.5000000e+01 9.5500002e+00 0.0000000e+00 0.0000000e+00
2.1174000e+05 9.6000000e+01 9.5000000e+00 0.0000000e+00 0.0000000e+00
2.1180000e+05 8.8000000e+01 9.8999996e+00 0.0000000e+00 0.0000000e+00
2.1186000e+05 8.5000000e+01 1.0800000e+01 0.0000000e+00 0.0000000e+00
2.1192000e+05 8.0000000e+01 1.0800000e+01 0.0000000e+00 0.0000000e+00
2.1198000e+05 9.1000000e+01 1.1150000e+01 0.0000000e+00 0.0000000e+00
2.1204000e+05 7.9000000e+01 1.1250000e+01 0.0000000e+00 0.0000000e+00
2.1210000e+05 9.3000000e+01 1.1300000e+01 0.0000000e+00 4.4842119e+00
2.1216000e+05 9.4000000e+01 1.0450000e+01 0.0000000e+00 2.3703110e+01
2.1222000e+05 8.9000000e+01 1.0650000e+01 0.0000000e+00 9.6301643e+01
2.1228000e+05 8.5000000e+01 1.1750000e+01 0.0000000e+00 1.8239999e+02
2.1234000e+05 8.7000000e+01 1.1650000e+01 0.0000000e+00 8.4219368e+01
2.1240000e+05 8.9000000e+01 1.1250000e+01 0.0000000e+00 9.7253448e+01
2.1246000e+05 8.8000000e+01 1.0750000e+01 0.0000000e+00 4.4195259e+01
2.1252000e+05 8.6000000e+01 1.0300000e+01 0.0000000e+00 4.7759880e+01
2.1258000e+05 8.9000000e+01 1.0550000e+01 0.0000000e+00 9.1249313e+01
2.1264000e+05 8.7000000e+01 1.0750000e+01 0.0000000e+00 6.4541191e+01
2.1270000e+05 8.6000000e+01 1.1250000e+01 0.0000000e+00 4.9513889e+01
2.1276000e+05 8.2000000e+01 1.1100000e+01 0.0000000e+00 4.3240990e+01
2.1282000e+05 8.2000000e+01 1.1400000e+01 0.0000000e+00 2.7316139e+01
2.1288000e+05 8.7000000e+01 1.1000000e+01 0.0000000e+00 0.0000000e+00
2.1294000e+05 7.5000000e+01 1.1000000e+01 0.0000000e+00 0.0000000e+00
2.1300000e+05 6.9000000e+01 1.1450000e+01 0.0000000e+00 0.0000000e+00
2.1306000e+05 7.8000000e+01 1.0950000e+01 0.0000000e+00 0.0000000e+00
2.1312000e+05 7.4000000e+01 1.0600000e+01 0.0000000e+00 0.0000000e+00
2.1318000e+05 7.8000000e+01 1.0400000e+01 0.0000000e+00 0.0000000e+00
2.1324000e+05 7.5000000e+01 1.0250000e+01 0.0000000e+00 0.0000000e+00
2.1330000e+05 7.7000000e+01 9.6500001e+00 0.0000000e+00 0.0000000e+00
2.1336000e+05 8.5000000e+01 9.6500001e+00 0.0000000e+00 0.0000000e+00
2.1342000e+05 8.5000000e+01 8.9500003e+00 0.0000000e+00 0.0000000e+00
2.1348000e+05 8.5000000e+01 8.9000001e+00 0.0000000e+00 1.1913680e-01
2.1354000e+05 8.4000000e+01 9.5999999e+00 0.0000000e+00 6.9205147e+01
2.1360000e+05 7.1000000e+01 1.1700000e+01 0.0000000e+00 1.8992261e+02
2.1366000e+05 6.7000000e+01 1.3750000e+01 0.0000000e+00 2.2320290e+02
2.1372000e+05 6.8000000e+01 1.5350000e+01 0.0000000e+00 3.4140039e+02
2.1378000e+05 6.4000000e+01 1.4750000e+01 0.0000000e+00 2.4457069e+02
2.1384000e+05 6.4000000e+01 1.5150000e+01 0.0000000e+00 1.3748080e+02
2.1390000e+05 6.4000000e+01 1.4700000e+01 0.0000000e+00 9.2481819e+01
2.1396000e+05 8.0000000e+01 1.3350000e+01 0.0000000e+00 7.6195038e+01
2.1402000e+05 8.2000000e+01 1.2500000e+01 0.0000000e+00 7.1152733e+01
2.1408000e+05 8.5000000e+01 1.2500000e+01 0.0000000e+00 4.4710670e+01
2.1414000e+05 8.6000000e+01 1.2150000e+01 0.0000000e+00 3.3931839e+01
2.1420000e+05 8.4000000e+01 1.2500000e+01 0.0000000e+00 2.7092051e+01
2.1426000e+05 9.2000000e+01 1.2800000e+01 0.0000000e+00 1.0052700e+01
2.1432000e+05 6.9000000e+01 1.4700000e+01 0.0000000e+00 0.0000000e+00
2.1438000e+05 6.1000000e+01 1.7450001e+01 0.0000000e+00 0.0000000e+00
2.1444000e+05 5.9000000e+01 1.8349999e+01 0.0000000e+00 0.0000000e+00
2.1450000e+05 6.2000000e+01 1.8450001e+01 0.0000000e+00 0.0000000e+00
2.1456000e+05 6.2000000e+01 1.8300000e+01 0.0000000e+00 0.0000000e+00
2.1462000e+05 6.6000000e+01 1.7900000e+01 0.0000000e+00 0.0000000e+00
2.1468000e+05 6.0000000e+01 1.7950000e+01 0.0000000e+00 0.0000000e+00
2.1474000e+05 6.2000000e+01 1.8350000e+01 0.0000000e+00 0.0000000e+00
2.1480000e+05 6.2000000e+01 1.8150000e+01 0.0000000e+00 0.0000000e+00
2.1486000e+05 6.7000000e+01 1.7750000e+01 0.0000000e+00 0.0000000e+00
2.1492000e+05 6.5000000e+01 1.7800000e+01 0.0000000e+00 0.0000000e+00
2.1498000e+05 6.7000000e+01 1.7850000e+01 0.0000000e+00 1.0061160e+00
2.1504000e+05 7.2000000e+01 1.7400001e+01 0.0000000e+00 3.4049301e+01
2.1510000e+05 8.2000000e+01 1.7050000e+01 0.0000000e+00 6.0203159e+01
2.1516000e+05 9.1000000e+01 1.6100000e+01 0.0000000e+00 9.6692352e+01
2.1522000e+05 9.2000000e+01 1.6050000e+01 0.0000000e+00 9.7141747e+01
2.1528000e+05 8.7000000e+01 1.6550000e+01 0.0000000e+00 1.7048940e+02
2.1534000e+05 8.1000000e+01 1.7300000e+01 0.0000000e+00 2.6267441e+02
2.1540000e+05 8.1000000e+01 1.8150000e+01 0.0000000e+00 2.1828880e+02
2.1546000e+05 8.5000000e+01 1.8049999e+01 0.0000000e+00 1.1844500e+02
2.1552000e+05 8.6000000e+01 1.7900001e+01 0.0000000e+00 7.6626793e+01
2.1558000e+05 8.4000000e+01 1.7500000e+01 0.0000000e+00 7.3392792e+01
2.1564000e+05 8.7000000e+01 1.7300000e+01 0.0000000e+00 2.4539801e+01
2.1570000e+05 8.8000000e+01 1.6650000e+01 0.0000000e+00 2.1994801e+01
2.1576000e+05 7.5000000e+01 1.6900001e+01 0.0000000e+00 0.0000000e+00
2.1582000e+05 7.4000000e+01 1.7300000e+01 0.0000000e+00 0.0000000e+00
2.1588000e+05 7.1000000e+01 1.7450001e+01 0.0000000e+00 0.0000000e+00
2.1594000e+05 7.1000000e+01 1.7349999e+01 0.0000000e+00 0.0000000e+00
2.1600000e+05 6.4000000e+01 1.7450000e+01 0.0000000e+00 0.0000000e+00
2.1606000e+05 6.3000000e+01 1.7400000e+01 0.0000000e+00 0.0000000e+00
2.1612000e+05 6.8000000e+01 1.7650000e+01 0.0000000e+00 0.0000000e+00
2.1618000e+05 6.4000000e+01 1.6800000e+01 0.0000000e+00 0.0000000e+00
2.1624000e+05 6.2000000e+01 1.7600000e+01 0.0000000e+00 0.0000000e+00
2.1630000e+05 5.8000000e+01 1.8250000e+01 0.0000000e+00 0.0000000e+00
2.1636000e+05 5.3000000e+01 1.8850000e+01 0.0000000e+00 0.0000000e+00
2.1642000e+05 4.9000000e+01 1.9350000e+01 0.0000000e+00 1.5477270e+01
2.1648000e+05 4.3000000e+01 2.0500000e+01 0.0000000e+00 1.1458700e+02
2.1654000e+05 5.0000000e+01 2.0650000e+01 0.0000000e+00 1.9299980e+02
2.1660000e+05 5.4000000e+01 2.1350000e+01 0.0000000e+00 9.5194687e+01
2.1666000e+05 8.9000000e+01 1.7750000e+01 0.0000000e+00 4.0771481e+01
2.1672000e+05 6.8000000e+01 1.7200000e+01 0.0000000e+00 1.2725560e+02
2.1678000e+05 7.2000000e+01 1.7900000e+01 0.0000000e+00 8.0458717e+01
2.1684000e+05 8.4000000e+01 1.6950000e+01 0.0000000e+00 5.4960442e+01
2.1690000e+05 9.4000000e+01 1.5400000e+01 0.0000000e+00 3.8602692e+01
2.1696000e+05 9.5000000e+01 1.4500000e+01 0.0000000e+00 1.9751949e+01
2.1702000e+05 9.5000000e+01 1.4400000e+01 0.0000000e+00 4.0556622e+01
2.1708000e+05 9.5000000e+01 1.4200000e+01 0.0000000e+00 8.3428221e+00
2.1714000e+05 9.5000000e+01 1.3900000e+01 0.0000000e+00 2.1105289e+00
2.1720000e+05 9.6000000e+01 1.3500000e+01 0.0000000e+00 0.0000000e+00
2.1726000e+05 9.6000000e+01 1.3200000e+01 0.0000000e+00 0.0000000e+00
2.1732000e+05 9.6000000e+01 1.2600000e+01 0.0000000e+00 0.0000000e+00
2.1738000e+05 9.6000000e+01 1.1650000e+01 0.0000000e+00 0.0000000e+00
2.1744000e+05 9.7000000e+01 1.0950000e+01 0.0000000e+00 0.0000000e+00
2.1750000e+05 9.7000000e+01 1.0750000e+01 0.0000000e+00 0.0000000e+00
2.1756000e+05 9.7000000e+01 1.0450000e+01 0.0000000e+00 0.0000000e+00
2.1762000e+05 9.5000000e+01 1.0250000e+01 0.0000000e+00 0.0000000e+00
2.1768000e+05 9.5000000e+01 1.0450000e+01 0.0000000e+00 0.0000000e+00
2.1774000e+05 9.6000000e+01 1.0650000e+01 0.0000000e+00 0.0000000e+00
2.1780000e+05 9.5000000e+01 1.0900000e+01 0.0000000e+00 1.5507890e+00
2.1786000e+05 9.5000000e+01 1.0950000e+01 0.0000000e+00 1.0157680e+01
2.1792000e+05 9.3000000e+01 1.1200000e+01 0.0000000e+00 2.2346310e+01
2.1798000e+05 8.3000000e+01 1.1650000e+01 0.0000000e+00 4.4412102e+01
2.1804000e+05 8.1000000e+01 1.2500000e+01 0.0000000e+00 1.3314751e+02
2.1810000e+05 8.9000000e+01 1.2750000e+01 0.0000000e+00 1.0321410e+02
2.1816000e+05 6.2000000e+01 1.4500000e+01 0.0000000e+00 4.6458719e+02
2.1822000e+05 7.0000000e+01 1.5150000e+01 0.0000000e+00 2.7158331e+02
2.1828000e+05 7.8000000e+01 1.3400000e+01 0.0000000e+00 1.4019850e+02
2.1834000e+05 7.2000000e+01 1.3550000e+01 0.0000000e+00 1.8886670e+02
2.1840000e+05 9.0000000e+01 1.2650000e+01 0.0000000e+00 8.8318901e+01
2.1846000e+05 9.3000000e+01 1.1600000e+01 0.0000000e+00 5.5917061e+01
2.1852000e+05 9.5000000e+01 1.1350000e+01 0.0000000e+00 1.0275800e+01
2.1858000e+05 9.5000000e+01 1.1400000e+01 0.0000000e+00 8.4169781e-01
2.1864000e+05 9.4000000e+01 1.1050000e+01 0.0000000e+00 0.0000000e+00
2.1870000e+05 9.4000000e+01 1.0550000e+01 0.0000000e+00 0.0000000e+00
2.1876000e+05 9.4000000e+01 1.0150000e+01 0.0000000e+00 0.0000000e+00
2.1882000e+05 9.4000000e+01 9.8000002e+00 0.0000000e+00 0.0000000e+00
2.1888000e+05 9.5000000e+01 9.6500001e+00 0.0000000e+00 0.0000000e+00
2.1894000e+05 9.5000000e+01 9.7500000e+00 0.0000000e+00 0.0000000e+00
2.1900000e+05 9.5000000e+01 9.6500001e+00 0.0000000e+00 0.0000000e+00
2.1906000e+05 9.5000000e+01 9.5000000e+00 0.0000000e+00 0.0000000e+00
2.1912000e+05 9.4000000e+01 9.4000001e+00 0.0000000e+00 0.0000000e+00
2.1918000e+05 9.3000000e+01 9.5500002e+00 0.0000000e+00 0.0000000e+00
2.1924000e+05 9.2000000e+01 9.7000003e+00 0.0000000e+00 0.0000000e+00
2.1930000e+05 9.0000000e+01 9.8499999e+00 0.0000000e+00 1.5386870e+01
2.1936000e+05 8.8000000e+01 1.0250000e+01 0.0000000e+00 6.0054901e+01
2.1942000e+05 8.2000000e+01 1.1500000e+01 0.0000000e+00 1.6554581e+02
2.1948000e+05 7.9000000e+01 1.2200000e+01 0.0000000e+00 2.1495689e+02
2.1954000e+05 7.2000000e+01 1.3050000e+01 0.0000000e+00 2.7068201e+02
2.1960000e+05 6.8000000e+01 1.3600000e+01 0.0000000e+00 2.6232971e+02
2.1966000e+05 6.8000000e+01 1.3900000e+01 0.0000000e+00 2.8315500e+02
2.1972000e+05 6.7000000e+01 1.4450000e+01 0.0000000e+00 3.6480881e+02
2.1978000e+05 7.4000000e+01 1.3850000e+01 0.0000000e+00 2.0575169e+02
2.1984000e+05 8.3000000e+01 1.2950000e+01 0.0000000e+00 1.4713519e+02
2.1990000e+05 8.2000000e+01 1.2600000e+01 0.0000000e+00 1.3509979e+02
2.1996000e+05 8.3000000e+01 1.2550000e+01 0.0000000e+00 7.8387711e+01
2.2002000e+05 8.6000000e+01 1.2300000e+01 0.0000000e+00 1.1650870e+01
2.2008000e+05 8.8000000e+01 1.1700000e+01 0.0000000e+00 0.0000000e+00
2.2014000e+05 9.1000000e+01 1.0550000e+01 0.0000000e+00 0.0000000e+00
2.2020000e+05 9.2000000e+01 9.5999999e+00 0.0000000e+00 0.0000000e+00
2.2026000e+05 9.3000000e+01 9.4499998e+00 0.0000000e+00 0.0000000e+00
2.2032000e+05 9.2000000e+01 9.8000002e+00 0.0000000e+00 0.0000000e+00
2.2038000e+05 9.0000000e+01 1.0100000e+01 0.0000000e+00 0.0000000e+00
2.2044000e+05 9.1000000e+01 1.0150000e+01 0.0000000e+00 0.0000000e+00
2.2050000e+05 9.2000000e+01 1.0000000e+01 0.0000000e+00 0.0000000e+00
2.2056000e+05 9.1000000e+01 1.0150000e+01 0.0000000e+00 0.0000000e+00
2.2062000e+05 9.3000000e+01 9.8500004e+00 0.0000000e+00 0.0000000e+00
2.2068000e+05 9.1000000e+01 9.7000003e+00 0.0000000e+00 0.0000000e+00
2.2074000e+05 8.2000000e+01 1.0650000e+01 0.0000000e+00 8.0856033e+01
2.2080000e+05 7.8000000e+01 1.2000000e+01 0.0000000e+00 1.9281360e+02
2.2086000e+05 7.3000000e+01 1.3100000e+01 0.0000000e+00 3.1185349e+02
2.2092000e+05 7.3000000e+01 1.4750000e+01 0.0000000e+00 4.2252399e+02
2.2098000e+05 7.0000000e+01 1.5650001e+01 0.0000000e+00 5.2296301e+02
2.2104000e+05 6.2000000e+01 1.6400000e+01 0.0000000e+00 6.0507501e+02
2.2110000e+05 5.9000000e+01 1.7250000e+01 0.0000000e+00 5.8556482e+02
2.2116000e+05 5.9000000e+01 1.8050000e+01 0.0000000e+00 5.5730841e+02
2.2122000e+05 5.6000000e+01 1.8550000e+01 0.0000000e+00 4.9339850e+02
2.2128000e+05 5.8000000e+01 1.8849999e+01 0.0000000e+00 4.0427570e+02
2.2134000e+05 6.7000000e+01 1.8450000e+01 0.0000000e+00 3.1106851e+02
2.2140000e+05 7.7000000e+01 1.6150000e+01 0.0000000e+00 1.8684810e+02
2.2146000e+05 7.9000000e+01 1.3950000e+01 0.0000000e+00 8.1198797e+00
2.2152000e+05 8.1000000e+01 1.2950000e+01 0.0000000e+00 0.0000000e+00
2.2158000e+05 8.0000000e+01 1.2050000e+01 0.0000000e+00 0.0000000e+00
2.2164000e+05 8.3000000e+01 1.1450000e+01 0.0000000e+00 0.0000000e+00
2.2170000e+05 8.7000000e+01 1.1050000e+01 0.0000000e+00 0.0000000e+00
2.2176000e+05 8.9000000e+01 1.0950000e+01 0.0000000e+00 0.0000000e+00
2.2182000e+05 9.3000000e+01 1.0650000e+01 0.0000000e+00 0.0000000e+00
2.2188000e+05 9.4000000e+01 1.0300000e+01 0.0000000e+00 0.0000000e+00
2.2194000e+05 9.4000000e+01 1.0150000e+01 0.0000000e+00 0.0000000e+00
2.2200000e+05 9.2000000e+01 1.0150000e+01 0.0000000e+00 0.0000000e+00
2.2206000e+05 9.2000000e+01 1.0150000e+01 0.0000000e+00 0.0000000e+00
2.2212000e+05 9.2000000e+01 1.0050000e+01 0.0000000e+00 0.0000000e+00
2.2218000e+05 8.6000000e+01 1.1100000e+01 0.0000000e+00 7.7450417e+01
2.2224000e+05 8.7000000e+01 1.2400000e+01 0.0000000e+00 1.8219701e+02
2.2230000e+05 7.7000000e+01 1.3400000e+01 0.0000000e+00 2.9700180e+02
2.2236000e+05 7.1000000e+01 1.5100000e+01 0.0000000e+00 4.0854010e+02
2.2242000e+05 7.1000000e+01 1.6350000e+01 0.0000000e+00 5.1685248e+02
2.2248000e+05 6.3000000e+01 1.7950000e+01 0.0000000e+00 6.1745630e+02
2.2254000e+05 6.5000000e+01 1.8700000e+01 0.0000000e+00 4.5483990e+02
2.2260000e+05 6.7000000e+01 1.7950000e+01 0.0000000e+00 3.9329779e+02
2.2266000e+05 6.5000000e+01 1.8050000e+01 0.0000000e+00 3.9000189e+02
2.2272000e+05 7.2000000e+01 1.7849999e+01 0.0000000e+00 3.4015701e+02
2.2278000e+05 7.8000000e+01 1.6750000e+01 0.0000000e+00 1.9580721e+02
2.2284000e+05 8.4000000e+01 1.5100000e+01 0.0000000e+00 7.6368828e+01
2.2290000e+05 7.1000000e+01 1.3200000e+01 0.0000000e+00 5.3268151e+00
2.2296000e+05 7.8000000e+01 1.2150000e+01 0.0000000e+00 0.0000000e+00
2.2302000e+05 6.6000000e+01 1.1450000e+01 0.0000000e+00 0.0000000e+00
2.2308000e+05 8.2000000e+01 1.1000000e+01 0.0000000e+00 0.0000000e+00
2.2314000e+05 8.7000000e+01 1.0950000e+01 0.0000000e+00 0.0000000e+00
2.2320000e+05 8.7000000e+01 1.0700000e+01 0.0000000e+00 0.0000000e+00
2.2326000e+05 9.0000000e+01 1.0850000e+01 0.0000000e+00 0.0000000e+00
2.2332000e+05 9.1000000e+01 1.1150000e+01 0.0000000e+00 0.0000000e+00
2.2338000e+05 9.1000000e+01 1.1450000e+01 0.0000000e+00 0.0000000e+00
2.2344000e+05 8.9000000e+01 1.1900000e+01 0.0000000e+00 0.0000000e+00
2.2350000e+05 8.7000000e+01 1.2400000e+01 0.0000000e+00 0.0000000e+00
2.2356000e+05 8.7000000e+01 1.3350000e+01 0.0000000e+00 0.0000000e+00
2.2362000e+05 6.7000000e+01 1.4250000e+01 0.0000000e+00 0.0000000e+00
2.2368000e+05 8.2000000e+01 1.4900000e+01 0.0000000e+00 1.6575840e+00
2.2374000e+05 8.0000000e+01 1.4200000e+01 0.0000000e+00 2.4790371e+01
2.2380000e+05 7.3000000e+01 1.5250000e+01 0.0000000e+00 8.6154953e+01
2.2386000e+05 7.4000000e+01 1.5900000e+01 0.0000000e+00 5.8669170e+01
2.2392000e+05 7.7000000e+01 1.5650000e+01 0.0000000e+00 8.0455963e+01
2.2398000e+05 8.4000000e+01 1.6900000e+01 0.0000000e+00 1.4047890e+02
2.2404000e+05 6.9000000e+01 1.7800000e+01 0.0000000e+00 1.8894380e+02
2.2410000e+05 8.1000000e+01 1.8750000e+01 0.0000000e+00 6.5655327e+01
2.2416000e+05 7.5000000e+01 1.7350000e+01 0.0000000e+00 9.8783119e+01
2.2422000e+05 7.1000000e+01 1.7750000e+01 0.0000000e+00 1.1933440e+02
2.2428000e+05 7.3000000e+01 1.7250000e+01 0.0000000e+00 1.1604850e+02
2.2434000e+05 7.9000000e+01 1.6200000e+01 0.0000000e+00 3.8347031e+01
2.2440000e+05 8.6000000e+01 1.4600000e+01 0.0000000e+00 2.7708919e+00
2.2446000e+05 9.0000000e+01 1.3500000e+01 0.0000000e+00 0.0000000e+00
2.2452000e+05 9.0000000e+01 1.2900000e+01 0.0000000e+00 0.0000000e+00
2.2458000e+05 9.2000000e+01 1.2500000e+01 0.0000000e+00 0.0000000e+00
2.2464000e+05 9.1000000e+01 1.2700000e+01 0.0000000e+00 0.0000000e+00
2.2470000e+05 9.1000000e+01 1.2900000e+01 0.0000000e+00 0.0000000e+00
2.2476000e+05 9.2000000e+01 1.2850000e+01 0.0000000e+00 0.0000000e+00
2.2482000e+05 9.4000000e+01 1.2750000e+01 0.0000000e+00 0.0000000e+00
2.2488000e+05 9.6000000e+01 1.2600000e+01 0.0000000e+00 0.0000000e+00
2.2494000e+05 9.6000000e+01 1.2650000e+01 0.0000000e+00 0.0000000e+00
2.2500000e+05 9.6000000e+01 1.2600000e+01 0.0000000e+00 0.0000000e+00
2.2506000e+05 9.7000000e+01 1.2750000e+01 0.0000000e+00 1.5708640e+00
2.2512000e+05 9.7000000e+01 1.3050000e+01 0.0000000e+00 2.2129520e+01
2.2518000e+05 9.6000000e+01 1.3300000e+01 0.0000000e+00 4.9656448e+01
2.2524000e+05 9.5000000e+01 1.3650000e+01 0.0000000e+00 8.2284103e+01
2.2530000e+05 9.3000000e+01 1.4050000e+01 0.0000000e+00 8.0016678e+01
2.2536000e+05 9.2000000e+01 1.4300000e+01 0.0000000e+00 6.1615299e+01
2.2542000e+05 9.3000000e+01 1.4400000e+01 0.0000000e+00 7.8598557e+01
2.2548000e+05 9.5000000e+01 1.4700000e+01 0.0000000e+00 1.5240450e+02
2.2554000e+05 9.1000000e+01 1.5300000e+01 0.0000000e+00 1.3932390e+02
2.2560000e+05 9.1000000e+01 1.5800000e+01 0.0000000e+00 1.2469960e+02
2.2566000e+05 9.2000000e+01 1.5400000e+01 0.0000000e+00 8.1828049e+01
2.2572000e+05 9.1000000e+01 1.5150000e+01 0.0000000e+00 8.8635918e+01
2.2578000e+05 9.3000000e+01 1.4900000e+01 0.0000000e+00 1.6011669e+01
2.2584000e+05 9.5000000e+01 1.4500000e+01 0.0000000e+00 0.0000000e+00
2.2590000e+05 9.5000000e+01 1.4300000e+01 0.0000000e+00 0.0000000e+00
2.2596000e+05 9.6000000e+01 1.4200000e+01 0.0000000e+00 0.0000000e+00
2.2602000e+05 9.6000000e+01 1.4050000e+01 0.0000000e+00 0.0000000e+00
2.2608000e+05 9.6000000e+01 1.3900000e+01 0.0000000e+00 0.0000000e+00
2.2614000e+05 9.7000000e+01 1.3750000e+01 0.0000000e+00 0.0000000e+00
2.2620000e+05 9.7000000e+01 1.3750000e+01 0.0000000e+00 0.0000000e+00
2.2626000e+05 9.7000000e+01 1.3750000e+01 0.0000000e+00 0.0000000e+00
2.2632000e+05 9.7000000e+01 1.3600000e+01 0.0000000e+00 0.0000000e+00
2.2638000e+05 9.7000000e+01 1.3400000e+01 0.0000000e+00 0.0000000e+00
2.2644000e+05 9.7000000e+01 1.3350000e+01 0.0000000e+00 0.0000000e+00
2.2650000e+05 9.7000000e+01 1.3350000e+01 0.0000000e+00 3.8502271e+00
2.2656000e+05 9.7000000e+01 1.3550000e+01 0.0000000e+00 2.3532360e+01
2.2662000e+05 9.7000000e+01 1.3800000e+01 0.0000000e+00 8.0547371e+01
2.2668000e+05 9.5000000e+01 1.4500000e+01 0.0000000e+00 1.5582730e+02
2.2674000e+05 9.0000000e+01 1.5500000e+01 0.0000000e+00 2.5980429e+02
2.2680000e+05 8.5000000e+01 1.7000000e+01 0.0000000e+00 4.9843250e+02
2.2686000e+05 8.1000000e+01 1.7700000e+01 0.0000000e+00 5.2953632e+02
2.2692000e+05 8.6000000e+01 1.8250000e+01 0.0000000e+00 3.0100699e+02
2.2698000e+05 8.1000000e+01 1.8150000e+01 0.0000000e+00 3.2749371e+02
2.2704000e+05 8.3000000e+01 1.8500000e+01 0.0000000e+00 3.4669339e+02
2.2710000e+05 8.6000000e+01 1.8200000e+01 0.0000000e+00 1.7581810e+02
2.2716000e+05 8.9000000e+01 1.7250000e+01 0.0000000e+00 6.3897121e+01
2.2722000e+05 9.1000000e+01 1.6400000e+01 0.0000000e+00 1.7916599e+01
2.2728000e+05 9.3000000e+01 1.5500000e+01 0.0000000e+00 0.0000000e+00
2.2734000e+05 9.5000000e+01 1.4800000e+01 0.0000000e+00 0.0000000e+00
2.2740000e+05 9.6000000e+01 1.4450000e+01 0.0000000e+00 0.0000000e+00
2.2746000e+05 9.6000000e+01 1.4350000e+01 0.0000000e+00 0.0000000e+00
2.2752000e+05 9.6000000e+01 1.4150000e+01 0.0000000e+00 0.0000000e+00
2.2758000e+05 9.7000000e+01 1.3850000e+01 0.0000000e+00 0.0000000e+00
2.2764000e+05 9.7000000e+01 1.3750000e+01 0.0000000e+00 0.0000000e+00
2.2770000e+05 9.7000000e+01 1.4050000e+01 0.0000000e+00 0.0000000e+00
2.2776000e+05 9.8000000e+01 1.3150000e+01 0.0000000e+00 0.0000000e+00
2.2782000e+05 9.8000000e+01 1.3100000e+01 0.0000000e+00 0.0000000e+00
2.2788000e+05 9.8000000e+01 1.3000000e+01 0.0000000e+00 0.0000000e+00
2.2794000e+05 9.8000000e+01 1.3050000e+01 0.0000000e+00 2.3517000e+01
2.2800000e+05 9.8000000e+01 1.3450000e+01 0.0000000e+00 9.9212601e+01
2.2806000e+05 9.7000000e+01 1.4550000e+01 0.0000000e+00 2.4114650e+02
2.2812000e+05 8.5000000e+01 1.6800000e+01 0.0000000e+00 3.6504510e+02
2.2818000e+05 7.2000000e+01 1.9550000e+01 0.0000000e+00 4.6512601e+02
2.2824000e+05 6.6000000e+01 2.1800000e+01 0.0000000e+00 5.3835883e+02
2.2830000e+05 6.4000000e+01 2.3299999e+01 0.0000000e+00 5.1538190e+02
2.2836000e+05 6.5000000e+01 2.4150000e+01 0.0000000e+00 4.8887619e+02
2.2842000e+05 7.3000000e+01 2.2300000e+01 0.0000000e+00 4.2854691e+02
2.2848000e+05 7.2000000e+01 2.1300000e+01 0.0000000e+00 2.9895621e+02
2.2854000e+05 8.0000000e+01 2.0900000e+01 0.0000000e+00 1.4938950e+02
2.2860000e+05 7.9000000e+01 1.9550000e+01 0.0000000e+00 4.7093102e+01
2.2866000e+05 8.0000000e+01 1.8250000e+01 0.0000000e+00 1.0066460e+01
2.2872000e+05 8.5000000e+01 1.7400000e+01 0.0000000e+00 0.0000000e+00
2.2878000e+05 8.8000000e+01 1.6950001e+01 0.0000000e+00 0.0000000e+00
2.2884000e+05 8.8000000e+01 1.6900000e+01 0.0000000e+00 0.0000000e+00
2.2890000e+05 9.0000000e+01 1.6650000e+01 0.0000000e+00 0.0000000e+00
2.2896000e+05 8.9000000e+01 1.6450000e+01 0.0000000e+00 0.0000000e+00
2.2902000e+05 9.1000000e+01 1.5950000e+01 0.0000000e+00 0.0000000e+00
2.2908000e+05 9.2000000e+01 1.5550000e+01 0.0000000e+00 0.0000000e+00
2.2914000e+05 9.4000000e+01 1.5200000e+01 0.0000000e+00 0.0000000e+00
2.2920000e+05 9.4000000e+01 1.5250000e+01 0.0000000e+00 0.0000000e+00
2.2926000e+05 9.4000000e+01 1.5250000e+01 0.0000000e+00 0.0000000e+00
2.2932000e+05 9.3000000e+01 1.4950000e+01 0.0000000e+00 0.0000000e+00
2.2938000e+05 9.1000000e+01 1.5250000e+01 0.0000000e+00 3.3396351e+01
2.2944000e+05 8.5000000e+01 1.6800000e+01 0.0000000e+00 1.1901200e+02
2.2950000e+05 7.7000000e+01 1.8550000e+01 0.0000000e+00 2.1617630e+02
2.2956000e+05 7.3000000e+01 2.0400001e+01 0.0000000e+00 3.5704810e+02
2.2962000e+05 6.7000000e+01 2.1700000e+01 0.0000000e+00 4.7227579e+02
2.2968000e+05 5.7000000e+01 2.2849999e+01 0.0000000e+00 5.3131708e+02
2.2974000e+05 5.8000000e+01 2.4050000e+01 0.0000000e+00 5.1055029e+02
2.2980000e+05 5.5000000e+01 2.4550000e+01 0.0000000e+00 4.8885751e+02
2.2986000e+05 5.8000000e+01 2.4500000e+01 0.0000000e+00 4.2639679e+02
2.2992000e+05 5.1000000e+01 2.4400000e+01 0.0000000e+00 3.4347281e+02
2.2998000e+05 6.4000000e+01 2.3350000e+01 0.0000000e+00 2.4532420e+02
2.3004000e+05 7.0000000e+01 2.0850000e+01 0.0000000e+00 9.8793022e+01
2.3010000e+05 7.3000000e+01 1.9150001e+01 0.0000000e+00 1.0962970e+01
2.3016000e+05 7.7000000e+01 1.8000000e+01 0.0000000e+00 0.0000000e+00
2.3022000e+05 8.4000000e+01 1.6650000e+01 0.0000000e+00 0.0000000e+00
2.3028000e+05 8.7000000e+01 1.5600000e+01 0.0000000e+00 0.0000000e+00
2.3034000e+05 8.9000000e+01 1.5100000e+01 0.0000000e+00 0.0000000e+00
2.3040000e+05 9.0000000e+01 1.4900000e+01 0.0000000e+00 0.0000000e+00
2.3046000e+05 9.3000000e+01 1.4750000e+01 0.0000000e+00 0.0000000e+00
2.3052000e+05 9.5000000e+01 1.4250000e+01 0.0000000e+00 0.0000000e+00
2.3058000e+05 9.5000000e+01 1.4100000e+01 0.0000000e+00 0.0000000e+00
2.3064000e+05 9.4000000e+01 1.4200000e+01 0.0000000e+00 0.0000000e+00
2.3070000e+05 8.8000000e+01 1.4400000e+01 0.0000000e+00 0.0000000e+00
2.3076000e+05 8.2000000e+01 1.4950000e+01 0.0000000e+00 0.0000000e+00
2.3082000e+05 8.2000000e+01 1.5750000e+01 0.0000000e+00 1.0654390e+01
2.3088000e+05 6.5000000e+01 1.6950000e+01 0.0000000e+00 5.6985069e+01
2.3094000e+05 6.2000000e+01 1.8800000e+01 0.0000000e+00 1.0399330e+02
2.3100000e+05 5.5000000e+01 2.0400000e+01 0.0000000e+00 2.4822791e+02
2.3106000e+05 6.0000000e+01 2.1650000e+01 0.0000000e+00 4.8027100e+02
2.3112000e+05 5.3000000e+01 2.2599999e+01 0.0000000e+00 4.9330170e+02
2.3118000e+05 5.7000000e+01 2.3300000e+01 0.0000000e+00 4.4903851e+02
2.3124000e+05 6.2000000e+01 2.2950000e+01 0.0000000e+00 2.4808780e+02
2.3130000e+05 6.9000000e+01 2.2150000e+01 0.0000000e+00 1.3895380e+02
2.3136000e+05 7.6000000e+01 2.0900001e+01 0.0000000e+00 2.1068100e+01
2.3142000e+05 9.2000000e+01 1.8050000e+01 0.0000000e+00 1.6682180e+01
2.3148000e+05 9.4000000e+01 1.6450000e+01 0.0000000e+00 1.3384850e+01
2.3154000e+05 9.5000000e+01 1.6200000e+01 0.0000000e+00 2.5333741e-01
2.3160000e+05 9.5000000e+01 1.6050000e+01 0.0000000e+00 0.0000000e+00
2.3166000e+05 9.5000000e+01 1.6000000e+01 0.0000000e+00 0.0000000e+00
2.3172000e+05 9.5000000e+01 1.5850000e+01 0.0000000e+00 0.0000000e+00
2.3178000e+05 9.2000000e+01 1.6050000e+01 0.0000000e+00 0.0000000e+00
2.3184000e+05 9.4000000e+01 1.6250000e+01 0.0000000e+00 0.0000000e+00
2.3190000e+05 9.6000000e+01 1.6100000e+01 0.0000000e+00 0.0000000e+00
2.3196000e+05 9.7000000e+01 1.5950000e+01 0.0000000e+00 0.0000000e+00
2.3202000e+05 9.7000000e+01 1.5800000e+01 0.0000000e+00 0.0000000e+00
2.3208000e+05 9.7000000e+01 1.5750000e+01 0.0000000e+00 0.0000000e+00
2.3214000e+05 9.7000000e+01 1.5300000e+01 0.0000000e+00 0.0000000e+00
2.3220000e+05 9.6000000e+01 1.4600000e+01 0.0000000e+00 0.0000000e+00
2.3226000e+05 9.7000000e+01 1.4200000e+01 0.0000000e+00 0.0000000e+00
2.3232000e+05 9.7000000e+01 1.3950000e+01 0.0000000e+00 0.0000000e+00
2.3238000e+05 9.6000000e+01 1.3500000e+01 0.0000000e+00 1.4525750e+01
2.3244000e+05 9.6000000e+01 1.2950000e+01 0.0000000e+00 1.9470671e+01
2.3250000e+05 9.6000000e+01 1.2400000e+01 0.0000000e+00 2.1831440e+01
2.3256000e+05 9.6000000e+01 1.1950000e+01 0.0000000e+00 2.1476830e+01
2.3262000e+05 9.6000000e+01 1.1650000e+01 0.0000000e+00 3.3789639e+01
2.3268000e+05 9.6000000e+01 1.1550000e+01 0.0000000e+00 2.4200689e+01
2.3274000e+05 9.6000000e+01 1.1500000e+01 0.0000000e+00 3.1433241e+01
2.3280000e+05 9.6000000e+01 1.1400000e+01 0.0000000e+00 2.7462379e+01
2.3286000e+05 9.6000000e+01 1.0950000e+01 0.0000000e+00 1.6687380e+01
2.3292000e+05 9.6000000e+01 1.0400000e+01 0.0000000e+00 1.1726840e+01
2.3298000e+05 9.6000000e+01 9.9500003e+00 0.0000000e+00 4.2159429e+00
2.3304000e+05 9.6000000e+01 9.4500003e+00 0.0000000e+00 0.0000000e+00
2.3310000e+05 9.6000000e+01 9.1500001e+00 0.0000000e+00 0.0000000e+00
2.3316000e+05 9.6000000e+01 8.6999998e+00 0.0000000e+00 0.0000000e+00
2.3322000e+05 9.7000000e+01 8.3499999e+00 0.0000000e+00 0.0000000e+00
2.3328000e+05 9.7000000e+01 8.2000003e+00 0.0000000e+00 0.0000000e+00
2.3334000e+05 9.7000000e+01 8.0999999e+00 0.0000000e+00 0.0000000e+00
2.3340000e+05 9.7000000e+01 7.9000001e+00 0.0000000e+00 0.0000000e+00
2.3346000e+05 9.7000000e+01 8.0000002e+00 0.0000000e+00 0.0000000e+00
2.3352000e+05 9.7000000e+01 7.7500000e+00 0.0000000e+00 0.0000000e+00
2.3358000e+05 9.7000000e+01 7.3999999e+00 0.0000000e+00 0.0000000e+00
2.3364000e+05 9.7000000e+01 7.0500000e+00 0.0000000e+00 0.0000000e+00
2.3370000e+05 9.7000000e+01 7.0999999e+00 0.0000000e+00 1.0261400e+01
2.3376000e+05 9.7000000e+01 7.9499998e+00 0.0000000e+00 5.7591068e+01
2.3382000e+05 9.5000000e+01 8.5499997e+00 0.0000000e+00 8.6999603e+01
2.3388000e+05 8.8000000e+01 1.0050000e+01 0.0000000e+00 3.2831799e+02
2.3394000e+05 7.7000000e+01 1.1750000e+01 0.0000000e+00 4.1712180e+02
2.3400000e+05 6.9000000e+01 1.2100000e+01 0.0000000e+00 2.6532910e+02
2.3406000e+05 6.5000000e+01 1.3350000e+01 0.0000000e+00 4.2050781e+02
2.3412000e+05 6.0000000e+01 1.3450000e+01 0.0000000e+00 4.5017200e+02
2.3418000e+05 6.0000000e+01 1.3650000e+01 0.0000000e+00 4.3053369e+02
2.3424000e+05 6.4000000e+01 1.2950000e+01 0.0000000e+00 2.8273300e+02
2.3430000e+05 7.1000000e+01 1.2200000e+01 0.0000000e+00 9.8847702e+01
2.3436000e+05 7.5000000e+01 1.1600000e+01 0.0000000e+00 2.5788099e+01
2.3442000e+05 8.0000000e+01 1.1200000e+01 0.0000000e+00 6.8315798e-01
2.3448000e+05 8.4000000e+01 1.0550000e+01 0.0000000e+00 0.0000000e+00
2.3454000e+05 9.1000000e+01 1.0350000e+01 0.0000000e+00 0.0000000e+00
2.3460000e+05 9.4000000e+01 9.9499998e+00 0.0000000e+00 0.0000000e+00
2.3466000e+05 9.6000000e+01 9.7500000e+00 0.0000000e+00 0.0000000e+00
2.3472000e+05 9.3000000e+01 9.6500001e+00 0.0000000e+00 0.0000000e+00
2.3478000e+05 9.3000000e+01 9.6500001e+00 0.0000000e+00 0.0000000e+00
2.3484000e+05 9.4000000e+01 9.2500000e+00 0.0000000e+00 0.0000000e+00
2.3490000e+05 9.1000000e+01 9.2999997e+00 0.0000000e+00 0.0000000e+00
2.3496000e+05 9.3000000e+01 9.0000000e+00 0.0000000e+00 0.0000000e+00
2.3502000e+05 9.3000000e+01 8.2000000e+00 0.0000000e+00 0.0000000e+00
2.3508000e+05 9.2000000e+01 7.7000000e+00 0.0000000e+00 0.0000000e+00
2.3514000e+05 6.6000000e+01 8.9000001e+00 0.0000000e+00 5.6232839e+00
2.3520000e+05 6.0000000e+01 1.1500000e+01 0.0000000e+00 7.9583817e+01
2.3526000e+05 5.9000000e+01 1.3800000e+01 0.0000000e+00 2.8542969e+02
2.3532000e+05 7.7000000e+01 1.3000000e+01 0.0000000e+00 1.0655450e+02
2.3538000e+05 6.8000000e+01 1.1900000e+01 0.0000000e+00 3.2158691e+02
2.3544000e+05 6.7000000e+01 1.2950000e+01 0.0000000e+00 3.3186041e+02
2.3550000e+05 6.9000000e+01 1.3100000e+01 0.0000000e+00 2.2902431e+02
2.3556000e+05 6.8000000e+01 1.3150000e+01 0.0000000e+00 1.8252480e+02
2.3562000e+05 7.1000000e+01 1.3250000e+01 0.0000000e+00 1.1998520e+02
2.3568000e+05 5.4000000e+01 1.3450000e+01 0.0000000e+00 1.3875960e+02
2.3574000e+05 6.2000000e+01 1.2800000e+01 0.0000000e+00 2.5429770e+01
2.3580000e+05 5.5000000e+01 1.2800000e+01 0.0000000e+00 1.2559230e+01
2.3586000e+05 5.3000000e+01 1.3050000e+01 0.0000000e+00 1.2138660e+01
2.3592000e+05 5.2000000e+01 1.2850000e+01 0.0000000e+00 0.0000000e+00
2.3598000e+05 5.5000000e+01 1.2700000e+01 0.0000000e+00 0.0000000e+00
2.3604000e+05 7.6000000e+01 1.1600000e+01 0.0000000e+00 0.0000000e+00
2.3610000e+05 8.1000000e+01 9.5000000e+00 0.0000000e+00 0.0000000e+00
2.3616000e+05 8.1000000e+01 8.8499999e+00 0.0000000e+00 0.0000000e+00
2.3622000e+05 7.5000000e+01 8.7500000e+00 0.0000000e+00 0.0000000e+00
2.3628000e+05 8.0000000e+01 9.0499997e+00 0.0000000e+00 0.0000000e+00
2.3634000e+05 8.4000000e+01 8.6999998e+00 0.0000000e+00 0.0000000e+00
2.3640000e+05 7.9000000e+01 9.0000000e+00 0.0000000e+00 0.0000000e+00
2.3646000e+05 7.4000000e+01 9.5500002e+00 0.0000000e+00 0.0000000e+00
2.3652000e+05 7.9000000e+01 9.6999998e+00 0.0000000e+00 0.0000000e+00
2.3658000e+05 8.0000000e+01 9.5500002e+00 0.0000000e+00 1.3452380e+01
2.3664000e+05 8.6000000e+01 8.8000002e+00 0.0000000e+00 1.5754370e+01
2.3670000e+05 9.0000000e+01 8.3500004e+00 0.0000000e+00 1.6308510e+01
2.3676000e+05 9.0000000e+01 8.3500004e+00 0.0000000e+00 4.7460281e+01
2.3682000e+05 9.1000000e+01 8.5000000e+00 0.0000000e+00 4.2368019e+01
2.3688000e+05 9.2000000e+01 8.5000000e+00 0.0000000e+00 6.3280369e+01
2.3694000e+05 8.5000000e+01 8.6000004e+00 0.0000000e+00 1.0683970e+02
2.3700000e+05 8.8000000e+01 8.8500004e+00 0.0000000e+00 9.6870049e+01
2.3706000e+05 8.3000000e+01 8.3500004e+00 0.0000000e+00 8.3675522e+01
2.3712000e+05 9.0000000e+01 7.9500003e+00 0.0000000e+00 5.9558029e+01
2.3718000e+05 9.1000000e+01 7.8000000e+00 0.0000000e+00 5.4283958e+01
2.3724000e+05 8.9000000e+01 7.5000000e+00 0.0000000e+00 2.4070299e+01
2.3730000e+05 9.0000000e+01 7.4500000e+00 0.0000000e+00 0.0000000e+00
2.3736000e+05 9.1000000e+01 6.8999999e+00 0.0000000e+00 0.0000000e+00
2.3742000e+05 9.1000000e+01 6.8000000e+00 0.0000000e+00 0.0000000e+00
2.3748000e+05 8.7000000e+01 6.8000000e+00 0.0000000e+00 0.0000000e+00
2.3754000e+05 9.0000000e+01 6.7500000e+00 0.0000000e+00 0.0000000e+00
2.3760000e+05 8.4000000e+01 6.7000000e+00 0.0000000e+00 0.0000000e+00
2.3766000e+05 8.7000000e+01 6.5000000e+00 0.0000000e+00 0.0000000e+00
2.3772000e+05 7.4000000e+01 6.5000000e+00 0.0000000e+00 0.0000000e+00
2.3778000e+05 7.0000000e+01 7.0500000e+00 0.0000000e+00 0.0000000e+00
2.3784000e+05 6.9000000e+01 7.4499998e+00 0.0000000e+00 0.0000000e+00
2.3790000e+05 7.0000000e+01 7.0999999e+00 0.0000000e+00 0.0000000e+00
2.3796000e+05 6.5000000e+01 7.3999999e+00 0.0000000e+00 0.0000000e+00
2.3802000e+05 7.4000000e+01 7.5500000e+00 0.0000000e+00 6.1475821e+00
2.3808000e+05 8.0000000e+01 7.1500001e+00 0.0000000e+00 4.3044941e+01
2.3814000e+05 7.7000000e+01 7.5500002e+00 0.0000000e+00 8.2294487e+01
2.3820000e+05 7.1000000e+01 8.0500000e+00 0.0000000e+00 1.5443550e+02
2.3826000e+05 6.6000000e+01 9.4000001e+00 0.0000000e+00 3.4867361e+02
2.3832000e+05 7.2000000e+01 9.6000004e+00 0.0000000e+00 2.6892380e+02
2.3838000e+05 7.6000000e+01 9.1500001e+00 0.0000000e+00 1.8582280e+02
2.3844000e+05 6.9000000e+01 9.3499999e+00 0.0000000e+00 1.6092140e+02
2.3850000e+05 6.8000000e+01 1.0400000e+01 0.0000000e+00 2.6803259e+02
2.3856000e+05 6.6000000e+01 1.0750000e+01 0.0000000e+00 2.6654230e+02
2.3862000e+05 8.0000000e+01 9.0999999e+00 0.0000000e+00 1.7529700e+02
2.3868000e+05 8.7000000e+01 8.3500001e+00 0.0000000e+00 5.2537140e+01
2.3874000e+05 7.8000000e+01 8.0500000e+00 0.0000000e+00 3.6152520e+00
2.3880000e+05 7.4000000e+01 8.2000000e+00 0.0000000e+00 0.0000000e+00
2.3886000e+05 6.9000000e+01 8.5500002e+00 0.0000000e+00 0.0000000e+00
2.3892000e+05 7.0000000e+01 8.2500002e+00 0.0000000e+00 0.0000000e+00
2.3898000e+05 6.5000000e+01 8.3999999e+00 0.0000000e+00 0.0000000e+00
2.3904000e+05 7.5000000e+01 8.0500002e+00 0.0000000e+00 0.0000000e+00
2.3910000e+05 7.9000000e+01 7.1499999e+00 0.0000000e+00 0.0000000e+00
2.3916000e+05 7.8000000e+01 7.0500000e+00 0.0000000e+00 0.0000000e+00
2.3922000e+05 7.2000000e+01 7.6999998e+00 0.0000000e+00 0.0000000e+00
2.3928000e+05 7.1000000e+01 8.4499998e+00 0.0000000e+00 0.0000000e+00
2.3934000e+05 7.5000000e+01 7.8999999e+00 0.0000000e+00 0.0000000e+00
2.3940000e+05 7.4000000e+01 7.9499998e+00 0.0000000e+00 0.0000000e+00
2.3946000e+05 7.3000000e+01 8.1999998e+00 0.0000000e+00 8.0132656e+00
2.3952000e+05 8.1000000e+01 8.8499999e+00 0.0000000e+00 5.8812130e+01
2.3958000e+05 5.3000000e+01 1.0300000e+01 0.0000000e+00 1.2020510e+02
2.3964000e+05 6.0000000e+01 1.1750000e+01 0.0000000e+00 1.9581590e+02
2.3970000e+05 4.8000000e+01 1.2900000e+01 0.0000000e+00 3.8333569e+02
2.3976000e+05 4.5000000e+01 1.4050000e+01 0.0000000e+00 4.4537360e+02
2.3982000e+05 4.4000000e+01 1.4900000e+01 0.0000000e+00 4.9749551e+02
2.3988000e+05 4.9000000e+01 1.5500000e+01 0.0000000e+00 4.5740851e+02
2.3994000e+05 4.4000000e+01 1.4500000e+01 0.0000000e+00 2.3797321e+02
2.4000000e+05 6.0000000e+01 1.4100000e+01 0.0000000e+00 1.5957320e+02
2.4006000e+05 6.4000000e+01 1.3150000e+01 0.0000000e+00 6.4290161e+01
2.4012000e+05 6.7000000e+01 1.2100000e+01 0.0000000e+00 1.7527031e+01
2.4018000e+05 6.0000000e+01 1.1650000e+01 0.0000000e+00 0.0000000e+00
2.4024000e+05 7.0000000e+01 1.1450000e+01 0.0000000e+00 0.0000000e+00
2.4030000e+05 8.3000000e+01 1.0800000e+01 0.0000000e+00 0.0000000e+00
2.4036000e+05 8.5000000e+01 1.0300000e+01 0.0000000e+00 0.0000000e+00
2.4042000e+05 8.5000000e+01 1.0600000e+01 0.0000000e+00 0.0000000e+00
2.4048000e+05 7.0000000e+01 1.1500000e+01 0.0000000e+00 0.0000000e+00
2.4054000e+05 6.7000000e+01 1.3350000e+01 0.0000000e+00 0.0000000e+00
2.4060000e+05 7.3000000e+01 1.3900000e+01 0.0000000e+00 0.0000000e+00
2.4066000e+05 7.1000000e+01 1.3350000e+01 0.0000000e+00 0.0000000e+00
2.4072000e+05 6.4000000e+01 1.4650001e+01 0.0000000e+00 0.0000000e+00
2.4078000e+05 6.1000000e+01 1.5750000e+01 0.0000000e+00 0.0000000e+00
2.4084000e+05 6.0000000e+01 1.6700000e+01 0.0000000e+00 0.0000000e+00
2.4090000e+05 6.5000000e+01 1.6600000e+01 0.0000000e+00 0.0000000e+00
2.4096000e+05 7.1000000e+01 1.6000000e+01 0.0000000e+00 3.8939320e+01
2.4102000e+05 5.8000000e+01 1.6550000e+01 0.0000000e+00 6.7017937e+01
2.4108000e+05 6.1000000e+01 1.7500000e+01 0.0000000e+00 9.2261848e+01
2.4114000e+05 5.6000000e+01 1.7850000e+01 0.0000000e+00 1.3512610e+02
2.4120000e+05 6.1000000e+01 1.7800000e+01 0.0000000e+00 8.0889107e+01
2.4126000e+05 8.2000000e+01 1.6050000e+01 0.0000000e+00 7.3185867e+01
2.4132000e+05 9.0000000e+01 1.4450000e+01 0.0000000e+00 8.8575340e+01
2.4138000e+05 9.3000000e+01 1.3550000e+01 0.0000000e+00 5.5688591e+01
2.4144000e+05 9.4000000e+01 1.3450000e+01 0.0000000e+00 5.7851898e+01
2.4150000e+05 9.4000000e+01 1.3300000e+01 0.0000000e+00 3.6079491e+01
2.4156000e+05 9.5000000e+01 1.2950000e+01 0.0000000e+00 1.7353939e+01
2.4162000e+05 9.6000000e+01 1.2550000e+01 0.0000000e+00 0.0000000e+00
2.4168000e+05 9.6000000e+01 1.2300000e+01 0.0000000e+00 0.0000000e+00
2.4174000e+05 9.7000000e+01 1.2250000e+01 0.0000000e+00 0.0000000e+00
2.4180000e+05 9.7000000e+01 1.1850000e+01 0.0000000e+00 0.0000000e+00
2.4186000e+05 9.7000000e+01 1.1250000e+01 0.0000000e+00 0.0000000e+00
2.4192000e+05 9.7000000e+01 1.1100000e+01 0.0000000e+00 0.0000000e+00
2.4198000e+05 9.7000000e+01 1.0950000e+01 0.0000000e+00 0.0000000e+00
2.4204000e+05 9.7000000e+01 1.0600000e+01 0.0000000e+00 0.0000000e+00
2.4210000e+05 9.7000000e+01 1.0500000e+01 0.0000000e+00 0.0000000e+00
2.4216000e+05 9.7000000e+01 1.0500000e+01 0.0000000e+00 0.0000000e+00
2.4222000e+05 9.7000000e+01 1.0100000e+01 0.0000000e+00 0.0000000e+00
2.4228000e+05 9.7000000e+01 9.6999998e+00 0.0000000e+00 0.0000000e+00
2.4234000e+05 9.7000000e+01 9.7999997e+00 0.0000000e+00 0.0000000e+00
2.4240000e+05 9.7000000e+01 1.0050000e+01 0.0000000e+00 3.4750141e+01
2.4246000e+05 9.1000000e+01 1.2050000e+01 0.0000000e+00 2.8801120e+02
2.4252000e+05 8.2000000e+01 1.4000000e+01 0.0000000e+00 3.8944211e+02
2.4258000e+05 7.5000000e+01 1.4800000e+01 0.0000000e+00 4.9145120e+02
2.4264000e+05 7.5000000e+01 1.4800000e+01 0.0000000e+00 2.6492590e+02
2.4270000e+05 8.3000000e+01 1.3300000e+01 0.0000000e+00 1.8227940e+02
2.4276000e+05 7.6000000e+01 1.3050000e+01 0.0000000e+00 2.8482321e+02
2.4282000e+05 7.8000000e+01 1.3000000e+01 0.0000000e+00 1.7817661e+02
2.4288000e+05 9.0000000e+01 1.1950000e+01 0.0000000e+00 7.5526863e+01
2.4294000e+05 8.7000000e+01 1.1650000e+01 0.0000000e+00 3.9865959e+01
2.4300000e+05 8.9000000e+01 1.1500000e+01 0.0000000e+00 1.5357450e+01
2.4306000e+05 9.1000000e+01 1.1000000e+01 0.0000000e+00 0.0000000e+00
2.4312000e+05 9.2000000e+01 1.0450000e+01 0.0000000e+00 0.0000000e+00
2.4318000e+05 9.3000000e+01 9.8500004e+00 0.0000000e+00 0.0000000e+00
2.4324000e+05 9.4000000e+01 9.8000002e+00 0.0000000e+00 0.0000000e+00
2.4330000e+05 9.2000000e+01 1.0050000e+01 0.0000000e+00 0.0000000e+00
2.4336000e+05 8.9000000e+01 1.0050000e+01 0.0000000e+00 0.0000000e+00
2.4342000e+05 9.1000000e+01 9.9499998e+00 0.0000000e+00 0.0000000e+00
2.4348000e+05 9.0000000e+01 9.8499999e+00 0.0000000e+00 0.0000000e+00
2.4354000e+05 9.0000000e+01 9.9000001e+00 0.0000000e+00 0.0000000e+00
2.4360000e+05 8.8000000e+01 1.0000000e+01 0.0000000e+00 0.0000000e+00
2.4366000e+05 9.1000000e+01 1.0100000e+01 0.0000000e+00 0.0000000e+00
2.4372000e+05 9.4000000e+01 9.9500003e+00 0.0000000e+00 0.0000000e+00
2.4378000e+05 9.5000000e+01 9.9000001e+00 0.0000000e+00 0.0000000e+00
2.4384000e+05 9.3000000e+01 1.0250000e+01 0.0000000e+00 1.7872009e+01
2.4390000e+05 8.9000000e+01 1.1050000e+01 0.0000000e+00 7.1997063e+01
2.4396000e+05 7.5000000e+01 1.2450000e+01 0.0000000e+00 1.2567350e+02
2.4402000e+05 7.7000000e+01 1.3450000e+01 0.0000000e+00 1.4370750e+02
2.4408000e+05 7.7000000e+01 1.3900000e+01 0.0000000e+00 1.4050470e+02
2.4414000e+05 7.0000000e+01 1.4950000e+01 0.0000000e+00 2.2670110e+02
2.4420000e+05 5.2000000e+01 1.7550000e+01 0.0000000e+00 5.1541388e+02
2.4426000e+05 5.3000000e+01 1.8050000e+01 0.0000000e+00 2.9309381e+02
2.4432000e+05 5.2000000e+01 1.8100000e+01 0.0000000e+00 2.2722340e+02
2.4438000e+05 5.6000000e+01 1.7900001e+01 0.0000000e+00 1.9332370e+02
2.4444000e+05 5.8000000e+01 1.7000000e+01 0.0000000e+00 3.3335999e+01
2.4450000e+05 5.6000000e+01 1.6850000e+01 0.0000000e+00 0.0000000e+00
2.4456000e+05 5.7000000e+01 1.6400000e+01 0.0000000e+00 0.0000000e+00
2.4462000e+05 6.4000000e+01 1.6050000e+01 0.0000000e+00 0.0000000e+00
2.4468000e+05 6.6000000e+01 1.5250000e+01 0.0000000e+00 0.0000000e+00
2.4474000e+05 6.8000000e+01 1.4400000e+01 0.0000000e+00 0.0000000e+00
2.4480000e+05 7.4000000e+01 1.4350000e+01 0.0000000e+00 0.0000000e+00
2.4486000e+05 7.0000000e+01 1.4500000e+01 0.0000000e+00 0.0000000e+00
2.4492000e+05 6.3000000e+01 1.5950000e+01 0.0000000e+00 0.0000000e+00
2.4498000e+05 6.9000000e+01 1.6550000e+01 0.0000000e+00 0.0000000e+00
2.4504000e+05 7.9000000e+01 1.5150000e+01 0.0000000e+00 0.0000000e+00
2.4510000e+05 7.8000000e+01 1.4400000e+01 0.0000000e+00 0.0000000e+00
2.4516000e+05 7.6000000e+01 1.4900000e+01 0.0000000e+00 0.0000000e+00
2.4522000e+05 8.0000000e+01 1.5100000e+01 0.0000000e+00 0.0000000e+00
2.4528000e+05 7.8000000e+01 1.5300000e+01 0.0000000e+00 2.2988411e+01
2.4534000e+05 8.0000000e+01 1.5650000e+01 0.0000000e+00 4.2291752e+01
2.4540000e+05 7.5000000e+01 1.6550000e+01 0.0000000e+00 1.2585840e+02
2.4546000e+05 6.9000000e+01 1.7700001e+01 0.0000000e+00 1.7369460e+02
2.4552000e+05 6.2000000e+01 1.8850000e+01 0.0000000e+00 2.4580521e+02
2.4558000e+05 6.4000000e+01 1.9050000e+01 0.0000000e+00 2.2197160e+02
2.4564000e+05 6.5000000e+01 1.9200001e+01 0.0000000e+00 2.8409439e+02
2.4570000e+05 6.3000000e+01 2.0450001e+01 0.0000000e+00 3.6639621e+02
2.4576000e+05 6.3000000e+01 2.0750000e+01 0.0000000e+00 2.8999850e+02
2.4582000e+05 7.6000000e+01 1.9350000e+01 0.0000000e+00 1.9012030e+02
2.4588000e+05 8.4000000e+01 1.7050000e+01 0.0000000e+00 1.2364900e+01
2.4594000e+05 8.5000000e+01 1.5500000e+01 0.0000000e+00 0.0000000e+00
2.4600000e+05 8.7000000e+01 1.4500000e+01 0.0000000e+00 0.0000000e+00
2.4606000e+05 9.0000000e+01 1.3850000e+01 0.0000000e+00 0.0000000e+00
2.4612000e+05 9.2000000e+01 1.3400000e+01 0.0000000e+00 0.0000000e+00
2.4618000e+05 9.4000000e+01 1.3200000e+01 0.0000000e+00 0.0000000e+00
2.4624000e+05 9.5000000e+01 1.2800000e+01 0.0000000e+00 0.0000000e+00
2.4630000e+05 9.5000000e+01 1.2850000e+01 0.0000000e+00 0.0000000e+00
2.4636000e+05 9.6000000e+01 1.2400000e+01 0.0000000e+00 0.0000000e+00
2.4642000e+05 9.6000000e+01 1.2250000e+01 0.0000000e+00 0.0000000e+00
2.4648000e+05 9.7000000e+01 1.1900000e+01 0.0000000e+00 0.0000000e+00
2.4654000e+05 9.6000000e+01 1.1850000e+01 0.0000000e+00 0.0000000e+00
2.4660000e+05 9.7000000e+01 1.1750000e+01 0.0000000e+00 0.0000000e+00
2.4666000e+05 9.7000000e+01 1.2200000e+01 0.0000000e+00 1.3977470e+01
2.4672000e+05 9.4000000e+01 1.3300000e+01 0.0000000e+00 1.0590920e+02
2.4678000e+05 8.6000000e+01 1.5050000e+01 0.0000000e+00 2.0912180e+02
2.4684000e+05 7.5000000e+01 1.6800000e+01 0.0000000e+00 3.3008090e+02
2.4690000e+05 7.5000000e+01 1.7750000e+01 0.0000000e+00 4.1907941e+02
2.4696000e+05 7.4000000e+01 1.7950000e+01 0.0000000e+00 4.3209079e+02
2.4702000e+05 7.1000000e+01 1.8100000e+01 0.0000000e+00 4.4502039e+02
2.4708000e+05 6.5000000e+01 1.7800000e+01 0.0000000e+00 3.5434030e+02
2.4714000e+05 6.6000000e+01 1.8600000e+01 0.0000000e+00 4.4420560e+02
2.4720000e+05 7.1000000e+01 1.7849999e+01 0.0000000e+00 3.0402731e+02
2.4726000e+05 8.0000000e+01 1.6200000e+01 0.0000000e+00 1.2028380e+02
2.4732000e+05 8.3000000e+01 1.4950000e+01 0.0000000e+00 1.6308130e+01
2.4738000e+05 8.5000000e+01 1.3900000e+01 0.0000000e+00 0.0000000e+00
2.4744000e+05 8.9000000e+01 1.2950000e+01 0.0000000e+00 0.0000000e+00
2.4750000e+05 9.1000000e+01 1.2250000e+01 0.0000000e+00 0.0000000e+00
2.4756000e+05 9.1000000e+01 1.1750000e+01 0.0000000e+00 0.0000000e+00
2.4762000e+05 9.3000000e+01 1.1150000e+01 0.0000000e+00 0.0000000e+00
2.4768000e+05 9.2000000e+01 1.0700000e+01 0.0000000e+00 0.0000000e+00
2.4774000e+05 9.0000000e+01 1.0300000e+01 0.0000000e+00 0.0000000e+00
2.4780000e+05 9.2000000e+01 1.0000000e+01 0.0000000e+00 0.0000000e+00
2.4786000e+05 9.4000000e+01 9.7500000e+00 0.0000000e+00 0.0000000e+00
2.4792000e+05 9.4000000e+01 9.4500003e+00 0.0000000e+00 0.0000000e+00
2.4798000e+05 9.6000000e+01 9.6500001e+00 0.0000000e+00 0.0000000e+00
2.4804000e+05 9.6000000e+01 1.0400000e+01 0.0000000e+00 0.0000000e+00
2.4810000e+05 9.6000000e+01 1.0500000e+01 0.0000000e+00 0.0000000e+00
2.4816000e+05 9.6000000e+01 1.1000000e+01 0.0000000e+00 1.8812241e+01
2.4822000e+05 9.3000000e+01 1.1350000e+01 0.0000000e+00 4.2980721e+01
2.4828000e+05 9.3000000e+01 1.1500000e+01 0.0000000e+00 5.6110909e+01
2.4834000e+05 9.2000000e+01 1.1700000e+01 0.0000000e+00 7.0019669e+01
2.4840000e+05 8.6000000e+01 1.2450000e+01 0.0000000e+00 2.0099770e+02
2.4846000e+05 7.7000000e+01 1.4100000e+01 0.0000000e+00 4.0620831e+02
2.4852000e+05 7.6000000e+01 1.5150000e+01 0.0000000e+00 4.2540909e+02
2.4858000e+05 7.8000000e+01 1.5100000e+01 0.0000000e+00 3.3678589e+02
2.4864000e+05 7.6000000e+01 1.5400000e+01 0.0000000e+00 2.8696240e+02
2.4870000e+05 8.2000000e+01 1.4600000e+01 0.0000000e+00 1.3344940e+02
2.4876000e+05 8.6000000e+01 1.3500000e+01 0.0000000e+00 3.3385799e+01
2.4882000e+05 8.7000000e+01 1.2850000e+01 0.0000000e+00 3.5040060e-01
2.4888000e+05 8.8000000e+01 1.2600000e+01 0.0000000e+00 0.0000000e+00
2.4894000e+05 9.0000000e+01 1.2350000e+01 0.0000000e+00 0.0000000e+00
2.4900000e+05 9.1000000e+01 1.2150000e+01 0.0000000e+00 0.0000000e+00
2.4906000e+05 8.8000000e+01 1.1850000e+01 0.0000000e+00 0.0000000e+00
2.4912000e+05 8.8000000e+01 1.1450000e+01 0.0000000e+00 0.0000000e+00
2.4918000e+05 8.7000000e+01 1.1350000e+01 0.0000000e+00 0.0000000e+00
2.4924000e+05 8.6000000e+01 1.1300000e+01 0.0000000e+00 0.0000000e+00
2.4930000e+05 8.5000000e+01 1.1100000e+01 0.0000000e+00 0.0000000e+00
2.4936000e+05 8.5000000e+01 1.1200000e+01 0.0000000e+00 0.0000000e+00
2.4942000e+05 8.7000000e+01 1.1350000e+01 0.0000000e+00 0.0000000e+00
2.4948000e+05 8.8000000e+01 1.1150000e+01 0.0000000e+00 0.0000000e+00
2.4954000e+05 8.9000000e+01 1.0850000e+01 0.0000000e+00 0.0000000e+00
2.4960000e+05 8.7000000e+01 1.0850000e+01 0.0000000e+00 9.7285690e+00
2.4966000e+05 8.6000000e+01 1.1100000e+01 0.0000000e+00 3.3008141e+01
2.4972000e+05 8.0000000e+01 1.1500000e+01 0.0000000e+00 1.0706660e+02
2.4978000e+05 7.8000000e+01 1.1850000e+01 0.0000000e+00 1.2138700e+02
2.4984000e+05 7.4000000e+01 1.2000000e+01 0.0000000e+00 1.4259410e+02
2.4990000e+05 7.2000000e+01 1.2200000e+01 0.0000000e+00 1.8269730e+02
2.4996000e+05 6.9000000e+01 1.2550000e+01 0.0000000e+00 1.7461591e+02
2.5002000e+05 6.7000000e+01 1.2600000e+01 0.0000000e+00 1.6942171e+02
2.5008000e+05 6.9000000e+01 1.2500000e+01 0.0000000e+00 1.2675290e+02
2.5014000e+05 6.9000000e+01 1.2350000e+01 0.0000000e+00 1.0244390e+02
2.5020000e+05 7.2000000e+01 1.1850000e+01 0.0000000e+00 3.6380619e+01
2.5026000e+05 7.4000000e+01 1.1000000e+01 0.0000000e+00 0.0000000e+00
2.5032000e+05 7.8000000e+01 1.0200000e+01 0.0000000e+00 0.0000000e+00
2.5038000e+05 8.0000000e+01 9.5000000e+00 0.0000000e+00 0.0000000e+00
2.5044000e+05 8.0000000e+01 9.0000000e+00 0.0000000e+00 0.0000000e+00
2.5050000e+05 8.5000000e+01 8.4000001e+00 0.0000000e+00 0.0000000e+00
2.5056000e+05 8.9000000e+01 7.7500000e+00 0.0000000e+00 0.0000000e+00
2.5062000e+05 8.9000000e+01 7.4500000e+00 0.0000000e+00 0.0000000e+00
2.5068000e+05 8.9000000e+01 7.4000001e+00 0.0000000e+00 0.0000000e+00
2.5074000e+05 9.0000000e+01 7.5000000e+00 0.0000000e+00 0.0000000e+00
2.5080000e+05 8.9000000e+01 7.8000000e+00 0.0000000e+00 0.0000000e+00
2.5086000e+05 9.1000000e+01 7.5500002e+00 0.0000000e+00 0.0000000e+00
2.5092000e+05 9.0000000e+01 7.3499999e+00 0.0000000e+00 0.0000000e+00
2.5098000e+05 9.1000000e+01 7.3000000e+00 0.0000000e+00 0.0000000e+00
2.5104000e+05 9.2000000e+01 7.9500000e+00 0.0000000e+00 3.1460690e+01
2.5110000e+05 8.7000000e+01 9.0000000e+00 0.0000000e+00 1.0682990e+02
2.5116000e+05 7.8000000e+01 1.0150000e+01 0.0000000e+00 1.8951170e+02
2.5122000e+05 7.3000000e+01 1.1500000e+01 0.0000000e+00 3.4204559e+02
2.5128000e+05 7.4000000e+01 1.1200000e+01 0.0000000e+00 2.0512669e+02
2.5134000e+05 7.4000000e+01 1.1600000e+01 0.0000000e+00 2.1606030e+02
2.5140000e+05 7.7000000e+01 1.1650000e+01 0.0000000e+00 1.6865750e+02
2.5146000e+05 7.7000000e+01 1.1450000e+01 0.0000000e+00 1.2579970e+02
2.5152000e+05 7.7000000e+01 1.1400000e+01 0.0000000e+00 1.2738170e+02
2.5158000e+05 7.7000000e+01 1.1000000e+01 0.0000000e+00 5.8656559e+01
2.5164000e+05 8.1000000e+01 1.0500000e+01 0.0000000e+00 1.4744280e+01
2.5170000e+05 8.3000000e+01 1.0000000e+01 0.0000000e+00 0.0000000e+00
2.5176000e+05 8.5000000e+01 9.5500002e+00 0.0000000e+00 0.0000000e+00
2.5182000e+05 8.7000000e+01 9.1500001e+00 0.0000000e+00 0.0000000e+00
2.5188000e+05 8.6000000e+01 9.0500002e+00 0.0000000e+00 0.0000000e+00
2.5194000e+05 8.7000000e+01 9.0000000e+00 0.0000000e+00 0.0000000e+00
2.5200000e+05 8.7000000e+01 8.9500003e+00 0.0000000e+00 0.0000000e+00
2.5206000e+05 9.3000000e+01 9.0499997e+00 0.0000000e+00 0.0000000e+00
2.5212000e+05 9.5000000e+01 8.7999997e+00 0.0000000e+00 0.0000000e+00
2.5218000e+05 9.6000000e+01 8.6500001e+00 0.0000000e+00 0.0000000e+00
2.5224000e+05 9.6000000e+01 8.3499999e+00 0.0000000e+00 0.0000000e+00
2.5230000e+05 9.6000000e+01 8.2000003e+00 0.0000000e+00 0.0000000e+00
2.5236000e+05 9.6000000e+01 8.1999998e+00 0.0000000e+00 0.0000000e+00
2.5242000e+05 9.6000000e+01 8.2500000e+00 0.0000000e+00 0.0000000e+00
2.5248000e+05 9.6000000e+01 8.2500000e+00 0.0000000e+00 0.0000000e+00
2.5254000e+05 9.6000000e+01 8.2999997e+00 0.0000000e+00 1.9946150e+01
2.5260000e+05 9.6000000e+01 8.2999997e+00 0.0000000e+00 2.3690250e+01
2.5266000e+05 9.6000000e+01 8.2000003e+00 0.0000000e+00 1.2514660e+01
2.5272000e+05 9.6000000e+01 8.2000003e+00 0.0000000e+00 2.4191200e+01
2.5278000e+05 9.6000000e+01 8.1500001e+00 0.0000000e+00 2.0296810e+01
2.5284000e+05 9.6000000e+01 7.8499999e+00 0.0000000e+00 2.4303301e+01
2.5290000e+05 9.6000000e+01 7.8000000e+00 0.0000000e+00 4.4721882e+01
2.5296000e+05 9.6000000e+01 7.8000000e+00 0.0000000e+00 1.5624570e+01
2.5302000e+05 9.5000000e+01 7.7000000e+00 0.0000000e+00 1.2313460e+01
2.5308000e+05 9.5000000e+01 7.4000001e+00 0.0000000e+00 2.1913040e+00
2.5314000e+05 9.5000000e+01 7.1000001e+00 0.0000000e+00 0.0000000e+00
2.5320000e+05 9.6000000e+01 6.9500000e+00 0.0000000e+00 0.0000000e+00
2.5326000e+05 9.5000000e+01 6.7500000e+00 0.0000000e+00 0.0000000e+00
2.5332000e+05 9.6000000e+01 6.4500000e+00 0.0000000e+00 0.0000000e+00
2.5338000e+05 9.6000000e+01 6.3500001e+00 0.0000000e+00 0.0000000e+00
2.5344000e+05 9.6000000e+01 6.1500001e+00 0.0000000e+00 0.0000000e+00
2.5350000e+05 9.6000000e+01 5.8000000e+00 0.0000000e+00 0.0000000e+00
2.5356000e+05 9.6000000e+01 5.6499999e+00 0.0000000e+00 0.0000000e+00
2.5362000e+05 9.7000000e+01 5.6499999e+00 0.0000000e+00 0.0000000e+00
2.5368000e+05 9.7000000e+01 5.5999999e+00 0.0000000e+00 0.0000000e+00
2.5374000e+05 9.7000000e+01 5.5000000e+00 0.0000000e+00 0.0000000e+00
2.5380000e+05 9.6000000e+01 5.4000001e+00 0.0000000e+00 0.0000000e+00
2.5386000e+05 9.6000000e+01 5.3000000e+00 0.0000000e+00 0.0000000e+00
2.5392000e+05 9.6000000e+01 5.5500000e+00 0.0000000e+00 2.4410469e+01
2.5398000e+05 9.4000000e+01 5.9499998e+00 0.0000000e+00 5.5855221e+01
2.5404000e+05 8.8000000e+01 6.3000000e+00 0.0000000e+00 7.4646088e+01
2.5410000e+05 8.3000000e+01 7.4000001e+00 0.0000000e+00 1.8499860e+02
2.5416000e+05 7.8000000e+01 8.7500000e+00 0.0000000e+00 2.9346310e+02
2.5422000e+05 7.5000000e+01 9.0000000e+00 0.0000000e+00 2.1623109e+02
2.5428000e+05 7.3000000e+01 8.8000002e+00 0.0000000e+00 1.5399690e+02
2.5434000e+05 7.1000000e+01 8.9500003e+00 0.0000000e+00 1.4139990e+02
2.5440000e+05 7.4000000e+01 8.7999997e+00 0.0000000e+00 5.8364010e+01
2.5446000e+05 7.5000000e+01 8.6999998e+00 0.0000000e+00 3.6461700e+01
2.5452000e+05 7.6000000e+01 8.5499997e+00 0.0000000e+00 1.7704969e+01
2.5458000e+05 7.7000000e+01 8.1999998e+00 0.0000000e+00 0.0000000e+00
2.5464000e+05 7.6000000e+01 8.0500002e+00 0.0000000e+00 0.0000000e+00
2.5470000e+05 7.7000000e+01 8.2500000e+00 0.0000000e+00 0.0000000e+00
2.5476000e+05 7.4000000e+01 8.2999997e+00 0.0000000e+00 0.0000000e+00
2.5482000e+05 7.5000000e+01 8.2000003e+00 0.0000000e+00 0.0000000e+00
2.5488000e+05 7.2000000e+01 8.0500000e+00 0.0000000e+00 0.0000000e+00
2.5494000e+05 7.0000000e+01 7.9500003e+00 0.0000000e+00 0.0000000e+00
2.5500000e+05 7.0000000e+01 7.8500001e+00 0.0000000e+00 0.0000000e+00
2.5506000e+05 6.9000000e+01 7.8500001e+00 0.0000000e+00 0.0000000e+00
2.5512000e+05 6.9000000e+01 7.8000000e+00 0.0000000e+00 0.0000000e+00
2.5518000e+05 7.2000000e+01 7.8000000e+00 0.0000000e+00 0.0000000e+00
2.5524000e+05 7.8000000e+01 7.5000000e+00 0.0000000e+00 0.0000000e+00
2.5530000e+05 8.0000000e+01 7.3000002e+00 0.0000000e+00 0.0000000e+00
2.5536000e+05 8.0000000e+01 7.3499999e+00 0.0000000e+00 2.3493421e+00
2.5542000e+05 8.4000000e+01 7.3000000e+00 0.0000000e+00 1.2723470e+01
2.5548000e+05 8.6000000e+01 7.2500000e+00 0.0000000e+00 2.4692720e+01
2.5554000e+05 8.8000000e+01 6.9499998e+00 0.0000000e+00 2.6154461e+01
2.5560000e+05 9.0000000e+01 6.5000000e+00 0.0000000e+00 3.3600361e+01
2.5566000e+05 9.2000000e+01 6.2000000e+00 0.0000000e+00 3.5972969e+01
2.5572000e+05 9.3000000e+01 6.0000000e+00 0.0000000e+00 4.1766090e+01
2.5578000e+05 9.5000000e+01 6.0500000e+00 0.0000000e+00 2.6959249e+01
2.5584000e+05 9.5000000e+01 6.3000000e+00 0.0000000e+00 2.9320230e+01
2.5590000e+05 9.2000000e+01 6.1500001e+00 0.0000000e+00 2.7525120e+01
2.5596000e+05 9.1000000e+01 5.7500000e+00 0.0000000e+00 1.1775120e+01
2.5602000e+05 9.4000000e+01 5.5500002e+00 0.0000000e+00 0.0000000e+00
2.5608000e+05 9.6000000e+01 5.0500002e+00 0.0000000e+00 0.0000000e+00
2.5614000e+05 9.6000000e+01 4.7500000e+00 0.0000000e+00 0.0000000e+00
2.5620000e+05 9.7000000e+01 4.5500002e+00 0.0000000e+00 0.0000000e+00
2.5626000e+05 9.7000000e+01 4.9500000e+00 0.0000000e+00 0.0000000e+00
2.5632000e+05 9.7000000e+01 5.4000001e+00 0.0000000e+00 0.0000000e+00
2.5638000e+05 9.4000000e+01 6.0500000e+00 0.0000000e+00 0.0000000e+00
2.5644000e+05 9.3000000e+01 6.0500000e+00 0.0000000e+00 0.0000000e+00
2.5650000e+05 8.7000000e+01 6.4499998e+00 0.0000000e+00 0.0000000e+00
2.5656000e+05 8.7000000e+01 6.7000000e+00 0.0000000e+00 0.0000000e+00
2.5662000e+05 8.8000000e+01 6.5000000e+00 0.0000000e+00 0.0000000e+00
2.5668000e+05 8.9000000e+01 6.5500000e+00 0.0000000e+00 0.0000000e+00
2.5674000e+05 8.8000000e+01 6.3000000e+00 0.0000000e+00 0.0000000e+00
2.5680000e+05 7.7000000e+01 7.3499999e+00 0.0000000e+00 4.4987690e+01
2.5686000e+05 7.8000000e+01 8.1500001e+00 0.0000000e+00 7.9133827e+01
2.5692000e+05 7.0000000e+01 8.3999999e+00 0.0000000e+00 1.2913100e+02
2.5698000e+05 6.2000000e+01 1.0150000e+01 0.0000000e+00 3.1426440e+02
2.5704000e+05 6.2000000e+01 1.1050000e+01 0.0000000e+00 2.9564929e+02
2.5710000e+05 5.9000000e+01 1.0400000e+01 0.0000000e+00 1.8503819e+02
2.5716000e+05 6.5000000e+01 1.1200000e+01 0.0000000e+00 3.3999191e+02
2.5722000e+05 7.2000000e+01 1.0400000e+01 0.0000000e+00 1.5779120e+02
2.5728000e+05 6.9000000e+01 1.0550000e+01 0.0000000e+00 2.1535291e+02
2.5734000e+05 8.0000000e+01 9.6500001e+00 0.0000000e+00 1.0286130e+02
2.5740000e+05 8.6000000e+01 8.2500002e+00 0.0000000e+00 1.8742170e+01
2.5746000e+05 8.7000000e+01 7.7000000e+00 0.0000000e+00 0.0000000e+00
2.5752000e+05 9.0000000e+01 7.2500000e+00 0.0000000e+00 0.0000000e+00
2.5758000e+05 9.4000000e+01 6.7000000e+00 0.0000000e+00 0.0000000e+00
2.5764000e+05 9.5000000e+01 7.0500000e+00 0.0000000e+00 0.0000000e+00
2.5770000e+05 9.6000000e+01 7.1499999e+00 0.0000000e+00 0.0000000e+00
2.5776000e+05 9.5000000e+01 7.0000000e+00 0.0000000e+00 0.0000000e+00
2.5782000e+05 9.5000000e+01 6.7500000e+00 0.0000000e+00 0.0000000e+00
2.5788000e+05 9.4000000e+01 6.4499998e+00 0.0000000e+00 0.0000000e+00
2.5794000e+05 9.4000000e+01 6.0500000e+00 0.0000000e+00 0.0000000e+00
2.5800000e+05 9.5000000e+01 5.8500001e+00 0.0000000e+00 0.0000000e+00
2.5806000e+05 9.5000000e+01 5.8500001e+00 0.0000000e+00 0.0000000e+00
2.5812000e+05 9.5000000e+01 5.8000000e+00 0.0000000e+00 0.0000000e+00
2.5818000e+05 9.5000000e+01 5.5999999e+00 0.0000000e+00 0.0000000e+00
2.5824000e+05 9.6000000e+01 5.5000000e+00 0.0000000e+00 1.2680880e+01
2.5830000e+05 9.5000000e+01 5.5500002e+00 0.0000000e+00 5.2377079e+01
2.5836000e+05 8.4000000e+01 6.5000000e+00 0.0000000e+00 1.6181290e+02
2.5842000e+05 7.5000000e+01 8.3500001e+00 0.0000000e+00 3.3172150e+02
2.5848000e+05 7.9000000e+01 7.8000002e+00 0.0000000e+00 1.2075840e+02
2.5854000e+05 7.0000000e+01 8.4500000e+00 0.0000000e+00 1.8834399e+02
2.5860000e+05 9.2000000e+01 6.8499999e+00 0.0000000e+00 9.5523613e+01
2.5866000e+05 8.5000000e+01 6.2000000e+00 0.0000000e+00 1.1413020e+02
2.5872000e+05 9.3000000e+01 5.9499998e+00 0.0000000e+00 5.2739819e+01
2.5878000e+05 9.2000000e+01 5.0500000e+00 0.0000000e+00 2.3282921e+01
2.5884000e+05 9.4000000e+01 4.6499999e+00 0.0000000e+00 2.4346349e+00
2.5890000e+05 9.5000000e+01 4.1999999e+00 0.0000000e+00 0.0000000e+00
2.5896000e+05 9.5000000e+01 3.6500001e+00 0.0000000e+00 0.0000000e+00
2.5902000e+05 9.6000000e+01 3.7500000e+00 0.0000000e+00 0.0000000e+00
2.5908000e+05 9.5000000e+01 3.3999999e+00 0.0000000e+00 0.0000000e+00
2.5914000e+05 9.6000000e+01 2.7000000e+00 0.0000000e+00 0.0000000e+00
2.5920000e+05 9.6000000e+01 2.9499999e+00 0.0000000e+00 0.0000000e+00
2.5926000e+05 9.1000000e+01 3.2500000e+00 0.0000000e+00 0.0000000e+00
2.5932000e+05 9.3000000e+01 3.0000000e+00 0.0000000e+00 0.0000000e+00
2.5938000e+05 8.2000000e+01 3.6000000e+00 0.0000000e+00 0.0000000e+00
2.5944000e+05 8.2000000e+01 4.1000000e+00 0.0000000e+00 0.0000000e+00
2.5950000e+05 7.3000000e+01 4.3499999e+00 0.0000000e+00 0.0000000e+00
2.5956000e+05 9.0000000e+01 4.0000000e+00 0.0000000e+00 0.0000000e+00
2.5962000e+05 9.3000000e+01 3.0000000e+00 0.0000000e+00 0.0000000e+00
2.5968000e+05 9.3000000e+01 3.3000000e+00 0.0000000e+00 3.1356201e-01
2.5974000e+05 9.5000000e+01 3.2500000e+00 0.0000000e+00 1.0760770e+01
2.5980000e+05 9.5000000e+01 4.1500000e+00 0.0000000e+00 1.7578461e+01
2.5986000e+05 9.6000000e+01 4.4500000e+00 0.0000000e+00 2.1349350e+01
2.5992000e+05 9.3000000e+01 4.7500000e+00 0.0000000e+00 1.4682840e+01
2.5998000e+05 8.9000000e+01 5.2000000e+00 0.0000000e+00 6.1566441e+01
2.6004000e+05 8.3000000e+01 6.5500000e+00 0.0000000e+00 1.9089920e+02
2.6010000e+05 8.7000000e+01 6.9500003e+00 0.0000000e+00 6.9268631e+01
2.6016000e+05 9.3000000e+01 4.8000002e+00 0.0000000e+00 7.5751839e+01
2.6022000e+05 9.3000000e+01 4.8999999e+00 0.0000000e+00 4.2076550e+01
2.6028000e+05 8.8000000e+01 5.1500001e+00 0.0000000e+00 2.1162769e+01
2.6034000e+05 8.8000000e+01 4.6500001e+00 0.0000000e+00 0.0000000e+00
2.6040000e+05 8.9000000e+01 4.5000000e+00 0.0000000e+00 0.0000000e+00
2.6046000e+05 9.4000000e+01 3.8000001e+00 0.0000000e+00 0.0000000e+00
2.6052000e+05 9.4000000e+01 3.6000000e+00 0.0000000e+00 0.0000000e+00
2.6058000e+05 9.4000000e+01 3.0500001e+00 0.0000000e+00 0.0000000e+00
2.6064000e+05 9.4000000e+01 3.0500001e+00 0.0000000e+00 0.0000000e+00
2.6070000e+05 9.3000000e+01 3.3000000e+00 0.0000000e+00 0.0000000e+00
2.6076000e+05 9.4000000e+01 3.1500000e+00 0.0000000e+00 0.0000000e+00
2.6082000e+05 9.2000000e+01 3.5500000e+00 0.0000000e+00 0.0000000e+00
2.6088000e+05 9.1000000e+01 3.6500000e+00 0.0000000e+00 0.0000000e+00
2.6094000e+05 9.0000000e+01 3.3000001e+00 0.0000000e+00 0.0000000e+00
2.6100000e+05 9.0000000e+01 3.6000000e+00 0.0000000e+00 0.0000000e+00
2.6106000e+05 9.1000000e+01 3.6500000e+00 0.0000000e+00 0.0000000e+00
2.6112000e+05 9.0000000e+01 3.5500000e+00 0.0000000e+00 4.3944869e+00
2.6118000e+05 9.1000000e+01 3.6999999e+00 0.0000000e+00 2.2509041e+01
2.6124000e+05 8.7000000e+01 4.1500000e+00 0.0000000e+00 1.5297729e+02
2.6130000e+05 8.7000000e+01 4.7500000e+00 0.0000000e+00 1.1091770e+02
2.6136000e+05 7.6000000e+01 6.1000001e+00 0.0000000e+00 3.9497220e+02
2.6142000e+05 7.2000000e+01 8.0000002e+00 0.0000000e+00 4.0747089e+02
2.6148000e+05 7.4000000e+01 6.5000000e+00 0.0000000e+00 1.8077200e+02
2.6154000e+05 7.1000000e+01 7.5999999e+00 0.0000000e+00 2.0040480e+02
2.6160000e+05 6.8000000e+01 7.3000000e+00 0.0000000e+00 1.1009040e+02
2.6166000e+05 7.9000000e+01 7.2500000e+00 0.0000000e+00 7.4213257e+01
2.6172000e+05 8.5000000e+01 5.9000001e+00 0.0000000e+00 2.1158279e+01
2.6178000e+05 8.5000000e+01 4.5000000e+00 0.0000000e+00 0.0000000e+00
2.6184000e+05 8.4000000e+01 4.2500000e+00 0.0000000e+00 0.0000000e+00
2.6190000e+05 7.2000000e+01 4.8500001e+00 0.0000000e+00 0.0000000e+00
2.6196000e+05 7.0000000e+01 5.5000000e+00 0.0000000e+00 0.0000000e+00
2.6202000e+05 7.1000000e+01 5.7000000e+00 0.0000000e+00 0.0000000e+00
2.6208000e+05 6.4000000e+01 5.9500000e+00 0.0000000e+00 0.0000000e+00
2.6214000e+05 6.7000000e+01 6.2000000e+00 0.0000000e+00 0.0000000e+00
2.6220000e+05 6.7000000e+01 6.1500001e+00 0.0000000e+00 0.0000000e+00
2.6226000e+05 6.7000000e+01 6.8000002e+00 0.0000000e+00 0.0000000e+00
2.6232000e+05 8.4000000e+01 7.1500001e+00 0.0000000e+00 0.0000000e+00
2.6238000e+05 7.4000000e+01 7.1499999e+00 0.0000000e+00 0.0000000e+00
2.6244000e+05 7.8000000e+01 7.7000000e+00 0.0000000e+00 0.0000000e+00
2.6250000e+05 7.8000000e+01 8.1500001e+00 0.0000000e+00 0.0000000e+00
2.6256000e+05 7.6000000e+01 8.5999999e+00 0.0000000e+00 5.2495070e+00
2.6262000e+05 7.5000000e+01 9.0500002e+00 0.0000000e+00 2.8064039e+01
2.6268000e+05 8.1000000e+01 9.3000002e+00 0.0000000e+00 5.2354050e+01
2.6274000e+05 6.2000000e+01 1.0500000e+01 0.0000000e+00 7.9704147e+01
2.6280000e+05 6.2000000e+01 1.1550000e+01 0.0000000e+00 9.2861588e+01
2.6286000e+05 6.3000000e+01 1.2000000e+01 0.0000000e+00 7.7565689e+01
2.6292000e+05 8.5000000e+01 1.0750000e+01 0.0000000e+00 3.8570801e+01
2.6298000e+05 8.1000000e+01 9.8499999e+00 0.0000000e+00 3.7561298e+01
2.6304000e+05 8.9000000e+01 9.8500004e+00 0.0000000e+00 3.0485689e+01
2.6310000e+05 9.3000000e+01 9.3500004e+00 0.0000000e+00 2.3161810e+01
2.6316000e+05 9.1000000e+01 9.0000000e+00 0.0000000e+00 5.1300049e+00
2.6322000e+05 8.8000000e+01 9.0500002e+00 0.0000000e+00 0.0000000e+00
2.6328000e+05 9.2000000e+01 8.8000002e+00 0.0000000e+00 0.0000000e+00
2.6334000e+05 9.4000000e+01 8.4000001e+00 0.0000000e+00 0.0000000e+00
2.6340000e+05 9.4000000e+01 8.0999999e+00 0.0000000e+00 0.0000000e+00
2.6346000e+05 8.9000000e+01 8.1999998e+00 0.0000000e+00 0.0000000e+00
2.6352000e+05 8.6000000e+01 8.4500003e+00 0.0000000e+00 0.0000000e+00
2.6358000e+05 8.7000000e+01 8.7500000e+00 0.0000000e+00 0.0000000e+00
2.6364000e+05 8.6000000e+01 8.5999999e+00 0.0000000e+00 0.0000000e+00
2.6370000e+05 8.3000000e+01 8.7500000e+00 0.0000000e+00 0.0000000e+00
2.6376000e+05 8.6000000e+01 8.5000000e+00 0.0000000e+00 0.0000000e+00
2.6382000e+05 8.7000000e+01 7.9499998e+00 0.0000000e+00 0.0000000e+00
2.6388000e+05 8.6000000e+01 7.7000000e+00 0.0000000e+00 0.0000000e+00
2.6394000e+05 8.7000000e+01 7.5500002e+00 0.0000000e+00 0.0000000e+00
2.6400000e+05 8.3000000e+01 8.0000002e+00 0.0000000e+00 4.7081280e+01
2.6406000e+05 8.0000000e+01 9.7500000e+00 0.0000000e+00 1.4453999e+02
2.6412000e+05 6.7000000e+01 1.1750000e+01 0.0000000e+00 2.5092149e+02
2.6418000e+05 7.1000000e+01 1.2450000e+01 0.0000000e+00 3.3668829e+02
2.6424000e+05 5.7000000e+01 1.3300000e+01 0.0000000e+00 3.8326810e+02
2.6430000e+05 5.6000000e+01 1.3850000e+01 0.0000000e+00 3.8250131e+02
2.6436000e+05 5.9000000e+01 1.3450000e+01 0.0000000e+00 1.5094901e+02
2.6442000e+05 6.9000000e+01 1.2550000e+01 0.0000000e+00 1.0224540e+02
2.6448000e+05 7.2000000e+01 1.3400000e+01 0.0000000e+00 1.6645050e+02
2.6454000e+05 7.8000000e+01 1.1500000e+01 0.0000000e+00 7.5187767e+01
2.6460000e+05 8.2000000e+01 1.0000000e+01 0.0000000e+00 2.6008439e+00
2.6466000e+05 8.5000000e+01 8.8000002e+00 0.0000000e+00 0.0000000e+00
2.6472000e+05 8.9000000e+01 7.9500000e+00 0.0000000e+00 0.0000000e+00
2.6478000e+05 9.1000000e+01 7.3999999e+00 0.0000000e+00 0.0000000e+00
2.6484000e+05 9.4000000e+01 6.8999999e+00 0.0000000e+00 0.0000000e+00
2.6490000e+05 9.5000000e+01 6.5000000e+00 0.0000000e+00 0.0000000e+00
2.6496000e+05 9.4000000e+01 6.3499999e+00 0.0000000e+00 0.0000000e+00
2.6502000e+05 9.3000000e+01 6.0000000e+00 0.0000000e+00 0.0000000e+00
2.6508000e+05 9.3000000e+01 6.0500000e+00 0.0000000e+00 0.0000000e+00
2.6514000e+05 9.3000000e+01 6.1499999e+00 0.0000000e+00 0.0000000e+00
2.6520000e+05 9.3000000e+01 6.3499999e+00 0.0000000e+00 0.0000000e+00
2.6526000e+05 9.2000000e+01 6.5500000e+00 0.0000000e+00 0.0000000e+00
2.6532000e+05 9.2000000e+01 6.8499999e+00 0.0000000e+00 0.0000000e+00
2.6538000e+05 9.5000000e+01 7.0500000e+00 0.0000000e+00 0.0000000e+00
2.6544000e+05 9.5000000e+01 7.0000000e+00 0.0000000e+00 0.0000000e+00
2.6550000e+05 9.5000000e+01 7.0500002e+00 0.0000000e+00 2.5962440e+01
2.6556000e+05 9.5000000e+01 7.5500002e+00 0.0000000e+00 6.4123932e+01
2.6562000e+05 9.5000000e+01 8.2000003e+00 0.0000000e+00 7.7932213e+01
2.6568000e+05 9.3000000e+01 8.9500003e+00 0.0000000e+00 1.0846820e+02
2.6574000e+05 8.6000000e+01 9.6999998e+00 0.0000000e+00 1.6701660e+02
2.6580000e+05 8.9000000e+01 1.0100000e+01 0.0000000e+00 1.0347010e+02
2.6586000e+05 9.2000000e+01 9.6999998e+00 0.0000000e+00 6.6129082e+01
2.6592000e+05 9.4000000e+01 8.9000001e+00 0.0000000e+00 3.2761410e+01
2.6598000e+05 9.1000000e+01 8.6999998e+00 0.0000000e+00 1.7011530e+01
2.6604000e+05 9.2000000e+01 8.4000001e+00 0.0000000e+00 0.0000000e+00
2.6610000e+05 9.0000000e+01 8.3000002e+00 0.0000000e+00 0.0000000e+00
2.6616000e+05 8.8000000e+01 8.4500003e+00 0.0000000e+00 0.0000000e+00
2.6622000e+05 8.7000000e+01 8.5999999e+00 0.0000000e+00 0.0000000e+00
2.6628000e+05 8.4000000e+01 8.6500001e+00 0.0000000e+00 0.0000000e+00
2.6634000e+05 8.6000000e+01 9.0999999e+00 0.0000000e+00 0.0000000e+00
2.6640000e+05 8.5000000e+01 8.7999997e+00 0.0000000e+00 0.0000000e+00
2.6646000e+05 8.4000000e+01 8.6500001e+00 0.0000000e+00 0.0000000e+00
2.6652000e+05 8.5000000e+01 8.9000001e+00 0.0000000e+00 0.0000000e+00
2.6658000e+05 8.2000000e+01 8.9000001e+00 0.0000000e+00 0.0000000e+00
2.6664000e+05 8.8000000e+01 8.4499998e+00 0.0000000e+00 0.0000000e+00
2.6670000e+05 9.0000000e+01 8.0999999e+00 0.0000000e+00 0.0000000e+00
2.6676000e+05 8.6000000e+01 8.1500001e+00 0.0000000e+00 0.0000000e+00
2.6682000e+05 9.2000000e+01 8.3000002e+00 0.0000000e+00 0.0000000e+00
2.6688000e+05 9.1000000e+01 7.9500003e+00 0.0000000e+00 0.0000000e+00
2.6694000e+05 9.1000000e+01 8.2000003e+00 0.0000000e+00 1.4745590e+01
2.6700000e+05 8.5000000e+01 8.5999999e+00 0.0000000e+00 4.6316399e+01
2.6706000e+05 9.1000000e+01 8.8000002e+00 0.0000000e+00 3.8063961e+01
2.6712000e+05 9.0000000e+01 8.7500000e+00 0.0000000e+00 5.8444279e+01
2.6718000e+05 8.7000000e+01 9.1500001e+00 0.0000000e+00 7.3444122e+01
2.6724000e+05 8.2000000e+01 9.4500003e+00 0.0000000e+00 9.7139664e+01
2.6730000e+05 8.1000000e+01 9.9499998e+00 0.0000000e+00 1.2434530e+02
2.6736000e+05 7.7000000e+01 9.9000001e+00 0.0000000e+00 6.3774929e+01
2.6742000e+05 8.2000000e+01 9.8000002e+00 0.0000000e+00 2.3837130e+01
2.6748000e+05 9.3000000e+01 8.9500003e+00 0.0000000e+00 0.0000000e+00
2.6754000e+05 9.4000000e+01 8.0500002e+00 0.0000000e+00 0.0000000e+00
2.6760000e+05 9.0000000e+01 8.1500001e+00 0.0000000e+00 0.0000000e+00
2.6766000e+05 9.0000000e+01 8.5500002e+00 0.0000000e+00 0.0000000e+00
2.6772000e+05 9.4000000e+01 7.8500001e+00 0.0000000e+00 0.0000000e+00
2.6778000e+05 9.4000000e+01 7.7000000e+00 0.0000000e+00 0.0000000e+00
2.6784000e+05 9.4000000e+01 7.8500001e+00 0.0000000e+00 0.0000000e+00
2.6790000e+05 9.4000000e+01 7.8500001e+00 0.0000000e+00 0.0000000e+00
2.6796000e+05 9.5000000e+01 7.8000000e+00 0.0000000e+00 0.0000000e+00
2.6802000e+05 9.5000000e+01 7.7500000e+00 0.0000000e+00 0.0000000e+00
2.6808000e+05 9.6000000e+01 7.6499999e+00 0.0000000e+00 0.0000000e+00
2.6814000e+05 9.6000000e+01 7.5999999e+00 0.0000000e+00 0.0000000e+00
2.6820000e+05 9.6000000e+01 7.5000000e+00 0.0000000e+00 0.0000000e+00
2.6826000e+05 9.6000000e+01 7.5000000e+00 0.0000000e+00 0.0000000e+00
2.6832000e+05 9.7000000e+01 7.6499999e+00 0.0000000e+00 0.0000000e+00
2.6838000e+05 9.7000000e+01 7.7500000e+00 0.0000000e+00 1.7445950e+01
2.6844000e+05 9.6000000e+01 8.0500000e+00 0.0000000e+00 2.9082529e+01
2.6850000e+05 9.4000000e+01 8.5000000e+00 0.0000000e+00 9.2461639e+01
2.6856000e+05 9.0000000e+01 9.0999999e+00 0.0000000e+00 8.2088387e+01
2.6862000e+05 8.8000000e+01 9.5499997e+00 0.0000000e+00 1.3850160e+02
2.6868000e+05 8.6000000e+01 9.9499998e+00 0.0000000e+00 1.4996091e+02
2.6874000e+05 8.9000000e+01 9.9500003e+00 0.0000000e+00 7.9702263e+01
2.6880000e+05 9.1000000e+01 9.4000001e+00 0.0000000e+00 5.4227100e+01
2.6886000e+05 9.0000000e+01 8.8499999e+00 0.0000000e+00 3.3044399e+01
2.6892000e+05 9.0000000e+01 8.5499997e+00 0.0000000e+00 0.0000000e+00
2.6898000e+05 8.9000000e+01 8.4000001e+00 0.0000000e+00 0.0000000e+00
2.6904000e+05 8.8000000e+01 8.2500000e+00 0.0000000e+00 0.0000000e+00
2.6910000e+05 8.9000000e+01 7.9499998e+00 0.0000000e+00 0.0000000e+00
2.6916000e+05 8.7000000e+01 7.6499999e+00 0.0000000e+00 0.0000000e+00
2.6922000e+05 8.3000000e+01 7.9000001e+00 0.0000000e+00 0.0000000e+00
2.6928000e+05 8.3000000e+01 7.8500001e+00 0.0000000e+00 0.0000000e+00
2.6934000e+05 8.2000000e+01 7.8000000e+00 0.0000000e+00 0.0000000e+00
2.6940000e+05 8.4000000e+01 7.6500001e+00 0.0000000e+00 0.0000000e+00
2.6946000e+05 8.4000000e+01 7.6500001e+00 0.0000000e+00 0.0000000e+00
2.6952000e+05 8.9000000e+01 7.8000000e+00 0.0000000e+00 0.0000000e+00
2.6958000e+05 9.4000000e+01 7.3999999e+00 0.0000000e+00 0.0000000e+00
2.6964000e+05 9.5000000e+01 7.0500000e+00 0.0000000e+00 0.0000000e+00
2.6970000e+05 9.4000000e+01 7.0500000e+00 0.0000000e+00 0.0000000e+00
2.6976000e+05 9.4000000e+01 7.0999999e+00 0.0000000e+00 0.0000000e+00
2.6982000e+05 9.3000000e+01 7.1499999e+00 0.0000000e+00 1.1117940e+01
2.6988000e+05 9.3000000e+01 7.3000000e+00 0.0000000e+00 2.2158911e+01
2.6994000e+05 9.1000000e+01 7.5500000e+00 0.0000000e+00 4.3589870e+01
2.7000000e+05 9.1000000e+01 7.9000001e+00 0.0000000e+00 6.4343437e+01
2.7006000e+05 9.0000000e+01 8.1500001e+00 0.0000000e+00 4.7442360e+01
2.7012000e+05 9.0000000e+01 8.2999997e+00 0.0000000e+00 3.3083141e+01
2.7018000e+05 9.2000000e+01 8.5500002e+00 0.0000000e+00 3.4663940e+01
2.7024000e+05 9.5000000e+01 8.9000001e+00 0.0000000e+00 1.8089260e+01
2.7030000e+05 9.5000000e+01 8.9000001e+00 0.0000000e+00 6.9723492e+00
2.7036000e+05 9.6000000e+01 8.8499999e+00 0.0000000e+00 0.0000000e+00
2.7042000e+05 9.7000000e+01 8.9000001e+00 0.0000000e+00 0.0000000e+00
2.7048000e+05 9.7000000e+01 9.0999999e+00 0.0000000e+00 0.0000000e+00
2.7054000e+05 9.7000000e+01 9.3499999e+00 0.0000000e+00 0.0000000e+00
2.7060000e+05 9.7000000e+01 9.4499998e+00 0.0000000e+00 0.0000000e+00
2.7066000e+05 9.7000000e+01 9.4499998e+00 0.0000000e+00 0.0000000e+00
2.7072000e+05 9.7000000e+01 9.2500000e+00 0.0000000e+00 0.0000000e+00
2.7078000e+05 9.7000000e+01 9.0999999e+00 0.0000000e+00 0.0000000e+00
2.7084000e+05 9.7000000e+01 8.9499998e+00 0.0000000e+00 0.0000000e+00
2.7090000e+05 9.7000000e+01 8.9499998e+00 0.0000000e+00 0.0000000e+00
2.7096000e+05 9.7000000e+01 8.9000001e+00 0.0000000e+00 0.0000000e+00
2.7102000e+05 9.7000000e+01 8.7500000e+00 0.0000000e+00 0.0000000e+00
2.7108000e+05 9.7000000e+01 8.7999997e+00 0.0000000e+00 0.0000000e+00
2.7114000e+05 9.7000000e+01 8.5000000e+00 0.0000000e+00 0.0000000e+00
2.7120000e+05 9.7000000e+01 8.3000002e+00 0.0000000e+00 0.0000000e+00
2.7126000e+05 9.6000000e+01 8.3499999e+00 0.0000000e+00 6.6995931e+00
2.7132000e+05 9.6000000e+01 8.3499999e+00 0.0000000e+00 1.5818390e+01
2.7138000e+05 9.5000000e+01 8.3499999e+00 0.0000000e+00 2.4138821e+01
2.7144000e+05 9.5000000e+01 8.4000001e+00 0.0000000e+00 3.2742710e+01
2.7150000e+05 9.5000000e+01 8.5500002e+00 0.0000000e+00 3.0068119e+01
2.7156000e+05 9.5000000e+01 8.6500001e+00 0.0000000e+00 3.0634350e+01
2.7162000e+05 9.5000000e+01 8.6500001e+00 0.0000000e+00 1.9950809e+01
2.7168000e+05 9.5000000e+01 8.5500002e+00 0.0000000e+00 6.2196341e+00
2.7174000e+05 9.5000000e+01 8.3000002e+00 0.0000000e+00 5.1481128e-01
2.7180000e+05 9.6000000e+01 7.9500003e+00 0.0000000e+00 0.0000000e+00
2.7186000e+05 9.5000000e+01 7.8000000e+00 0.0000000e+00 0.0000000e+00
2.7192000e+05 9.2000000e+01 7.3999999e+00 0.0000000e+00 0.0000000e+00
2.7198000e+05 9.0000000e+01 7.1499999e+00 0.0000000e+00 0.0000000e+00
2.7204000e+05 9.2000000e+01 6.9499998e+00 0.0000000e+00 0.0000000e+00
2.7210000e+05 9.3000000e+01 6.7000000e+00 0.0000000e+00 0.0000000e+00
2.7216000e+05 9.3000000e+01 6.5999999e+00 0.0000000e+00 0.0000000e+00
2.7222000e+05 9.3000000e+01 6.4000001e+00 0.0000000e+00 0.0000000e+00
2.7228000e+05 9.3000000e+01 6.3500001e+00 0.0000000e+00 0.0000000e+00
2.7234000e+05 9.4000000e+01 6.2000000e+00 0.0000000e+00 0.0000000e+00
2.7240000e+05 9.3000000e+01 6.1499999e+00 0.0000000e+00 0.0000000e+00
2.7246000e+05 9.2000000e+01 6.2500000e+00 0.0000000e+00 0.0000000e+00
2.7252000e+05 9.0000000e+01 6.4000001e+00 0.0000000e+00 0.0000000e+00
2.7258000e+05 9.0000000e+01 6.5000000e+00 0.0000000e+00 0.0000000e+00
2.7264000e+05 8.8000000e+01 6.7000000e+00 0.0000000e+00 2.7945931e+00
2.7270000e+05 8.8000000e+01 7.0000000e+00 0.0000000e+00 3.0977261e+01
2.7276000e+05 8.8000000e+01 7.3499999e+00 0.0000000e+00 6.4227463e+01
2.7282000e+05 8.5000000e+01 7.8499999e+00 0.0000000e+00 1.0104870e+02
2.7288000e+05 8.4000000e+01 8.4000001e+00 0.0000000e+00 1.4182140e+02
2.7294000e+05 8.5000000e+01 8.7500000e+00 0.0000000e+00 1.3256979e+02
2.7300000e+05 8.3000000e+01 8.7500000e+00 0.0000000e+00 1.3543990e+02
2.7306000e+05 8.4000000e+01 8.6500001e+00 0.0000000e+00 1.0365530e+02
2.7312000e+05 8.6000000e+01 8.4500003e+00 0.0000000e+00 6.6688873e+01
2.7318000e+05 8.6000000e+01 8.1000001e+00 0.0000000e+00 3.5611740e+01
2.7324000e+05 8.7000000e+01 7.6500001e+00 0.0000000e+00 0.0000000e+00
2.7330000e+05 8.6000000e+01 7.3499999e+00 0.0000000e+00 0.0000000e+00
2.7336000e+05 8.6000000e+01 7.4500000e+00 0.0000000e+00 0.0000000e+00
2.7342000e+05 8.7000000e+01 7.4500000e+00 0.0000000e+00 0.0000000e+00
2.7348000e+05 8.8000000e+01 7.5500002e+00 0.0000000e+00 0.0000000e+00
2.7354000e+05 8.5000000e+01 7.5500002e+00 0.0000000e+00 0.0000000e+00
2.7360000e+05 8.9000000e+01 7.6000001e+00 0.0000000e+00 0.0000000e+00
2.7366000e+05 8.9000000e+01 7.5000000e+00 0.0000000e+00 0.0000000e+00
2.7372000e+05 8.8000000e+01 7.6500001e+00 0.0000000e+00 0.0000000e+00
2.7378000e+05 8.9000000e+01 7.6000001e+00 0.0000000e+00 0.0000000e+00
2.7384000e+05 8.8000000e+01 7.4000001e+00 0.0000000e+00 0.0000000e+00
2.7390000e+05 9.0000000e+01 7.1000001e+00 0.0000000e+00 0.0000000e+00
2.7396000e+05 9.2000000e+01 6.7500000e+00 0.0000000e+00 0.0000000e+00
2.7402000e+05 9.1000000e+01 6.4000001e+00 0.0000000e+00 0.0000000e+00
2.7408000e+05 9.2000000e+01 6.3499999e+00 0.0000000e+00 0.0000000e+00
2.7414000e+05 9.3000000e+01 6.8499999e+00 0.0000000e+00 2.7960091e+01
2.7420000e+05 9.1000000e+01 7.6500001e+00 0.0000000e+00 6.1504108e+01
2.7426000e+05 9.2000000e+01 8.2000003e+00 0.0000000e+00 4.5602859e+01
2.7432000e+05 9.0000000e+01 8.5500002e+00 0.0000000e+00 7.6826073e+01
2.7438000e+05 9.2000000e+01 8.5999999e+00 0.0000000e+00 4.9002899e+01
2.7444000e+05 9.3000000e+01 8.4500003e+00 0.0000000e+00 3.4125221e+01
2.7450000e+05 9.4000000e+01 8.2999997e+00 0.0000000e+00 2.4287649e+01
2.7456000e+05 9.4000000e+01 8.2500000e+00 0.0000000e+00 1.4411200e+01
2.7462000e+05 9.4000000e+01 8.3499999e+00 0.0000000e+00 7.4986558e+00
2.7468000e+05 9.5000000e+01 8.1500001e+00 0.0000000e+00 0.0000000e+00
2.7474000e+05 9.6000000e+01 8.0000000e+00 0.0000000e+00 0.0000000e+00
2.7480000e+05 9.7000000e+01 7.9500000e+00 0.0000000e+00 0.0000000e+00
2.7486000e+05 9.7000000e+01 7.9500000e+00 0.0000000e+00 0.0000000e+00
2.7492000e+05 9.7000000e+01 8.0500002e+00 0.0000000e+00 0.0000000e+00
2.7498000e+05 9.7000000e+01 8.0000000e+00 0.0000000e+00 0.0000000e+00
2.7504000e+05 9.7000000e+01 7.9500000e+00 0.0000000e+00 0.0000000e+00
2.7510000e+05 9.7000000e+01 7.9000001e+00 0.0000000e+00 0.0000000e+00
2.7516000e+05 9.7000000e+01 7.8500001e+00 0.0000000e+00 0.0000000e+00
2.7522000e+05 9.7000000e+01 7.8000002e+00 0.0000000e+00 0.0000000e+00
2.7528000e+05 9.7000000e+01 7.8000002e+00 0.0000000e+00 0.0000000e+00
2.7534000e+05 9.7000000e+01 7.8000002e+00 0.0000000e+00 0.0000000e+00
2.7540000e+05 9.6000000e+01 7.8000002e+00 0.0000000e+00 0.0000000e+00
2.7546000e+05 9.6000000e+01 7.8500001e+00 0.0000000e+00 0.0000000e+00
2.7552000e+05 9.6000000e+01 7.9000001e+00 0.0000000e+00 0.0000000e+00
2.7558000e+05 9.5000000e+01 8.0999999e+00 0.0000000e+00 5.5251040e+00
2.7564000e+05 9.5000000e+01 8.2000003e+00 0.0000000e+00 1.7883200e+01
2.7570000e+05 9.3000000e+01 8.3499999e+00 0.0000000e+00 2.8864550e+01
2.7576000e+05 9.2000000e+01 8.1999998e+00 0.0000000e+00 2.6673889e+01
2.7582000e+05 9.2000000e+01 7.8499999e+00 0.0000000e+00 3.6417900e+01
2.7588000e+05 9.2000000e+01 7.3999999e+00 0.0000000e+00 3.0899750e+01
2.7594000e+05 9.1000000e+01 6.8000000e+00 0.0000000e+00 1.8692980e+01
2.7600000e+05 9.2000000e+01 6.2500000e+00 0.0000000e+00 7.9269810e+00
2.7606000e+05 9.1000000e+01 5.8000000e+00 0.0000000e+00 3.0257020e+00
2.7612000e+05 9.1000000e+01 5.5999999e+00 0.0000000e+00 0.0000000e+00
2.7618000e+05 9.2000000e+01 5.3499999e+00 0.0000000e+00 0.0000000e+00
2.7624000e+05 9.2000000e+01 5.1000001e+00 0.0000000e+00 0.0000000e+00
2.7630000e+05 9.2000000e+01 4.7500000e+00 0.0000000e+00 0.0000000e+00
2.7636000e+05 9.1000000e+01 4.4499998e+00 0.0000000e+00 0.0000000e+00
2.7642000e+05 9.4000000e+01 3.9499999e+00 0.0000000e+00 0.0000000e+00
2.7648000e+05 9.4000000e+01 3.6000000e+00 0.0000000e+00 0.0000000e+00
2.7654000e+05 9.5000000e+01 3.3000001e+00 0.0000000e+00 0.0000000e+00
2.7660000e+05 9.5000000e+01 3.0000000e+00 0.0000000e+00 0.0000000e+00
2.7666000e+05 9.3000000e+01 2.7500000e+00 0.0000000e+00 0.0000000e+00
2.7672000e+05 8.9000000e+01 2.7500000e+00 0.0000000e+00 0.0000000e+00
2.7678000e+05 9.3000000e+01 2.7500000e+00 0.0000000e+00 0.0000000e+00
2.7684000e+05 9.5000000e+01 2.5000000e+00 0.0000000e+00 0.0000000e+00
2.7690000e+05 9.5000000e+01 2.3500000e+00 0.0000000e+00 0.0000000e+00
2.7696000e+05 9.6000000e+01 2.2500000e+00 0.0000000e+00 1.9450630e-01
2.7702000e+05 9.6000000e+01 2.5000000e+00 0.0000000e+00 2.8250330e+01
2.7708000e+05 9.6000000e+01 3.1000000e+00 0.0000000e+00 4.7553452e+01
2.7714000e+05 8.5000000e+01 4.9000001e+00 0.0000000e+00 2.2194730e+02
2.7720000e+05 7.4000000e+01 6.3000000e+00 0.0000000e+00 2.9407840e+02
2.7726000e+05 7.4000000e+01 7.0500000e+00 0.0000000e+00 3.0435629e+02
2.7732000e+05 7.4000000e+01 6.5500002e+00 0.0000000e+00 1.2515640e+02
2.7738000e+05 7.6000000e+01 5.8000000e+00 0.0000000e+00 1.2115290e+02
2.7744000e+05 8.3000000e+01 6.8000000e+00 0.0000000e+00 1.6563789e+02
2.7750000e+05 8.9000000e+01 5.5500000e+00 0.0000000e+00 3.1885000e+01
2.7756000e+05 9.0000000e+01 4.8000000e+00 0.0000000e+00 0.0000000e+00
2.7762000e+05 9.5000000e+01 4.1500000e+00 0.0000000e+00 0.0000000e+00
2.7768000e+05 9.6000000e+01 3.6000000e+00 0.0000000e+00 0.0000000e+00
2.7774000e+05 9.6000000e+01 3.4500000e+00 0.0000000e+00 0.0000000e+00
2.7780000e+05 9.7000000e+01 3.1500001e+00 0.0000000e+00 0.0000000e+00
2.7786000e+05 9.7000000e+01 2.8499999e+00 0.0000000e+00 0.0000000e+00
2.7792000e+05 9.7000000e+01 3.0000000e+00 0.0000000e+00 0.0000000e+00
2.7798000e+05 9.7000000e+01 2.8000000e+00 0.0000000e+00 0.0000000e+00
2.7804000e+05 9.7000000e+01 2.1500000e+00 0.0000000e+00 0.0000000e+00
2.7810000e+05 9.7000000e+01 2.0000000e+00 0.0000000e+00 0.0000000e+00
2.7816000e+05 9.7000000e+01 2.2000000e+00 0.0000000e+00 0.0000000e+00
2.7822000e+05 9.3000000e+01 2.4499999e+00 0.0000000e+00 0.0000000e+00
2.7828000e+05 9.2000000e+01 2.6999999e+00 0.0000000e+00 0.0000000e+00
2.7834000e+05 9.1000000e+01 2.7500000e+00 0.0000000e+00 0.0000000e+00
2.7840000e+05 9.0000000e+01 2.9499999e+00 0.0000000e+00 1.0442719e+00
2.7846000e+05 9.0000000e+01 3.2000000e+00 0.0000000e+00 1.2310960e+01
2.7852000e+05 8.0000000e+01 3.5999999e+00 0.0000000e+00 3.7275280e+01
2.7858000e+05 8.8000000e+01 3.5000000e+00 0.0000000e+00 6.6694763e+01
2.7864000e+05 9.1000000e+01 3.8500000e+00 0.0000000e+00 5.4092999e+01
2.7870000e+05 9.0000000e+01 3.3500000e+00 0.0000000e+00 3.5726238e+01
2.7876000e+05 9.5000000e+01 2.6000000e+00 0.0000000e+00 3.2487789e+01
2.7882000e+05 9.1000000e+01 2.7500000e+00 0.0000000e+00 4.1875099e+01
2.7888000e+05 9.4000000e+01 2.5500001e+00 0.0000000e+00 5.6224949e+01
2.7894000e+05 8.9000000e+01 2.9000000e+00 0.0000000e+00 1.7251711e+01
2.7900000e+05 9.4000000e+01 2.2499999e+00 0.0000000e+00 0.0000000e+00
2.7906000e+05 8.9000000e+01 2.5500000e+00 0.0000000e+00 0.0000000e+00
2.7912000e+05 8.9000000e+01 2.8000001e+00 0.0000000e+00 0.0000000e+00
2.7918000e+05 8.5000000e+01 2.6500000e+00 0.0000000e+00 0.0000000e+00
2.7924000e+05 8.8000000e+01 2.8000000e+00 0.0000000e+00 0.0000000e+00
2.7930000e+05 8.3000000e+01 2.1000000e+00 0.0000000e+00 0.0000000e+00
2.7936000e+05 8.2000000e+01 2.6999999e+00 0.0000000e+00 0.0000000e+00
2.7942000e+05 8.2000000e+01 2.6000000e+00 0.0000000e+00 0.0000000e+00
2.7948000e+05 6.9000000e+01 2.9500000e+00 0.0000000e+00 0.0000000e+00
2.7954000e+05 7.5000000e+01 3.6500000e+00 0.0000000e+00 0.0000000e+00
2.7960000e+05 8.4000000e+01 3.3000001e+00 0.0000000e+00 0.0000000e+00
2.7966000e+05 8.0000000e+01 2.6000000e+00 0.0000000e+00 0.0000000e+00
2.7972000e+05 7.8000000e+01 3.4000000e+00 0.0000000e+00 0.0000000e+00
2.7978000e+05 8.1000000e+01 3.4499999e+00 0.0000000e+00 0.0000000e+00
2.7984000e+05 8.3000000e+01 2.9000000e+00 0.0000000e+00 0.0000000e+00
2.7990000e+05 7.5000000e+01 3.0500001e+00 0.0000000e+00 2.3681850e+01
2.7996000e+05 6.4000000e+01 4.7500001e+00 0.0000000e+00 1.8161510e+02
2.8002000e+05 6.0000000e+01 5.6999998e+00 0.0000000e+00 7.8946182e+01
2.8008000e+05 6.9000000e+01 5.5999999e+00 0.0000000e+00 4.1723888e+01
2.8014000e+05 8.3000000e+01 5.0999999e+00 0.0000000e+00 2.4160061e+01
2.8020000e+05 8.1000000e+01 4.9000001e+00 0.0000000e+00 3.6675838e+01
2.8026000e+05 8.2000000e+01 5.3999999e+00 0.0000000e+00 2.7283850e+01
2.8032000e+05 7.9000000e+01 6.0999999e+00 0.0000000e+00 2.3574780e+01
2.8038000e+05 8.3000000e+01 6.3000000e+00 0.0000000e+00 7.0131369e+00
2.8044000e+05 8.7000000e+01 6.1000001e+00 0.0000000e+00 0.0000000e+00
2.8050000e+05 8.1000000e+01 6.1499999e+00 0.0000000e+00 0.0000000e+00
2.8056000e+05 7.6000000e+01 7.2500000e+00 0.0000000e+00 0.0000000e+00
2.8062000e+05 8.1000000e+01 6.9499998e+00 0.0000000e+00 0.0000000e+00
2.8068000e+05 7.5000000e+01 6.6500001e+00 0.0000000e+00 0.0000000e+00
2.8074000e+05 6.3000000e+01 7.4000001e+00 0.0000000e+00 0.0000000e+00
2.8080000e+05 7.1000000e+01 7.7000000e+00 0.0000000e+00 0.0000000e+00
2.8086000e+05 7.7000000e+01 6.9000001e+00 0.0000000e+00 0.0000000e+00
2.8092000e+05 8.0000000e+01 6.7000000e+00 0.0000000e+00 0.0000000e+00
2.8098000e+05 8.0000000e+01 6.5500002e+00 0.0000000e+00 0.0000000e+00
2.8104000e+05 7.4000000e+01 6.3000000e+00 0.0000000e+00 0.0000000e+00
2.8110000e+05 7.5000000e+01 6.8000000e+00 0.0000000e+00 0.0000000e+00
2.8116000e+05 8.0000000e+01 6.7000000e+00 0.0000000e+00 0.0000000e+00
2.8122000e+05 7.7000000e+01 6.5500000e+00 0.0000000e+00 0.0000000e+00
2.8128000e+05 8.2000000e+01 6.5500000e+00 0.0000000e+00 2.9900651e+00
2.8134000e+05 8.2000000e+01 6.9499998e+00 0.0000000e+00 1.0696340e+01
2.8140000e+05 8.0000000e+01 7.8999999e+00 0.0000000e+00 6.4803001e+01
2.8146000e+05 8.9000000e+01 8.5999999e+00 0.0000000e+00 8.3658417e+01
2.8152000e+05 8.3000000e+01 8.8499999e+00 0.0000000e+00 1.0507420e+02
2.8158000e+05 8.2000000e+01 9.1999998e+00 0.0000000e+00 5.7913639e+01
2.8164000e+05 8.5000000e+01 8.8000002e+00 0.0000000e+00 5.3538761e+01
2.8170000e+05 9.1000000e+01 8.2500002e+00 0.0000000e+00 2.7038429e+01
2.8176000e+05 9.1000000e+01 7.4000001e+00 0.0000000e+00 6.0504971e+00
2.8182000e+05 9.1000000e+01 6.4000001e+00 0.0000000e+00 0.0000000e+00
2.8188000e+05 9.1000000e+01 5.4500000e+00 0.0000000e+00 0.0000000e+00
2.8194000e+05 9.0000000e+01 4.7000000e+00 0.0000000e+00 0.0000000e+00
2.8200000e+05 9.3000000e+01 4.3000000e+00 0.0000000e+00 0.0000000e+00
2.8206000e+05 9.4000000e+01 4.0999999e+00 0.0000000e+00 0.0000000e+00
2.8212000e+05 9.5000000e+01 3.9000000e+00 0.0000000e+00 0.0000000e+00
2.8218000e+05 9.5000000e+01 3.7500000e+00 0.0000000e+00 0.0000000e+00
2.8224000e+05 9.6000000e+01 3.6000000e+00 0.0000000e+00 0.0000000e+00
2.8230000e+05 9.6000000e+01 3.5500000e+00 0.0000000e+00 0.0000000e+00
2.8236000e+05 9.7000000e+01 3.5500000e+00 0.0000000e+00 0.0000000e+00
2.8242000e+05 9.6000000e+01 3.4499999e+00 0.0000000e+00 0.0000000e+00
2.8248000e+05 9.6000000e+01 3.2500000e+00 0.0000000e+00 0.0000000e+00
2.8254000e+05 9.7000000e+01 3.1999999e+00 0.0000000e+00 0.0000000e+00
2.8260000e+05 9.7000000e+01 3.1000000e+00 0.0000000e+00 0.0000000e+00
2.8266000e+05 9.7000000e+01 3.0500000e+00 0.0000000e+00 0.0000000e+00
2.8272000e+05 9.7000000e+01 2.9000000e+00 0.0000000e+00 0.0000000e+00
2.8278000e+05 9.6000000e+01 3.1000000e+00 0.0000000e+00 2.8499981e+01
2.8284000e+05 9.0000000e+01 3.8500000e+00 0.0000000e+00 7.6304398e+01
2.8290000e+05 8.0000000e+01 5.7000000e+00 0.0000000e+00 2.2636530e+02
2.8296000e+05 8.1000000e+01 7.1000001e+00 0.0000000e+00 3.5774551e+02
2.8302000e+05 7.3000000e+01 7.8499999e+00 0.0000000e+00 3.2521750e+02
2.8308000e+05 7.0000000e+01 7.7000000e+00 0.0000000e+00 2.6788181e+02
2.8314000e+05 7.2000000e+01 7.3000000e+00 0.0000000e+00 1.7624010e+02
2.8320000e+05 8.1000000e+01 6.3500001e+00 0.0000000e+00 6.9768600e+01
2.8326000e+05 8.0000000e+01 5.2000000e+00 0.0000000e+00 3.1006161e+01
2.8332000e+05 8.4000000e+01 4.4500000e+00 0.0000000e+00 0.0000000e+00
2.8338000e+05 8.7000000e+01 3.8000001e+00 0.0000000e+00 0.0000000e+00
2.8344000e+05 8.8000000e+01 3.0000000e+00 0.0000000e+00 0.0000000e+00
2.8350000e+05 8.7000000e+01 3.0500001e+00 0.0000000e+00 0.0000000e+00
2.8356000e+05 8.4000000e+01 3.3500000e+00 0.0000000e+00 0.0000000e+00
2.8362000e+05 7.9000000e+01 3.8499999e+00 0.0000000e+00 0.0000000e+00
2.8368000e+05 7.6000000e+01 3.9000000e+00 0.0000000e+00 0.0000000e+00
2.8374000e+05 7.4000000e+01 4.3000000e+00 0.0000000e+00 0.0000000e+00
2.8380000e+05 6.9000000e+01 4.8000000e+00 0.0000000e+00 0.0000000e+00
2.8386000e+05 6.9000000e+01 5.3000000e+00 0.0000000e+00 0.0000000e+00
2.8392000e+05 7.0000000e+01 5.5500000e+00 0.0000000e+00 0.0000000e+00
2.8398000e+05 7.2000000e+01 5.6500001e+00 0.0000000e+00 0.0000000e+00
2.8404000e+05 7.1000000e+01 6.3000000e+00 0.0000000e+00 0.0000000e+00
2.8410000e+05 8.3000000e+01 6.3000000e+00 0.0000000e+00 0.0000000e+00
2.8416000e+05 7.9000000e+01 6.3499999e+00 0.0000000e+00 0.0000000e+00
2.8422000e+05 8.4000000e+01 6.8000002e+00 0.0000000e+00 2.8759960e+01
2.8428000e+05 7.4000000e+01 7.9000001e+00 0.0000000e+00 8.6704681e+01
2.8434000e+05 7.1000000e+01 9.3000002e+00 0.0000000e+00 8.6262688e+01
2.8440000e+05 6.7000000e+01 1.0300000e+01 0.0000000e+00 9.0907150e+01
2.8446000e+05 5.6000000e+01 1.0850000e+01 0.0000000e+00 7.4709572e+01
2.8452000e+05 5.6000000e+01 1.1800000e+01 0.0000000e+00 8.7866348e+01
2.8458000e+05 5.7000000e+01 1.1800000e+01 0.0000000e+00 6.8375412e+01
2.8464000e+05 6.0000000e+01 1.1800000e+01 0.0000000e+00 4.6751671e+01
2.8470000e+05 5.9000000e+01 1.1350000e+01 0.0000000e+00 1.2925200e+01
2.8476000e+05 5.7000000e+01 1.1550000e+01 0.0000000e+00 0.0000000e+00
2.8482000e+05 5.7000000e+01 1.1450000e+01 0.0000000e+00 0.0000000e+00
2.8488000e+05 5.5000000e+01 1.1550000e+01 0.0000000e+00 0.0000000e+00
2.8494000e+05 5.8000000e+01 1.1300000e+01 0.0000000e+00 0.0000000e+00
2.8500000e+05 5.4000000e+01 1.1150000e+01 0.0000000e+00 0.0000000e+00
2.8506000e+05 5.9000000e+01 1.0650000e+01 0.0000000e+00 0.0000000e+00
2.8512000e+05 6.1000000e+01 9.5500002e+00 0.0000000e+00 0.0000000e+00
2.8518000e+05 7.0000000e+01 8.5499997e+00 0.0000000e+00 0.0000000e+00
2.8524000e+05 7.5000000e+01 7.2000000e+00 0.0000000e+00 0.0000000e+00
2.8530000e+05 7.9000000e+01 6.3999999e+00 0.0000000e+00 0.0000000e+00
2.8536000e+05 7.8000000e+01 6.1500001e+00 0.0000000e+00 0.0000000e+00
2.8542000e+05 7.2000000e+01 6.4500000e+00 0.0000000e+00 0.0000000e+00
2.8548000e+05 6.9000000e+01 6.8499999e+00 0.0000000e+00 0.0000000e+00
2.8554000e+05 7.0000000e+01 7.3500001e+00 0.0000000e+00 0.0000000e+00
2.8560000e+05 6.8000000e+01 6.6999998e+00 0.0000000e+00 0.0000000e+00
2.8566000e+05 6.9000000e+01 7.2500000e+00 0.0000000e+00 2.4413340e+01
2.8572000e+05 7.0000000e+01 8.2499998e+00 0.0000000e+00 6.5212914e+01
2.8578000e+05 6.2000000e+01 9.6999998e+00 0.0000000e+00 1.1976880e+02
2.8584000e+05 5.4000000e+01 1.1500000e+01 0.0000000e+00 1.4657359e+02
2.8590000e+05 5.2000000e+01 1.2350000e+01 0.0000000e+00 1.2333290e+02
2.8596000e+05 4.8000000e+01 1.3200000e+01 0.0000000e+00 1.1292580e+02
2.8602000e+05 4.0000000e+01 1.4600000e+01 0.0000000e+00 1.7756900e+02
2.8608000e+05 3.7000000e+01 1.4550000e+01 0.0000000e+00 4.1500820e+01
2.8614000e+05 3.6000000e+01 1.4750000e+01 0.0000000e+00 6.9937301e+00
2.8620000e+05 4.8000000e+01 1.4050000e+01 0.0000000e+00 0.0000000e+00
2.8626000e+05 5.7000000e+01 1.2650000e+01 0.0000000e+00 0.0000000e+00
2.8632000e+05 3.6000000e+01 1.3350000e+01 0.0000000e+00 0.0000000e+00
2.8638000e+05 5.4000000e+01 1.4050000e+01 0.0000000e+00 0.0000000e+00
2.8644000e+05 4.4000000e+01 1.4100000e+01 0.0000000e+00 0.0000000e+00
2.8650000e+05 4.7000000e+01 1.5100000e+01 0.0000000e+00 0.0000000e+00
2.8656000e+05 5.5000000e+01 1.4350000e+01 0.0000000e+00 0.0000000e+00
2.8662000e+05 4.3000000e+01 1.4500000e+01 0.0000000e+00 0.0000000e+00
2.8668000e+05 5.5000000e+01 1.5050000e+01 0.0000000e+00 0.0000000e+00
2.8674000e+05 6.4000000e+01 1.3700000e+01 0.0000000e+00 0.0000000e+00
2.8680000e+05 6.4000000e+01 1.2850000e+01 0.0000000e+00 0.0000000e+00
2.8686000e+05 6.8000000e+01 1.2600000e+01 0.0000000e+00 0.0000000e+00
2.8692000e+05 5.6000000e+01 1.4000000e+01 0.0000000e+00 0.0000000e+00
2.8698000e+05 5.7000000e+01 1.4950000e+01 0.0000000e+00 0.0000000e+00
2.8704000e+05 5.6000000e+01 1.5850000e+01 0.0000000e+00 0.0000000e+00
2.8710000e+05 5.5000000e+01 1.6650001e+01 0.0000000e+00 1.2775000e+01
2.8716000e+05 5.4000000e+01 1.7300000e+01 0.0000000e+00 3.2528568e+01
2.8722000e+05 5.8000000e+01 1.7850000e+01 0.0000000e+00 4.3566540e+01
2.8728000e+05 5.6000000e+01 1.7800000e+01 0.0000000e+00 3.2834179e+01
2.8734000e+05 4.9000000e+01 1.9250000e+01 0.0000000e+00 1.7561560e+02
2.8740000e+05 5.3000000e+01 1.9450000e+01 0.0000000e+00 1.1361020e+02
2.8746000e+05 5.4000000e+01 1.8700001e+01 0.0000000e+00 6.5419724e+01
2.8752000e+05 4.9000000e+01 1.9100000e+01 0.0000000e+00 1.6004629e+01
2.8758000e+05 4.9000000e+01 2.0550000e+01 0.0000000e+00 7.5177932e+00
2.8764000e+05 5.2000000e+01 1.9700001e+01 0.0000000e+00 0.0000000e+00
2.8770000e+05 5.1000000e+01 1.9200000e+01 0.0000000e+00 0.0000000e+00
2.8776000e+05 5.9000000e+01 1.8150000e+01 0.0000000e+00 0.0000000e+00
2.8782000e+05 6.0000000e+01 1.7049999e+01 0.0000000e+00 0.0000000e+00
2.8788000e+05 6.0000000e+01 1.6950000e+01 0.0000000e+00 0.0000000e+00
2.8794000e+05 5.9000000e+01 1.6650000e+01 0.0000000e+00 0.0000000e+00
2.8800000e+05 6.4000000e+01 1.6700000e+01 0.0000000e+00 0.0000000e+00
2.8806000e+05 6.9000000e+01 1.5900000e+01 0.0000000e+00 0.0000000e+00
2.8812000e+05 7.6000000e+01 1.4850000e+01 0.0000000e+00 0.0000000e+00
2.8818000e+05 7.8000000e+01 1.3950000e+01 0.0000000e+00 0.0000000e+00
2.8824000e+05 7.7000000e+01 1.3950000e+01 0.0000000e+00 0.0000000e+00
2.8830000e+05 8.2000000e+01 1.3350000e+01 0.0000000e+00 0.0000000e+00
2.8836000e+05 8.4000000e+01 1.2350000e+01 0.0000000e+00 0.0000000e+00
2.8842000e+05 8.5000000e+01 1.1350000e+01 0.0000000e+00 0.0000000e+00
2.8848000e+05 8.9000000e+01 1.0600000e+01 0.0000000e+00 0.0000000e+00
2.8854000e+05 8.6000000e+01 1.1050000e+01 0.0000000e+00 8.7482967e+00
2.8860000e+05 7.7000000e+01 1.2550000e+01 0.0000000e+00 8.5695213e+01
2.8866000e+05 7.2000000e+01 1.4550000e+01 0.0000000e+00 2.3666730e+02
2.8872000e+05 6.3000000e+01 1.5900000e+01 0.0000000e+00 2.8173651e+02
2.8878000e+05 5.6000000e+01 1.6700000e+01 0.0000000e+00 3.0181760e+02
2.8884000e+05 6.8000000e+01 1.6300000e+01 0.0000000e+00 1.6742709e+02
2.8890000e+05 5.9000000e+01 1.5900000e+01 0.0000000e+00 1.3547639e+02
2.8896000e+05 6.9000000e+01 1.5150000e+01 0.0000000e+00 6.9974854e+01
2.8902000e+05 7.2000000e+01 1.3050000e+01 0.0000000e+00 1.4330600e+01
2.8908000e+05 7.2000000e+01 1.1700000e+01 0.0000000e+00 0.0000000e+00
2.8914000e+05 7.4000000e+01 1.1250000e+01 0.0000000e+00 0.0000000e+00
2.8920000e+05 7.5000000e+01 1.0650000e+01 0.0000000e+00 0.0000000e+00
2.8926000e+05 7.4000000e+01 1.0150000e+01 0.0000000e+00 0.0000000e+00
2.8932000e+05 7.2000000e+01 1.0100000e+01 0.0000000e+00 0.0000000e+00
2.8938000e+05 6.9000000e+01 1.0000000e+01 0.0000000e+00 0.0000000e+00
2.8944000e+05 6.7000000e+01 9.9000001e+00 0.0000000e+00 0.0000000e+00
2.8950000e+05 7.0000000e+01 9.6499996e+00 0.0000000e+00 0.0000000e+00
2.8956000e+05 6.7000000e+01 9.7500000e+00 0.0000000e+00 0.0000000e+00
2.8962000e+05 6.3000000e+01 9.5500002e+00 0.0000000e+00 0.0000000e+00
2.8968000e+05 6.3000000e+01 1.0250000e+01 0.0000000e+00 0.0000000e+00
2.8974000e+05 5.4000000e+01 1.1000000e+01 0.0000000e+00 0.0000000e+00
2.8980000e+05 4.6000000e+01 1.1650000e+01 0.0000000e+00 0.0000000e+00
2.8986000e+05 4.3000000e+01 1.3500000e+01 0.0000000e+00 0.0000000e+00
2.8992000e+05 4.5000000e+01 1.2850000e+01 0.0000000e+00 0.0000000e+00
2.8998000e+05 4.7000000e+01 1.3500000e+01 0.0000000e+00 5.1056789e+01
2.9004000e+05 5.1000000e+01 1.3700000e+01 0.0000000e+00 5.6540489e+01
2.9010000e+05 4.7000000e+01 1.4500000e+01 0.0000000e+00 6.8286957e+01
2.9016000e+05 4.1000000e+01 1.6300000e+01 0.0000000e+00 1.1157830e+02
2.9022000e+05 4.9000000e+01 1.6600000e+01 0.0000000e+00 4.8006229e+01
2.9028000e+05 5.0000000e+01 1.6250000e+01 0.0000000e+00 4.8923100e+01
2.9034000e+05 5.4000000e+01 1.6350000e+01 0.0000000e+00 3.4132599e+01
2.9040000e+05 6.1000000e+01 1.5750000e+01 0.0000000e+00 3.7017929e+01
2.9046000e+05 6.1000000e+01 1.4600000e+01 0.0000000e+00 9.6017972e-02
2.9052000e+05 6.5000000e+01 1.3850000e+01 0.0000000e+00 0.0000000e+00
2.9058000e+05 6.7000000e+01 1.3000000e+01 0.0000000e+00 0.0000000e+00
2.9064000e+05 7.8000000e+01 1.2000000e+01 0.0000000e+00 0.0000000e+00
2.9070000e+05 8.1000000e+01 1.0850000e+01 0.0000000e+00 0.0000000e+00
2.9076000e+05 8.1000000e+01 1.0800000e+01 0.0000000e+00 0.0000000e+00
2.9082000e+05 8.8000000e+01 1.0950000e+01 0.0000000e+00 0.0000000e+00
2.9088000e+05 9.4000000e+01 1.0600000e+01 0.0000000e+00 0.0000000e+00
2.9094000e+05 9.5000000e+01 1.0550000e+01 0.0000000e+00 0.0000000e+00
2.9100000e+05 9.6000000e+01 1.0400000e+01 0.0000000e+00 0.0000000e+00
2.9106000e+05 9.6000000e+01 1.0250000e+01 0.0000000e+00 0.0000000e+00
2.9112000e+05 9.7000000e+01 1.0150000e+01 0.0000000e+00 0.0000000e+00
2.9118000e+05 9.7000000e+01 1.0350000e+01 0.0000000e+00 0.0000000e+00
2.9124000e+05 9.7000000e+01 1.0250000e+01 0.0000000e+00 0.0000000e+00
2.9130000e+05 9.7000000e+01 1.0150000e+01 0.0000000e+00 0.0000000e+00
2.9136000e+05 9.7000000e+01 1.0000000e+01 0.0000000e+00 0.0000000e+00
2.9142000e+05 9.7000000e+01 1.0250000e+01 0.0000000e+00 3.1016239e+01
2.9148000e+05 9.6000000e+01 1.0750000e+01 0.0000000e+00 6.4237602e+01
2.9154000e+05 8.2000000e+01 1.2250000e+01 0.0000000e+00 2.3268530e+02
2.9160000e+05 8.6000000e+01 1.2750000e+01 0.0000000e+00 2.2542810e+02
2.9166000e+05 8.5000000e+01 1.2850000e+01 0.0000000e+00 1.4655260e+02
2.9172000e+05 8.9000000e+01 1.2500000e+01 0.0000000e+00 7.7547203e+01
2.9178000e+05 9.0000000e+01 1.2300000e+01 0.0000000e+00 4.9753750e+01
2.9184000e+05 8.8000000e+01 1.2150000e+01 0.0000000e+00 2.5254299e+01
2.9190000e+05 8.0000000e+01 1.2550000e+01 0.0000000e+00 0.0000000e+00
2.9196000e+05 7.6000000e+01 1.2700000e+01 0.0000000e+00 0.0000000e+00
2.9202000e+05 9.2000000e+01 1.1600000e+01 0.0000000e+00 0.0000000e+00
2.9208000e+05 9.4000000e+01 1.0050000e+01 0.0000000e+00 0.0000000e+00
2.9214000e+05 9.5000000e+01 9.9000001e+00 0.0000000e+00 0.0000000e+00
2.9220000e+05 9.5000000e+01 1.0050000e+01 0.0000000e+00 0.0000000e+00
2.9226000e+05 7.2000000e+01 1.1200000e+01 0.0000000e+00 0.0000000e+00
2.9232000e+05 5.8000000e+01 1.1650000e+01 0.0000000e+00 0.0000000e+00
2.9238000e+05 5.5000000e+01 1.3550000e+01 0.0000000e+00 0.0000000e+00
2.9244000e+05 5.7000000e+01 1.3850000e+01 0.0000000e+00 0.0000000e+00
2.9250000e+05 4.6000000e+01 1.3750000e+01 0.0000000e+00 0.0000000e+00
2.9256000e+05 5.0000000e+01 1.4250000e+01 0.0000000e+00 0.0000000e+00
2.9262000e+05 5.3000000e+01 1.3950000e+01 0.0000000e+00 0.0000000e+00
2.9268000e+05 6.7000000e+01 1.2900000e+01 0.0000000e+00 0.0000000e+00
2.9274000e+05 5.0000000e+01 1.2950000e+01 0.0000000e+00 0.0000000e+00
2.9280000e+05 5.6000000e+01 1.4100000e+01 0.0000000e+00 0.0000000e+00
2.9286000e+05 7.0000000e+01 1.2800000e+01 0.0000000e+00 3.6711190e+00
2.9292000e+05 7.1000000e+01 1.2350000e+01 0.0000000e+00 2.6599449e+01
2.9298000e+05 8.8000000e+01 1.2100000e+01 0.0000000e+00 8.7795534e+00
2.9304000e+05 8.7000000e+01 1.1200000e+01 0.0000000e+00 3.0829710e+01
2.9310000e+05 8.5000000e+01 1.0800000e+01 0.0000000e+00 3.5937191e+01
2.9316000e+05 8.7000000e+01 1.0150000e+01 0.0000000e+00 4.0632191e+01
2.9322000e+05 8.8000000e+01 9.8500004e+00 0.0000000e+00 3.8496201e+01
2.9328000e+05 8.6000000e+01 9.9000001e+00 0.0000000e+00 1.6528259e+01
2.9334000e+05 9.0000000e+01 8.8499999e+00 0.0000000e+00 0.0000000e+00
2.9340000e+05 8.9000000e+01 7.9999998e+00 0.0000000e+00 0.0000000e+00
2.9346000e+05 7.0000000e+01 8.4500000e+00 0.0000000e+00 0.0000000e+00
2.9352000e+05 6.5000000e+01 9.5000000e+00 0.0000000e+00 0.0000000e+00
2.9358000e+05 8.8000000e+01 8.9499998e+00 0.0000000e+00 0.0000000e+00
2.9364000e+05 6.5000000e+01 9.0999999e+00 0.0000000e+00 0.0000000e+00
2.9370000e+05 5.9000000e+01 1.0500000e+01 0.0000000e+00 0.0000000e+00
2.9376000e+05 6.1000000e+01 1.1000000e+01 0.0000000e+00 0.0000000e+00
2.9382000e+05 6.0000000e+01 1.1250000e+01 0.0000000e+00 0.0000000e+00
2.9388000e+05 7.1000000e+01 1.1050000e+01 0.0000000e+00 0.0000000e+00
2.9394000e+05 8.0000000e+01 9.8999996e+00 0.0000000e+00 0.0000000e+00
2.9400000e+05 9.0000000e+01 9.0499997e+00 0.0000000e+00 0.0000000e+00
2.9406000e+05 9.3000000e+01 8.5999999e+00 0.0000000e+00 0.0000000e+00
2.9412000e+05 9.3000000e+01 8.5499997e+00 0.0000000e+00 0.0000000e+00
2.9418000e+05 9.3000000e+01 8.3499999e+00 0.0000000e+00 0.0000000e+00
2.9424000e+05 8.7000000e+01 8.4499998e+00 0.0000000e+00 0.0000000e+00
2.9430000e+05 9.0000000e+01 8.4499998e+00 0.0000000e+00 6.7679658e+00
2.9436000e+05 7.5000000e+01 9.0499997e+00 0.0000000e+00 3.5944500e+01
2.9442000e+05 8.0000000e+01 1.0300000e+01 0.0000000e+00 5.8586250e+01
2.9448000e+05 9.0000000e+01 8.3999999e+00 0.0000000e+00 3.7949131e+01
2.9454000e+05 8.8000000e+01 7.3000000e+00 0.0000000e+00 3.5865459e+01
2.9460000e+05 6.9000000e+01 8.1499999e+00 0.0000000e+00 1.2659180e+02
2.9466000e+05 7.8000000e+01 8.8000002e+00 0.0000000e+00 2.7918470e+01
2.9472000e+05 8.0000000e+01 7.4500003e+00 0.0000000e+00 1.9409531e+01
2.9478000e+05 8.6000000e+01 7.2499998e+00 0.0000000e+00 2.1848979e+00
2.9484000e+05 8.3000000e+01 6.2500000e+00 0.0000000e+00 0.0000000e+00
3.1326000e+05 9.6000000e+01 9.8000002e+00 0.0000000e+00 5.3310230e+01
3.1332000e+05 9.3000000e+01 9.8000002e+00 0.0000000e+00 5.5864922e+01
3.1338000e+05 8.9000000e+01 9.9000001e+00 0.0000000e+00 2.5440161e+01
3.1344000e+05 8.9000000e+01 9.9000001e+00 0.0000000e+00 8.4944191e+00
3.1350000e+05 9.1000000e+01 9.5500002e+00 0.0000000e+00 0.0000000e+00
3.1356000e+05 9.3000000e+01 9.2500000e+00 0.0000000e+00 0.0000000e+00
3.1362000e+05 9.4000000e+01 8.9499998e+00 0.0000000e+00 0.0000000e+00
3.1368000e+05 9.5000000e+01 8.8499999e+00 0.0000000e+00 0.0000000e+00
3.1374000e+05 9.5000000e+01 8.7000003e+00 0.0000000e+00 0.0000000e+00
3.1380000e+05 9.6000000e+01 8.5499997e+00 0.0000000e+00 0.0000000e+00
3.1386000e+05 9.5000000e+01 8.3000002e+00 0.0000000e+00 0.0000000e+00
3.1392000e+05 9.6000000e+01 7.5999999e+00 0.0000000e+00 0.0000000e+00
3.1398000e+05 9.7000000e+01 7.2000000e+00 0.0000000e+00 0.0000000e+00
3.1404000e+05 9.7000000e+01 7.2000000e+00 0.0000000e+00 0.0000000e+00
3.1410000e+05 9.7000000e+01 7.0500000e+00 0.0000000e+00 0.0000000e+00
3.1416000e+05 9.7000000e+01 7.4500000e+00 0.0000000e+00 0.0000000e+00
3.1422000e+05 9.7000000e+01 7.3000000e+00 0.0000000e+00 0.0000000e+00
3.1428000e+05 9.7000000e+01 6.8000000e+00 0.0000000e+00 0.0000000e+00
3.1434000e+05 9.7000000e+01 6.3499999e+00 0.0000000e+00 0.0000000e+00
3.1440000e+05 9.7000000e+01 5.9000001e+00 0.0000000e+00 0.0000000e+00
3.1446000e+05 9.7000000e+01 5.8000000e+00 0.0000000e+00 0.0000000e+00
3.1452000e+05 9.7000000e+01 5.8500001e+00 0.0000000e+00 7.9971280e+00
3.1458000e+05 9.8000000e+01 6.5999999e+00 0.0000000e+00 4.9708069e+01
3.1464000e+05 9.0000000e+01 8.3499999e+00 0.0000000e+00 1.6449580e+02
3.1470000e+05 8.3000000e+01 9.1500001e+00 0.0000000e+00 1.5552200e+02
3.1476000e+05 8.3000000e+01 9.9000001e+00 0.0000000e+00 1.6353940e+02
3.1482000e+05 8.6000000e+01 8.9500000e+00 0.0000000e+00 8.4462311e+01
3.1488000e+05 9.2000000e+01 7.4000001e+00 0.0000000e+00 7.2234130e+00
3.1494000e+05 9.4000000e+01 6.7000000e+00 0.0000000e+00 0.0000000e+00
3.1500000e+05 9.6000000e+01 6.5000000e+00 0.0000000e+00 0.0000000e+00
3.1506000e+05 9.5000000e+01 6.5000000e+00 0.0000000e+00 0.0000000e+00
3.1512000e+05 9.5000000e+01 6.4000001e+00 0.0000000e+00 0.0000000e+00
3.1518000e+05 9.4000000e+01 6.5500000e+00 0.0000000e+00 0.0000000e+00
3.1524000e+05 9.4000000e+01 6.3500001e+00 0.0000000e+00 0.0000000e+00
3.1530000e+05 9.4000000e+01 6.4500000e+00 0.0000000e+00 0.0000000e+00
3.1536000e+05 9.4000000e+01 6.3000000e+00 0.0000000e+00 0.0000000e+00
3.1542000e+05 9.3000000e+01 6.2500000e+00 0.0000000e+00 0.0000000e+00
3.1548000e+05 9.3000000e+01 6.0500000e+00 0.0000000e+00 0.0000000e+00
3.1554000e+05 9.3000000e+01 6.0000000e+00 0.0000000e+00 0.0000000e+00
3.1560000e+05 9.2000000e+01 5.7000000e+00 0.0000000e+00 0.0000000e+00
3.1566000e+05 9.2000000e+01 5.1000001e+00 0.0000000e+00 0.0000000e+00
3.1572000e+05 9.3000000e+01 4.7500000e+00 0.0000000e+00 0.0000000e+00
3.1578000e+05 9.2000000e+01 4.5999999e+00 0.0000000e+00 0.0000000e+00
3.1584000e+05 9.0000000e+01 4.8499999e+00 0.0000000e+00 0.0000000e+00
3.1590000e+05 8.8000000e+01 5.5999999e+00 0.0000000e+00 0.0000000e+00
3.1596000e+05 8.7000000e+01 6.0000000e+00 0.0000000e+00 4.7860708e+00
3.1602000e+05 7.9000000e+01 6.5500000e+00 0.0000000e+00 1.6886959e+01
3.1608000e+05 7.9000000e+01 7.7999997e+00 0.0000000e+00 5.0170639e+01
3.1614000e+05 7.8000000e+01 8.4499998e+00 0.0000000e+00 6.1947418e+01
3.1620000e+05 7.8000000e+01 8.1500001e+00 0.0000000e+00 6.3162430e+01
3.1626000e+05 8.5000000e+01 7.9000001e+00 0.0000000e+00 1.6856810e+01
3.1632000e+05 9.1000000e+01 7.6500001e+00 0.0000000e+00 0.0000000e+00
3.1638000e+05 9.5000000e+01 7.4499998e+00 0.0000000e+00 0.0000000e+00
3.1644000e+05 9.6000000e+01 7.2500000e+00 0.0000000e+00 0.0000000e+00
3.1650000e+05 9.7000000e+01 7.5500002e+00 0.0000000e+00 0.0000000e+00
3.1656000e+05 9.4000000e+01 8.1500001e+00 0.0000000e+00 0.0000000e+00
3.1662000e+05 9.3000000e+01 8.2500000e+00 0.0000000e+00 0.0000000e+00
3.1668000e+05 9.4000000e+01 8.2000000e+00 0.0000000e+00 0.0000000e+00
3.1674000e+05 9.3000000e+01 8.2500000e+00 0.0000000e+00 0.0000000e+00
3.1680000e+05 9.2000000e+01 8.2500000e+00 0.0000000e+00 0.0000000e+00
3.1686000e+05 8.9000000e+01 8.7999997e+00 0.0000000e+00 0.0000000e+00
3.1692000e+05 8.8000000e+01 9.2500000e+00 0.0000000e+00 0.0000000e+00
3.1698000e+05 8.3000000e+01 9.5500002e+00 0.0000000e+00 0.0000000e+00
3.1704000e+05 8.6000000e+01 9.3500004e+00 0.0000000e+00 0.0000000e+00
3.1710000e+05 8.3000000e+01 9.3000002e+00 0.0000000e+00 0.0000000e+00
3.1716000e+05 8.4000000e+01 9.5999999e+00 0.0000000e+00 0.0000000e+00
3.1722000e+05 8.6000000e+01 9.8500004e+00 0.0000000e+00 0.0000000e+00
3.1728000e+05 8.4000000e+01 9.8000002e+00 0.0000000e+00 0.0000000e+00
3.1734000e+05 8.0000000e+01 1.0250000e+01 0.0000000e+00 0.0000000e+00
3.1740000e+05 8.0000000e+01 1.0600000e+01 0.0000000e+00 1.3315110e+01
3.1746000e+05 7.6000000e+01 1.1100000e+01 0.0000000e+00 4.9190861e+01
3.1752000e+05 6.3000000e+01 1.2750000e+01 0.0000000e+00 1.9181110e+02
3.1758000e+05 7.1000000e+01 1.3400000e+01 0.0000000e+00 1.3003540e+02
3.1764000e+05 6.9000000e+01 1.3300000e+01 0.0000000e+00 1.0947790e+02
3.1770000e+05 8.2000000e+01 1.2200000e+01 0.0000000e+00 5.2906841e+01
3.1776000e+05 8.6000000e+01 1.0350000e+01 0.0000000e+00 3.6130741e+00
3.1782000e+05 8.8000000e+01 9.6500001e+00 0.0000000e+00 0.0000000e+00
3.1788000e+05 9.1000000e+01 8.9000001e+00 0.0000000e+00 0.0000000e+00
3.1794000e+05 9.1000000e+01 8.7500000e+00 0.0000000e+00 0.0000000e+00
3.1800000e+05 9.1000000e+01 8.6500001e+00 0.0000000e+00 0.0000000e+00
3.1806000e+05 9.0000000e+01 8.9500003e+00 0.0000000e+00 0.0000000e+00
3.1812000e+05 9.1000000e+01 8.9000001e+00 0.0000000e+00 0.0000000e+00
3.1818000e+05 9.0000000e+01 8.9000001e+00 0.0000000e+00 0.0000000e+00
3.1824000e+05 8.9000000e+01 8.5999999e+00 0.0000000e+00 0.0000000e+00
3.1830000e+05 9.3000000e+01 8.3500001e+00 0.0000000e+00 0.0000000e+00
3.1836000e+05 9.5000000e+01 8.0999999e+00 0.0000000e+00 0.0000000e+00
3.1842000e+05 9.3000000e+01 8.0500000e+00 0.0000000e+00 0.0000000e+00
3.1848000e+05 9.1000000e+01 7.8499999e+00 0.0000000e+00 0.0000000e+00
3.1854000e+05 8.9000000e+01 8.3000002e+00 0.0000000e+00 0.0000000e+00
3.1860000e+05 9.4000000e+01 7.6499999e+00 0.0000000e+00 0.0000000e+00
3.1866000e+05 9.4000000e+01 7.2500000e+00 0.0000000e+00 0.0000000e+00
3.1872000e+05 9.2000000e+01 7.2500000e+00 0.0000000e+00 0.0000000e+00
3.1878000e+05 9.4000000e+01 7.2500000e+00 0.0000000e+00 0.0000000e+00
3.1884000e+05 9.4000000e+01 7.2500000e+00 0.0000000e+00 6.3783598e+00
3.1890000e+05 9.4000000e+01 7.4500000e+00 0.0000000e+00 2.7985399e+01
3.1896000e+05 7.7000000e+01 1.0000000e+01 0.0000000e+00 1.5466640e+02
3.1902000e+05 7.9000000e+01 1.1550000e+01 0.0000000e+00 1.6359959e+02
3.1908000e+05 8.0000000e+01 1.0450000e+01 0.0000000e+00 1.0700960e+02
3.1914000e+05 8.2000000e+01 9.8000002e+00 0.0000000e+00 3.3084068e+01
3.1920000e+05 7.6000000e+01 9.2999997e+00 0.0000000e+00 2.0664840e+00
3.1926000e+05 8.2000000e+01 8.9000001e+00 0.0000000e+00 0.0000000e+00
3.1932000e+05 8.6000000e+01 8.3499999e+00 0.0000000e+00 0.0000000e+00
3.1938000e+05 9.0000000e+01 8.0999999e+00 0.0000000e+00 0.0000000e+00
3.1944000e+05 8.3000000e+01 8.3000002e+00 0.0000000e+00 0.0000000e+00
3.1950000e+05 8.6000000e+01 8.3000000e+00 0.0000000e+00 0.0000000e+00
3.1956000e+05 8.2000000e+01 7.7000000e+00 0.0000000e+00 0.0000000e+00
3.1962000e+05 8.3000000e+01 7.8000000e+00 0.0000000e+00 0.0000000e+00
3.1968000e+05 8.5000000e+01 7.2500000e+00 0.0000000e+00 0.0000000e+00
3.1974000e+05 8.6000000e+01 6.8499999e+00 0.0000000e+00 0.0000000e+00
3.1980000e+05 8.8000000e+01 6.3499999e+00 0.0000000e+00 0.0000000e+00
3.1986000e+05 9.0000000e+01 6.0500000e+00 0.0000000e+00 0.0000000e+00
3.1992000e+05 8.7000000e+01 6.0000000e+00 0.0000000e+00 0.0000000e+00
3.1998000e+05 8.8000000e+01 5.7000000e+00 0.0000000e+00 0.0000000e+00
3.2004000e+05 9.0000000e+01 5.3999999e+00 0.0000000e+00 0.0000000e+00
3.2010000e+05 8.9000000e+01 5.6500001e+00 0.0000000e+00 0.0000000e+00
3.2016000e+05 9.3000000e+01 4.9000001e+00 0.0000000e+00 0.0000000e+00
3.2022000e+05 9.4000000e+01 4.2500000e+00 0.0000000e+00 0.0000000e+00
3.2028000e+05 9.5000000e+01 4.1999999e+00 0.0000000e+00 1.9753469e+01
3.2034000e+05 9.3000000e+01 4.6500001e+00 0.0000000e+00 3.3543259e+01
3.2040000e+05 9.3000000e+01 5.5999999e+00 0.0000000e+00 7.9733437e+01
3.2046000e+05 8.1000000e+01 7.0500002e+00 0.0000000e+00 1.3628999e+02
3.2052000e+05 8.6000000e+01 7.3499999e+00 0.0000000e+00 1.0581800e+02
3.2058000e+05 9.0000000e+01 5.9500000e+00 0.0000000e+00 2.0769751e+01
3.2064000e+05 9.2000000e+01 5.1000001e+00 0.0000000e+00 8.1681472e-01
3.2070000e+05 9.5000000e+01 4.5500002e+00 0.0000000e+00 0.0000000e+00
3.2076000e+05 9.5000000e+01 4.1999999e+00 0.0000000e+00 0.0000000e+00
3.2082000e+05 9.6000000e+01 3.8000000e+00 0.0000000e+00 0.0000000e+00
3.2088000e+05 9.6000000e+01 3.7500000e+00 0.0000000e+00 0.0000000e+00
3.2094000e+05 9.6000000e+01 3.7500000e+00 0.0000000e+00 0.0000000e+00
3.2100000e+05 9.7000000e+01 3.8999999e+00 0.0000000e+00 0.0000000e+00
3.2106000e+05 9.6000000e+01 4.2000000e+00 0.0000000e+00 0.0000000e+00
3.2112000e+05 9.6000000e+01 4.1500001e+00 0.0000000e+00 0.0000000e+00
3.2118000e+05 9.6000000e+01 4.2000000e+00 0.0000000e+00 0.0000000e+00
3.2124000e+05 9.5000000e+01 4.3000000e+00 0.0000000e+00 0.0000000e+00
3.2130000e+05 9.4000000e+01 4.4000001e+00 0.0000000e+00 0.0000000e+00
3.2136000e+05 9.4000000e+01 4.5000000e+00 0.0000000e+00 0.0000000e+00
3.2142000e+05 9.3000000e+01 5.0500000e+00 0.0000000e+00 0.0000000e+00
3.2148000e+05 9.3000000e+01 5.0000000e+00 0.0000000e+00 0.0000000e+00
3.2154000e+05 9.3000000e+01 4.9500000e+00 0.0000000e+00 0.0000000e+00
3.2160000e+05 9.4000000e+01 5.0000000e+00 0.0000000e+00 0.0000000e+00
3.2166000e+05 9.4000000e+01 4.9000001e+00 0.0000000e+00 0.0000000e+00
3.2172000e+05 9.2000000e+01 5.0999999e+00 0.0000000e+00 0.0000000e+00
3.2178000e+05 9.3000000e+01 5.3499999e+00 0.0000000e+00 1.8241911e+01
3.2184000e+05 8.3000000e+01 6.5000000e+00 0.0000000e+00 7.5659721e+01
3.2190000e+05 8.2000000e+01 6.8499999e+00 0.0000000e+00 6.9635880e+01
3.2196000e+05 8.0000000e+01 6.1500001e+00 0.0000000e+00 4.4049931e+01
3.2202000e+05 8.1000000e+01 6.0000000e+00 0.0000000e+00 1.9534410e+01
3.2208000e+05 8.3000000e+01 5.2500000e+00 0.0000000e+00 2.7024829e+00
3.2214000e+05 8.1000000e+01 4.9500000e+00 0.0000000e+00 0.0000000e+00
3.2220000e+05 8.2000000e+01 4.6500001e+00 0.0000000e+00 0.0000000e+00
3.2226000e+05 7.9000000e+01 4.8000000e+00 0.0000000e+00 0.0000000e+00
3.2232000e+05 7.7000000e+01 5.2500000e+00 0.0000000e+00 0.0000000e+00
3.2238000e+05 7.2000000e+01 5.3000000e+00 0.0000000e+00 0.0000000e+00
3.2244000e+05 7.1000000e+01 5.6500001e+00 0.0000000e+00 0.0000000e+00
3.2250000e+05 6.7000000e+01 6.0000000e+00 0.0000000e+00 0.0000000e+00
3.2256000e+05 6.4000000e+01 6.3999999e+00 0.0000000e+00 0.0000000e+00
3.2262000e+05 6.3000000e+01 6.7000000e+00 0.0000000e+00 0.0000000e+00
3.2268000e+05 6.0000000e+01 7.0500002e+00 0.0000000e+00 0.0000000e+00
3.2274000e+05 6.3000000e+01 7.2500000e+00 0.0000000e+00 0.0000000e+00
3.2280000e+05 7.4000000e+01 7.0500002e+00 0.0000000e+00 0.0000000e+00
3.2286000e+05 8.3000000e+01 6.5500002e+00 0.0000000e+00 0.0000000e+00
3.2292000e+05 8.8000000e+01 6.1000001e+00 0.0000000e+00 0.0000000e+00
3.2298000e+05 9.3000000e+01 5.8000000e+00 0.0000000e+00 0.0000000e+00
3.2304000e+05 9.4000000e+01 6.0000000e+00 0.0000000e+00 0.0000000e+00
3.2310000e+05 8.8000000e+01 6.6500001e+00 0.0000000e+00 0.0000000e+00
3.2316000e+05 8.9000000e+01 7.0000000e+00 0.0000000e+00 2.7903349e+00
3.2322000e+05 9.0000000e+01 7.1500001e+00 0.0000000e+00 1.2037790e+01
3.2328000e+05 8.6000000e+01 7.4499998e+00 0.0000000e+00 2.4997869e+01
3.2334000e+05 8.6000000e+01 7.8499999e+00 0.0000000e+00 4.1804878e+01
3.2340000e+05 9.1000000e+01 7.6500001e+00 0.0000000e+00 1.9858940e+01
3.2346000e+05 9.3000000e+01 7.3999999e+00 0.0000000e+00 6.9641519e+00
3.2352000e+05 9.3000000e+01 7.3499999e+00 0.0000000e+00 0.0000000e+00
3.2358000e+05 9.2000000e+01 7.3499999e+00 0.0000000e+00 0.0000000e+00
3.2364000e+05 9.3000000e+01 7.0999999e+00 0.0000000e+00 0.0000000e+00
3.2370000e+05 9.4000000e+01 6.7000000e+00 0.0000000e+00 0.0000000e+00
3.2376000e+05 9.4000000e+01 6.5000000e+00 0.0000000e+00 0.0000000e+00
3.2382000e+05 9.3000000e+01 6.5500000e+00 0.0000000e+00 0.0000000e+00
3.2388000e+05 9.5000000e+01 6.5500000e+00 0.0000000e+00 0.0000000e+00
3.2394000e+05 9.5000000e+01 6.3000000e+00 0.0000000e+00 0.0000000e+00
3.2400000e+05 9.6000000e+01 5.9500000e+00 0.0000000e+00 0.0000000e+00
3.2406000e+05 9.6000000e+01 5.8000000e+00 0.0000000e+00 0.0000000e+00
3.2412000e+05 9.4000000e+01 5.8500001e+00 0.0000000e+00 0.0000000e+00
3.2418000e+05 9.4000000e+01 5.9000001e+00 0.0000000e+00 0.0000000e+00
3.2424000e+05 9.2000000e+01 6.0500002e+00 0.0000000e+00 0.0000000e+00
3.2430000e+05 9.1000000e+01 6.3499999e+00 0.0000000e+00 0.0000000e+00
3.2436000e+05 8.9000000e+01 6.6000001e+00 0.0000000e+00 0.0000000e+00
3.2442000e+05 9.3000000e+01 6.2500000e+00 0.0000000e+00 0.0000000e+00
3.2448000e+05 8.2000000e+01 6.8000000e+00 0.0000000e+00 0.0000000e+00
3.2454000e+05 7.3000000e+01 7.7000003e+00 0.0000000e+00 0.0000000e+00
3.2460000e+05 7.4000000e+01 8.0000000e+00 0.0000000e+00 0.0000000e+00
3.2466000e+05 7.1000000e+01 8.6500001e+00 0.0000000e+00 2.0696859e+00
3.2472000e+05 7.6000000e+01 8.7500000e+00 0.0000000e+00 4.9089150e+00
3.2478000e+05 7.9000000e+01 8.8500004e+00 0.0000000e+00 1.0903250e-01
3.2484000e+05 8.4000000e+01 8.8499999e+00 0.0000000e+00 4.5411811e+00
3.2490000e+05 8.7000000e+01 8.5999999e+00 0.0000000e+00 4.3322310e-01
3.2496000e+05 8.1000000e+01 8.3499999e+00 0.0000000e+00 0.0000000e+00
3.2502000e+05 7.4000000e+01 9.5999999e+00 0.0000000e+00 0.0000000e+00
3.2508000e+05 8.5000000e+01 9.2999997e+00 0.0000000e+00 0.0000000e+00
3.2514000e+05 7.2000000e+01 9.7000003e+00 0.0000000e+00 0.0000000e+00
3.2520000e+05 7.0000000e+01 1.1350000e+01 0.0000000e+00 0.0000000e+00
3.2526000e+05 6.8000000e+01 1.1750000e+01 0.0000000e+00 0.0000000e+00
3.2532000e+05 6.5000000e+01 1.2200000e+01 0.0000000e+00 0.0000000e+00
3.2538000e+05 6.0000000e+01 1.2850000e+01 0.0000000e+00 0.0000000e+00
3.2544000e+05 6.1000000e+01 1.3250000e+01 0.0000000e+00 0.0000000e+00
3.2550000e+05 6.3000000e+01 1.3400000e+01 0.0000000e+00 0.0000000e+00
3.2556000e+05 6.9000000e+01 1.3000000e+01 0.0000000e+00 0.0000000e+00
3.2562000e+05 7.8000000e+01 1.2300000e+01 0.0000000e+00 0.0000000e+00
3.2568000e+05 9.0000000e+01 1.0950000e+01 0.0000000e+00 0.0000000e+00
3.2574000e+05 9.4000000e+01 1.0050000e+01 0.0000000e+00 0.0000000e+00
3.2580000e+05 9.5000000e+01 9.1499996e+00 0.0000000e+00 0.0000000e+00
3.2586000e+05 8.8000000e+01 8.5000000e+00 0.0000000e+00 0.0000000e+00
3.2592000e+05 8.8000000e+01 8.1500001e+00 0.0000000e+00 0.0000000e+00
3.2598000e+05 7.7000000e+01 8.2500000e+00 0.0000000e+00 0.0000000e+00
3.2604000e+05 8.3000000e+01 8.0500002e+00 0.0000000e+00 6.0896068e+00
3.2610000e+05 7.4000000e+01 8.2999997e+00 0.0000000e+00 3.2175419e+01
3.2616000e+05 8.5000000e+01 8.2000000e+00 0.0000000e+00 4.7940311e+01
3.2622000e+05 7.8000000e+01 8.0500000e+00 0.0000000e+00 5.8455841e+01
3.2628000e+05 7.7000000e+01 7.9500000e+00 0.0000000e+00 3.1292801e+01
3.2634000e+05 7.8000000e+01 8.5999999e+00 0.0000000e+00 6.4119649e+00
3.2640000e+05 7.8000000e+01 8.4000001e+00 0.0000000e+00 0.0000000e+00
3.2646000e+05 7.9000000e+01 8.4000001e+00 0.0000000e+00 0.0000000e+00
3.2652000e+05 9.1000000e+01 7.5500000e+00 0.0000000e+00 0.0000000e+00
3.2658000e+05 9.3000000e+01 7.0000000e+00 0.0000000e+00 0.0000000e+00
3.2664000e+05 9.1000000e+01 7.0000000e+00 0.0000000e+00 0.0000000e+00
3.2670000e+05 9.1000000e+01 6.8499999e+00 0.0000000e+00 0.0000000e+00
3.2676000e+05 8.6000000e+01 6.7500000e+00 0.0000000e+00 0.0000000e+00
3.2682000e+05 8.9000000e+01 6.8000000e+00 0.0000000e+00 0.0000000e+00
3.2688000e+05 8.7000000e+01 7.0000000e+00 0.0000000e+00 0.0000000e+00
3.2694000e+05 8.5000000e+01 6.8999999e+00 0.0000000e+00 0.0000000e+00
3.2700000e+05 8.3000000e+01 6.7500000e+00 0.0000000e+00 0.0000000e+00
3.2706000e+05 6.9000000e+01 6.6000001e+00 0.0000000e+00 0.0000000e+00
3.2712000e+05 6.6000000e+01 6.9499998e+00 0.0000000e+00 0.0000000e+00
3.2718000e+05 6.7000000e+01 6.6500001e+00 0.0000000e+00 0.0000000e+00
3.2724000e+05 6.6000000e+01 6.8499999e+00 0.0000000e+00 0.0000000e+00
3.2730000e+05 6.8000000e+01 6.4499998e+00 0.0000000e+00 0.0000000e+00
3.2736000e+05 7.1000000e+01 6.6000001e+00 0.0000000e+00 0.0000000e+00
3.2742000e+05 7.2000000e+01 6.6500001e+00 0.0000000e+00 0.0000000e+00
3.2748000e+05 7.2000000e+01 6.8000000e+00 0.0000000e+00 6.2200489e+00
3.2754000e+05 7.0000000e+01 7.0000000e+00 0.0000000e+00 2.4666439e+01
3.2760000e+05 6.5000000e+01 7.3499999e+00 0.0000000e+00 4.0978600e+01
3.2766000e+05 6.1000000e+01 7.9499998e+00 0.0000000e+00 8.5283577e+01
3.2772000e+05 6.2000000e+01 7.9499998e+00 0.0000000e+00 6.7388237e+01
3.2778000e+05 6.4000000e+01 8.0000002e+00 0.0000000e+00 1.8971319e+01
3.2784000e+05 6.5000000e+01 8.3000002e+00 0.0000000e+00 0.0000000e+00
3.2790000e+05 7.3000000e+01 8.1000001e+00 0.0000000e+00 0.0000000e+00
3.2796000e+05 8.0000000e+01 7.8000000e+00 0.0000000e+00 0.0000000e+00
3.2802000e+05 8.4000000e+01 7.8000000e+00 0.0000000e+00 0.0000000e+00
3.2808000e+05 7.8000000e+01 8.5500002e+00 0.0000000e+00 0.0000000e+00
3.2814000e+05 7.7000000e+01 9.5500002e+00 0.0000000e+00 0.0000000e+00
3.2820000e+05 7.7000000e+01 9.8499999e+00 0.0000000e+00 0.0000000e+00
3.2826000e+05 7.5000000e+01 1.0150000e+01 0.0000000e+00 0.0000000e+00
3.2832000e+05 7.6000000e+01 1.0750000e+01 0.0000000e+00 0.0000000e+00
3.2838000e+05 7.6000000e+01 1.0950000e+01 0.0000000e+00 0.0000000e+00
3.2844000e+05 7.5000000e+01 1.1300000e+01 0.0000000e+00 0.0000000e+00
3.2850000e+05 6.8000000e+01 1.1850000e+01 0.0000000e+00 0.0000000e+00
3.2856000e+05 7.2000000e+01 1.2050000e+01 0.0000000e+00 0.0000000e+00
3.2862000e+05 6.8000000e+01 1.1750000e+01 0.0000000e+00 0.0000000e+00
3.2868000e+05 5.8000000e+01 1.2250000e+01 0.0000000e+00 0.0000000e+00
3.2874000e+05 6.1000000e+01 1.3000000e+01 0.0000000e+00 0.0000000e+00
3.2880000e+05 5.9000000e+01 1.3200000e+01 0.0000000e+00 0.0000000e+00
3.2886000e+05 5.9000000e+01 1.3200000e+01 0.0000000e+00 0.0000000e+00
3.2892000e+05 5.9000000e+01 1.3500000e+01 0.0000000e+00 6.7911811e+00
3.2898000e+05 5.8000000e+01 1.3650000e+01 0.0000000e+00 3.5720669e+01
3.2904000e+05 5.5000000e+01 1.3700000e+01 0.0000000e+00 2.2417641e+01
3.2910000e+05 5.5000000e+01 1.3550000e+01 0.0000000e+00 3.8643459e+01
3.2916000e+05 5.7000000e+01 1.3450000e+01 0.0000000e+00 1.7454081e+01
3.2922000e+05 5.7000000e+01 1.3400000e+01 0.0000000e+00 1.4035750e+01
3.2928000e+05 6.7000000e+01 1.2800000e+01 0.0000000e+00 0.0000000e+00
3.2934000e+05 8.1000000e+01 1.1100000e+01 0.0000000e+00 0.0000000e+00
3.2940000e+05 9.1000000e+01 1.0150000e+01 0.0000000e+00 0.0000000e+00
3.2946000e+05 9.1000000e+01 1.0000000e+01 0.0000000e+00 0.0000000e+00
3.2952000e+05 9.2000000e+01 1.0050000e+01 0.0000000e+00 0.0000000e+00
3.2958000e+05 8.9000000e+01 9.6999998e+00 0.0000000e+00 0.0000000e+00
3.2964000e+05 8.1000000e+01 7.8499999e+00 0.0000000e+00 0.0000000e+00
3.2970000e+05 7.5000000e+01 7.0000000e+00 0.0000000e+00 0.0000000e+00
3.2976000e+05 8.2000000e+01 6.0500002e+00 0.0000000e+00 0.0000000e+00
3.2982000e+05 7.6000000e+01 5.4500000e+00 0.0000000e+00 0.0000000e+00
3.2988000e+05 7.4000000e+01 4.6000000e+00 0.0000000e+00 0.0000000e+00
3.2994000e+05 7.8000000e+01 3.8000000e+00 0.0000000e+00 0.0000000e+00
3.3000000e+05 7.7000000e+01 3.0500000e+00 0.0000000e+00 0.0000000e+00
3.3006000e+05 8.5000000e+01 2.7000000e+00 0.0000000e+00 0.0000000e+00
3.3012000e+05 8.9000000e+01 1.7000000e+00 0.0000000e+00 0.0000000e+00
3.3018000e+05 8.0000000e+01 1.7000000e+00 0.0000000e+00 0.0000000e+00
3.3024000e+05 7.3000000e+01 2.0500000e+00 0.0000000e+00 0.0000000e+00
3.3030000e+05 8.4000000e+01 1.8000000e+00 0.0000000e+00 0.0000000e+00
3.3036000e+05 6.3000000e+01 2.9499999e+00 0.0000000e+00 0.0000000e+00
3.3042000e+05 8.2000000e+01 3.2500000e+00 0.0000000e+00 0.0000000e+00
3.3048000e+05 8.7000000e+01 2.5500000e+00 0.0000000e+00 3.5072920e-01
3.3054000e+05 9.1000000e+01 2.2000000e+00 0.0000000e+00 0.0000000e+00
3.3060000e+05 8.2000000e+01 3.0000000e+00 0.0000000e+00 0.0000000e+00
3.3066000e+05 7.6000000e+01 4.3500000e+00 0.0000000e+00 4.2773981e+00
3.3072000e+05 8.4000000e+01 4.1999999e+00 0.0000000e+00 0.0000000e+00
3.3078000e+05 8.6000000e+01 3.9500000e+00 0.0000000e+00 0.0000000e+00
3.3084000e+05 6.4000000e+01 4.4000000e+00 0.0000000e+00 0.0000000e+00
3.3090000e+05 6.7000000e+01 4.8499999e+00 0.0000000e+00 0.0000000e+00
3.3096000e+05 7.6000000e+01 4.6499999e+00 0.0000000e+00 0.0000000e+00
3.3102000e+05 7.7000000e+01 4.0000000e+00 0.0000000e+00 0.0000000e+00
3.3108000e+05 7.6000000e+01 4.2500000e+00 0.0000000e+00 0.0000000e+00
3.3114000e+05 8.2000000e+01 4.1500001e+00 0.0000000e+00 0.0000000e+00
3.3120000e+05 7.7000000e+01 4.5999999e+00 0.0000000e+00 0.0000000e+00
3.3126000e+05 8.7000000e+01 4.4999999e+00 0.0000000e+00 0.0000000e+00
3.3132000e+05 8.8000000e+01 4.8000000e+00 0.0000000e+00 0.0000000e+00
3.3138000e+05 8.2000000e+01 5.3999999e+00 0.0000000e+00 0.0000000e+00
3.3144000e+05 8.9000000e+01 5.2500000e+00 0.0000000e+00 0.0000000e+00
3.3150000e+05 8.8000000e+01 5.1000001e+00 0.0000000e+00 0.0000000e+00
3.3156000e+05 8.0000000e+01 5.5500000e+00 0.0000000e+00 0.0000000e+00
3.3162000e+05 8.1000000e+01 5.4500000e+00 0.0000000e+00 0.0000000e+00
3.3168000e+05 8.8000000e+01 5.5500000e+00 0.0000000e+00 0.0000000e+00
3.3174000e+05 9.1000000e+01 4.3500000e+00 0.0000000e+00 0.0000000e+00
3.3180000e+05 9.2000000e+01 3.6500000e+00 0.0000000e+00 0.0000000e+00
3.3186000e+05 9.3000000e+01 4.0500000e+00 0.0000000e+00 0.0000000e+00
3.3192000e+05 9.4000000e+01 3.9500000e+00 0.0000000e+00 4.4338840e-01
3.3198000e+05 9.5000000e+01 3.5500001e+00 0.0000000e+00 1.6218651e+01
3.3204000e+05 9.1000000e+01 3.8000001e+00 0.0000000e+00 1.9287580e+01
3.3210000e+05 9.4000000e+01 3.4000001e+00 0.0000000e+00 0.0000000e+00
3.3216000e+05 9.1000000e+01 2.7000000e+00 0.0000000e+00 0.0000000e+00
3.3222000e+05 9.4000000e+01 2.5000000e+00 0.0000000e+00 0.0000000e+00
3.3228000e+05 9.4000000e+01 2.4499999e+00 0.0000000e+00 0.0000000e+00
3.3234000e+05 8.9000000e+01 2.2500000e+00 0.0000000e+00 0.0000000e+00
3.3240000e+05 9.2000000e+01 1.9000000e+00 0.0000000e+00 0.0000000e+00
3.3246000e+05 9.2000000e+01 1.3000000e+00 0.0000000e+00 0.0000000e+00
3.3252000e+05 9.0000000e+01 1.1000000e+00 0.0000000e+00 0.0000000e+00
3.3258000e+05 9.3000000e+01 9.0000001e-01 0.0000000e+00 0.0000000e+00
3.3264000e+05 8.2000000e+01 8.0000003e-01 0.0000000e+00 0.0000000e+00
3.3270000e+05 8.8000000e+01 1.0000000e+00 0.0000000e+00 0.0000000e+00
3.3276000e+05 9.0000000e+01 6.5000001e-01 0.0000000e+00 0.0000000e+00
3.3282000e+05 9.2000000e+01 4.5000000e-01 0.0000000e+00 0.0000000e+00
3.3288000e+05 9.4000000e+01 4.0000001e-01 0.0000000e+00 0.0000000e+00
3.3294000e+05 9.5000000e+01 4.0000001e-01 0.0000000e+00 0.0000000e+00
3.3300000e+05 9.5000000e+01 1.5000001e-01 0.0000000e+00 0.0000000e+00
3.3306000e+05 9.5000000e+01 0.0000000e+00 0.0000000e+00 0.0000000e+00
3.3312000e+05 9.4000000e+01 1.0000000e-01 0.0000000e+00 0.0000000e+00
3.3318000e+05 9.2000000e+01 2.9999999e-01 0.0000000e+00 0.0000000e+00
3.3324000e+05 9.3000000e+01 6.5000001e-01 0.0000000e+00 0.0000000e+00
3.3330000e+05 9.4000000e+01 8.0000001e-01 0.0000000e+00 1.1490100e+01
3.3336000e+05 9.5000000e+01 6.4999999e-01 0.0000000e+00 1.0226120e+01
3.3342000e+05 9.5000000e+01 8.4999999e-01 0.0000000e+00 3.4668892e+01
3.3348000e+05 9.5000000e+01 9.5000002e-01 0.0000000e+00 4.4128979e+01
3.3354000e+05 9.5000000e+01 8.4999999e-01 0.0000000e+00 2.0476229e+00
3.3360000e+05 9.5000000e+01 1.0000000e+00 0.0000000e+00 0.0000000e+00
3.3366000e+05 9.4000000e+01 1.2000000e+00 0.0000000e+00 0.0000000e+00
3.3372000e+05 9.4000000e+01 1.1500000e+00 0.0000000e+00 0.0000000e+00
3.3378000e+05 9.6000000e+01 6.4999999e-01 0.0000000e+00 0.0000000e+00
3.3384000e+05 9.6000000e+01 4.0000001e-01 0.0000000e+00 0.0000000e+00
3.3390000e+05 9.6000000e+01 4.0000001e-01 0.0000000e+00 0.0000000e+00
3.3396000e+05 9.7000000e+01 3.5000000e-01 0.0000000e+00 0.0000000e+00
3.3402000e+05 9.6000000e+01 4.0000001e-01 0.0000000e+00 0.0000000e+00
3.3408000e+05 9.7000000e+01 4.5000000e-01 0.0000000e+00 0.0000000e+00
3.3414000e+05 9.7000000e+01 2.5000000e-01 0.0000000e+00 0.0000000e+00
3.3420000e+05 9.7000000e+01 1.5000000e-01 0.0000000e+00 0.0000000e+00
3.3426000e+05 9.7000000e+01 2.0000001e-01 0.0000000e+00 0.0000000e+00
3.3432000e+05 9.7000000e+01 3.0000000e-01 0.0000000e+00 0.0000000e+00
3.3438000e+05 9.7000000e+01 1.5000001e-01 0.0000000e+00 0.0000000e+00
3.3444000e+05 9.7000000e+01 5.0000001e-02 0.0000000e+00 0.0000000e+00
3.3450000e+05 9.7000000e+01 1.5000000e-01 0.0000000e+00 0.0000000e+00
3.3456000e+05 9.7000000e+01 5.0000001e-02 0.0000000e+00 0.0000000e+00
3.3462000e+05 9.7000000e+01 1.0000000e-01 0.0000000e+00 0.0000000e+00
3.3468000e+05 9.7000000e+01 1.0000000e-01 0.0000000e+00 0.0000000e+00
3.3474000e+05 9.7000000e+01 2.5000001e-01 0.0000000e+00 2.0269310e+00
3.3480000e+05 9.6000000e+01 4.5000002e-01 0.0000000e+00 5.8298779e+00
3.3486000e+05 9.5000000e+01 5.9999999e-01 0.0000000e+00 5.4073730e+00
3.3492000e+05 9.4000000e+01 5.9999999e-01 0.0000000e+00 6.2041359e+00
3.3498000e+05 9.4000000e+01 3.5000001e-01 0.0000000e+00 2.0275791e+00
3.3504000e+05 9.4000000e+01 -1.5000000e-01 0.0000000e+00 0.0000000e+00
3.3510000e+05 9.4000000e+01 -6.9999999e-01 0.0000000e+00 0.0000000e+00
3.3516000e+05 9.4000000e+01 -1.1500000e+00 0.0000000e+00 0.0000000e+00
3.3522000e+05 9.3000000e+01 -1.4500000e+00 0.0000000e+00 0.0000000e+00
3.3528000e+05 9.4000000e+01 -1.8000000e+00 0.0000000e+00 0.0000000e+00
3.3534000e+05 9.3000000e+01 -2.0500000e+00 0.0000000e+00 0.0000000e+00
3.3540000e+05 9.3000000e+01 -2.2000000e+00 0.0000000e+00 0.0000000e+00
3.3546000e+05 9.4000000e+01 -2.1500000e+00 0.0000000e+00 0.0000000e+00
3.3552000e+05 9.2000000e+01 -2.0000000e+00 0.0000000e+00 0.0000000e+00
3.3558000e+05 9.3000000e+01 -1.4500000e+00 0.0000000e+00 0.0000000e+00
3.3564000e+05 9.4000000e+01 -1.4500000e+00 0.0000000e+00 0.0000000e+00
3.3570000e+05 9.3000000e+01 -1.5000000e+00 0.0000000e+00 0.0000000e+00
3.3576000e+05 9.2000000e+01 -1.7000000e+00 0.0000000e+00 0.0000000e+00
3.3582000e+05 9.4000000e+01 -1.9999999e+00 0.0000000e+00 0.0000000e+00
3.3588000e+05 9.4000000e+01 -2.0500000e+00 0.0000000e+00 0.0000000e+00
3.3594000e+05 9.2000000e+01 -1.9500000e+00 0.0000000e+00 0.0000000e+00
3.3600000e+05 9.0000000e+01 -1.7000000e+00 0.0000000e+00 0.0000000e+00
3.3606000e+05 9.2000000e+01 -1.9000000e+00 0.0000000e+00 0.0000000e+00
3.3612000e+05 9.1000000e+01 -1.6500000e+00 0.0000000e+00 0.0000000e+00
3.3618000e+05 9.2000000e+01 -8.5000002e-01 0.0000000e+00 7.6549778e+00
3.3624000e+05 9.2000000e+01 -5.5000000e-01 0.0000000e+00 1.9428960e+00
3.3630000e+05 9.2000000e+01 -6.0000001e-01 0.0000000e+00 6.6214771e+00
3.3636000e+05 9.1000000e+01 -4.9999997e-02 0.0000000e+00 1.0505940e+01
3.3642000e+05 9.1000000e+01 5.0000004e-02 0.0000000e+00 2.9138119e+00
3.3648000e+05 9.3000000e+01 -2.5000000e-01 0.0000000e+00 0.0000000e+00
3.3654000e+05 9.4000000e+01 -4.0000001e-01 0.0000000e+00 0.0000000e+00
3.3660000e+05 9.3000000e+01 -5.9999999e-01 0.0000000e+00 0.0000000e+00
3.3666000e+05 9.5000000e+01 -7.0000002e-01 0.0000000e+00 0.0000000e+00
3.3672000e+05 9.5000000e+01 -5.5000001e-01 0.0000000e+00 0.0000000e+00
3.3678000e+05 9.3000000e+01 -4.0000001e-01 0.0000000e+00 0.0000000e+00
3.3684000e+05 9.2000000e+01 -2.5000001e-01 0.0000000e+00 0.0000000e+00
3.3690000e+05 9.3000000e+01 -7.0000002e-01 0.0000000e+00 0.0000000e+00
3.3696000e+05 9.1000000e+01 -1.1000000e+00 0.0000000e+00 0.0000000e+00
3.3702000e+05 9.2000000e+01 -1.4000000e+00 0.0000000e+00 0.0000000e+00
3.3708000e+05 9.0000000e+01 -1.8500000e+00 0.0000000e+00 0.0000000e+00
3.3714000e+05 8.6000000e+01 -1.9499999e+00 0.0000000e+00 0.0000000e+00
3.3720000e+05 8.6000000e+01 -2.0500000e+00 0.0000000e+00 0.0000000e+00
3.3726000e+05 8.6000000e+01 -2.3000000e+00 0.0000000e+00 0.0000000e+00
3.3732000e+05 8.4000000e+01 -2.6500000e+00 0.0000000e+00 0.0000000e+00
3.3738000e+05 8.5000000e+01 -2.8499999e+00 0.0000000e+00 0.0000000e+00
3.3744000e+05 8.6000000e+01 -3.2500000e+00 0.0000000e+00 0.0000000e+00
3.3750000e+05 8.4000000e+01 -3.3000001e+00 0.0000000e+00 0.0000000e+00
3.3756000e+05 8.4000000e+01 -3.2500000e+00 0.0000000e+00 0.0000000e+00
3.3762000e+05 8.1000000e+01 -3.1000000e+00 0.0000000e+00 3.0995059e+00
3.3768000e+05 8.0000000e+01 -2.5000000e+00 0.0000000e+00 2.3887680e+01
3.3774000e+05 7.5000000e+01 -2.5500000e+00 0.0000000e+00 2.3978451e+01
3.3780000e+05 7.4000000e+01 -2.8499999e+00 0.0000000e+00 1.1878020e+01
3.3786000e+05 7.5000000e+01 -3.5000000e+00 0.0000000e+00 2.1219110e+00
3.3792000e+05 8.6000000e+01 -4.5000000e+00 0.0000000e+00 0.0000000e+00
3.3798000e+05 8.6000000e+01 -5.3499999e+00 0.0000000e+00 0.0000000e+00
3.3804000e+05 8.3000000e+01 -5.6499999e+00 0.0000000e+00 0.0000000e+00
3.3810000e+05 8.7000000e+01 -5.8999999e+00 0.0000000e+00 0.0000000e+00
3.3816000e+05 8.8000000e+01 -6.3000000e+00 0.0000000e+00 0.0000000e+00
3.3822000e+05 9.0000000e+01 -5.9000001e+00 0.0000000e+00 0.0000000e+00
3.3828000e+05 9.1000000e+01 -4.9500000e+00 0.0000000e+00 0.0000000e+00
3.3834000e+05 9.2000000e+01 -4.4000001e+00 0.0000000e+00 0.0000000e+00
3.3840000e+05 9.2000000e+01 -4.3999999e+00 0.0000000e+00 0.0000000e+00
3.3846000e+05 9.2000000e+01 -5.0500000e+00 0.0000000e+00 0.0000000e+00
3.3852000e+05 9.3000000e+01 -5.1500001e+00 0.0000000e+00 0.0000000e+00
3.3858000e+05 9.3000000e+01 -5.0000000e+00 0.0000000e+00 0.0000000e+00
3.3864000e+05 9.3000000e+01 -5.0000000e+00 0.0000000e+00 0.0000000e+00
3.3870000e+05 9.4000000e+01 -4.6000001e+00 0.0000000e+00 0.0000000e+00
3.3876000e+05 9.4000000e+01 -4.3000000e+00 0.0000000e+00 0.0000000e+00
3.3882000e+05 9.5000000e+01 -3.9000001e+00 0.0000000e+00 0.0000000e+00
3.3888000e+05 9.4000000e+01 -3.3000000e+00 0.0000000e+00 0.0000000e+00
3.3894000e+05 9.4000000e+01 -3.1500000e+00 0.0000000e+00 0.0000000e+00
3.3900000e+05 9.3000000e+01 -2.8500000e+00 0.0000000e+00 0.0000000e+00
3.3906000e+05 9.3000000e+01 -2.4000000e+00 0.0000000e+00 4.7410970e+00
3.3912000e+05 9.0000000e+01 -1.6500000e+00 0.0000000e+00 5.1274762e+00
3.3918000e+05 9.1000000e+01 -1.1500000e+00 0.0000000e+00 5.0660782e+00
3.3924000e+05 9.4000000e+01 -7.5000000e-01 0.0000000e+00 0.0000000e+00
3.3930000e+05 9.3000000e+01 -2.0000000e-01 0.0000000e+00 0.0000000e+00
3.3936000e+05 9.2000000e+01 -1.5000000e-01 0.0000000e+00 0.0000000e+00
3.3942000e+05 9.5000000e+01 -5.0000001e-01 0.0000000e+00 0.0000000e+00
3.3948000e+05 9.4000000e+01 -7.5000000e-01 0.0000000e+00 0.0000000e+00
3.3954000e+05 9.5000000e+01 -6.5000001e-01 0.0000000e+00 0.0000000e+00
3.3960000e+05 9.4000000e+01 -2.5000001e-01 0.0000000e+00 0.0000000e+00
3.3966000e+05 9.5000000e+01 -5.0000001e-02 0.0000000e+00 0.0000000e+00
3.3972000e+05 9.4000000e+01 1.0000000e-01 0.0000000e+00 0.0000000e+00
3.3978000e+05 9.4000000e+01 3.0000000e-01 0.0000000e+00 0.0000000e+00
3.3984000e+05 9.4000000e+01 4.5000002e-01 0.0000000e+00 0.0000000e+00
3.3990000e+05 9.3000000e+01 6.5000001e-01 0.0000000e+00 0.0000000e+00
3.3996000e+05 8.8000000e+01 7.5000001e-01 0.0000000e+00 0.0000000e+00
3.4002000e+05 9.0000000e+01 8.5000002e-01 0.0000000e+00 0.0000000e+00
3.4008000e+05 8.9000000e+01 1.2500000e+00 0.0000000e+00 0.0000000e+00
3.4014000e+05 9.1000000e+01 1.0500000e+00 0.0000000e+00 0.0000000e+00
3.4020000e+05 9.5000000e+01 8.4999998e-01 0.0000000e+00 0.0000000e+00
3.4026000e+05 9.4000000e+01 6.5000001e-01 0.0000000e+00 0.0000000e+00
3.4032000e+05 9.4000000e+01 7.5000000e-01 0.0000000e+00 0.0000000e+00
3.4038000e+05 9.5000000e+01 5.9999999e-01 0.0000000e+00 0.0000000e+00
3.4044000e+05 9.6000000e+01 3.5000000e-01 0.0000000e+00 0.0000000e+00
3.4050000e+05 9.5000000e+01 4.5000002e-01 0.0000000e+00 0.0000000e+00
3.4056000e+05 9.4000000e+01 6.0000001e-01 0.0000000e+00 9.1343107e+00
3.4062000e+05 9.5000000e+01 7.0000002e-01 0.0000000e+00 4.6766839e+00
3.4068000e+05 9.5000000e+01 5.0000000e-01 0.0000000e+00 1.0203220e+01
3.4074000e+05 9.6000000e+01 2.5000001e-01 0.0000000e+00 0.0000000e+00
3.4080000e+05 9.5000000e+01 3.0000000e-01 0.0000000e+00 0.0000000e+00
3.4086000e+05 9.1000000e+01 5.0000001e-01 0.0000000e+00 0.0000000e+00
3.4092000e+05 9.3000000e+01 6.0000001e-01 0.0000000e+00 0.0000000e+00
3.4098000e+05 9.5000000e+01 -5.0000004e-02 0.0000000e+00 0.0000000e+00
3.4104000e+05 9.5000000e+01 -6.0000000e-01 0.0000000e+00 0.0000000e+00
3.4110000e+05 9.6000000e+01 -1.2000000e+00 0.0000000e+00 0.0000000e+00
3.4116000e+05 9.5000000e+01 -1.3500000e+00 0.0000000e+00 0.0000000e+00
3.4122000e+05 9.2000000e+01 -1.3000000e+00 0.0000000e+00 0.0000000e+00
3.4128000e+05 8.7000000e+01 -1.1000000e+00 0.0000000e+00 0.0000000e+00
3.4134000e+05 7.7000000e+01 -9.5000002e-01 0.0000000e+00 0.0000000e+00
3.4140000e+05 8.0000000e+01 -1.1500000e+00 0.0000000e+00 0.0000000e+00
3.4146000e+05 7.7000000e+01 -1.3000000e+00 0.0000000e+00 0.0000000e+00
3.4152000e+05 7.3000000e+01 -1.1000000e+00 0.0000000e+00 0.0000000e+00
3.4158000e+05 6.9000000e+01 -6.5000001e-01 0.0000000e+00 0.0000000e+00
3.4164000e+05 6.4000000e+01 4.9999997e-02 0.0000000e+00 0.0000000e+00
3.4170000e+05 6.1000000e+01 5.5000001e-01 0.0000000e+00 0.0000000e+00
3.4176000e+05 6.5000000e+01 1.4000000e+00 0.0000000e+00 0.0000000e+00
3.4182000e+05 6.1000000e+01 2.8500000e+00 0.0000000e+00 0.0000000e+00
3.4188000e+05 6.7000000e+01 3.6500001e+00 0.0000000e+00 0.0000000e+00
3.4194000e+05 7.5000000e+01 3.6500000e+00 0.0000000e+00 0.0000000e+00
3.4200000e+05 8.3000000e+01 3.6500001e+00 0.0000000e+00 6.2673211e+00
3.4206000e+05 7.6000000e+01 4.6000000e+00 0.0000000e+00 1.1383520e+01
3.4212000e+05 6.5000000e+01 6.8999999e+00 0.0000000e+00 9.3231440e-01
3.4218000e+05 6.7000000e+01 8.6999998e+00 0.0000000e+00 2.4380591e+00
3.4224000e+05 7.2000000e+01 7.0999999e+00 0.0000000e+00 0.0000000e+00
3.4230000e+05 8.5000000e+01 6.3000000e+00 0.0000000e+00 0.0000000e+00
3.4236000e+05 8.7000000e+01 4.8000000e+00 0.0000000e+00 0.0000000e+00
3.4242000e+05 7.7000000e+01 5.5000000e+00 0.0000000e+00 0.0000000e+00
3.4248000e+05 5.9000000e+01 8.2000000e+00 0.0000000e+00 0.0000000e+00
3.4254000e+05 5.6000000e+01 9.1999998e+00 0.0000000e+00 0.0000000e+00
3.4260000e+05 5.5000000e+01 8.6500001e+00 0.0000000e+00 0.0000000e+00
3.4266000e+05 5.6000000e+01 8.6999998e+00 0.0000000e+00 0.0000000e+00
3.4272000e+05 6.1000000e+01 7.9499998e+00 0.0000000e+00 0.0000000e+00
3.4278000e+05 7.1000000e+01 7.0000000e+00 0.0000000e+00 0.0000000e+00
3.4284000e+05 7.5000000e+01 6.4500000e+00 0.0000000e+00 0.0000000e+00
3.4290000e+05 6.9000000e+01 6.7500000e+00 0.0000000e+00 0.0000000e+00
3.4296000e+05 6.8000000e+01 6.2500000e+00 0.0000000e+00 0.0000000e+00
3.4302000e+05 7.2000000e+01 6.0000000e+00 0.0000000e+00 0.0000000e+00
3.4308000e+05 6.7000000e+01 6.3500001e+00 0.0000000e+00 0.0000000e+00
3.4314000e+05 6.9000000e+01 6.1999998e+00 0.0000000e+00 0.0000000e+00
3.4320000e+05 5.7000000e+01 6.9500000e+00 0.0000000e+00 0.0000000e+00
3.4326000e+05 4.9000000e+01 9.2500000e+00 0.0000000e+00 0.0000000e+00
3.4332000e+05 5.3000000e+01 9.7000003e+00 0.0000000e+00 0.0000000e+00
3.4338000e+05 5.1000000e+01 9.7000003e+00 0.0000000e+00 1.7626301e+01
3.4344000e+05 6.1000000e+01 9.0500000e+00 0.0000000e+00 4.5379318e+01
3.4350000e+05 5.6000000e+01 9.5999999e+00 0.0000000e+00 4.1175732e+01
3.4356000e+05 5.8000000e+01 9.3499999e+00 0.0000000e+00 9.2298956e+00
3.4362000e+05 5.2000000e+01 8.5999999e+00 0.0000000e+00 5.2242122e+00
3.4368000e+05 6.1000000e+01 8.9499998e+00 0.0000000e+00 0.0000000e+00
3.4374000e+05 6.3000000e+01 6.8499999e+00 0.0000000e+00 0.0000000e+00
3.4380000e+05 5.9000000e+01 8.0000000e+00 0.0000000e+00 0.0000000e+00
3.4386000e+05 5.7000000e+01 8.1000001e+00 0.0000000e+00 0.0000000e+00
3.4392000e+05 4.9000000e+01 9.2000000e+00 0.0000000e+00 0.0000000e+00
3.4398000e+05 4.7000000e+01 9.7000003e+00 0.0000000e+00 0.0000000e+00
3.4404000e+05 5.1000000e+01 9.7000003e+00 0.0000000e+00 0.0000000e+00
3.4410000e+05 5.4000000e+01 8.7000003e+00 0.0000000e+00 0.0000000e+00
3.4416000e+05 5.3000000e+01 9.1999998e+00 0.0000000e+00 0.0000000e+00
3.4422000e+05 5.9000000e+01 8.4999998e+00 0.0000000e+00 0.0000000e+00
3.4428000e+05 6.5000000e+01 7.1500001e+00 0.0000000e+00 0.0000000e+00
3.4434000e+05 6.8000000e+01 5.9000001e+00 0.0000000e+00 0.0000000e+00
3.4440000e+05 6.7000000e+01 5.3499999e+00 0.0000000e+00 0.0000000e+00
3.4446000e+05 6.5000000e+01 5.7500000e+00 0.0000000e+00 0.0000000e+00
3.4452000e+05 6.8000000e+01 5.5500000e+00 0.0000000e+00 0.0000000e+00
3.4458000e+05 7.6000000e+01 5.0999999e+00 0.0000000e+00 0.0000000e+00
3.4464000e+05 8.2000000e+01 4.9000001e+00 0.0000000e+00 0.0000000e+00
3.4470000e+05 8.6000000e+01 5.2500000e+00 0.0000000e+00 0.0000000e+00
3.4476000e+05 9.1000000e+01 5.0000000e+00 0.0000000e+00 0.0000000e+00
3.4482000e+05 9.0000000e+01 5.2500000e+00 0.0000000e+00 0.0000000e+00
3.4488000e+05 8.9000000e+01 5.0500000e+00 0.0000000e+00 0.0000000e+00
3.4494000e+05 8.7000000e+01 4.8000000e+00 0.0000000e+00 1.4040760e+01
3.4500000e+05 8.6000000e+01 4.7000000e+00 0.0000000e+00 1.2754590e+01
3.4506000e+05 8.6000000e+01 4.5000000e+00 0.0000000e+00 8.6811085e+00
3.4512000e+05 8.5000000e+01 4.3999999e+00 0.0000000e+00 0.0000000e+00
3.4518000e+05 8.6000000e+01 4.1500001e+00 0.0000000e+00 0.0000000e+00
3.4524000e+05 8.3000000e+01 3.9999999e+00 0.0000000e+00 0.0000000e+00
3.4530000e+05 7.9000000e+01 3.8000001e+00 0.0000000e+00 0.0000000e+00
3.4536000e+05 8.1000000e+01 3.5000000e+00 0.0000000e+00 0.0000000e+00
3.4542000e+05 8.4000000e+01 3.0000000e+00 0.0000000e+00 0.0000000e+00
3.4548000e+05 8.7000000e+01 2.1000000e+00 0.0000000e+00 0.0000000e+00
3.4554000e+05 8.8000000e+01 1.8000000e+00 0.0000000e+00 0.0000000e+00
3.4560000e+05 9.0000000e+01 1.3500000e+00 0.0000000e+00 0.0000000e+00
3.4566000e+05 9.0000000e+01 1.1000000e+00 0.0000000e+00 0.0000000e+00
3.4572000e+05 9.2000000e+01 8.0000001e-01 0.0000000e+00 0.0000000e+00
3.4578000e+05 8.9000000e+01 5.0000001e-01 0.0000000e+00 0.0000000e+00
3.4584000e+05 8.7000000e+01 6.0000000e-01 0.0000000e+00 0.0000000e+00
3.4590000e+05 8.4000000e+01 7.5000001e-01 0.0000000e+00 0.0000000e+00
3.4596000e+05 8.3000000e+01 6.9999999e-01 0.0000000e+00 0.0000000e+00
3.4602000e+05 7.9000000e+01 5.0000001e-01 0.0000000e+00 0.0000000e+00
3.4608000e+05 7.7000000e+01 5.0000001e-01 0.0000000e+00 0.0000000e+00
3.4614000e+05 7.4000000e+01 8.0000001e-01 0.0000000e+00 0.0000000e+00
3.4620000e+05 7.7000000e+01 9.5000002e-01 0.0000000e+00 0.0000000e+00
3.4626000e+05 8.4000000e+01 4.9999999e-01 0.0000000e+00 2.4166210e+00
3.4632000e+05 8.2000000e+01 6.0000000e-01 0.0000000e+00 8.7009554e+00
3.4638000e+05 7.5000000e+01 1.1500000e+00 0.0000000e+00 4.4004452e+01
3.4644000e+05 8.2000000e+01 1.1500000e+00 0.0000000e+00 1.0853360e+01
3.4650000e+05 7.6000000e+01 5.9999999e-01 0.0000000e+00 7.8676671e-01
3.4656000e+05 7.9000000e+01 4.9999999e-01 0.0000000e+00 0.0000000e+00
3.4662000e+05 7.9000000e+01 1.5000001e-01 0.0000000e+00 0.0000000e+00
3.4668000e+05 8.2000000e+01 -2.5000000e-01 0.0000000e+00 0.0000000e+00
3.4674000e+05 7.7000000e+01 -3.5000000e-01 0.0000000e+00 0.0000000e+00
3.4680000e+05 7.8000000e+01 -3.5000000e-01 0.0000000e+00 0.0000000e+00
3.4686000e+05 7.9000000e+01 -5.5000001e-01 0.0000000e+00 0.0000000e+00
3.4692000e+05 8.0000000e+01 -9.5000002e-01 0.0000000e+00 0.0000000e+00
3.4698000e+05 8.0000000e+01 -1.1000000e+00 0.0000000e+00 0.0000000e+00
3.4704000e+05 8.0000000e+01 -1.2000000e+00 0.0000000e+00 0.0000000e+00
3.4710000e+05 7.9000000e+01 -9.9999997e-01 0.0000000e+00 0.0000000e+00
3.4716000e+05 8.0000000e+01 -9.5000002e-01 0.0000000e+00 0.0000000e+00
3.4722000e+05 8.1000000e+01 -1.2500000e+00 0.0000000e+00 0.0000000e+00
3.4728000e+05 8.0000000e+01 -1.3000000e+00 0.0000000e+00 0.0000000e+00
3.4734000e+05 7.9000000e+01 -1.1000000e+00 0.0000000e+00 0.0000000e+00
3.4740000e+05 7.9000000e+01 -1.0500000e+00 0.0000000e+00 0.0000000e+00
3.4746000e+05 7.8000000e+01 -1.0500000e+00 0.0000000e+00 0.0000000e+00
3.4752000e+05 7.7000000e+01 -7.5000000e-01 0.0000000e+00 0.0000000e+00
3.4758000e+05 7.6000000e+01 -5.0000001e-01 0.0000000e+00 0.0000000e+00
3.4764000e+05 7.5000000e+01 -1.5000000e-01 0.0000000e+00 0.0000000e+00
3.4770000e+05 7.5000000e+01 -2.0000000e-01 0.0000000e+00 2.0854721e+00
3.4776000e+05 7.0000000e+01 3.0000000e-01 0.0000000e+00 1.0188390e+01
3.4782000e+05 6.9000000e+01 1.2500000e+00 0.0000000e+00 3.5234631e+01
3.4788000e+05 7.4000000e+01 1.4000000e+00 0.0000000e+00 1.9628340e+01
3.4794000e+05 7.3000000e+01 1.4000000e+00 0.0000000e+00 1.0076350e+01
3.4800000e+05 7.4000000e+01 1.3000000e+00 0.0000000e+00 0.0000000e+00
3.4806000e+05 7.3000000e+01 1.1000000e+00 0.0000000e+00 0.0000000e+00
3.4812000e+05 7.4000000e+01 1.4000000e+00 0.0000000e+00 0.0000000e+00
3.4818000e+05 7.5000000e+01 1.4500000e+00 0.0000000e+00 0.0000000e+00
3.4824000e+05 7.6000000e+01 1.3500000e+00 0.0000000e+00 0.0000000e+00
3.4830000e+05 6.9000000e+01 2.5500000e+00 0.0000000e+00 0.0000000e+00
3.4836000e+05 7.9000000e+01 2.8000000e+00 0.0000000e+00 0.0000000e+00
3.4842000e+05 7.6000000e+01 2.2000000e+00 0.0000000e+00 0.0000000e+00
3.4848000e+05 7.8000000e+01 2.1000000e+00 0.0000000e+00 0.0000000e+00
3.4854000e+05 7.3000000e+01 2.8000000e+00 0.0000000e+00 0.0000000e+00
3.4860000e+05 6.5000000e+01 3.6500001e+00 0.0000000e+00 0.0000000e+00
3.4866000e+05 6.6000000e+01 4.5999999e+00 0.0000000e+00 0.0000000e+00
3.4872000e+05 6.6000000e+01 4.5500002e+00 0.0000000e+00 0.0000000e+00
3.4878000e+05 6.9000000e+01 4.4000001e+00 0.0000000e+00 0.0000000e+00
3.4884000e+05 8.0000000e+01 4.5000000e+00 0.0000000e+00 0.0000000e+00
3.4890000e+05 8.5000000e+01 3.7000000e+00 0.0000000e+00 0.0000000e+00
3.4896000e+05 8.4000000e+01 3.1999999e+00 0.0000000e+00 0.0000000e+00
3.4902000e+05 8.0000000e+01 3.6000000e+00 0.0000000e+00 0.0000000e+00
3.4908000e+05 8.4000000e+01 3.8500000e+00 0.0000000e+00 0.0000000e+00
3.4914000e+05 7.9000000e+01 4.5500001e+00 0.0000000e+00 0.0000000e+00
3.4920000e+05 7.2000000e+01 5.3000000e+00 0.0000000e+00 4.6917758e+00
3.4926000e+05 7.9000000e+01 5.7000000e+00 0.0000000e+00 1.3552980e+00
3.4932000e+05 8.6000000e+01 4.8499999e+00 0.0000000e+00 0.0000000e+00
3.4938000e+05 9.2000000e+01 4.5000000e+00 0.0000000e+00 0.0000000e+00
3.4944000e+05 9.4000000e+01 4.0500000e+00 0.0000000e+00 0.0000000e+00
3.4950000e+05 9.4000000e+01 4.1000000e+00 0.0000000e+00 0.0000000e+00
3.4956000e+05 9.4000000e+01 4.3000000e+00 0.0000000e+00 0.0000000e+00
3.4962000e+05 9.3000000e+01 4.7000000e+00 0.0000000e+00 0.0000000e+00
3.4968000e+05 9.1000000e+01 5.0000000e+00 0.0000000e+00 0.0000000e+00
3.4974000e+05 9.3000000e+01 5.0500000e+00 0.0000000e+00 0.0000000e+00
3.4980000e+05 9.4000000e+01 5.1500001e+00 0.0000000e+00 0.0000000e+00
3.4986000e+05 9.1000000e+01 5.3999999e+00 0.0000000e+00 0.0000000e+00
3.4992000e+05 9.0000000e+01 5.6500001e+00 0.0000000e+00 0.0000000e+00
3.4998000e+05 9.2000000e+01 5.8000000e+00 0.0000000e+00 0.0000000e+00
3.5004000e+05 9.3000000e+01 6.1500001e+00 0.0000000e+00 0.0000000e+00
3.5010000e+05 9.6000000e+01 6.0500000e+00 0.0000000e+00 0.0000000e+00
3.5016000e+05 9.5000000e+01 6.2000000e+00 0.0000000e+00 0.0000000e+00
3.5022000e+05 9.4000000e+01 6.1000001e+00 0.0000000e+00 0.0000000e+00
3.5028000e+05 9.5000000e+01 5.6499999e+00 0.0000000e+00 0.0000000e+00
3.5034000e+05 9.7000000e+01 5.3499999e+00 0.0000000e+00 0.0000000e+00
3.5040000e+05 9.6000000e+01 5.5999999e+00 0.0000000e+00 0.0000000e+00
3.5046000e+05 8.6000000e+01 6.5000000e+00 0.0000000e+00 0.0000000e+00
3.5052000e+05 7.9000000e+01 8.4000001e+00 0.0000000e+00 0.0000000e+00
3.5058000e+05 7.0000000e+01 8.8499999e+00 0.0000000e+00 3.5547629e-01
3.5064000e+05 6.4000000e+01 1.0300000e+01 0.0000000e+00 1.1822360e+01
3.5070000e+05 6.4000000e+01 1.0550000e+01 0.0000000e+00 7.1864018e+00
3.5076000e+05 6.6000000e+01 1.0650000e+01 0.0000000e+00 5.8170629e+00
3.5082000e+05 7.3000000e+01 1.0350000e+01 0.0000000e+00 0.0000000e+00
3.5088000e+05 7.4000000e+01 1.0000000e+01 0.0000000e+00 0.0000000e+00
3.5094000e+05 7.7000000e+01 9.9000001e+00 0.0000000e+00 0.0000000e+00
3.5100000e+05 7.8000000e+01 1.0000000e+01 0.0000000e+00 0.0000000e+00
3.5106000e+05 8.1000000e+01 9.9499998e+00 0.0000000e+00 0.0000000e+00
3.5112000e+05 8.1000000e+01 9.9000001e+00 0.0000000e+00 0.0000000e+00
3.5118000e+05 8.5000000e+01 1.0150000e+01 0.0000000e+00 0.0000000e+00
3.5124000e+05 8.2000000e+01 1.0250000e+01 0.0000000e+00 0.0000000e+00
3.5130000e+05 8.6000000e+01 1.0350000e+01 0.0000000e+00 0.0000000e+00
3.5136000e+05 9.1000000e+01 9.3499999e+00 0.0000000e+00 0.0000000e+00
